customer_id,risk_score,risk_segment
1,20.0,Low Risk
1,29.0,Medium Risk
1,59.75,High Risk
1,51.75,High Risk
1,19.25,Low Risk
1,35.0,Medium Risk
1,27.5,Medium Risk
1,34.25,Medium Risk
1,27.25,Medium Risk
1,74.0,High Risk
1,42.25,Medium Risk
1,61.5,High Risk
1,39.25,Medium Risk
1,47.0,Medium Risk
1,56.75,High Risk
2,19.25,Low Risk
2,20.0,Low Risk
2,40.0,Medium Risk
2,23.0,Low Risk
2,90.0,Critical Risk
2,50.5,High Risk
2,51.0,High Risk
2,52.0,High Risk
2,69.0,High Risk
2,92.0,Critical Risk
2,74.5,High Risk
3,51.5,High Risk
3,34.25,Medium Risk
3,19.25,Low Risk
3,54.5,High Risk
3,74.0,High Risk
3,31.75,Medium Risk
3,56.75,High Risk
3,53.5,High Risk
3,32.5,Medium Risk
3,37.25,Medium Risk
3,41.5,Medium Risk
3,82.0,Critical Risk
3,23.0,Low Risk
3,42.25,Medium Risk
3,64.0,High Risk
3,77.0,Critical Risk
4,82.0,Critical Risk
4,22.25,Low Risk
4,37.0,Medium Risk
4,26.75,Medium Risk
4,20.0,Low Risk
4,41.25,Medium Risk
4,19.25,Low Risk
4,35.5,Medium Risk
4,49.75,Medium Risk
4,46.75,Medium Risk
5,58.5,High Risk
5,36.5,Medium Risk
5,51.75,High Risk
5,32.5,Medium Risk
5,37.25,Medium Risk
5,56.75,High Risk
5,20.0,Low Risk
5,19.25,Low Risk
5,22.25,Low Risk
5,34.25,Medium Risk
5,74.0,High Risk
5,27.5,Medium Risk
5,39.25,Medium Risk
5,31.75,Medium Risk
5,77.0,Critical Risk
5,52.5,High Risk
5,44.0,Medium Risk
6,43.0,Medium Risk
6,39.25,Medium Risk
6,20.0,Low Risk
6,39.75,Medium Risk
6,92.0,Critical Risk
6,56.5,High Risk
6,35.0,Medium Risk
6,29.0,Medium Risk
6,47.0,Medium Risk
6,27.25,Medium Risk
7,34.25,Medium Risk
7,23.0,Low Risk
7,20.0,Low Risk
7,44.0,Medium Risk
7,19.25,Low Risk
7,56.5,High Risk
7,32.5,Medium Risk
7,37.0,Medium Risk
7,39.25,Medium Risk
7,38.0,Medium Risk
8,20.0,Low Risk
8,22.25,Low Risk
8,27.5,Medium Risk
8,51.5,High Risk
8,74.0,High Risk
8,19.25,Low Risk
8,54.5,High Risk
8,28.0,Medium Risk
8,56.5,High Risk
8,64.0,High Risk
8,69.0,High Risk
8,26.75,Medium Risk
8,31.75,Medium Risk
8,27.25,Medium Risk
8,40.0,Medium Risk
9,40.0,Medium Risk
9,27.5,Medium Risk
9,28.0,Medium Risk
9,19.25,Low Risk
9,22.25,Low Risk
9,35.0,Medium Risk
9,46.75,Medium Risk
9,20.0,Low Risk
9,57.5,High Risk
9,47.5,Medium Risk
9,35.5,Medium Risk
9,23.0,Low Risk
9,31.75,Medium Risk
10,56.75,High Risk
10,67.0,High Risk
10,19.25,Low Risk
10,51.75,High Risk
10,27.25,Medium Risk
10,49.75,Medium Risk
10,20.0,Low Risk
10,40.5,Medium Risk
10,29.0,Medium Risk
10,47.25,Medium Risk
10,30.5,Medium Risk
11,47.25,Medium Risk
11,27.25,Medium Risk
11,19.25,Low Risk
11,32.0,Medium Risk
11,28.0,Medium Risk
11,20.0,Low Risk
11,39.5,Medium Risk
11,46.75,Medium Risk
11,27.5,Medium Risk
11,38.0,Medium Risk
11,29.0,Medium Risk
11,29.75,Medium Risk
12,19.25,Low Risk
12,34.25,Medium Risk
12,22.0,Low Risk
12,60.5,High Risk
12,46.75,Medium Risk
12,28.0,Medium Risk
12,41.5,Medium Risk
12,20.0,Low Risk
12,29.75,Medium Risk
12,49.0,Medium Risk
12,44.75,Medium Risk
12,40.0,Medium Risk
12,47.5,Medium Risk
12,44.0,Medium Risk
12,31.75,Medium Risk
12,32.5,Medium Risk
12,37.0,Medium Risk
12,40.5,Medium Risk
13,51.75,High Risk
13,35.5,Medium Risk
13,32.5,Medium Risk
13,37.25,Medium Risk
13,27.5,Medium Risk
13,34.25,Medium Risk
13,29.5,Medium Risk
13,31.75,Medium Risk
13,41.5,Medium Risk
13,19.25,Low Risk
13,46.75,Medium Risk
13,43.0,Medium Risk
13,40.0,Medium Risk
13,61.5,High Risk
13,35.0,Medium Risk
13,20.0,Low Risk
13,26.75,Medium Risk
13,39.25,Medium Risk
14,23.0,Low Risk
14,35.5,Medium Risk
14,19.25,Low Risk
14,64.0,High Risk
14,57.5,High Risk
14,66.0,High Risk
14,37.0,Medium Risk
14,69.0,High Risk
14,50.5,High Risk
14,44.5,Medium Risk
14,64.5,High Risk
14,60.5,High Risk
14,52.5,High Risk
14,35.0,Medium Risk
15,19.25,Low Risk
15,22.25,Low Risk
15,32.5,Medium Risk
15,47.5,Medium Risk
15,27.5,Medium Risk
15,51.75,High Risk
15,34.25,Medium Risk
15,20.0,Low Risk
15,39.75,Medium Risk
15,40.0,Medium Risk
15,35.0,Medium Risk
15,26.75,Medium Risk
15,23.0,Low Risk
15,38.0,Medium Risk
15,25.0,Low Risk
15,43.0,Medium Risk
16,74.0,High Risk
16,29.75,Medium Risk
16,27.5,Medium Risk
16,34.25,Medium Risk
16,32.5,Medium Risk
16,27.25,Medium Risk
16,31.75,Medium Risk
16,41.5,Medium Risk
16,35.5,Medium Risk
16,40.0,Medium Risk
16,26.75,Medium Risk
16,20.0,Low Risk
16,22.25,Low Risk
16,30.5,Medium Risk
17,34.25,Medium Risk
17,39.25,Medium Risk
17,20.0,Low Risk
17,40.0,Medium Risk
17,60.5,High Risk
17,56.5,High Risk
17,19.25,Low Risk
17,35.0,Medium Risk
17,51.75,High Risk
17,56.75,High Risk
17,36.5,Medium Risk
17,52.5,High Risk
18,39.75,Medium Risk
18,29.0,Medium Risk
18,52.5,High Risk
18,34.25,Medium Risk
18,19.25,Low Risk
18,77.0,Critical Risk
18,41.5,Medium Risk
18,32.5,Medium Risk
18,40.0,Medium Risk
18,28.0,Medium Risk
18,26.75,Medium Risk
18,22.0,Low Risk
18,20.0,Low Risk
18,39.25,Medium Risk
19,26.75,Medium Risk
19,19.25,Low Risk
19,36.5,Medium Risk
19,47.5,Medium Risk
19,34.25,Medium Risk
19,35.0,Medium Risk
19,67.0,High Risk
19,52.5,High Risk
19,46.0,Medium Risk
19,57.0,High Risk
19,48.0,Medium Risk
19,49.0,Medium Risk
19,60.5,High Risk
19,39.75,Medium Risk
19,59.5,High Risk
19,22.0,Low Risk
19,20.0,Low Risk
19,56.5,High Risk
19,21.25,Low Risk
19,56.75,High Risk
19,35.5,Medium Risk
19,34.75,Medium Risk
19,32.5,Medium Risk
19,51.75,High Risk
20,40.5,Medium Risk
20,34.75,Medium Risk
20,22.25,Low Risk
20,19.25,Low Risk
20,20.0,Low Risk
20,39.25,Medium Risk
20,26.75,Medium Risk
20,28.0,Medium Risk
20,51.75,High Risk
20,35.5,Medium Risk
20,40.0,Medium Risk
20,29.75,Medium Risk
20,42.25,Medium Risk
20,31.75,Medium Risk
20,74.0,High Risk
20,27.25,Medium Risk
21,19.25,Low Risk
21,54.75,High Risk
21,49.0,Medium Risk
21,20.0,Low Risk
21,35.0,Medium Risk
21,38.0,Medium Risk
21,51.5,High Risk
21,50.5,High Risk
21,74.0,High Risk
21,47.5,Medium Risk
21,27.5,Medium Risk
21,66.5,High Risk
21,39.25,Medium Risk
21,40.0,Medium Risk
21,46.75,Medium Risk
21,51.75,High Risk
21,43.0,Medium Risk
21,31.75,Medium Risk
21,56.75,High Risk
21,34.75,Medium Risk
22,44.0,Medium Risk
22,20.0,Low Risk
22,51.75,High Risk
22,47.5,Medium Risk
22,19.25,Low Risk
22,23.0,Low Risk
22,42.0,Medium Risk
22,40.0,Medium Risk
22,27.5,Medium Risk
22,49.0,Medium Risk
22,46.75,Medium Risk
22,32.5,Medium Risk
22,34.25,Medium Risk
22,42.25,Medium Risk
22,22.25,Low Risk
22,51.0,High Risk
22,52.5,High Risk
23,39.25,Medium Risk
23,20.0,Low Risk
23,42.25,Medium Risk
23,26.75,Medium Risk
23,77.0,Critical Risk
23,22.25,Low Risk
23,34.25,Medium Risk
23,19.25,Low Risk
23,23.0,Low Risk
23,74.0,High Risk
23,47.25,Medium Risk
23,39.75,Medium Risk
24,26.75,Medium Risk
24,32.5,Medium Risk
24,20.0,Low Risk
24,19.25,Low Risk
24,46.75,Medium Risk
24,53.0,High Risk
24,56.75,High Risk
24,40.0,Medium Risk
24,87.0,Critical Risk
24,56.5,High Risk
24,74.0,High Risk
24,51.5,High Risk
24,37.25,Medium Risk
25,32.5,Medium Risk
25,74.0,High Risk
25,29.0,Medium Risk
25,20.0,Low Risk
25,27.5,Medium Risk
25,46.75,Medium Risk
25,64.0,High Risk
25,35.0,Medium Risk
25,39.25,Medium Risk
25,56.5,High Risk
25,31.75,Medium Risk
25,77.0,Critical Risk
25,49.0,Medium Risk
25,27.25,Medium Risk
25,44.0,Medium Risk
25,34.25,Medium Risk
25,92.0,Critical Risk
25,36.5,Medium Risk
25,26.75,Medium Risk
26,20.0,Low Risk
26,48.0,Medium Risk
26,29.0,Medium Risk
26,19.25,Low Risk
26,54.75,High Risk
26,49.75,Medium Risk
26,51.75,High Risk
26,36.5,Medium Risk
26,27.25,Medium Risk
26,28.75,Medium Risk
26,56.5,High Risk
26,46.75,Medium Risk
26,57.5,High Risk
27,35.5,Medium Risk
27,23.0,Low Risk
27,69.0,High Risk
27,26.75,Medium Risk
27,74.0,High Risk
27,19.25,Low Risk
27,28.0,Medium Risk
27,29.75,Medium Risk
27,54.5,High Risk
27,31.75,Medium Risk
27,32.5,Medium Risk
27,34.75,Medium Risk
27,59.5,High Risk
27,64.0,High Risk
27,47.5,Medium Risk
27,66.5,High Risk
27,20.0,Low Risk
27,21.25,Low Risk
28,19.25,Low Risk
28,32.5,Medium Risk
28,51.5,High Risk
28,29.0,Medium Risk
28,65.5,High Risk
28,35.0,Medium Risk
28,64.0,High Risk
28,44.5,Medium Risk
28,40.0,Medium Risk
28,57.5,High Risk
28,51.75,High Risk
28,56.5,High Risk
28,66.0,High Risk
28,74.0,High Risk
28,55.5,High Risk
28,39.25,Medium Risk
29,20.0,Low Risk
29,44.0,Medium Risk
29,19.25,Low Risk
29,29.0,Medium Risk
29,32.5,Medium Risk
29,31.75,Medium Risk
29,49.0,Medium Risk
29,56.75,High Risk
29,27.25,Medium Risk
29,26.75,Medium Risk
29,69.75,High Risk
29,28.0,Medium Risk
30,29.0,Medium Risk
30,26.75,Medium Risk
30,34.25,Medium Risk
30,20.0,Low Risk
30,39.25,Medium Risk
30,53.0,High Risk
30,37.25,Medium Risk
30,44.0,Medium Risk
30,19.25,Low Risk
30,46.75,Medium Risk
30,56.5,High Risk
30,74.0,High Risk
30,47.5,Medium Risk
30,52.25,High Risk
30,56.75,High Risk
30,32.5,Medium Risk
30,31.75,Medium Risk
30,57.0,High Risk
30,51.75,High Risk
30,27.5,Medium Risk
30,41.5,Medium Risk
30,28.0,Medium Risk
31,41.5,Medium Risk
31,20.0,Low Risk
31,39.25,Medium Risk
31,29.0,Medium Risk
31,19.25,Low Risk
31,46.75,Medium Risk
31,51.75,High Risk
31,32.5,Medium Risk
31,56.5,High Risk
31,34.25,Medium Risk
31,40.5,Medium Risk
31,26.75,Medium Risk
31,35.0,Medium Risk
31,30.5,Medium Risk
31,48.0,Medium Risk
31,49.0,Medium Risk
31,47.0,Medium Risk
31,27.5,Medium Risk
31,36.5,Medium Risk
31,39.75,Medium Risk
31,65.25,High Risk
31,58.0,High Risk
31,45.5,Medium Risk
31,28.0,Medium Risk
32,19.25,Low Risk
32,22.25,Low Risk
32,20.0,Low Risk
32,27.25,Medium Risk
32,29.0,Medium Risk
32,38.0,Medium Risk
32,74.0,High Risk
32,28.0,Medium Risk
32,24.25,Low Risk
32,32.5,Medium Risk
32,39.25,Medium Risk
32,39.75,Medium Risk
33,49.75,Medium Risk
33,27.5,Medium Risk
33,26.75,Medium Risk
33,36.5,Medium Risk
33,47.25,Medium Risk
33,20.0,Low Risk
33,19.25,Low Risk
33,74.0,High Risk
33,35.5,Medium Risk
33,31.75,Medium Risk
34,27.5,Medium Risk
34,31.75,Medium Risk
34,35.5,Medium Risk
34,34.75,Medium Risk
34,20.0,Low Risk
34,47.0,Medium Risk
34,43.0,Medium Risk
34,52.5,High Risk
34,26.75,Medium Risk
34,77.0,Critical Risk
34,32.5,Medium Risk
34,37.0,Medium Risk
34,56.75,High Risk
34,42.25,Medium Risk
35,27.25,Medium Risk
35,35.0,Medium Risk
35,26.75,Medium Risk
35,34.75,Medium Risk
35,19.25,Low Risk
35,20.0,Low Risk
35,49.75,Medium Risk
35,27.5,Medium Risk
35,40.5,Medium Risk
35,35.5,Medium Risk
35,43.0,Medium Risk
35,40.0,Medium Risk
35,39.5,Medium Risk
35,61.5,High Risk
35,22.25,Low Risk
36,23.0,Low Risk
36,35.5,Medium Risk
36,19.25,Low Risk
36,26.75,Medium Risk
36,40.0,Medium Risk
36,36.5,Medium Risk
36,27.5,Medium Risk
36,74.0,High Risk
36,28.75,Medium Risk
36,47.5,Medium Risk
36,20.0,Low Risk
36,47.25,Medium Risk
36,34.75,Medium Risk
36,44.75,Medium Risk
36,31.75,Medium Risk
36,37.25,Medium Risk
36,32.5,Medium Risk
36,64.0,High Risk
36,44.5,Medium Risk
37,52.5,High Risk
37,19.25,Low Risk
37,29.0,Medium Risk
37,46.0,Medium Risk
37,56.75,High Risk
37,27.25,Medium Risk
37,20.0,Low Risk
37,37.25,Medium Risk
37,47.5,Medium Risk
37,22.25,Low Risk
37,56.5,High Risk
37,28.0,Medium Risk
37,69.0,High Risk
38,20.0,Low Risk
38,46.75,Medium Risk
38,19.25,Low Risk
38,49.75,Medium Risk
38,27.25,Medium Risk
38,52.5,High Risk
38,43.0,Medium Risk
38,41.5,Medium Risk
38,29.0,Medium Risk
38,37.25,Medium Risk
38,27.5,Medium Risk
38,47.25,Medium Risk
38,23.0,Low Risk
38,47.5,Medium Risk
38,34.5,Medium Risk
38,31.75,Medium Risk
39,52.5,High Risk
39,19.25,Low Risk
39,41.5,Medium Risk
39,50.5,High Risk
39,39.5,Medium Risk
39,47.25,Medium Risk
39,31.75,Medium Risk
39,39.25,Medium Risk
39,51.75,High Risk
39,32.5,Medium Risk
39,82.0,Critical Risk
39,35.0,Medium Risk
39,56.75,High Risk
39,26.75,Medium Risk
39,47.5,Medium Risk
39,34.75,Medium Risk
40,38.0,Medium Risk
40,41.5,Medium Risk
40,57.5,High Risk
40,20.0,Low Risk
40,19.25,Low Risk
40,34.75,Medium Risk
40,66.5,High Risk
40,32.5,Medium Risk
40,22.25,Low Risk
40,57.25,High Risk
40,31.75,Medium Risk
40,33.75,Medium Risk
40,43.0,Medium Risk
40,74.5,High Risk
40,44.0,Medium Risk
40,29.0,Medium Risk
40,56.75,High Risk
40,46.75,Medium Risk
40,36.5,Medium Risk
41,40.5,Medium Risk
41,74.0,High Risk
41,36.5,Medium Risk
41,32.5,Medium Risk
41,19.25,Low Risk
41,20.0,Low Risk
41,42.25,Medium Risk
41,29.75,Medium Risk
41,28.0,Medium Risk
41,22.25,Low Risk
41,77.0,Critical Risk
41,56.5,High Risk
41,69.0,High Risk
41,27.25,Medium Risk
41,39.25,Medium Risk
41,26.75,Medium Risk
42,20.0,Low Risk
42,39.25,Medium Risk
42,27.5,Medium Risk
42,23.0,Low Risk
42,44.75,Medium Risk
42,26.75,Medium Risk
42,19.25,Low Risk
42,32.5,Medium Risk
42,36.5,Medium Risk
42,40.0,Medium Risk
42,28.0,Medium Risk
42,34.75,Medium Risk
43,63.5,High Risk
43,31.75,Medium Risk
43,41.5,Medium Risk
43,19.25,Low Risk
43,26.75,Medium Risk
43,27.5,Medium Risk
43,25.0,Low Risk
43,40.0,Medium Risk
43,20.0,Low Risk
43,30.5,Medium Risk
43,47.5,Medium Risk
43,22.25,Low Risk
43,56.75,High Risk
43,34.25,Medium Risk
43,52.5,High Risk
43,32.5,Medium Risk
43,54.5,High Risk
44,56.5,High Risk
44,20.0,Low Risk
44,34.75,Medium Risk
44,40.0,Medium Risk
44,46.75,Medium Risk
44,72.0,High Risk
44,19.25,Low Risk
44,22.25,Low Risk
44,40.5,Medium Risk
44,50.5,High Risk
44,35.0,Medium Risk
44,48.0,Medium Risk
45,50.5,High Risk
45,64.0,High Risk
45,74.0,High Risk
45,26.75,Medium Risk
45,34.75,Medium Risk
45,39.25,Medium Risk
45,51.5,High Risk
45,44.75,Medium Risk
45,82.0,Critical Risk
45,37.25,Medium Risk
45,27.5,Medium Risk
45,32.5,Medium Risk
45,61.5,High Risk
45,19.25,Low Risk
46,69.0,High Risk
46,26.75,Medium Risk
46,28.0,Medium Risk
46,39.25,Medium Risk
46,50.5,High Risk
46,92.0,Critical Risk
46,51.75,High Risk
46,38.0,Medium Risk
46,32.5,Medium Risk
46,77.0,Critical Risk
46,19.25,Low Risk
46,20.0,Low Risk
46,34.25,Medium Risk
46,40.0,Medium Risk
46,74.5,High Risk
46,55.5,High Risk
47,19.25,Low Risk
47,46.75,Medium Risk
47,45.25,Medium Risk
47,27.5,Medium Risk
47,35.0,Medium Risk
47,34.25,Medium Risk
47,74.0,High Risk
47,20.0,Low Risk
47,39.25,Medium Risk
47,55.5,High Risk
47,39.75,Medium Risk
47,31.75,Medium Risk
47,35.5,Medium Risk
47,32.5,Medium Risk
47,27.25,Medium Risk
47,49.75,Medium Risk
47,52.5,High Risk
47,47.5,Medium Risk
47,22.25,Low Risk
47,40.0,Medium Risk
48,40.0,Medium Risk
48,38.0,Medium Risk
48,35.0,Medium Risk
48,41.25,Medium Risk
48,19.25,Low Risk
48,70.0,High Risk
48,37.25,Medium Risk
48,52.5,High Risk
48,41.0,Medium Risk
48,74.0,High Risk
48,21.25,Low Risk
48,20.0,Low Risk
48,39.25,Medium Risk
48,28.0,Medium Risk
48,57.5,High Risk
48,34.75,Medium Risk
48,34.25,Medium Risk
49,69.0,High Risk
49,56.5,High Risk
49,19.25,Low Risk
49,44.5,Medium Risk
49,40.0,Medium Risk
49,31.75,Medium Risk
49,53.0,High Risk
49,20.0,Low Risk
49,49.75,Medium Risk
49,49.0,Medium Risk
49,47.0,Medium Risk
49,34.25,Medium Risk
49,65.5,High Risk
49,51.75,High Risk
49,43.0,Medium Risk
49,47.5,Medium Risk
49,39.75,Medium Risk
49,22.25,Low Risk
49,39.25,Medium Risk
49,77.0,Critical Risk
50,32.5,Medium Risk
50,54.75,High Risk
50,40.0,Medium Risk
50,46.0,Medium Risk
50,30.5,Medium Risk
50,19.25,Low Risk
50,31.75,Medium Risk
50,57.5,High Risk
50,20.0,Low Risk
50,51.75,High Risk
50,34.25,Medium Risk
50,22.25,Low Risk
50,29.0,Medium Risk
50,52.5,High Risk
50,40.5,Medium Risk
50,61.5,High Risk
51,46.75,Medium Risk
51,35.0,Medium Risk
51,22.25,Low Risk
51,19.25,Low Risk
51,40.25,Medium Risk
51,28.0,Medium Risk
51,61.5,High Risk
51,29.75,Medium Risk
51,27.25,Medium Risk
51,56.75,High Risk
51,23.0,Low Risk
51,26.75,Medium Risk
51,47.5,Medium Risk
51,29.0,Medium Risk
51,31.75,Medium Risk
51,58.0,High Risk
51,20.0,Low Risk
51,48.0,Medium Risk
51,53.75,High Risk
51,39.75,Medium Risk
51,34.25,Medium Risk
51,52.0,High Risk
52,69.0,High Risk
52,57.5,High Risk
52,39.25,Medium Risk
52,27.5,Medium Risk
52,19.25,Low Risk
52,20.0,Low Risk
52,45.25,Medium Risk
52,34.25,Medium Risk
52,58.0,High Risk
52,48.0,Medium Risk
52,32.5,Medium Risk
52,26.75,Medium Risk
52,40.0,Medium Risk
52,51.5,High Risk
52,31.75,Medium Risk
52,28.0,Medium Risk
53,22.25,Low Risk
53,26.75,Medium Risk
53,19.25,Low Risk
53,65.5,High Risk
53,74.0,High Risk
53,52.5,High Risk
53,46.75,Medium Risk
53,37.0,Medium Risk
53,40.0,Medium Risk
53,29.0,Medium Risk
53,20.0,Low Risk
53,61.5,High Risk
53,51.75,High Risk
53,22.0,Low Risk
53,27.25,Medium Risk
54,35.0,Medium Risk
54,56.75,High Risk
54,20.0,Low Risk
54,57.5,High Risk
54,29.0,Medium Risk
54,47.25,Medium Risk
54,34.25,Medium Risk
54,39.25,Medium Risk
54,39.75,Medium Risk
54,32.5,Medium Risk
54,24.25,Low Risk
54,46.75,Medium Risk
54,53.0,High Risk
55,22.25,Low Risk
55,74.0,High Risk
55,52.5,High Risk
55,19.25,Low Risk
55,56.75,High Risk
55,32.5,Medium Risk
55,28.0,Medium Risk
55,64.0,High Risk
55,29.0,Medium Risk
55,20.0,Low Risk
55,35.0,Medium Risk
55,59.75,High Risk
56,19.25,Low Risk
56,51.75,High Risk
56,72.0,High Risk
56,46.75,Medium Risk
56,20.0,Low Risk
56,42.25,Medium Risk
56,31.75,Medium Risk
56,37.25,Medium Risk
56,35.0,Medium Risk
56,45.25,Medium Risk
56,48.0,Medium Risk
56,27.5,Medium Risk
56,22.25,Low Risk
56,56.75,High Risk
56,36.5,Medium Risk
56,25.0,Low Risk
56,57.5,High Risk
56,49.75,Medium Risk
57,31.75,Medium Risk
57,34.25,Medium Risk
57,54.75,High Risk
57,72.0,High Risk
57,74.0,High Risk
57,52.5,High Risk
57,28.0,Medium Risk
57,55.5,High Risk
57,36.5,Medium Risk
57,39.75,Medium Risk
57,46.75,Medium Risk
57,51.75,High Risk
57,51.5,High Risk
57,56.5,High Risk
57,22.25,Low Risk
57,42.25,Medium Risk
57,26.75,Medium Risk
57,47.5,Medium Risk
57,35.5,Medium Risk
57,27.25,Medium Risk
57,20.0,Low Risk
57,29.0,Medium Risk
57,19.25,Low Risk
57,67.0,High Risk
57,34.5,Medium Risk
58,34.25,Medium Risk
58,26.75,Medium Risk
58,27.25,Medium Risk
58,69.0,High Risk
58,82.0,Critical Risk
58,20.0,Low Risk
58,19.25,Low Risk
58,23.0,Low Risk
58,29.0,Medium Risk
59,19.25,Low Risk
59,20.0,Low Risk
59,36.25,Medium Risk
59,56.5,High Risk
59,64.0,High Risk
59,51.75,High Risk
59,46.75,Medium Risk
59,29.0,Medium Risk
59,49.0,Medium Risk
60,64.0,High Risk
60,74.0,High Risk
60,31.75,Medium Risk
60,20.0,Low Risk
60,46.0,Medium Risk
60,77.0,Critical Risk
60,19.25,Low Risk
60,51.75,High Risk
60,57.5,High Risk
60,38.0,Medium Risk
60,27.5,Medium Risk
60,61.5,High Risk
60,41.5,Medium Risk
60,28.0,Medium Risk
60,66.5,High Risk
60,32.0,Medium Risk
60,52.5,High Risk
61,34.75,Medium Risk
61,20.0,Low Risk
61,92.0,Critical Risk
61,34.25,Medium Risk
61,40.0,Medium Risk
61,42.25,Medium Risk
61,35.0,Medium Risk
61,39.25,Medium Risk
61,19.25,Low Risk
61,52.5,High Risk
61,26.75,Medium Risk
61,28.0,Medium Risk
61,22.25,Low Risk
61,74.0,High Risk
61,41.5,Medium Risk
61,31.75,Medium Risk
62,60.5,High Risk
62,35.0,Medium Risk
62,51.75,High Risk
62,20.0,Low Risk
62,46.75,Medium Risk
62,56.5,High Risk
62,32.0,Medium Risk
62,19.25,Low Risk
62,57.5,High Risk
62,52.5,High Risk
62,39.25,Medium Risk
63,20.0,Low Risk
63,38.0,Medium Risk
63,44.0,Medium Risk
63,29.0,Medium Risk
63,47.5,Medium Risk
63,23.0,Low Risk
63,64.5,High Risk
63,19.25,Low Risk
63,69.0,High Risk
63,27.25,Medium Risk
63,26.75,Medium Risk
63,46.75,Medium Risk
63,58.0,High Risk
63,52.5,High Risk
63,28.0,Medium Risk
63,64.0,High Risk
63,48.0,Medium Risk
63,49.0,Medium Risk
64,35.0,Medium Risk
64,31.75,Medium Risk
64,74.0,High Risk
64,34.75,Medium Risk
64,26.75,Medium Risk
64,32.5,Medium Risk
64,28.0,Medium Risk
64,22.25,Low Risk
64,19.25,Low Risk
64,43.0,Medium Risk
64,82.0,Critical Risk
64,39.25,Medium Risk
64,69.0,High Risk
64,20.0,Low Risk
64,40.0,Medium Risk
64,27.25,Medium Risk
64,56.5,High Risk
65,19.25,Low Risk
65,69.0,High Risk
65,20.0,Low Risk
65,64.75,High Risk
65,22.25,Low Risk
65,27.25,Medium Risk
65,29.0,Medium Risk
65,32.5,Medium Risk
65,56.5,High Risk
66,34.75,Medium Risk
66,34.5,Medium Risk
66,22.25,Low Risk
66,29.75,Medium Risk
66,27.25,Medium Risk
66,74.0,High Risk
66,54.75,High Risk
66,20.0,Low Risk
66,40.0,Medium Risk
66,32.5,Medium Risk
66,50.5,High Risk
66,26.75,Medium Risk
66,19.25,Low Risk
66,47.5,Medium Risk
66,30.5,Medium Risk
66,35.0,Medium Risk
66,40.25,Medium Risk
66,40.5,Medium Risk
66,37.25,Medium Risk
67,57.75,High Risk
67,72.75,High Risk
67,27.25,Medium Risk
67,19.25,Low Risk
67,26.75,Medium Risk
67,42.25,Medium Risk
67,41.5,Medium Risk
67,20.0,Low Risk
67,34.75,Medium Risk
67,34.25,Medium Risk
67,39.25,Medium Risk
67,32.5,Medium Risk
67,37.25,Medium Risk
67,27.5,Medium Risk
67,47.25,Medium Risk
67,64.5,High Risk
67,38.5,Medium Risk
67,38.0,Medium Risk
68,32.5,Medium Risk
68,20.0,Low Risk
68,34.25,Medium Risk
68,35.5,Medium Risk
68,27.25,Medium Risk
68,19.25,Low Risk
68,92.0,Critical Risk
68,47.25,Medium Risk
68,22.25,Low Risk
68,34.75,Medium Risk
68,57.5,High Risk
68,36.5,Medium Risk
68,31.75,Medium Risk
68,51.5,High Risk
68,74.0,High Risk
68,27.5,Medium Risk
68,39.25,Medium Risk
69,19.25,Low Risk
69,40.5,Medium Risk
69,26.75,Medium Risk
69,20.0,Low Risk
69,38.0,Medium Risk
69,37.25,Medium Risk
69,27.5,Medium Risk
69,31.75,Medium Risk
69,43.0,Medium Risk
69,56.5,High Risk
69,45.25,Medium Risk
70,19.25,Low Risk
70,27.5,Medium Risk
70,56.5,High Risk
70,39.25,Medium Risk
70,34.75,Medium Risk
70,45.25,Medium Risk
70,40.0,Medium Risk
70,27.25,Medium Risk
70,40.5,Medium Risk
70,56.75,High Risk
70,28.0,Medium Risk
70,20.0,Low Risk
70,35.5,Medium Risk
70,74.0,High Risk
70,48.0,Medium Risk
70,37.0,Medium Risk
70,57.5,High Risk
70,64.0,High Risk
71,37.25,Medium Risk
71,19.25,Low Risk
71,39.25,Medium Risk
71,31.75,Medium Risk
71,30.5,Medium Risk
71,77.0,Critical Risk
71,64.5,High Risk
71,46.75,Medium Risk
71,35.0,Medium Risk
71,36.25,Medium Risk
71,74.0,High Risk
71,34.25,Medium Risk
71,59.25,High Risk
71,56.75,High Risk
71,57.0,High Risk
71,28.0,Medium Risk
71,72.0,High Risk
71,27.25,Medium Risk
71,40.0,Medium Risk
72,51.5,High Risk
72,19.25,Low Risk
72,20.0,Low Risk
72,31.75,Medium Risk
72,27.25,Medium Risk
72,35.0,Medium Risk
72,52.5,High Risk
72,53.5,High Risk
72,39.25,Medium Risk
72,57.5,High Risk
72,69.0,High Risk
72,40.0,Medium Risk
72,34.25,Medium Risk
73,19.25,Low Risk
73,31.75,Medium Risk
73,28.0,Medium Risk
73,29.75,Medium Risk
73,65.5,High Risk
73,32.5,Medium Risk
73,36.5,Medium Risk
73,27.5,Medium Risk
73,26.75,Medium Risk
73,38.0,Medium Risk
73,37.25,Medium Risk
73,32.0,Medium Risk
73,35.5,Medium Risk
73,40.0,Medium Risk
73,20.0,Low Risk
73,69.0,High Risk
73,56.75,High Risk
74,19.25,Low Risk
74,39.25,Medium Risk
74,29.0,Medium Risk
74,36.5,Medium Risk
74,27.25,Medium Risk
74,46.75,Medium Risk
74,65.5,High Risk
74,28.0,Medium Risk
74,20.0,Low Risk
75,29.0,Medium Risk
75,27.5,Medium Risk
75,46.0,Medium Risk
75,20.0,Low Risk
75,22.25,Low Risk
75,34.25,Medium Risk
75,19.25,Low Risk
75,50.5,High Risk
75,31.75,Medium Risk
75,47.5,Medium Risk
75,51.75,High Risk
75,46.75,Medium Risk
76,19.25,Low Risk
76,20.0,Low Risk
76,35.0,Medium Risk
76,27.25,Medium Risk
76,22.25,Low Risk
76,25.0,Low Risk
76,27.5,Medium Risk
76,49.5,Medium Risk
76,32.5,Medium Risk
76,74.0,High Risk
76,44.0,Medium Risk
76,28.0,Medium Risk
77,37.25,Medium Risk
77,19.25,Low Risk
77,49.0,Medium Risk
77,47.5,Medium Risk
77,20.0,Low Risk
77,48.0,Medium Risk
77,34.25,Medium Risk
77,51.75,High Risk
77,46.75,Medium Risk
77,68.5,High Risk
77,23.0,Low Risk
77,52.5,High Risk
77,35.0,Medium Risk
77,56.5,High Risk
77,57.5,High Risk
77,29.0,Medium Risk
78,77.0,Critical Risk
78,87.0,Critical Risk
78,20.0,Low Risk
78,47.5,Medium Risk
78,56.5,High Risk
78,74.0,High Risk
78,19.25,Low Risk
78,72.0,High Risk
78,39.25,Medium Risk
78,69.0,High Risk
78,31.75,Medium Risk
78,57.5,High Risk
78,47.25,Medium Risk
78,32.5,Medium Risk
78,23.0,Low Risk
78,40.0,Medium Risk
78,49.0,Medium Risk
78,60.5,High Risk
78,29.0,Medium Risk
79,74.0,High Risk
79,47.5,Medium Risk
79,22.0,Low Risk
79,32.5,Medium Risk
79,31.75,Medium Risk
79,19.25,Low Risk
79,27.25,Medium Risk
79,20.0,Low Risk
79,33.75,Medium Risk
79,35.0,Medium Risk
79,28.0,Medium Risk
79,26.75,Medium Risk
79,35.5,Medium Risk
79,40.0,Medium Risk
79,22.25,Low Risk
80,38.0,Medium Risk
80,20.0,Low Risk
80,39.25,Medium Risk
80,31.75,Medium Risk
80,35.0,Medium Risk
80,34.25,Medium Risk
80,40.0,Medium Risk
80,32.5,Medium Risk
80,27.25,Medium Risk
80,56.5,High Risk
80,74.0,High Risk
80,26.75,Medium Risk
81,41.5,Medium Risk
81,26.75,Medium Risk
81,27.25,Medium Risk
81,23.0,Low Risk
81,34.75,Medium Risk
81,19.25,Low Risk
81,51.75,High Risk
81,31.75,Medium Risk
81,27.5,Medium Risk
81,20.0,Low Risk
81,49.5,Medium Risk
81,40.0,Medium Risk
81,44.5,Medium Risk
81,33.75,Medium Risk
81,54.75,High Risk
81,28.0,Medium Risk
81,39.75,Medium Risk
81,54.5,High Risk
81,36.5,Medium Risk
81,47.25,Medium Risk
82,28.0,Medium Risk
82,19.25,Low Risk
82,47.25,Medium Risk
82,27.25,Medium Risk
82,27.5,Medium Risk
82,69.0,High Risk
82,20.0,Low Risk
82,64.0,High Risk
82,34.25,Medium Risk
82,74.0,High Risk
83,19.25,Low Risk
83,20.0,Low Risk
83,56.5,High Risk
83,69.5,High Risk
83,64.0,High Risk
83,69.0,High Risk
83,95.0,Critical Risk
83,65.5,High Risk
83,35.5,Medium Risk
83,34.25,Medium Risk
83,22.25,Low Risk
83,27.25,Medium Risk
83,82.0,Critical Risk
84,39.25,Medium Risk
84,61.5,High Risk
84,27.25,Medium Risk
84,26.75,Medium Risk
84,69.0,High Risk
84,20.0,Low Risk
84,34.25,Medium Risk
84,22.25,Low Risk
84,44.5,Medium Risk
84,82.0,Critical Risk
84,19.25,Low Risk
84,27.5,Medium Risk
84,56.5,High Risk
84,21.25,Low Risk
84,74.0,High Risk
85,19.25,Low Risk
85,26.75,Medium Risk
85,34.25,Medium Risk
85,27.25,Medium Risk
85,38.0,Medium Risk
85,49.0,Medium Risk
85,36.25,Medium Risk
85,39.25,Medium Risk
85,51.75,High Risk
85,29.0,Medium Risk
85,35.0,Medium Risk
85,46.75,Medium Risk
85,41.5,Medium Risk
85,47.5,Medium Risk
85,43.0,Medium Risk
85,20.0,Low Risk
86,23.0,Low Risk
86,74.0,High Risk
86,19.25,Low Risk
86,67.0,High Risk
86,35.0,Medium Risk
86,34.25,Medium Risk
86,20.0,Low Risk
86,77.0,Critical Risk
86,72.0,High Risk
87,19.25,Low Risk
87,20.0,Low Risk
87,41.25,Medium Risk
87,29.0,Medium Risk
87,74.0,High Risk
87,27.25,Medium Risk
88,37.25,Medium Risk
88,40.0,Medium Risk
88,29.0,Medium Risk
88,42.25,Medium Risk
88,44.0,Medium Risk
88,32.0,Medium Risk
88,19.25,Low Risk
88,24.25,Low Risk
88,20.0,Low Risk
88,38.5,Medium Risk
88,47.0,Medium Risk
88,58.5,High Risk
88,22.25,Low Risk
88,56.75,High Risk
89,40.0,Medium Risk
89,29.0,Medium Risk
89,27.25,Medium Risk
89,37.25,Medium Risk
89,32.5,Medium Risk
89,26.75,Medium Risk
89,19.25,Low Risk
89,47.25,Medium Risk
89,72.0,High Risk
89,20.0,Low Risk
89,28.0,Medium Risk
90,20.0,Low Risk
90,39.25,Medium Risk
90,19.25,Low Risk
90,27.5,Medium Risk
90,65.5,High Risk
90,34.75,Medium Risk
90,27.25,Medium Risk
90,38.0,Medium Risk
90,57.0,High Risk
90,47.5,Medium Risk
90,41.5,Medium Risk
90,31.75,Medium Risk
90,35.0,Medium Risk
90,49.0,Medium Risk
90,29.0,Medium Risk
91,39.25,Medium Risk
91,38.0,Medium Risk
91,69.0,High Risk
91,74.0,High Risk
91,34.75,Medium Risk
91,39.75,Medium Risk
91,40.0,Medium Risk
91,59.5,High Risk
91,37.25,Medium Risk
91,29.0,Medium Risk
91,20.0,Low Risk
91,32.5,Medium Risk
91,67.0,High Risk
91,19.25,Low Risk
91,31.75,Medium Risk
91,51.5,High Risk
91,27.25,Medium Risk
91,56.75,High Risk
92,56.75,High Risk
92,35.0,Medium Risk
92,57.5,High Risk
92,34.25,Medium Risk
92,54.75,High Risk
92,19.25,Low Risk
92,27.5,Medium Risk
92,37.25,Medium Risk
92,28.75,Medium Risk
92,40.0,Medium Risk
92,27.25,Medium Risk
92,38.0,Medium Risk
92,69.75,High Risk
92,29.75,Medium Risk
92,49.0,Medium Risk
93,31.75,Medium Risk
93,26.75,Medium Risk
93,19.25,Low Risk
93,64.0,High Risk
93,20.0,Low Risk
93,32.5,Medium Risk
93,29.75,Medium Risk
93,49.0,Medium Risk
93,56.5,High Risk
93,27.25,Medium Risk
93,74.0,High Risk
93,34.75,Medium Risk
93,29.0,Medium Risk
93,23.0,Low Risk
93,39.75,Medium Risk
94,27.5,Medium Risk
94,31.75,Medium Risk
94,23.0,Low Risk
94,37.25,Medium Risk
94,35.0,Medium Risk
94,32.5,Medium Risk
94,82.0,Critical Risk
94,20.0,Low Risk
94,35.5,Medium Risk
94,19.25,Low Risk
94,27.25,Medium Risk
94,26.75,Medium Risk
94,34.25,Medium Risk
94,29.75,Medium Risk
94,49.0,Medium Risk
94,60.25,High Risk
94,40.0,Medium Risk
94,29.0,Medium Risk
95,19.25,Low Risk
95,41.5,Medium Risk
95,20.0,Low Risk
95,27.25,Medium Risk
95,31.75,Medium Risk
95,34.25,Medium Risk
95,49.75,Medium Risk
95,28.0,Medium Risk
95,60.5,High Risk
95,32.5,Medium Risk
95,39.5,Medium Risk
95,42.25,Medium Risk
95,22.25,Low Risk
95,27.5,Medium Risk
95,40.0,Medium Risk
95,37.25,Medium Risk
95,40.5,Medium Risk
95,43.0,Medium Risk
96,51.75,High Risk
96,47.5,Medium Risk
96,39.75,Medium Risk
96,60.5,High Risk
96,35.0,Medium Risk
96,36.25,Medium Risk
96,64.75,High Risk
96,69.75,High Risk
96,74.0,High Risk
96,34.25,Medium Risk
96,66.5,High Risk
96,56.75,High Risk
96,46.75,Medium Risk
96,42.25,Medium Risk
96,59.75,High Risk
96,73.5,High Risk
96,39.25,Medium Risk
96,22.25,Low Risk
96,20.0,Low Risk
97,20.0,Low Risk
97,32.5,Medium Risk
97,19.25,Low Risk
97,28.0,Medium Risk
97,31.75,Medium Risk
97,40.0,Medium Risk
97,27.5,Medium Risk
97,29.0,Medium Risk
97,39.25,Medium Risk
97,74.5,High Risk
97,26.75,Medium Risk
97,57.5,High Risk
97,36.5,Medium Risk
97,40.5,Medium Risk
97,52.0,High Risk
98,35.0,Medium Risk
98,67.0,High Risk
98,19.25,Low Risk
98,27.25,Medium Risk
98,46.75,Medium Risk
98,37.25,Medium Risk
98,26.75,Medium Risk
98,64.0,High Risk
98,28.0,Medium Risk
98,92.0,Critical Risk
98,39.25,Medium Risk
98,61.0,High Risk
98,35.5,Medium Risk
98,32.5,Medium Risk
98,27.5,Medium Risk
99,22.25,Low Risk
99,39.25,Medium Risk
99,29.0,Medium Risk
99,19.25,Low Risk
99,79.5,Critical Risk
99,31.75,Medium Risk
99,39.75,Medium Risk
99,42.25,Medium Risk
100,47.5,Medium Risk
100,35.0,Medium Risk
100,39.25,Medium Risk
100,70.5,High Risk
100,29.0,Medium Risk
100,19.25,Low Risk
100,52.5,High Risk
100,56.5,High Risk
100,28.0,Medium Risk
100,27.25,Medium Risk
100,40.0,Medium Risk
100,20.0,Low Risk
100,55.5,High Risk
100,26.75,Medium Risk
101,34.25,Medium Risk
101,49.75,Medium Risk
101,49.0,Medium Risk
101,39.25,Medium Risk
101,20.0,Low Risk
101,29.0,Medium Risk
101,31.75,Medium Risk
101,19.25,Low Risk
101,28.0,Medium Risk
101,23.0,Low Risk
101,66.5,High Risk
101,74.0,High Risk
101,27.5,Medium Risk
102,20.0,Low Risk
102,19.25,Low Risk
102,44.0,Medium Risk
102,48.0,Medium Risk
102,43.0,Medium Risk
102,30.5,Medium Risk
102,46.75,Medium Risk
102,46.0,Medium Risk
102,74.0,High Risk
102,54.5,High Risk
102,56.5,High Risk
103,19.25,Low Risk
103,34.25,Medium Risk
103,29.0,Medium Risk
103,27.25,Medium Risk
103,57.5,High Risk
103,61.5,High Risk
103,26.75,Medium Risk
103,20.0,Low Risk
103,48.0,Medium Risk
103,35.0,Medium Risk
104,40.0,Medium Risk
104,31.75,Medium Risk
104,28.0,Medium Risk
104,43.0,Medium Risk
104,52.5,High Risk
104,39.25,Medium Risk
104,20.0,Low Risk
104,28.75,Medium Risk
104,74.0,High Risk
104,38.0,Medium Risk
104,48.0,Medium Risk
104,49.0,Medium Risk
104,35.0,Medium Risk
104,22.25,Low Risk
104,19.25,Low Risk
104,57.25,High Risk
104,77.0,Critical Risk
104,37.0,Medium Risk
104,55.5,High Risk
105,74.0,High Risk
105,56.5,High Risk
105,34.25,Medium Risk
105,51.75,High Risk
105,27.5,Medium Risk
105,19.25,Low Risk
105,39.25,Medium Risk
105,35.0,Medium Risk
105,77.0,Critical Risk
105,28.0,Medium Risk
105,20.0,Low Risk
105,31.75,Medium Risk
105,26.75,Medium Risk
105,32.5,Medium Risk
105,41.5,Medium Risk
106,39.25,Medium Risk
106,19.25,Low Risk
106,31.75,Medium Risk
106,20.0,Low Risk
106,47.5,Medium Risk
106,46.75,Medium Risk
106,82.0,Critical Risk
106,37.25,Medium Risk
106,45.25,Medium Risk
106,22.25,Low Risk
106,72.0,High Risk
107,30.5,Medium Risk
107,32.5,Medium Risk
107,34.25,Medium Risk
107,21.25,Low Risk
107,31.75,Medium Risk
107,57.5,High Risk
107,40.0,Medium Risk
107,27.5,Medium Risk
107,54.5,High Risk
107,45.25,Medium Risk
107,36.5,Medium Risk
107,48.0,Medium Risk
107,26.75,Medium Risk
107,19.25,Low Risk
107,55.5,High Risk
107,92.5,Critical Risk
107,41.5,Medium Risk
107,69.0,High Risk
107,20.0,Low Risk
107,32.0,Medium Risk
107,66.5,High Risk
108,60.5,High Risk
108,46.75,Medium Risk
108,57.5,High Risk
108,32.5,Medium Risk
108,20.0,Low Risk
108,39.75,Medium Risk
108,39.25,Medium Risk
108,66.5,High Risk
108,69.0,High Risk
108,30.5,Medium Risk
108,72.75,High Risk
108,74.0,High Risk
108,82.75,Critical Risk
108,31.75,Medium Risk
108,19.25,Low Risk
108,61.5,High Risk
108,35.5,Medium Risk
108,69.75,High Risk
109,61.5,High Risk
109,56.5,High Risk
109,39.5,Medium Risk
109,47.25,Medium Risk
109,20.0,Low Risk
109,49.0,Medium Risk
109,27.5,Medium Risk
109,26.75,Medium Risk
109,48.0,Medium Risk
109,47.5,Medium Risk
109,19.25,Low Risk
109,28.0,Medium Risk
109,22.25,Low Risk
109,40.0,Medium Risk
109,22.0,Low Risk
109,46.75,Medium Risk
110,19.25,Low Risk
110,34.25,Medium Risk
110,40.5,Medium Risk
110,39.25,Medium Risk
110,69.0,High Risk
110,32.5,Medium Risk
110,41.5,Medium Risk
110,33.75,Medium Risk
110,56.5,High Risk
110,36.5,Medium Risk
110,65.5,High Risk
110,27.5,Medium Risk
110,39.75,Medium Risk
110,57.25,High Risk
111,19.25,Low Risk
111,57.5,High Risk
111,39.25,Medium Risk
111,56.5,High Risk
111,49.0,Medium Risk
111,56.75,High Risk
111,20.0,Low Risk
111,26.75,Medium Risk
111,47.5,Medium Risk
111,23.0,Low Risk
111,49.75,Medium Risk
111,28.0,Medium Risk
111,32.0,Medium Risk
111,27.5,Medium Risk
111,40.5,Medium Risk
111,46.75,Medium Risk
111,40.0,Medium Risk
111,32.5,Medium Risk
111,44.0,Medium Risk
111,29.75,Medium Risk
111,36.5,Medium Risk
111,79.5,Critical Risk
111,25.0,Low Risk
111,47.25,Medium Risk
111,65.5,High Risk
111,49.5,Medium Risk
111,69.0,High Risk
112,41.5,Medium Risk
112,46.75,Medium Risk
112,19.25,Low Risk
112,27.25,Medium Risk
112,52.5,High Risk
112,31.75,Medium Risk
112,42.0,Medium Risk
112,26.75,Medium Risk
112,84.5,Critical Risk
112,20.0,Low Risk
112,55.0,High Risk
112,50.5,High Risk
112,34.75,Medium Risk
112,29.0,Medium Risk
112,47.5,Medium Risk
112,39.25,Medium Risk
112,51.75,High Risk
112,40.5,Medium Risk
112,27.5,Medium Risk
113,52.5,High Risk
113,34.25,Medium Risk
113,47.25,Medium Risk
113,26.75,Medium Risk
113,19.25,Low Risk
113,37.25,Medium Risk
113,39.25,Medium Risk
113,31.75,Medium Risk
113,20.0,Low Risk
113,37.0,Medium Risk
113,69.0,High Risk
113,40.0,Medium Risk
113,28.0,Medium Risk
114,37.25,Medium Risk
114,20.0,Low Risk
114,19.25,Low Risk
114,39.25,Medium Risk
114,49.0,Medium Risk
114,74.0,High Risk
114,56.5,High Risk
114,27.25,Medium Risk
114,46.75,Medium Risk
114,29.0,Medium Risk
115,34.25,Medium Risk
115,34.75,Medium Risk
115,27.25,Medium Risk
115,56.5,High Risk
115,27.5,Medium Risk
115,43.0,Medium Risk
115,22.25,Low Risk
115,28.0,Medium Risk
115,29.0,Medium Risk
115,42.25,Medium Risk
115,69.0,High Risk
115,20.0,Low Risk
115,57.25,High Risk
115,74.0,High Risk
115,24.25,Low Risk
115,71.0,High Risk
116,27.25,Medium Risk
116,52.5,High Risk
116,56.5,High Risk
116,20.0,Low Risk
116,43.0,Medium Risk
116,35.5,Medium Risk
116,33.75,Medium Risk
116,34.25,Medium Risk
116,48.0,Medium Risk
116,47.5,Medium Risk
116,36.5,Medium Risk
116,29.0,Medium Risk
116,19.25,Low Risk
116,40.0,Medium Risk
116,28.0,Medium Risk
116,39.25,Medium Risk
116,46.75,Medium Risk
117,46.75,Medium Risk
117,19.25,Low Risk
117,31.75,Medium Risk
117,32.5,Medium Risk
117,39.75,Medium Risk
117,61.5,High Risk
117,54.75,High Risk
117,51.75,High Risk
117,27.5,Medium Risk
117,29.0,Medium Risk
117,34.25,Medium Risk
117,20.0,Low Risk
117,37.25,Medium Risk
117,48.0,Medium Risk
117,38.0,Medium Risk
118,23.0,Low Risk
118,20.0,Low Risk
118,19.25,Low Risk
118,32.25,Medium Risk
118,47.0,Medium Risk
118,49.0,Medium Risk
118,43.0,Medium Risk
118,39.25,Medium Risk
118,37.25,Medium Risk
118,31.75,Medium Risk
118,64.0,High Risk
118,58.0,High Risk
118,34.25,Medium Risk
118,52.0,High Risk
118,40.0,Medium Risk
119,19.25,Low Risk
119,40.5,Medium Risk
119,27.5,Medium Risk
119,32.5,Medium Risk
119,29.0,Medium Risk
119,26.75,Medium Risk
119,36.5,Medium Risk
119,20.0,Low Risk
119,22.25,Low Risk
119,31.75,Medium Risk
120,45.5,Medium Risk
120,35.5,Medium Risk
120,47.0,Medium Risk
120,35.0,Medium Risk
120,20.0,Low Risk
120,52.0,High Risk
120,19.25,Low Risk
120,36.5,Medium Risk
120,31.75,Medium Risk
120,29.0,Medium Risk
120,41.5,Medium Risk
120,42.25,Medium Risk
120,57.5,High Risk
121,35.0,Medium Risk
121,69.0,High Risk
121,64.0,High Risk
121,66.0,High Risk
121,41.5,Medium Risk
121,55.5,High Risk
121,32.5,Medium Risk
121,51.75,High Risk
121,26.75,Medium Risk
121,52.5,High Risk
121,20.0,Low Risk
121,46.75,Medium Risk
121,27.5,Medium Risk
121,56.5,High Risk
121,25.0,Low Risk
121,31.75,Medium Risk
121,39.75,Medium Risk
121,34.25,Medium Risk
121,35.5,Medium Risk
122,29.0,Medium Risk
122,34.25,Medium Risk
122,46.75,Medium Risk
122,39.25,Medium Risk
122,19.25,Low Risk
122,22.25,Low Risk
122,32.0,Medium Risk
122,54.75,High Risk
122,52.5,High Risk
122,27.5,Medium Risk
122,50.5,High Risk
122,40.0,Medium Risk
122,47.5,Medium Risk
122,47.25,Medium Risk
122,44.0,Medium Risk
123,22.25,Low Risk
123,74.0,High Risk
123,19.25,Low Risk
123,35.0,Medium Risk
123,72.0,High Risk
123,33.75,Medium Risk
123,20.0,Low Risk
123,36.5,Medium Risk
123,64.0,High Risk
123,51.75,High Risk
123,55.5,High Risk
123,37.25,Medium Risk
123,67.0,High Risk
123,57.5,High Risk
124,40.0,Medium Risk
124,27.5,Medium Risk
124,19.25,Low Risk
124,35.0,Medium Risk
124,51.75,High Risk
124,42.25,Medium Risk
124,56.5,High Risk
124,41.5,Medium Risk
124,20.0,Low Risk
124,40.5,Medium Risk
124,36.25,Medium Risk
124,47.5,Medium Risk
125,36.5,Medium Risk
125,33.0,Medium Risk
125,20.0,Low Risk
125,51.75,High Risk
125,42.25,Medium Risk
125,19.25,Low Risk
125,82.0,Critical Risk
125,23.0,Low Risk
125,34.25,Medium Risk
125,56.5,High Risk
125,64.75,High Risk
125,40.0,Medium Risk
125,57.5,High Risk
125,77.0,Critical Risk
126,19.25,Low Risk
126,22.25,Low Risk
126,47.5,Medium Risk
126,20.0,Low Risk
126,21.25,Low Risk
126,29.0,Medium Risk
126,32.5,Medium Risk
126,34.75,Medium Risk
126,56.5,High Risk
127,19.25,Low Risk
127,35.0,Medium Risk
127,40.0,Medium Risk
127,27.5,Medium Risk
127,51.75,High Risk
127,52.5,High Risk
127,34.25,Medium Risk
127,27.25,Medium Risk
127,29.0,Medium Risk
127,56.75,High Risk
127,20.0,Low Risk
127,37.0,Medium Risk
128,27.5,Medium Risk
128,20.0,Low Risk
128,41.5,Medium Risk
128,23.0,Low Risk
128,46.75,Medium Risk
128,19.25,Low Risk
128,41.0,Medium Risk
128,56.75,High Risk
128,59.75,High Risk
128,54.75,High Risk
128,35.0,Medium Risk
128,52.5,High Risk
128,37.25,Medium Risk
129,57.5,High Risk
129,52.5,High Risk
129,43.0,Medium Risk
129,26.75,Medium Risk
129,59.75,High Risk
129,54.5,High Risk
129,19.25,Low Risk
129,21.25,Low Risk
129,41.25,Medium Risk
129,47.5,Medium Risk
129,20.0,Low Risk
129,32.5,Medium Risk
129,51.75,High Risk
129,69.5,High Risk
129,70.5,High Risk
129,29.0,Medium Risk
130,20.0,Low Risk
130,19.25,Low Risk
130,28.0,Medium Risk
130,32.5,Medium Risk
130,40.0,Medium Risk
130,31.75,Medium Risk
130,26.75,Medium Risk
130,39.25,Medium Risk
130,27.25,Medium Risk
130,46.75,Medium Risk
130,47.0,Medium Risk
130,34.75,Medium Risk
130,41.5,Medium Risk
130,40.5,Medium Risk
130,23.0,Low Risk
130,51.75,High Risk
130,37.25,Medium Risk
131,32.5,Medium Risk
131,39.25,Medium Risk
131,40.0,Medium Risk
131,37.25,Medium Risk
131,29.0,Medium Risk
131,27.5,Medium Risk
131,23.0,Low Risk
131,20.0,Low Risk
131,78.5,Critical Risk
131,74.0,High Risk
131,39.5,Medium Risk
131,38.0,Medium Risk
131,56.5,High Risk
131,27.25,Medium Risk
131,28.0,Medium Risk
131,40.5,Medium Risk
131,19.25,Low Risk
131,75.0,High Risk
132,19.25,Low Risk
132,44.0,Medium Risk
132,45.5,Medium Risk
132,31.75,Medium Risk
132,20.0,Low Risk
132,40.0,Medium Risk
132,38.0,Medium Risk
132,22.25,Low Risk
133,20.0,Low Risk
133,27.5,Medium Risk
133,34.25,Medium Risk
133,31.75,Medium Risk
133,32.5,Medium Risk
133,26.75,Medium Risk
133,49.75,Medium Risk
133,37.25,Medium Risk
133,40.0,Medium Risk
133,54.75,High Risk
133,48.0,Medium Risk
133,36.5,Medium Risk
133,65.25,High Risk
133,35.5,Medium Risk
133,22.25,Low Risk
133,35.0,Medium Risk
134,28.0,Medium Risk
134,27.25,Medium Risk
134,66.5,High Risk
134,46.75,Medium Risk
134,19.25,Low Risk
134,32.5,Medium Risk
134,52.5,High Risk
134,34.25,Medium Risk
134,47.5,Medium Risk
134,59.5,High Risk
134,42.25,Medium Risk
134,57.5,High Risk
134,29.0,Medium Risk
134,49.0,Medium Risk
134,23.0,Low Risk
135,19.25,Low Risk
135,40.0,Medium Risk
135,69.0,High Risk
135,51.75,High Risk
135,23.0,Low Risk
135,72.0,High Risk
135,35.0,Medium Risk
135,71.0,High Risk
135,82.0,Critical Risk
135,27.25,Medium Risk
135,74.0,High Risk
135,28.0,Medium Risk
135,35.5,Medium Risk
135,56.5,High Risk
135,77.0,Critical Risk
135,34.25,Medium Risk
135,37.0,Medium Risk
136,67.0,High Risk
136,27.5,Medium Risk
136,32.5,Medium Risk
136,26.75,Medium Risk
136,82.0,Critical Risk
136,19.25,Low Risk
136,40.5,Medium Risk
136,35.0,Medium Risk
136,51.75,High Risk
136,64.0,High Risk
136,22.25,Low Risk
136,74.0,High Risk
136,39.25,Medium Risk
136,20.0,Low Risk
136,35.5,Medium Risk
136,31.75,Medium Risk
136,37.25,Medium Risk
137,74.0,High Risk
137,77.0,Critical Risk
137,46.75,Medium Risk
137,61.5,High Risk
137,54.75,High Risk
137,38.0,Medium Risk
137,57.5,High Risk
137,39.25,Medium Risk
137,66.5,High Risk
137,19.25,Low Risk
137,55.5,High Risk
137,22.25,Low Risk
137,20.0,Low Risk
138,23.0,Low Risk
138,19.25,Low Risk
138,82.0,Critical Risk
138,28.0,Medium Risk
138,49.0,Medium Risk
138,20.0,Low Risk
138,46.0,Medium Risk
138,26.75,Medium Risk
138,56.5,High Risk
138,43.0,Medium Risk
138,27.5,Medium Risk
138,35.5,Medium Risk
138,34.75,Medium Risk
138,74.0,High Risk
138,31.75,Medium Risk
138,39.25,Medium Risk
138,69.0,High Risk
139,19.25,Low Risk
139,46.75,Medium Risk
139,20.0,Low Risk
139,29.0,Medium Risk
139,52.5,High Risk
139,40.5,Medium Risk
139,32.5,Medium Risk
139,31.75,Medium Risk
139,42.25,Medium Risk
139,53.0,High Risk
139,56.5,High Risk
139,51.75,High Risk
139,47.5,Medium Risk
139,22.25,Low Risk
140,19.25,Low Risk
140,40.0,Medium Risk
140,74.0,High Risk
140,46.75,Medium Risk
140,41.25,Medium Risk
140,27.25,Medium Risk
140,20.0,Low Risk
140,39.25,Medium Risk
141,51.75,High Risk
141,19.25,Low Risk
141,42.25,Medium Risk
141,56.5,High Risk
141,47.0,Medium Risk
141,37.0,Medium Risk
141,31.75,Medium Risk
141,39.25,Medium Risk
141,40.0,Medium Risk
141,20.0,Low Risk
141,37.25,Medium Risk
141,22.25,Low Risk
141,32.5,Medium Risk
141,41.5,Medium Risk
141,36.5,Medium Risk
141,26.75,Medium Risk
142,20.0,Low Risk
142,34.25,Medium Risk
142,56.5,High Risk
142,35.5,Medium Risk
142,32.5,Medium Risk
142,26.75,Medium Risk
142,27.5,Medium Risk
142,29.0,Medium Risk
142,22.25,Low Risk
142,74.0,High Risk
143,40.0,Medium Risk
143,29.0,Medium Risk
143,22.25,Low Risk
143,49.0,Medium Risk
143,19.25,Low Risk
143,60.5,High Risk
143,42.25,Medium Risk
143,20.0,Low Risk
143,55.5,High Risk
143,39.25,Medium Risk
144,37.25,Medium Risk
144,20.0,Low Risk
144,19.25,Low Risk
144,39.25,Medium Risk
144,72.0,High Risk
144,74.0,High Risk
144,34.25,Medium Risk
144,76.0,Critical Risk
144,60.25,High Risk
144,40.0,Medium Risk
144,42.25,Medium Risk
144,35.5,Medium Risk
144,43.0,Medium Risk
144,31.75,Medium Risk
145,19.25,Low Risk
145,35.0,Medium Risk
145,28.0,Medium Risk
145,27.25,Medium Risk
145,51.75,High Risk
145,22.25,Low Risk
145,56.5,High Risk
145,23.0,Low Risk
145,47.25,Medium Risk
145,74.0,High Risk
145,40.0,Medium Risk
145,27.0,Medium Risk
145,27.5,Medium Risk
145,77.0,Critical Risk
145,32.5,Medium Risk
145,20.0,Low Risk
146,56.75,High Risk
146,52.5,High Risk
146,46.75,Medium Risk
146,45.25,Medium Risk
146,27.25,Medium Risk
146,19.25,Low Risk
146,40.0,Medium Risk
146,21.25,Low Risk
146,31.75,Medium Risk
146,27.5,Medium Risk
146,57.5,High Risk
146,20.0,Low Risk
146,28.0,Medium Risk
146,38.0,Medium Risk
146,29.0,Medium Risk
146,53.0,High Risk
147,20.0,Low Risk
147,23.0,Low Risk
147,19.25,Low Risk
147,37.25,Medium Risk
147,61.5,High Risk
147,27.25,Medium Risk
147,34.25,Medium Risk
147,22.25,Low Risk
147,28.0,Medium Risk
147,35.0,Medium Risk
147,64.0,High Risk
147,40.0,Medium Risk
147,41.5,Medium Risk
147,44.75,Medium Risk
147,74.0,High Risk
147,42.25,Medium Risk
147,31.75,Medium Risk
148,22.25,Low Risk
148,19.25,Low Risk
148,47.5,Medium Risk
148,27.25,Medium Risk
148,20.0,Low Risk
148,35.5,Medium Risk
148,41.5,Medium Risk
148,22.0,Low Risk
148,44.0,Medium Risk
148,21.25,Low Risk
148,23.0,Low Risk
148,27.5,Medium Risk
149,64.0,High Risk
149,23.0,Low Risk
149,19.25,Low Risk
149,39.75,Medium Risk
149,52.5,High Risk
149,32.5,Medium Risk
149,27.5,Medium Risk
149,26.75,Medium Risk
149,37.25,Medium Risk
149,22.25,Low Risk
149,50.5,High Risk
149,36.5,Medium Risk
149,40.0,Medium Risk
149,20.0,Low Risk
149,49.0,Medium Risk
149,56.75,High Risk
149,27.25,Medium Risk
149,56.5,High Risk
150,44.0,Medium Risk
150,19.25,Low Risk
150,20.0,Low Risk
150,52.5,High Risk
150,37.25,Medium Risk
150,51.75,High Risk
150,66.5,High Risk
150,28.0,Medium Risk
150,49.0,Medium Risk
150,29.0,Medium Risk
150,34.25,Medium Risk
150,82.0,Critical Risk
150,38.0,Medium Risk
150,77.0,Critical Risk
150,64.75,High Risk
150,27.25,Medium Risk
150,22.0,Low Risk
151,32.5,Medium Risk
151,35.5,Medium Risk
151,20.0,Low Risk
151,39.25,Medium Risk
151,74.0,High Risk
151,28.0,Medium Risk
151,21.25,Low Risk
151,31.75,Medium Risk
151,26.75,Medium Risk
151,19.25,Low Risk
151,54.5,High Risk
151,64.0,High Risk
151,34.75,Medium Risk
152,74.0,High Risk
152,20.0,Low Risk
152,40.0,Medium Risk
152,41.5,Medium Risk
152,70.5,High Risk
152,19.25,Low Risk
152,34.25,Medium Risk
152,34.75,Medium Risk
152,26.75,Medium Risk
152,56.75,High Risk
152,25.0,Low Risk
152,61.5,High Risk
152,48.0,Medium Risk
152,31.75,Medium Risk
152,59.75,High Risk
152,35.0,Medium Risk
152,27.25,Medium Risk
152,56.5,High Risk
152,57.0,High Risk
153,20.0,Low Risk
153,46.75,Medium Risk
153,32.5,Medium Risk
153,19.25,Low Risk
153,52.5,High Risk
153,39.75,Medium Risk
153,60.5,High Risk
153,61.5,High Risk
153,39.25,Medium Risk
153,64.75,High Risk
153,48.0,Medium Risk
153,35.5,Medium Risk
154,77.0,Critical Risk
154,27.25,Medium Risk
154,38.0,Medium Risk
154,35.0,Medium Risk
154,19.25,Low Risk
154,20.0,Low Risk
154,34.25,Medium Risk
154,50.5,High Risk
154,23.0,Low Risk
154,22.25,Low Risk
154,61.5,High Risk
154,64.0,High Risk
154,48.0,Medium Risk
154,37.25,Medium Risk
155,31.75,Medium Risk
155,44.75,Medium Risk
155,34.25,Medium Risk
155,49.0,Medium Risk
155,41.5,Medium Risk
155,47.25,Medium Risk
155,40.0,Medium Risk
155,55.5,High Risk
155,34.75,Medium Risk
155,35.0,Medium Risk
155,26.75,Medium Risk
155,32.5,Medium Risk
155,20.0,Low Risk
155,37.0,Medium Risk
156,34.25,Medium Risk
156,35.0,Medium Risk
156,27.5,Medium Risk
156,74.5,High Risk
156,42.25,Medium Risk
156,22.25,Low Risk
156,32.5,Medium Risk
156,64.5,High Risk
156,46.75,Medium Risk
156,19.25,Low Risk
156,59.5,High Risk
156,51.5,High Risk
156,20.0,Low Risk
156,64.0,High Risk
156,44.0,Medium Risk
156,51.75,High Risk
156,41.5,Medium Risk
157,74.0,High Risk
157,19.25,Low Risk
157,61.0,High Risk
157,20.0,Low Risk
157,56.5,High Risk
157,30.5,Medium Risk
157,42.25,Medium Risk
157,56.75,High Risk
157,34.25,Medium Risk
157,32.5,Medium Risk
157,57.5,High Risk
157,52.5,High Risk
158,23.0,Low Risk
158,19.25,Low Risk
158,40.0,Medium Risk
158,46.75,Medium Risk
158,32.5,Medium Risk
158,69.0,High Risk
158,52.5,High Risk
158,22.25,Low Risk
158,51.75,High Risk
158,20.0,Low Risk
159,43.0,Medium Risk
159,34.25,Medium Risk
159,46.75,Medium Risk
159,40.5,Medium Risk
159,56.5,High Risk
159,36.5,Medium Risk
159,32.5,Medium Risk
159,23.0,Low Risk
159,26.75,Medium Risk
159,55.5,High Risk
159,39.25,Medium Risk
159,51.75,High Risk
159,35.0,Medium Risk
159,34.75,Medium Risk
159,56.75,High Risk
159,31.75,Medium Risk
160,42.25,Medium Risk
160,51.75,High Risk
160,19.25,Low Risk
160,36.5,Medium Risk
160,69.0,High Risk
160,74.0,High Risk
160,39.25,Medium Risk
160,20.0,Low Risk
160,56.75,High Risk
160,64.0,High Risk
160,65.5,High Risk
160,32.5,Medium Risk
161,32.5,Medium Risk
161,29.75,Medium Risk
161,22.25,Low Risk
161,19.25,Low Risk
161,43.0,Medium Risk
161,36.5,Medium Risk
161,31.75,Medium Risk
161,29.0,Medium Risk
161,30.5,Medium Risk
161,20.0,Low Risk
162,65.5,High Risk
162,39.25,Medium Risk
162,52.5,High Risk
162,26.75,Medium Risk
162,49.0,Medium Risk
162,19.25,Low Risk
162,34.25,Medium Risk
162,32.5,Medium Risk
162,27.5,Medium Risk
162,29.0,Medium Risk
162,31.75,Medium Risk
162,27.25,Medium Risk
162,40.0,Medium Risk
162,34.75,Medium Risk
162,46.75,Medium Risk
162,57.0,High Risk
162,53.75,High Risk
162,42.25,Medium Risk
163,19.25,Low Risk
163,39.25,Medium Risk
163,32.5,Medium Risk
163,44.5,Medium Risk
163,28.0,Medium Risk
163,48.0,Medium Risk
163,40.0,Medium Risk
163,26.75,Medium Risk
163,39.5,Medium Risk
163,22.0,Low Risk
163,20.0,Low Risk
163,36.5,Medium Risk
163,27.5,Medium Risk
163,47.0,Medium Risk
163,37.25,Medium Risk
164,29.0,Medium Risk
164,60.5,High Risk
164,40.0,Medium Risk
164,47.25,Medium Risk
164,31.75,Medium Risk
164,20.0,Low Risk
164,19.25,Low Risk
164,32.5,Medium Risk
164,52.5,High Risk
164,41.5,Medium Risk
164,34.25,Medium Risk
164,27.5,Medium Risk
164,74.0,High Risk
164,50.5,High Risk
164,69.5,High Risk
165,35.5,Medium Risk
165,52.0,High Risk
165,20.0,Low Risk
165,39.75,Medium Risk
165,51.75,High Risk
165,75.5,Critical Risk
165,22.25,Low Risk
165,26.75,Medium Risk
165,59.5,High Risk
165,72.0,High Risk
165,34.25,Medium Risk
165,19.25,Low Risk
165,27.5,Medium Risk
165,56.75,High Risk
165,49.0,Medium Risk
165,40.25,Medium Risk
166,36.5,Medium Risk
166,26.75,Medium Risk
166,34.75,Medium Risk
166,29.0,Medium Risk
166,41.5,Medium Risk
166,19.25,Low Risk
166,22.25,Low Risk
166,27.25,Medium Risk
166,31.75,Medium Risk
166,20.0,Low Risk
166,32.5,Medium Risk
167,47.5,Medium Risk
167,60.25,High Risk
167,20.0,Low Risk
167,38.0,Medium Risk
167,41.5,Medium Risk
167,29.0,Medium Risk
167,31.75,Medium Risk
167,52.5,High Risk
167,33.75,Medium Risk
167,39.5,Medium Risk
167,39.25,Medium Risk
167,51.75,High Risk
167,58.0,High Risk
167,19.25,Low Risk
167,32.5,Medium Risk
167,23.0,Low Risk
167,47.0,Medium Risk
167,32.0,Medium Risk
168,19.25,Low Risk
168,46.75,Medium Risk
168,41.5,Medium Risk
168,20.0,Low Risk
168,74.0,High Risk
168,56.75,High Risk
168,31.75,Medium Risk
168,49.75,Medium Risk
168,64.0,High Risk
168,40.0,Medium Risk
168,39.75,Medium Risk
168,28.0,Medium Risk
168,39.25,Medium Risk
169,20.0,Low Risk
169,52.5,High Risk
169,49.0,Medium Risk
169,32.5,Medium Risk
169,47.5,Medium Risk
169,42.25,Medium Risk
169,31.75,Medium Risk
169,47.25,Medium Risk
169,40.0,Medium Risk
169,34.25,Medium Risk
169,27.5,Medium Risk
169,23.0,Low Risk
169,46.75,Medium Risk
169,27.25,Medium Risk
169,64.0,High Risk
169,57.5,High Risk
169,28.0,Medium Risk
170,19.25,Low Risk
170,39.25,Medium Risk
170,57.5,High Risk
170,36.5,Medium Risk
170,42.25,Medium Risk
170,92.0,Critical Risk
170,40.0,Medium Risk
170,45.25,Medium Risk
170,43.0,Medium Risk
170,46.75,Medium Risk
170,20.0,Low Risk
170,31.75,Medium Risk
170,22.25,Low Risk
170,48.0,Medium Risk
170,38.0,Medium Risk
170,57.0,High Risk
170,32.5,Medium Risk
170,44.0,Medium Risk
171,74.0,High Risk
171,19.25,Low Risk
171,31.75,Medium Risk
171,28.0,Medium Risk
171,27.5,Medium Risk
171,92.0,Critical Risk
171,26.75,Medium Risk
171,40.0,Medium Risk
171,56.5,High Risk
171,34.5,Medium Risk
171,29.0,Medium Risk
171,20.0,Low Risk
171,27.25,Medium Risk
171,41.5,Medium Risk
171,69.0,High Risk
171,38.0,Medium Risk
171,50.5,High Risk
171,87.0,Critical Risk
171,30.5,Medium Risk
171,56.75,High Risk
172,19.25,Low Risk
172,37.0,Medium Risk
172,20.0,Low Risk
172,29.0,Medium Risk
172,40.0,Medium Risk
172,27.25,Medium Risk
172,22.25,Low Risk
172,32.5,Medium Risk
172,33.75,Medium Risk
172,34.25,Medium Risk
172,27.5,Medium Risk
172,74.0,High Risk
172,23.0,Low Risk
173,39.25,Medium Risk
173,20.0,Low Risk
173,35.5,Medium Risk
173,22.25,Low Risk
173,34.75,Medium Risk
173,19.25,Low Risk
173,40.0,Medium Risk
173,65.5,High Risk
173,41.5,Medium Risk
173,27.5,Medium Risk
173,31.75,Medium Risk
173,50.5,High Risk
173,26.75,Medium Risk
173,28.75,Medium Risk
173,23.0,Low Risk
173,29.0,Medium Risk
173,32.0,Medium Risk
173,36.5,Medium Risk
174,29.0,Medium Risk
174,34.25,Medium Risk
174,47.5,Medium Risk
174,40.0,Medium Risk
174,28.0,Medium Risk
174,32.5,Medium Risk
174,54.5,High Risk
174,29.5,Medium Risk
174,20.0,Low Risk
174,31.75,Medium Risk
174,34.0,Medium Risk
174,57.5,High Risk
174,23.0,Low Risk
174,35.0,Medium Risk
175,32.5,Medium Risk
175,74.0,High Risk
175,39.25,Medium Risk
175,29.0,Medium Risk
175,35.0,Medium Risk
175,67.0,High Risk
175,54.75,High Risk
175,69.0,High Risk
175,44.0,Medium Risk
175,19.25,Low Risk
175,62.0,High Risk
175,66.0,High Risk
175,46.75,Medium Risk
175,27.5,Medium Risk
175,40.5,Medium Risk
175,57.5,High Risk
175,64.5,High Risk
175,52.25,High Risk
176,39.25,Medium Risk
176,20.0,Low Risk
176,46.75,Medium Risk
176,19.25,Low Risk
176,43.0,Medium Risk
176,22.25,Low Risk
176,28.0,Medium Risk
176,32.5,Medium Risk
176,40.0,Medium Risk
176,56.75,High Risk
176,57.5,High Risk
176,23.0,Low Risk
176,31.75,Medium Risk
176,61.5,High Risk
177,29.0,Medium Risk
177,31.75,Medium Risk
177,51.75,High Risk
177,19.25,Low Risk
177,52.5,High Risk
177,47.5,Medium Risk
177,43.0,Medium Risk
177,49.75,Medium Risk
177,37.0,Medium Risk
177,20.0,Low Risk
177,54.75,High Risk
177,41.0,Medium Risk
177,34.25,Medium Risk
177,35.0,Medium Risk
177,39.25,Medium Risk
177,38.0,Medium Risk
177,42.25,Medium Risk
178,19.25,Low Risk
178,42.25,Medium Risk
178,32.5,Medium Risk
178,34.25,Medium Risk
178,37.0,Medium Risk
178,35.0,Medium Risk
178,26.75,Medium Risk
178,40.0,Medium Risk
178,34.75,Medium Risk
178,49.5,Medium Risk
178,37.25,Medium Risk
178,27.25,Medium Risk
178,49.75,Medium Risk
178,43.0,Medium Risk
178,51.75,High Risk
178,44.0,Medium Risk
178,44.5,Medium Risk
179,31.75,Medium Risk
179,28.0,Medium Risk
179,27.5,Medium Risk
179,34.5,Medium Risk
179,29.0,Medium Risk
179,19.25,Low Risk
179,32.5,Medium Risk
179,57.5,High Risk
179,61.5,High Risk
179,40.5,Medium Risk
179,34.75,Medium Risk
179,22.25,Low Risk
179,60.5,High Risk
180,27.5,Medium Risk
180,49.0,Medium Risk
180,19.25,Low Risk
180,50.5,High Risk
180,20.0,Low Risk
180,41.5,Medium Risk
180,29.5,Medium Risk
180,47.25,Medium Risk
180,35.5,Medium Risk
180,31.75,Medium Risk
180,46.0,Medium Risk
180,56.5,High Risk
180,69.0,High Risk
180,74.0,High Risk
181,20.0,Low Risk
181,19.25,Low Risk
181,46.75,Medium Risk
181,29.0,Medium Risk
181,34.25,Medium Risk
181,38.0,Medium Risk
181,46.0,Medium Risk
181,47.0,Medium Risk
181,44.0,Medium Risk
181,35.0,Medium Risk
181,42.25,Medium Risk
182,40.0,Medium Risk
182,41.5,Medium Risk
182,59.75,High Risk
182,34.25,Medium Risk
182,22.25,Low Risk
182,57.5,High Risk
182,47.5,Medium Risk
182,51.75,High Risk
182,42.25,Medium Risk
182,52.5,High Risk
182,19.25,Low Risk
182,29.0,Medium Risk
182,74.0,High Risk
183,29.75,Medium Risk
183,52.5,High Risk
183,32.5,Medium Risk
183,19.25,Low Risk
183,20.0,Low Risk
183,52.0,High Risk
183,39.75,Medium Risk
183,64.0,High Risk
183,47.5,Medium Risk
183,22.25,Low Risk
183,26.75,Medium Risk
183,46.75,Medium Risk
183,74.0,High Risk
183,35.0,Medium Risk
184,20.0,Low Risk
184,33.75,Medium Risk
184,37.25,Medium Risk
184,52.5,High Risk
184,31.75,Medium Risk
184,22.25,Low Risk
184,39.75,Medium Risk
184,23.0,Low Risk
184,26.75,Medium Risk
184,19.25,Low Risk
184,40.0,Medium Risk
184,21.25,Low Risk
184,27.25,Medium Risk
184,43.0,Medium Risk
184,61.5,High Risk
184,59.5,High Risk
184,46.75,Medium Risk
184,38.0,Medium Risk
184,29.0,Medium Risk
184,27.5,Medium Risk
185,23.0,Low Risk
185,40.0,Medium Risk
185,20.0,Low Risk
185,39.25,Medium Risk
185,56.75,High Risk
185,51.75,High Risk
185,46.75,Medium Risk
185,26.75,Medium Risk
185,19.25,Low Risk
185,28.0,Medium Risk
185,47.5,Medium Risk
185,50.5,High Risk
185,27.5,Medium Risk
185,77.0,Critical Risk
185,61.5,High Risk
186,20.0,Low Risk
186,19.25,Low Risk
186,64.0,High Risk
186,32.5,Medium Risk
186,50.5,High Risk
186,46.75,Medium Risk
186,42.25,Medium Risk
186,54.75,High Risk
186,30.5,Medium Risk
186,26.75,Medium Risk
186,21.25,Low Risk
186,34.5,Medium Risk
186,39.25,Medium Risk
186,76.0,Critical Risk
187,31.75,Medium Risk
187,60.5,High Risk
187,20.0,Low Risk
187,19.25,Low Risk
187,27.25,Medium Risk
187,56.5,High Risk
187,92.0,Critical Risk
187,74.0,High Risk
187,36.5,Medium Risk
187,32.5,Medium Risk
187,23.0,Low Risk
188,32.5,Medium Risk
188,29.0,Medium Risk
188,31.75,Medium Risk
188,69.0,High Risk
188,19.25,Low Risk
188,20.0,Low Risk
188,72.0,High Risk
188,38.0,Medium Risk
188,27.5,Medium Risk
188,26.75,Medium Risk
188,46.75,Medium Risk
188,44.0,Medium Risk
188,37.0,Medium Risk
189,20.0,Low Risk
189,64.0,High Risk
189,51.75,High Risk
189,92.0,Critical Risk
189,19.25,Low Risk
189,56.5,High Risk
189,74.0,High Risk
189,22.25,Low Risk
189,29.0,Medium Risk
189,43.0,Medium Risk
189,77.0,Critical Risk
189,28.0,Medium Risk
189,69.0,High Risk
189,56.75,High Risk
189,57.5,High Risk
190,32.5,Medium Risk
190,36.5,Medium Risk
190,35.0,Medium Risk
190,20.0,Low Risk
190,34.75,Medium Risk
190,27.5,Medium Risk
190,27.25,Medium Risk
190,42.0,Medium Risk
190,19.25,Low Risk
190,74.0,High Risk
190,26.75,Medium Risk
190,41.5,Medium Risk
190,37.25,Medium Risk
190,22.25,Low Risk
191,20.0,Low Risk
191,19.25,Low Risk
191,39.75,Medium Risk
191,40.0,Medium Risk
191,37.25,Medium Risk
191,49.0,Medium Risk
192,20.0,Low Risk
192,39.25,Medium Risk
192,46.75,Medium Risk
192,34.25,Medium Risk
192,44.0,Medium Risk
192,29.0,Medium Risk
192,35.0,Medium Risk
192,23.0,Low Risk
192,19.25,Low Risk
192,56.75,High Risk
192,64.75,High Risk
192,47.25,Medium Risk
192,57.5,High Risk
193,19.25,Low Risk
193,37.0,Medium Risk
193,20.0,Low Risk
193,34.0,Medium Risk
193,52.5,High Risk
193,31.75,Medium Risk
193,47.25,Medium Risk
193,29.0,Medium Risk
193,34.25,Medium Risk
193,27.25,Medium Risk
193,64.0,High Risk
193,35.0,Medium Risk
193,65.5,High Risk
194,19.25,Low Risk
194,31.75,Medium Risk
194,32.5,Medium Risk
194,20.0,Low Risk
194,26.75,Medium Risk
194,28.0,Medium Risk
194,22.25,Low Risk
194,39.25,Medium Risk
194,49.0,Medium Risk
194,60.5,High Risk
194,35.5,Medium Risk
194,29.75,Medium Risk
194,39.75,Medium Risk
194,56.75,High Risk
194,37.25,Medium Risk
194,27.25,Medium Risk
194,23.0,Low Risk
194,69.0,High Risk
194,25.0,Low Risk
194,34.25,Medium Risk
194,57.25,High Risk
194,40.0,Medium Risk
194,45.5,Medium Risk
195,64.0,High Risk
195,59.5,High Risk
195,51.5,High Risk
195,46.75,Medium Risk
195,47.5,Medium Risk
195,27.25,Medium Risk
195,52.5,High Risk
195,35.0,Medium Risk
195,19.25,Low Risk
195,40.0,Medium Risk
195,72.0,High Risk
195,32.5,Medium Risk
195,31.75,Medium Risk
195,27.5,Medium Risk
195,57.5,High Risk
196,40.0,Medium Risk
196,78.5,Critical Risk
196,27.25,Medium Risk
196,19.25,Low Risk
196,64.0,High Risk
196,55.0,High Risk
196,77.0,Critical Risk
196,39.25,Medium Risk
196,20.0,Low Risk
196,35.5,Medium Risk
196,26.75,Medium Risk
196,74.0,High Risk
196,31.75,Medium Risk
196,31.0,Medium Risk
196,34.75,Medium Risk
196,56.5,High Risk
196,42.25,Medium Risk
196,56.75,High Risk
196,52.5,High Risk
197,20.0,Low Risk
197,49.75,Medium Risk
197,22.25,Low Risk
197,77.0,Critical Risk
197,40.25,Medium Risk
197,29.0,Medium Risk
197,19.25,Low Risk
197,23.0,Low Risk
197,39.25,Medium Risk
197,38.0,Medium Risk
197,64.0,High Risk
197,34.25,Medium Risk
197,74.0,High Risk
197,54.75,High Risk
197,47.25,Medium Risk
197,72.0,High Risk
197,28.0,Medium Risk
197,82.0,Critical Risk
198,20.0,Low Risk
198,69.0,High Risk
198,32.5,Medium Risk
198,38.0,Medium Risk
198,59.5,High Risk
198,49.0,Medium Risk
198,39.25,Medium Risk
198,40.0,Medium Risk
198,52.5,High Risk
198,72.0,High Risk
198,19.25,Low Risk
199,38.0,Medium Risk
199,19.25,Low Risk
199,39.25,Medium Risk
199,20.0,Low Risk
199,23.0,Low Risk
199,26.75,Medium Risk
199,40.0,Medium Risk
199,29.0,Medium Risk
199,43.0,Medium Risk
199,28.0,Medium Risk
199,34.25,Medium Risk
199,51.75,High Risk
199,35.0,Medium Risk
200,19.25,Low Risk
200,40.0,Medium Risk
200,42.25,Medium Risk
200,26.75,Medium Risk
200,57.5,High Risk
200,46.75,Medium Risk
200,44.5,Medium Risk
200,50.5,High Risk
200,27.5,Medium Risk
200,20.0,Low Risk
200,32.5,Medium Risk
200,47.25,Medium Risk
201,61.5,High Risk
201,69.5,High Risk
201,49.0,Medium Risk
201,39.25,Medium Risk
201,34.25,Medium Risk
201,19.25,Low Risk
201,52.5,High Risk
201,22.25,Low Risk
201,20.0,Low Risk
201,54.75,High Risk
201,74.0,High Risk
201,40.25,Medium Risk
201,32.5,Medium Risk
201,56.75,High Risk
202,74.0,High Risk
202,27.5,Medium Risk
202,19.25,Low Risk
202,56.5,High Risk
202,39.25,Medium Risk
202,40.0,Medium Risk
202,34.75,Medium Risk
202,20.0,Low Risk
202,27.25,Medium Risk
202,51.75,High Risk
202,40.5,Medium Risk
202,26.75,Medium Risk
202,30.5,Medium Risk
202,69.0,High Risk
202,54.5,High Risk
202,57.0,High Risk
202,82.0,Critical Risk
202,31.75,Medium Risk
202,77.0,Critical Risk
202,29.0,Medium Risk
203,19.25,Low Risk
203,61.5,High Risk
203,20.0,Low Risk
203,50.5,High Risk
203,34.25,Medium Risk
203,29.0,Medium Risk
203,52.5,High Risk
203,35.0,Medium Risk
203,45.25,Medium Risk
203,56.5,High Risk
203,22.25,Low Risk
203,47.25,Medium Risk
204,50.5,High Risk
204,74.0,High Risk
204,82.0,Critical Risk
204,19.25,Low Risk
204,20.0,Low Risk
204,40.25,Medium Risk
204,27.25,Medium Risk
204,23.0,Low Risk
204,26.75,Medium Risk
204,59.5,High Risk
204,31.75,Medium Risk
204,34.75,Medium Risk
204,82.5,Critical Risk
204,45.5,Medium Risk
204,47.0,Medium Risk
205,29.0,Medium Risk
205,39.25,Medium Risk
205,20.0,Low Risk
205,40.0,Medium Risk
205,69.75,High Risk
205,35.0,Medium Risk
205,26.75,Medium Risk
205,57.5,High Risk
205,19.25,Low Risk
205,32.5,Medium Risk
205,38.0,Medium Risk
205,44.0,Medium Risk
205,46.75,Medium Risk
205,54.5,High Risk
206,44.5,Medium Risk
206,20.0,Low Risk
206,40.0,Medium Risk
206,27.5,Medium Risk
206,31.75,Medium Risk
206,41.5,Medium Risk
206,52.5,High Risk
206,36.5,Medium Risk
206,19.25,Low Risk
206,57.0,High Risk
206,63.5,High Risk
207,42.25,Medium Risk
207,49.0,Medium Risk
207,19.25,Low Risk
207,31.75,Medium Risk
207,20.0,Low Risk
207,57.5,High Risk
207,47.5,Medium Risk
207,54.75,High Risk
207,74.0,High Risk
207,39.25,Medium Risk
207,69.0,High Risk
207,27.25,Medium Risk
207,59.5,High Risk
208,20.0,Low Risk
208,29.0,Medium Risk
208,35.5,Medium Risk
208,39.75,Medium Risk
208,38.0,Medium Risk
208,39.25,Medium Risk
208,34.25,Medium Risk
208,32.5,Medium Risk
208,27.5,Medium Risk
209,29.0,Medium Risk
209,35.0,Medium Risk
209,34.25,Medium Risk
209,20.0,Low Risk
209,34.0,Medium Risk
209,19.25,Low Risk
209,37.0,Medium Risk
209,52.0,High Risk
209,51.75,High Risk
209,32.5,Medium Risk
209,50.5,High Risk
209,52.5,High Risk
209,56.5,High Risk
209,44.0,Medium Risk
209,57.5,High Risk
210,22.25,Low Risk
210,20.0,Low Risk
210,19.25,Low Risk
210,64.0,High Risk
210,34.25,Medium Risk
210,87.0,Critical Risk
210,31.75,Medium Risk
210,23.0,Low Risk
210,55.5,High Risk
210,46.0,Medium Risk
210,36.5,Medium Risk
210,57.0,High Risk
211,31.75,Medium Risk
211,40.0,Medium Risk
211,56.75,High Risk
211,19.25,Low Risk
211,57.5,High Risk
211,46.75,Medium Risk
211,34.5,Medium Risk
211,39.75,Medium Risk
211,29.0,Medium Risk
211,34.75,Medium Risk
211,74.75,High Risk
211,41.5,Medium Risk
212,19.25,Low Risk
212,20.0,Low Risk
212,26.75,Medium Risk
212,56.5,High Risk
212,41.5,Medium Risk
212,57.0,High Risk
212,29.0,Medium Risk
212,39.25,Medium Risk
212,28.0,Medium Risk
212,52.0,High Risk
212,32.5,Medium Risk
213,49.0,Medium Risk
213,52.25,High Risk
213,34.25,Medium Risk
213,35.0,Medium Risk
213,27.25,Medium Risk
213,43.0,Medium Risk
213,42.25,Medium Risk
213,19.25,Low Risk
213,77.0,Critical Risk
213,39.25,Medium Risk
213,31.75,Medium Risk
214,32.5,Medium Risk
214,40.0,Medium Risk
214,46.75,Medium Risk
214,19.25,Low Risk
214,28.75,Medium Risk
214,57.25,High Risk
214,39.25,Medium Risk
214,29.0,Medium Risk
214,37.0,Medium Risk
214,28.0,Medium Risk
214,37.25,Medium Risk
214,48.0,Medium Risk
214,21.25,Low Risk
214,31.75,Medium Risk
215,27.25,Medium Risk
215,31.75,Medium Risk
215,19.25,Low Risk
215,51.5,High Risk
215,34.25,Medium Risk
215,90.0,Critical Risk
215,29.75,Medium Risk
215,74.0,High Risk
215,69.0,High Risk
215,76.0,Critical Risk
215,26.75,Medium Risk
215,61.0,High Risk
215,20.0,Low Risk
215,29.0,Medium Risk
215,22.25,Low Risk
216,31.75,Medium Risk
216,22.25,Low Risk
216,20.0,Low Risk
216,19.25,Low Risk
216,28.0,Medium Risk
216,61.0,High Risk
216,35.0,Medium Risk
216,36.5,Medium Risk
216,26.75,Medium Risk
216,39.25,Medium Risk
216,23.0,Low Risk
216,35.5,Medium Risk
216,48.0,Medium Risk
216,27.25,Medium Risk
216,40.0,Medium Risk
217,44.5,Medium Risk
217,27.5,Medium Risk
217,39.25,Medium Risk
217,19.25,Low Risk
217,61.5,High Risk
217,32.5,Medium Risk
217,69.5,High Risk
217,47.25,Medium Risk
217,28.0,Medium Risk
217,35.0,Medium Risk
217,31.75,Medium Risk
217,34.25,Medium Risk
217,53.0,High Risk
217,20.0,Low Risk
218,34.25,Medium Risk
218,47.0,Medium Risk
218,57.5,High Risk
218,23.0,Low Risk
218,39.25,Medium Risk
218,26.75,Medium Risk
218,19.25,Low Risk
218,40.0,Medium Risk
218,51.75,High Risk
218,37.25,Medium Risk
218,29.0,Medium Risk
218,60.5,High Risk
218,64.75,High Risk
218,46.75,Medium Risk
218,27.5,Medium Risk
219,21.25,Low Risk
219,19.25,Low Risk
219,23.0,Low Risk
219,34.25,Medium Risk
219,37.0,Medium Risk
219,29.0,Medium Risk
219,20.0,Low Risk
219,24.25,Low Risk
219,22.25,Low Risk
219,31.75,Medium Risk
219,27.25,Medium Risk
220,19.25,Low Risk
220,27.25,Medium Risk
220,39.75,Medium Risk
220,38.0,Medium Risk
220,26.75,Medium Risk
220,20.0,Low Risk
220,31.75,Medium Risk
220,29.0,Medium Risk
220,34.25,Medium Risk
220,32.5,Medium Risk
220,36.5,Medium Risk
220,39.25,Medium Risk
220,46.75,Medium Risk
220,47.25,Medium Risk
220,77.0,Critical Risk
220,49.0,Medium Risk
220,29.5,Medium Risk
220,56.75,High Risk
221,26.75,Medium Risk
221,20.0,Low Risk
221,27.5,Medium Risk
221,77.0,Critical Risk
221,28.0,Medium Risk
221,47.25,Medium Risk
221,87.0,Critical Risk
221,19.25,Low Risk
221,53.0,High Risk
221,51.75,High Risk
221,40.5,Medium Risk
221,50.0,Medium Risk
221,92.0,Critical Risk
221,49.75,Medium Risk
221,39.25,Medium Risk
221,59.75,High Risk
221,57.0,High Risk
221,46.75,Medium Risk
221,22.25,Low Risk
221,43.0,Medium Risk
221,56.5,High Risk
221,29.0,Medium Risk
222,40.0,Medium Risk
222,74.0,High Risk
222,28.0,Medium Risk
222,47.5,Medium Risk
222,39.25,Medium Risk
222,23.0,Low Risk
222,31.75,Medium Risk
222,29.75,Medium Risk
222,20.0,Low Risk
222,42.25,Medium Risk
222,82.0,Critical Risk
222,19.25,Low Risk
222,29.0,Medium Risk
222,69.0,High Risk
223,74.0,High Risk
223,26.75,Medium Risk
223,59.75,High Risk
223,35.5,Medium Risk
223,39.25,Medium Risk
223,32.5,Medium Risk
223,51.75,High Risk
223,19.25,Low Risk
223,34.5,Medium Risk
223,29.0,Medium Risk
223,27.5,Medium Risk
223,45.5,Medium Risk
223,20.0,Low Risk
223,41.5,Medium Risk
223,47.5,Medium Risk
223,69.75,High Risk
223,49.0,Medium Risk
223,28.0,Medium Risk
223,34.25,Medium Risk
224,34.25,Medium Risk
224,44.0,Medium Risk
224,27.25,Medium Risk
224,20.0,Low Risk
224,19.25,Low Risk
224,39.25,Medium Risk
224,37.0,Medium Risk
224,28.0,Medium Risk
224,47.5,Medium Risk
224,29.0,Medium Risk
224,35.0,Medium Risk
224,42.0,Medium Risk
224,47.0,Medium Risk
225,52.5,High Risk
225,64.0,High Risk
225,72.0,High Risk
225,46.75,Medium Risk
225,34.75,Medium Risk
225,29.75,Medium Risk
225,31.75,Medium Risk
225,49.5,Medium Risk
225,22.25,Low Risk
225,19.25,Low Risk
225,28.0,Medium Risk
225,55.5,High Risk
225,42.25,Medium Risk
226,44.0,Medium Risk
226,49.0,Medium Risk
226,20.0,Low Risk
226,19.25,Low Risk
226,39.25,Medium Risk
226,39.75,Medium Risk
226,43.0,Medium Risk
226,42.25,Medium Risk
226,29.0,Medium Risk
226,29.75,Medium Risk
226,47.5,Medium Risk
226,22.25,Low Risk
226,34.25,Medium Risk
226,55.5,High Risk
226,28.0,Medium Risk
226,51.75,High Risk
226,46.75,Medium Risk
227,20.0,Low Risk
227,55.5,High Risk
227,59.75,High Risk
227,32.5,Medium Risk
227,22.25,Low Risk
227,19.25,Low Risk
227,44.5,Medium Risk
227,37.25,Medium Risk
227,34.25,Medium Risk
227,44.0,Medium Risk
227,47.25,Medium Risk
227,47.5,Medium Risk
228,19.25,Low Risk
228,20.0,Low Risk
228,34.75,Medium Risk
228,26.75,Medium Risk
228,28.0,Medium Risk
228,27.25,Medium Risk
228,54.75,High Risk
228,22.25,Low Risk
228,35.0,Medium Risk
228,31.75,Medium Risk
228,41.5,Medium Risk
229,66.5,High Risk
229,28.0,Medium Risk
229,26.75,Medium Risk
229,56.75,High Risk
229,39.25,Medium Risk
229,24.25,Low Risk
229,20.0,Low Risk
229,44.5,Medium Risk
229,74.75,High Risk
229,32.5,Medium Risk
229,34.25,Medium Risk
229,37.0,Medium Risk
229,34.75,Medium Risk
229,34.0,Medium Risk
229,19.25,Low Risk
229,35.0,Medium Risk
229,29.0,Medium Risk
229,45.25,Medium Risk
230,46.75,Medium Risk
230,34.25,Medium Risk
230,64.75,High Risk
230,32.0,Medium Risk
230,56.75,High Risk
230,39.25,Medium Risk
230,19.25,Low Risk
230,60.5,High Risk
230,20.0,Low Risk
230,30.5,Medium Risk
230,47.5,Medium Risk
230,66.5,High Risk
230,51.75,High Risk
230,27.5,Medium Risk
230,22.25,Low Risk
230,55.5,High Risk
230,44.75,Medium Risk
231,57.5,High Risk
231,53.0,High Risk
231,46.75,Medium Risk
231,19.25,Low Risk
231,66.5,High Risk
231,39.25,Medium Risk
231,56.75,High Risk
231,20.0,Low Risk
231,27.25,Medium Risk
231,38.0,Medium Risk
231,37.25,Medium Risk
232,19.25,Low Risk
232,43.0,Medium Risk
232,41.5,Medium Risk
232,34.25,Medium Risk
232,74.0,High Risk
232,47.0,Medium Risk
232,28.0,Medium Risk
232,92.0,Critical Risk
232,38.0,Medium Risk
232,29.75,Medium Risk
232,71.0,High Risk
232,39.25,Medium Risk
232,24.25,Low Risk
232,29.0,Medium Risk
232,58.5,High Risk
232,20.0,Low Risk
232,26.75,Medium Risk
232,77.0,Critical Risk
232,46.0,Medium Risk
232,28.75,Medium Risk
233,40.0,Medium Risk
233,19.25,Low Risk
233,35.0,Medium Risk
233,56.5,High Risk
233,70.5,High Risk
233,32.5,Medium Risk
233,46.75,Medium Risk
233,29.0,Medium Risk
233,20.0,Low Risk
233,74.0,High Risk
233,77.0,Critical Risk
233,34.25,Medium Risk
233,28.0,Medium Risk
234,52.5,High Risk
234,19.25,Low Risk
234,23.0,Low Risk
234,34.25,Medium Risk
234,22.25,Low Risk
234,20.0,Low Risk
234,47.5,Medium Risk
234,41.5,Medium Risk
234,26.75,Medium Risk
234,42.25,Medium Risk
234,31.75,Medium Risk
234,37.0,Medium Risk
234,52.25,High Risk
235,19.25,Low Risk
235,40.5,Medium Risk
235,39.25,Medium Risk
235,27.5,Medium Risk
235,44.0,Medium Risk
235,34.25,Medium Risk
235,35.0,Medium Risk
235,48.0,Medium Risk
235,49.0,Medium Risk
235,55.5,High Risk
235,29.75,Medium Risk
235,56.75,High Risk
235,40.0,Medium Risk
235,20.0,Low Risk
235,29.0,Medium Risk
235,30.5,Medium Risk
235,44.5,Medium Risk
236,37.0,Medium Risk
236,27.25,Medium Risk
236,35.0,Medium Risk
236,52.5,High Risk
236,34.25,Medium Risk
236,19.25,Low Risk
236,20.0,Low Risk
236,39.25,Medium Risk
236,29.0,Medium Risk
236,58.0,High Risk
236,40.0,Medium Risk
236,52.0,High Risk
237,90.0,Critical Risk
237,19.25,Low Risk
237,31.75,Medium Risk
237,34.25,Medium Risk
237,52.0,High Risk
237,20.0,Low Risk
237,26.75,Medium Risk
237,30.5,Medium Risk
237,35.0,Medium Risk
237,32.5,Medium Risk
237,47.0,Medium Risk
237,27.5,Medium Risk
237,27.25,Medium Risk
237,38.0,Medium Risk
237,40.0,Medium Risk
238,32.5,Medium Risk
238,35.0,Medium Risk
238,20.0,Low Risk
238,31.75,Medium Risk
238,40.0,Medium Risk
238,30.5,Medium Risk
238,26.75,Medium Risk
238,34.25,Medium Risk
238,34.75,Medium Risk
238,39.75,Medium Risk
238,37.25,Medium Risk
238,44.0,Medium Risk
238,39.25,Medium Risk
238,45.5,Medium Risk
238,42.25,Medium Risk
239,19.25,Low Risk
239,32.5,Medium Risk
239,59.5,High Risk
239,34.75,Medium Risk
239,27.25,Medium Risk
239,31.75,Medium Risk
239,29.0,Medium Risk
239,51.75,High Risk
239,46.75,Medium Risk
239,47.0,Medium Risk
240,28.0,Medium Risk
240,19.25,Low Risk
240,74.5,High Risk
240,49.0,Medium Risk
240,39.75,Medium Risk
240,20.0,Low Risk
240,41.5,Medium Risk
240,40.0,Medium Risk
240,32.5,Medium Risk
240,69.0,High Risk
240,64.0,High Risk
241,29.0,Medium Risk
241,39.25,Medium Risk
241,20.0,Low Risk
241,37.25,Medium Risk
241,51.75,High Risk
241,70.0,High Risk
241,19.25,Low Risk
241,32.0,Medium Risk
241,35.0,Medium Risk
242,20.0,Low Risk
242,34.75,Medium Risk
242,31.75,Medium Risk
242,19.25,Low Risk
242,36.5,Medium Risk
242,34.25,Medium Risk
242,72.0,High Risk
242,22.0,Low Risk
242,26.75,Medium Risk
242,41.5,Medium Risk
242,32.5,Medium Risk
242,40.25,Medium Risk
242,54.5,High Risk
242,22.25,Low Risk
242,28.0,Medium Risk
243,74.0,High Risk
243,52.5,High Risk
243,19.25,Low Risk
243,42.25,Medium Risk
243,40.0,Medium Risk
243,32.5,Medium Risk
243,56.5,High Risk
243,56.75,High Risk
243,20.0,Low Risk
243,64.75,High Risk
243,57.5,High Risk
243,34.25,Medium Risk
243,49.75,Medium Risk
243,35.5,Medium Risk
243,29.0,Medium Risk
243,43.0,Medium Risk
243,69.5,High Risk
243,54.75,High Risk
243,27.5,Medium Risk
243,44.5,Medium Risk
243,41.5,Medium Risk
243,53.75,High Risk
244,27.5,Medium Risk
244,32.5,Medium Risk
244,27.25,Medium Risk
244,22.25,Low Risk
244,20.0,Low Risk
244,19.25,Low Risk
244,35.0,Medium Risk
244,56.5,High Risk
244,29.0,Medium Risk
244,25.0,Low Risk
244,31.75,Medium Risk
244,39.25,Medium Risk
244,34.5,Medium Risk
245,35.5,Medium Risk
245,19.25,Low Risk
245,53.0,High Risk
245,35.0,Medium Risk
245,47.5,Medium Risk
245,27.25,Medium Risk
245,43.0,Medium Risk
245,34.25,Medium Risk
245,20.0,Low Risk
245,39.25,Medium Risk
245,32.5,Medium Risk
245,46.75,Medium Risk
245,56.75,High Risk
245,47.25,Medium Risk
245,31.75,Medium Risk
246,35.5,Medium Risk
246,27.25,Medium Risk
246,54.75,High Risk
246,31.75,Medium Risk
246,39.25,Medium Risk
246,19.25,Low Risk
246,41.5,Medium Risk
246,32.5,Medium Risk
246,74.5,High Risk
246,20.0,Low Risk
246,53.5,High Risk
246,37.25,Medium Risk
246,29.0,Medium Risk
246,26.75,Medium Risk
246,57.5,High Risk
246,82.0,Critical Risk
246,52.0,High Risk
246,22.25,Low Risk
247,47.5,Medium Risk
247,35.0,Medium Risk
247,32.5,Medium Risk
247,42.25,Medium Risk
247,26.75,Medium Risk
247,55.5,High Risk
247,36.5,Medium Risk
247,20.0,Low Risk
247,19.25,Low Risk
247,46.75,Medium Risk
247,39.25,Medium Risk
247,40.0,Medium Risk
247,92.0,Critical Risk
247,27.5,Medium Risk
247,49.0,Medium Risk
248,34.25,Medium Risk
248,26.75,Medium Risk
248,28.0,Medium Risk
248,44.0,Medium Risk
248,31.75,Medium Risk
248,69.5,High Risk
248,20.0,Low Risk
248,19.25,Low Risk
248,42.25,Medium Risk
248,49.0,Medium Risk
248,32.5,Medium Risk
248,41.5,Medium Risk
248,23.0,Low Risk
248,35.0,Medium Risk
248,42.0,Medium Risk
248,51.75,High Risk
249,27.5,Medium Risk
249,39.25,Medium Risk
249,31.75,Medium Risk
249,32.5,Medium Risk
249,50.5,High Risk
249,29.0,Medium Risk
249,61.5,High Risk
249,19.25,Low Risk
249,47.5,Medium Risk
249,48.0,Medium Risk
249,54.75,High Risk
249,40.0,Medium Risk
249,34.75,Medium Risk
249,46.75,Medium Risk
249,56.5,High Risk
249,26.75,Medium Risk
249,47.25,Medium Risk
250,74.0,High Risk
250,29.0,Medium Risk
250,32.5,Medium Risk
250,72.0,High Risk
250,19.25,Low Risk
250,42.25,Medium Risk
250,59.5,High Risk
250,51.0,High Risk
250,43.0,Medium Risk
250,56.5,High Risk
250,34.25,Medium Risk
250,20.0,Low Risk
250,31.75,Medium Risk
250,92.0,Critical Risk
250,21.25,Low Risk
250,82.0,Critical Risk
251,19.25,Low Risk
251,27.25,Medium Risk
251,35.0,Medium Risk
251,55.5,High Risk
251,51.75,High Risk
251,65.5,High Risk
251,40.0,Medium Risk
251,47.5,Medium Risk
251,66.5,High Risk
251,44.0,Medium Risk
251,39.25,Medium Risk
251,52.5,High Risk
251,37.0,Medium Risk
251,20.0,Low Risk
252,19.25,Low Risk
252,35.0,Medium Risk
252,22.25,Low Risk
252,52.5,High Risk
252,20.0,Low Risk
252,50.5,High Risk
252,34.25,Medium Risk
252,47.25,Medium Risk
252,64.75,High Risk
253,42.25,Medium Risk
253,92.0,Critical Risk
253,51.5,High Risk
253,38.0,Medium Risk
253,52.25,High Risk
253,51.75,High Risk
253,32.5,Medium Risk
253,82.0,Critical Risk
253,39.25,Medium Risk
253,40.0,Medium Risk
253,20.0,Low Risk
253,19.25,Low Risk
253,23.0,Low Risk
253,27.5,Medium Risk
253,30.5,Medium Risk
253,67.0,High Risk
254,32.5,Medium Risk
254,20.0,Low Risk
254,41.5,Medium Risk
254,27.25,Medium Risk
254,19.25,Low Risk
254,39.25,Medium Risk
254,35.0,Medium Risk
254,44.0,Medium Risk
254,34.25,Medium Risk
254,31.75,Medium Risk
254,37.25,Medium Risk
254,28.0,Medium Risk
254,22.25,Low Risk
254,26.75,Medium Risk
254,29.0,Medium Risk
254,47.0,Medium Risk
254,40.0,Medium Risk
254,45.5,Medium Risk
254,49.5,Medium Risk
255,19.25,Low Risk
255,46.75,Medium Risk
255,20.0,Low Risk
255,44.0,Medium Risk
255,32.5,Medium Risk
255,40.0,Medium Risk
255,34.25,Medium Risk
255,74.0,High Risk
255,56.5,High Risk
255,27.25,Medium Risk
255,52.5,High Risk
255,54.75,High Risk
255,34.75,Medium Risk
255,31.75,Medium Risk
255,29.0,Medium Risk
255,37.25,Medium Risk
255,51.75,High Risk
256,35.5,Medium Risk
256,31.75,Medium Risk
256,32.5,Medium Risk
256,19.25,Low Risk
256,20.0,Low Risk
256,39.25,Medium Risk
256,23.0,Low Risk
256,56.75,High Risk
256,25.0,Low Risk
256,74.0,High Risk
256,34.75,Medium Risk
256,33.75,Medium Risk
257,46.75,Medium Risk
257,20.0,Low Risk
257,19.25,Low Risk
257,74.0,High Risk
257,72.0,High Risk
257,57.5,High Risk
257,56.75,High Risk
257,22.25,Low Risk
257,56.5,High Risk
257,59.75,High Risk
257,40.0,Medium Risk
257,76.0,Critical Risk
258,56.75,High Risk
258,23.0,Low Risk
258,31.75,Medium Risk
258,34.25,Medium Risk
258,74.0,High Risk
258,20.0,Low Risk
258,19.25,Low Risk
258,69.5,High Risk
258,29.0,Medium Risk
258,28.0,Medium Risk
258,38.0,Medium Risk
258,51.75,High Risk
258,35.0,Medium Risk
258,34.75,Medium Risk
258,21.25,Low Risk
258,46.75,Medium Risk
258,43.0,Medium Risk
258,22.25,Low Risk
259,19.25,Low Risk
259,26.75,Medium Risk
259,39.25,Medium Risk
259,42.25,Medium Risk
259,34.25,Medium Risk
259,49.0,Medium Risk
259,29.0,Medium Risk
259,20.0,Low Risk
259,35.0,Medium Risk
259,69.0,High Risk
259,32.5,Medium Risk
259,21.25,Low Risk
259,28.0,Medium Risk
260,69.0,High Risk
260,22.25,Low Risk
260,19.25,Low Risk
260,20.0,Low Risk
260,72.0,High Risk
260,52.0,High Risk
260,44.0,Medium Risk
260,28.0,Medium Risk
260,29.0,Medium Risk
261,60.5,High Risk
261,19.25,Low Risk
261,47.25,Medium Risk
261,22.25,Low Risk
261,26.75,Medium Risk
261,49.0,Medium Risk
261,22.0,Low Risk
261,20.0,Low Risk
261,51.75,High Risk
261,27.25,Medium Risk
261,46.75,Medium Risk
261,34.25,Medium Risk
261,32.5,Medium Risk
262,31.75,Medium Risk
262,39.25,Medium Risk
262,19.25,Low Risk
262,47.25,Medium Risk
262,27.5,Medium Risk
262,38.0,Medium Risk
262,28.0,Medium Risk
262,26.75,Medium Risk
262,49.5,Medium Risk
262,40.0,Medium Risk
262,32.5,Medium Risk
262,27.25,Medium Risk
263,74.0,High Risk
263,29.0,Medium Risk
263,82.0,Critical Risk
263,38.0,Medium Risk
263,20.0,Low Risk
263,32.5,Medium Risk
263,60.5,High Risk
263,34.25,Medium Risk
263,19.25,Low Risk
263,37.25,Medium Risk
263,28.0,Medium Risk
263,35.0,Medium Risk
263,39.25,Medium Risk
263,69.0,High Risk
264,20.0,Low Risk
264,19.25,Low Risk
264,29.0,Medium Risk
264,52.5,High Risk
264,49.75,Medium Risk
264,77.0,Critical Risk
264,35.0,Medium Risk
264,47.5,Medium Risk
264,74.0,High Risk
264,21.25,Low Risk
265,28.0,Medium Risk
265,49.0,Medium Risk
265,31.75,Medium Risk
265,32.5,Medium Risk
265,49.5,Medium Risk
265,66.5,High Risk
265,52.5,High Risk
265,19.25,Low Risk
265,46.75,Medium Risk
265,38.0,Medium Risk
265,29.0,Medium Risk
265,27.5,Medium Risk
265,39.25,Medium Risk
265,56.5,High Risk
265,40.5,Medium Risk
265,56.75,High Risk
265,47.5,Medium Risk
265,26.75,Medium Risk
265,44.0,Medium Risk
266,19.25,Low Risk
266,27.25,Medium Risk
266,43.0,Medium Risk
266,20.0,Low Risk
266,28.0,Medium Risk
266,21.25,Low Risk
266,27.5,Medium Risk
266,22.25,Low Risk
267,34.25,Medium Risk
267,41.5,Medium Risk
267,47.5,Medium Risk
267,50.5,High Risk
267,19.25,Low Risk
267,28.0,Medium Risk
267,35.0,Medium Risk
267,27.25,Medium Risk
267,20.0,Low Risk
267,39.25,Medium Risk
267,21.25,Low Risk
267,47.0,Medium Risk
267,38.0,Medium Risk
268,19.25,Low Risk
268,20.0,Low Risk
268,27.5,Medium Risk
268,70.0,High Risk
268,49.0,Medium Risk
268,27.25,Medium Risk
268,44.5,Medium Risk
268,32.0,Medium Risk
268,22.25,Low Risk
269,69.0,High Risk
269,59.5,High Risk
269,92.0,Critical Risk
269,34.75,Medium Risk
269,51.75,High Risk
269,77.0,Critical Risk
269,31.75,Medium Risk
269,39.25,Medium Risk
269,29.5,Medium Risk
269,55.5,High Risk
269,32.5,Medium Risk
269,36.5,Medium Risk
270,39.25,Medium Risk
270,22.25,Low Risk
270,20.0,Low Risk
270,36.5,Medium Risk
270,19.25,Low Risk
270,46.75,Medium Risk
270,33.75,Medium Risk
270,27.25,Medium Risk
270,74.0,High Risk
270,35.5,Medium Risk
270,31.75,Medium Risk
270,64.75,High Risk
270,49.0,Medium Risk
270,32.5,Medium Risk
270,34.5,Medium Risk
270,35.0,Medium Risk
270,27.5,Medium Risk
270,45.25,Medium Risk
271,31.75,Medium Risk
271,32.5,Medium Risk
271,19.25,Low Risk
271,29.0,Medium Risk
271,22.25,Low Risk
271,49.75,Medium Risk
271,27.25,Medium Risk
271,20.0,Low Risk
271,47.25,Medium Risk
271,64.0,High Risk
271,41.5,Medium Risk
271,26.75,Medium Risk
272,41.5,Medium Risk
272,19.25,Low Risk
272,38.0,Medium Risk
272,51.75,High Risk
272,72.75,High Risk
272,47.25,Medium Risk
272,22.25,Low Risk
272,35.0,Medium Risk
272,42.25,Medium Risk
272,20.0,Low Risk
272,21.25,Low Risk
272,37.25,Medium Risk
272,45.5,Medium Risk
272,29.0,Medium Risk
272,39.25,Medium Risk
272,48.0,Medium Risk
272,56.75,High Risk
272,56.5,High Risk
272,34.75,Medium Risk
272,47.5,Medium Risk
273,19.25,Low Risk
273,36.5,Medium Risk
273,57.5,High Risk
273,20.0,Low Risk
273,72.75,High Risk
273,33.75,Medium Risk
273,27.25,Medium Risk
273,31.75,Medium Risk
273,54.75,High Risk
273,28.0,Medium Risk
273,52.5,High Risk
273,34.75,Medium Risk
273,69.0,High Risk
273,35.5,Medium Risk
273,40.0,Medium Risk
273,29.0,Medium Risk
273,51.75,High Risk
273,47.5,Medium Risk
274,31.75,Medium Risk
274,20.0,Low Risk
274,56.5,High Risk
274,40.5,Medium Risk
274,41.25,Medium Risk
274,32.5,Medium Risk
274,49.75,Medium Risk
274,74.0,High Risk
274,45.5,Medium Risk
274,77.0,Critical Risk
274,40.0,Medium Risk
274,66.5,High Risk
274,27.5,Medium Risk
275,28.0,Medium Risk
275,48.0,Medium Risk
275,29.0,Medium Risk
275,19.25,Low Risk
275,40.0,Medium Risk
275,20.0,Low Risk
275,44.0,Medium Risk
275,35.0,Medium Risk
275,41.5,Medium Risk
275,21.25,Low Risk
275,37.25,Medium Risk
276,46.75,Medium Risk
276,56.5,High Risk
276,74.0,High Risk
276,35.5,Medium Risk
276,26.75,Medium Risk
276,39.25,Medium Risk
276,64.5,High Risk
277,20.0,Low Risk
277,19.25,Low Risk
277,74.0,High Risk
277,39.25,Medium Risk
277,72.0,High Risk
277,50.5,High Risk
277,32.0,Medium Risk
277,31.75,Medium Risk
277,29.0,Medium Risk
277,34.25,Medium Risk
277,27.25,Medium Risk
277,49.0,Medium Risk
277,23.0,Low Risk
277,52.0,High Risk
278,27.5,Medium Risk
278,75.5,Critical Risk
278,32.5,Medium Risk
278,47.5,Medium Risk
278,19.25,Low Risk
278,44.75,Medium Risk
278,39.25,Medium Risk
278,47.25,Medium Risk
278,20.0,Low Risk
278,35.0,Medium Risk
278,31.75,Medium Risk
278,46.75,Medium Risk
279,20.0,Low Risk
279,31.75,Medium Risk
279,49.75,Medium Risk
279,32.5,Medium Risk
279,44.75,Medium Risk
279,39.75,Medium Risk
279,26.75,Medium Risk
279,19.25,Low Risk
279,46.75,Medium Risk
279,29.0,Medium Risk
279,44.5,Medium Risk
279,36.5,Medium Risk
280,34.75,Medium Risk
280,20.0,Low Risk
280,52.5,High Risk
280,28.0,Medium Risk
280,31.75,Medium Risk
280,35.5,Medium Risk
280,49.0,Medium Risk
280,56.5,High Risk
280,56.75,High Risk
280,19.25,Low Risk
280,22.25,Low Risk
280,64.0,High Risk
280,75.5,Critical Risk
280,35.0,Medium Risk
280,32.5,Medium Risk
280,42.25,Medium Risk
281,28.0,Medium Risk
281,44.0,Medium Risk
281,42.25,Medium Risk
281,31.75,Medium Risk
281,47.5,Medium Risk
281,34.25,Medium Risk
281,40.0,Medium Risk
281,46.75,Medium Risk
281,49.0,Medium Risk
281,77.0,Critical Risk
281,39.25,Medium Risk
281,61.5,High Risk
281,19.25,Low Risk
281,37.0,Medium Risk
281,20.0,Low Risk
281,27.5,Medium Risk
281,39.75,Medium Risk
281,35.5,Medium Risk
281,55.5,High Risk
281,57.5,High Risk
281,51.75,High Risk
281,49.75,Medium Risk
282,56.5,High Risk
282,20.0,Low Risk
282,26.75,Medium Risk
282,56.75,High Risk
282,34.25,Medium Risk
282,23.0,Low Risk
282,27.25,Medium Risk
282,46.75,Medium Risk
282,19.25,Low Risk
282,36.5,Medium Risk
282,44.0,Medium Risk
282,39.25,Medium Risk
282,45.5,Medium Risk
282,31.75,Medium Risk
283,39.25,Medium Risk
283,40.0,Medium Risk
283,49.0,Medium Risk
283,51.75,High Risk
283,29.0,Medium Risk
283,54.75,High Risk
283,35.0,Medium Risk
283,23.0,Low Risk
283,20.0,Low Risk
283,56.5,High Risk
283,64.75,High Risk
283,31.75,Medium Risk
284,38.0,Medium Risk
284,29.0,Medium Risk
284,44.0,Medium Risk
284,34.0,Medium Risk
284,34.25,Medium Risk
284,20.0,Low Risk
284,35.0,Medium Risk
284,19.25,Low Risk
284,82.0,Critical Risk
284,39.25,Medium Risk
285,19.25,Low Risk
285,43.0,Medium Risk
285,35.0,Medium Risk
285,27.5,Medium Risk
285,29.0,Medium Risk
285,42.25,Medium Risk
285,31.75,Medium Risk
285,37.25,Medium Risk
285,40.0,Medium Risk
285,51.75,High Risk
285,30.5,Medium Risk
286,22.25,Low Risk
286,38.0,Medium Risk
286,40.0,Medium Risk
286,47.5,Medium Risk
286,46.75,Medium Risk
286,20.0,Low Risk
286,19.25,Low Risk
286,56.5,High Risk
286,69.75,High Risk
286,27.25,Medium Risk
286,28.0,Medium Risk
287,44.0,Medium Risk
287,47.5,Medium Risk
287,22.25,Low Risk
287,37.25,Medium Risk
287,19.25,Low Risk
287,20.0,Low Risk
287,23.0,Low Risk
287,31.75,Medium Risk
287,28.0,Medium Risk
287,40.5,Medium Risk
287,61.5,High Risk
287,52.5,High Risk
287,34.75,Medium Risk
287,26.75,Medium Risk
287,56.75,High Risk
287,27.25,Medium Risk
287,34.25,Medium Risk
287,35.0,Medium Risk
288,27.5,Medium Risk
288,36.5,Medium Risk
288,34.25,Medium Risk
288,26.75,Medium Risk
288,27.25,Medium Risk
288,19.25,Low Risk
288,47.5,Medium Risk
288,20.0,Low Risk
288,44.0,Medium Risk
288,32.5,Medium Risk
288,52.5,High Risk
288,48.0,Medium Risk
288,35.0,Medium Risk
289,34.25,Medium Risk
289,19.25,Low Risk
289,61.5,High Risk
289,21.25,Low Risk
289,40.0,Medium Risk
289,41.5,Medium Risk
289,39.25,Medium Risk
289,37.0,Medium Risk
289,31.75,Medium Risk
289,23.0,Low Risk
289,26.75,Medium Risk
289,32.0,Medium Risk
289,28.0,Medium Risk
289,56.75,High Risk
290,19.25,Low Risk
290,37.0,Medium Risk
290,36.5,Medium Risk
290,46.75,Medium Risk
290,42.25,Medium Risk
290,20.0,Low Risk
290,47.5,Medium Risk
290,31.75,Medium Risk
290,48.0,Medium Risk
290,35.0,Medium Risk
290,29.0,Medium Risk
291,42.0,Medium Risk
291,32.5,Medium Risk
291,46.75,Medium Risk
291,82.0,Critical Risk
291,40.0,Medium Risk
291,38.0,Medium Risk
291,31.75,Medium Risk
291,38.5,Medium Risk
291,28.0,Medium Risk
291,40.5,Medium Risk
291,19.25,Low Risk
291,27.5,Medium Risk
291,53.5,High Risk
291,35.5,Medium Risk
291,77.5,Critical Risk
291,69.0,High Risk
291,59.5,High Risk
291,23.0,Low Risk
291,72.0,High Risk
291,77.0,Critical Risk
291,74.0,High Risk
291,20.0,Low Risk
291,41.5,Medium Risk
291,56.5,High Risk
292,57.5,High Risk
292,47.5,Medium Risk
292,69.0,High Risk
292,77.0,Critical Risk
292,19.25,Low Risk
292,46.75,Medium Risk
292,35.0,Medium Risk
292,20.0,Low Risk
292,49.0,Medium Risk
292,52.5,High Risk
292,26.75,Medium Risk
292,40.5,Medium Risk
292,82.0,Critical Risk
292,39.25,Medium Risk
292,56.5,High Risk
293,74.0,High Risk
293,34.75,Medium Risk
293,27.5,Medium Risk
293,26.75,Medium Risk
293,34.25,Medium Risk
293,33.75,Medium Risk
293,52.5,High Risk
293,19.25,Low Risk
293,56.5,High Risk
293,32.5,Medium Risk
293,28.0,Medium Risk
293,31.75,Medium Risk
293,39.25,Medium Risk
293,49.0,Medium Risk
293,64.75,High Risk
293,64.0,High Risk
294,20.0,Low Risk
294,42.25,Medium Risk
294,37.25,Medium Risk
294,32.0,Medium Risk
294,46.75,Medium Risk
294,38.0,Medium Risk
294,40.0,Medium Risk
294,54.75,High Risk
294,56.75,High Risk
294,22.0,Low Risk
294,19.25,Low Risk
295,40.0,Medium Risk
295,43.0,Medium Risk
295,56.75,High Risk
295,29.0,Medium Risk
295,19.25,Low Risk
295,47.25,Medium Risk
295,32.5,Medium Risk
295,37.25,Medium Risk
295,35.0,Medium Risk
295,34.25,Medium Risk
295,27.25,Medium Risk
295,20.0,Low Risk
295,74.5,High Risk
295,42.25,Medium Risk
295,39.25,Medium Risk
296,50.5,High Risk
296,51.75,High Risk
296,31.75,Medium Risk
296,19.25,Low Risk
296,42.25,Medium Risk
296,40.0,Medium Risk
296,59.75,High Risk
296,46.75,Medium Risk
296,29.0,Medium Risk
296,47.5,Medium Risk
296,34.75,Medium Risk
296,39.75,Medium Risk
296,32.5,Medium Risk
296,57.0,High Risk
296,20.0,Low Risk
297,20.0,Low Risk
297,19.25,Low Risk
297,29.0,Medium Risk
297,40.0,Medium Risk
297,51.75,High Risk
297,27.5,Medium Risk
297,35.0,Medium Risk
297,47.5,Medium Risk
297,31.75,Medium Risk
297,56.5,High Risk
297,34.25,Medium Risk
297,55.5,High Risk
297,46.75,Medium Risk
297,37.25,Medium Risk
297,23.0,Low Risk
297,49.0,Medium Risk
297,52.5,High Risk
298,32.5,Medium Risk
298,22.25,Low Risk
298,35.0,Medium Risk
298,76.5,Critical Risk
298,74.0,High Risk
298,30.5,Medium Risk
298,39.75,Medium Risk
298,31.75,Medium Risk
298,19.25,Low Risk
298,40.5,Medium Risk
298,40.0,Medium Risk
298,34.25,Medium Risk
298,39.25,Medium Risk
298,20.0,Low Risk
298,48.0,Medium Risk
299,34.5,Medium Risk
299,34.25,Medium Risk
299,37.25,Medium Risk
299,19.25,Low Risk
299,59.5,High Risk
299,32.5,Medium Risk
299,31.75,Medium Risk
299,20.0,Low Risk
299,27.25,Medium Risk
299,28.0,Medium Risk
299,47.5,Medium Risk
299,42.25,Medium Risk
299,41.5,Medium Risk
299,38.0,Medium Risk
299,26.75,Medium Risk
299,32.0,Medium Risk
300,35.0,Medium Risk
300,32.5,Medium Risk
300,34.75,Medium Risk
300,46.75,Medium Risk
300,50.5,High Risk
300,19.25,Low Risk
300,31.75,Medium Risk
300,43.0,Medium Risk
300,28.0,Medium Risk
300,56.5,High Risk
300,34.25,Medium Risk
300,46.0,Medium Risk
300,20.0,Low Risk
300,57.5,High Risk
300,27.5,Medium Risk
300,38.0,Medium Risk
300,60.5,High Risk
300,27.25,Medium Risk
301,48.0,Medium Risk
301,31.75,Medium Risk
301,26.75,Medium Risk
301,44.0,Medium Risk
301,34.25,Medium Risk
301,51.75,High Risk
301,56.5,High Risk
301,36.5,Medium Risk
301,47.5,Medium Risk
301,40.0,Medium Risk
301,46.75,Medium Risk
301,57.5,High Risk
301,29.0,Medium Risk
301,49.0,Medium Risk
301,41.5,Medium Risk
301,27.5,Medium Risk
302,26.75,Medium Risk
302,28.0,Medium Risk
302,29.0,Medium Risk
302,56.5,High Risk
302,20.0,Low Risk
302,19.25,Low Risk
302,69.0,High Risk
302,67.0,High Risk
302,74.0,High Risk
302,34.25,Medium Risk
302,43.0,Medium Risk
302,22.25,Low Risk
302,49.75,Medium Risk
303,74.0,High Risk
303,19.25,Low Risk
303,55.0,High Risk
303,26.75,Medium Risk
303,31.75,Medium Risk
303,20.0,Low Risk
303,58.5,High Risk
303,49.0,Medium Risk
303,64.5,High Risk
303,70.5,High Risk
303,28.0,Medium Risk
303,35.5,Medium Risk
303,29.0,Medium Risk
303,57.5,High Risk
303,49.75,Medium Risk
303,35.0,Medium Risk
303,46.75,Medium Risk
303,23.0,Low Risk
303,69.0,High Risk
303,30.5,Medium Risk
303,27.5,Medium Risk
303,27.25,Medium Risk
303,64.75,High Risk
303,54.75,High Risk
303,52.5,High Risk
304,27.5,Medium Risk
304,35.5,Medium Risk
304,32.5,Medium Risk
304,27.25,Medium Risk
304,34.75,Medium Risk
304,60.5,High Risk
304,35.0,Medium Risk
304,36.5,Medium Risk
304,31.75,Medium Risk
304,41.5,Medium Risk
304,39.25,Medium Risk
304,20.0,Low Risk
304,26.75,Medium Risk
304,40.0,Medium Risk
305,51.75,High Risk
305,20.0,Low Risk
305,74.0,High Risk
305,48.0,Medium Risk
305,30.5,Medium Risk
305,32.5,Medium Risk
305,54.75,High Risk
305,47.25,Medium Risk
305,57.5,High Risk
305,22.25,Low Risk
305,38.0,Medium Risk
305,52.5,High Risk
305,27.5,Medium Risk
305,65.5,High Risk
305,44.0,Medium Risk
305,19.25,Low Risk
305,69.0,High Risk
305,29.0,Medium Risk
305,47.5,Medium Risk
305,32.0,Medium Risk
306,36.5,Medium Risk
306,29.5,Medium Risk
306,59.75,High Risk
306,19.25,Low Risk
306,39.25,Medium Risk
306,32.5,Medium Risk
306,41.5,Medium Risk
306,31.75,Medium Risk
306,27.5,Medium Risk
306,40.0,Medium Risk
306,34.75,Medium Risk
306,57.25,High Risk
306,29.0,Medium Risk
307,47.25,Medium Risk
307,35.0,Medium Risk
307,19.25,Low Risk
307,38.0,Medium Risk
307,25.0,Low Risk
307,34.25,Medium Risk
307,39.25,Medium Risk
307,20.0,Low Risk
307,44.0,Medium Risk
307,28.0,Medium Risk
307,29.75,Medium Risk
307,42.25,Medium Risk
307,21.25,Low Risk
307,27.25,Medium Risk
307,74.0,High Risk
308,61.5,High Risk
308,19.25,Low Risk
308,52.5,High Risk
308,29.0,Medium Risk
308,64.0,High Risk
308,37.25,Medium Risk
308,32.5,Medium Risk
308,69.5,High Risk
308,20.0,Low Risk
308,47.5,Medium Risk
308,35.0,Medium Risk
309,27.5,Medium Risk
309,74.0,High Risk
309,20.0,Low Risk
309,19.25,Low Risk
309,47.5,Medium Risk
309,69.0,High Risk
309,39.25,Medium Risk
309,35.5,Medium Risk
309,64.0,High Risk
309,28.0,Medium Risk
309,56.5,High Risk
309,22.0,Low Risk
309,35.0,Medium Risk
309,82.0,Critical Risk
309,22.25,Low Risk
309,26.75,Medium Risk
309,41.5,Medium Risk
309,36.5,Medium Risk
309,57.5,High Risk
310,20.0,Low Risk
310,46.75,Medium Risk
310,32.5,Medium Risk
310,22.25,Low Risk
310,19.25,Low Risk
310,34.25,Medium Risk
310,36.5,Medium Risk
310,38.0,Medium Risk
310,23.0,Low Risk
310,40.0,Medium Risk
310,31.75,Medium Risk
310,28.0,Medium Risk
310,42.25,Medium Risk
310,39.25,Medium Risk
310,54.75,High Risk
310,50.5,High Risk
311,39.5,Medium Risk
311,26.75,Medium Risk
311,19.25,Low Risk
311,31.75,Medium Risk
311,41.5,Medium Risk
311,47.25,Medium Risk
311,28.0,Medium Risk
311,36.5,Medium Risk
311,49.75,Medium Risk
311,20.0,Low Risk
311,32.5,Medium Risk
311,27.5,Medium Risk
311,43.0,Medium Risk
311,38.0,Medium Risk
311,100.0,Critical Risk
311,44.5,Medium Risk
312,20.0,Low Risk
312,40.0,Medium Risk
312,19.25,Low Risk
312,32.5,Medium Risk
312,39.75,Medium Risk
312,61.5,High Risk
312,27.5,Medium Risk
312,31.75,Medium Risk
312,74.0,High Risk
312,22.25,Low Risk
312,21.25,Low Risk
312,45.5,Medium Risk
312,34.75,Medium Risk
312,34.25,Medium Risk
312,35.5,Medium Risk
312,26.75,Medium Risk
312,72.0,High Risk
312,92.0,Critical Risk
312,23.0,Low Risk
312,29.0,Medium Risk
312,32.0,Medium Risk
313,47.5,Medium Risk
313,19.25,Low Risk
313,36.5,Medium Risk
313,35.0,Medium Risk
313,27.5,Medium Risk
313,31.75,Medium Risk
313,41.5,Medium Risk
313,32.5,Medium Risk
313,20.0,Low Risk
313,40.0,Medium Risk
313,74.0,High Risk
313,26.75,Medium Risk
313,29.0,Medium Risk
313,39.75,Medium Risk
313,37.25,Medium Risk
313,23.0,Low Risk
314,20.0,Low Risk
314,37.25,Medium Risk
314,22.25,Low Risk
314,31.75,Medium Risk
314,27.25,Medium Risk
314,57.5,High Risk
314,34.25,Medium Risk
314,74.0,High Risk
314,25.0,Low Risk
314,29.0,Medium Risk
314,69.0,High Risk
314,60.5,High Risk
314,26.75,Medium Risk
314,40.0,Medium Risk
314,65.5,High Risk
314,19.25,Low Risk
315,19.25,Low Risk
315,20.0,Low Risk
315,29.0,Medium Risk
315,39.75,Medium Risk
315,28.0,Medium Risk
315,37.0,Medium Risk
315,70.5,High Risk
315,49.75,Medium Risk
315,32.5,Medium Risk
315,38.0,Medium Risk
315,31.75,Medium Risk
315,46.75,Medium Risk
316,46.75,Medium Risk
316,19.25,Low Risk
316,34.75,Medium Risk
316,23.0,Low Risk
316,61.5,High Risk
316,32.5,Medium Risk
316,31.75,Medium Risk
316,20.0,Low Risk
316,35.0,Medium Risk
316,47.25,Medium Risk
316,37.25,Medium Risk
316,27.25,Medium Risk
316,39.25,Medium Risk
316,41.5,Medium Risk
316,26.75,Medium Risk
316,28.0,Medium Risk
316,52.5,High Risk
317,74.0,High Risk
317,40.0,Medium Risk
317,32.5,Medium Risk
317,56.5,High Risk
317,29.0,Medium Risk
317,35.5,Medium Risk
317,39.25,Medium Risk
317,19.25,Low Risk
317,32.0,Medium Risk
317,31.75,Medium Risk
317,38.0,Medium Risk
317,20.0,Low Risk
317,59.75,High Risk
318,20.0,Low Risk
318,41.5,Medium Risk
318,34.25,Medium Risk
318,45.25,Medium Risk
318,44.0,Medium Risk
318,19.25,Low Risk
318,32.5,Medium Risk
318,56.75,High Risk
318,47.25,Medium Risk
318,29.0,Medium Risk
318,35.0,Medium Risk
318,36.5,Medium Risk
318,23.0,Low Risk
318,49.0,Medium Risk
318,40.0,Medium Risk
319,74.0,High Risk
319,28.0,Medium Risk
319,23.0,Low Risk
319,57.5,High Risk
319,44.0,Medium Risk
319,52.5,High Risk
319,29.0,Medium Risk
319,26.75,Medium Risk
319,20.0,Low Risk
319,82.0,Critical Risk
319,39.25,Medium Risk
319,32.5,Medium Risk
319,34.25,Medium Risk
319,19.25,Low Risk
319,31.75,Medium Risk
319,46.75,Medium Risk
319,64.0,High Risk
319,47.25,Medium Risk
319,41.5,Medium Risk
320,40.0,Medium Risk
320,64.0,High Risk
320,57.5,High Risk
320,19.25,Low Risk
320,74.0,High Risk
320,59.5,High Risk
320,26.75,Medium Risk
320,69.0,High Risk
320,34.75,Medium Risk
320,36.5,Medium Risk
320,27.5,Medium Risk
320,30.5,Medium Risk
320,31.75,Medium Risk
320,49.0,Medium Risk
320,22.25,Low Risk
320,50.5,High Risk
321,19.25,Low Risk
321,26.75,Medium Risk
321,34.75,Medium Risk
321,44.75,Medium Risk
321,47.0,Medium Risk
321,32.5,Medium Risk
321,27.25,Medium Risk
321,39.25,Medium Risk
321,44.0,Medium Risk
321,35.0,Medium Risk
321,42.25,Medium Risk
321,30.5,Medium Risk
321,49.0,Medium Risk
321,34.25,Medium Risk
322,57.5,High Risk
322,51.75,High Risk
322,26.75,Medium Risk
322,40.0,Medium Risk
322,74.5,High Risk
322,34.25,Medium Risk
322,52.25,High Risk
322,47.25,Medium Risk
322,41.25,Medium Risk
322,66.75,High Risk
322,32.5,Medium Risk
322,31.75,Medium Risk
322,39.25,Medium Risk
322,55.5,High Risk
322,56.5,High Risk
323,64.0,High Risk
323,20.0,Low Risk
323,29.0,Medium Risk
323,37.25,Medium Risk
323,19.25,Low Risk
323,35.0,Medium Risk
323,56.5,High Risk
323,51.5,High Risk
323,39.25,Medium Risk
323,23.0,Low Risk
324,40.0,Medium Risk
324,39.25,Medium Risk
324,31.75,Medium Risk
324,20.0,Low Risk
324,19.25,Low Risk
324,29.0,Medium Risk
324,41.5,Medium Risk
324,27.5,Medium Risk
324,74.0,High Risk
324,38.0,Medium Risk
325,74.0,High Risk
325,44.5,Medium Risk
325,50.5,High Risk
325,28.75,Medium Risk
325,36.5,Medium Risk
325,26.75,Medium Risk
325,40.0,Medium Risk
325,31.75,Medium Risk
325,39.25,Medium Risk
325,69.0,High Risk
325,32.5,Medium Risk
325,30.5,Medium Risk
325,46.75,Medium Risk
325,59.5,High Risk
325,34.75,Medium Risk
325,35.0,Medium Risk
325,41.5,Medium Risk
325,29.0,Medium Risk
325,82.0,Critical Risk
325,54.75,High Risk
326,56.75,High Risk
326,51.75,High Risk
326,19.25,Low Risk
326,57.0,High Risk
326,20.0,Low Risk
326,31.75,Medium Risk
326,56.5,High Risk
326,29.0,Medium Risk
326,54.75,High Risk
326,39.25,Medium Risk
326,69.0,High Risk
326,37.25,Medium Risk
326,22.25,Low Risk
326,77.0,Critical Risk
327,74.0,High Risk
327,65.5,High Risk
327,26.75,Medium Risk
327,56.5,High Risk
327,19.25,Low Risk
327,66.5,High Risk
327,56.75,High Risk
327,32.5,Medium Risk
327,31.75,Medium Risk
327,49.5,Medium Risk
327,46.75,Medium Risk
327,60.5,High Risk
327,36.5,Medium Risk
327,77.0,Critical Risk
327,64.0,High Risk
327,47.5,Medium Risk
327,20.0,Low Risk
327,35.0,Medium Risk
327,39.25,Medium Risk
328,22.25,Low Risk
328,32.5,Medium Risk
328,19.25,Low Risk
328,56.5,High Risk
328,31.75,Medium Risk
328,29.0,Medium Risk
328,49.0,Medium Risk
328,20.0,Low Risk
328,40.25,Medium Risk
328,53.0,High Risk
328,38.0,Medium Risk
328,27.25,Medium Risk
328,52.75,High Risk
329,58.5,High Risk
329,59.5,High Risk
329,31.75,Medium Risk
329,39.75,Medium Risk
329,20.0,Low Risk
329,23.0,Low Risk
329,46.75,Medium Risk
329,56.5,High Risk
329,19.25,Low Risk
329,27.25,Medium Risk
329,32.5,Medium Risk
329,26.75,Medium Risk
329,34.75,Medium Risk
329,36.5,Medium Risk
329,40.0,Medium Risk
330,20.0,Low Risk
330,38.0,Medium Risk
330,82.0,Critical Risk
330,72.0,High Risk
330,46.75,Medium Risk
330,27.5,Medium Risk
330,77.0,Critical Risk
330,28.0,Medium Risk
330,26.75,Medium Risk
330,42.25,Medium Risk
330,67.0,High Risk
330,40.0,Medium Risk
330,69.0,High Risk
330,19.25,Low Risk
330,27.25,Medium Risk
330,32.5,Medium Risk
330,43.0,Medium Risk
330,47.5,Medium Risk
331,27.25,Medium Risk
331,20.0,Low Risk
331,19.25,Low Risk
331,28.0,Medium Risk
331,35.0,Medium Risk
331,40.0,Medium Risk
331,23.0,Low Risk
331,29.0,Medium Risk
331,36.5,Medium Risk
331,34.25,Medium Risk
331,37.25,Medium Risk
332,40.0,Medium Risk
332,35.5,Medium Risk
332,20.0,Low Risk
332,45.25,Medium Risk
332,74.0,High Risk
332,19.25,Low Risk
332,64.0,High Risk
332,31.75,Medium Risk
332,39.25,Medium Risk
332,67.0,High Risk
332,69.0,High Risk
332,32.5,Medium Risk
332,26.75,Medium Risk
332,28.0,Medium Risk
332,51.5,High Risk
333,22.25,Low Risk
333,31.75,Medium Risk
333,31.0,Medium Risk
333,39.25,Medium Risk
333,24.25,Low Risk
333,40.0,Medium Risk
333,47.25,Medium Risk
333,37.25,Medium Risk
333,19.25,Low Risk
333,56.75,High Risk
333,54.75,High Risk
333,32.5,Medium Risk
333,61.5,High Risk
333,34.25,Medium Risk
333,58.0,High Risk
334,20.0,Low Risk
334,41.5,Medium Risk
334,19.25,Low Risk
334,34.25,Medium Risk
334,21.25,Low Risk
334,40.0,Medium Risk
334,42.25,Medium Risk
334,35.0,Medium Risk
334,52.5,High Risk
334,27.25,Medium Risk
334,32.5,Medium Risk
334,39.25,Medium Risk
335,52.5,High Risk
335,40.0,Medium Risk
335,41.5,Medium Risk
335,74.0,High Risk
335,35.0,Medium Risk
335,32.5,Medium Risk
335,57.25,High Risk
335,72.75,High Risk
335,62.0,High Risk
335,39.25,Medium Risk
335,29.0,Medium Risk
335,27.5,Medium Risk
335,22.25,Low Risk
335,47.5,Medium Risk
335,82.0,Critical Risk
336,72.0,High Risk
336,82.0,Critical Risk
336,47.25,Medium Risk
336,19.25,Low Risk
336,74.0,High Risk
336,20.0,Low Risk
336,22.25,Low Risk
336,44.5,Medium Risk
337,19.25,Low Risk
337,34.75,Medium Risk
337,22.25,Low Risk
337,40.0,Medium Risk
337,41.5,Medium Risk
337,74.0,High Risk
337,52.5,High Risk
337,49.0,Medium Risk
337,42.25,Medium Risk
337,52.0,High Risk
337,77.0,Critical Risk
337,47.25,Medium Risk
337,39.25,Medium Risk
337,20.0,Low Risk
337,28.0,Medium Risk
338,35.5,Medium Risk
338,38.0,Medium Risk
338,20.0,Low Risk
338,29.75,Medium Risk
338,74.0,High Risk
338,22.25,Low Risk
338,19.25,Low Risk
338,27.5,Medium Risk
338,37.25,Medium Risk
338,39.25,Medium Risk
338,21.25,Low Risk
338,64.0,High Risk
338,69.0,High Risk
338,49.0,Medium Risk
339,20.0,Low Risk
339,39.25,Medium Risk
339,27.25,Medium Risk
339,37.0,Medium Risk
339,19.25,Low Risk
339,35.0,Medium Risk
339,74.0,High Risk
339,48.0,Medium Risk
339,28.0,Medium Risk
339,44.0,Medium Risk
339,29.0,Medium Risk
340,19.25,Low Risk
340,20.0,Low Risk
340,49.75,Medium Risk
340,51.75,High Risk
340,52.0,High Risk
340,42.25,Medium Risk
340,29.0,Medium Risk
340,26.75,Medium Risk
340,22.25,Low Risk
340,35.5,Medium Risk
340,39.25,Medium Risk
340,48.0,Medium Risk
340,61.5,High Risk
340,27.25,Medium Risk
340,64.0,High Risk
341,47.5,Medium Risk
341,27.25,Medium Risk
341,31.75,Medium Risk
341,41.5,Medium Risk
341,19.25,Low Risk
341,27.5,Medium Risk
341,65.5,High Risk
341,26.75,Medium Risk
341,40.0,Medium Risk
341,74.75,High Risk
341,52.5,High Risk
341,35.0,Medium Risk
341,60.5,High Risk
341,61.5,High Risk
341,50.5,High Risk
341,39.75,Medium Risk
342,49.75,Medium Risk
342,20.0,Low Risk
342,19.25,Low Risk
342,47.5,Medium Risk
342,25.0,Low Risk
342,40.0,Medium Risk
342,46.75,Medium Risk
342,50.5,High Risk
342,77.0,Critical Risk
342,29.0,Medium Risk
342,27.25,Medium Risk
342,74.0,High Risk
342,23.0,Low Risk
342,22.25,Low Risk
342,56.75,High Risk
342,39.25,Medium Risk
342,35.0,Medium Risk
342,65.5,High Risk
343,20.0,Low Risk
343,34.25,Medium Risk
343,34.75,Medium Risk
343,37.25,Medium Risk
343,47.25,Medium Risk
343,19.25,Low Risk
343,26.75,Medium Risk
343,74.0,High Risk
343,27.5,Medium Risk
343,67.0,High Risk
343,44.0,Medium Risk
343,31.75,Medium Risk
343,44.75,Medium Risk
343,69.0,High Risk
343,46.75,Medium Risk
343,42.0,Medium Risk
343,36.5,Medium Risk
343,41.5,Medium Risk
343,32.5,Medium Risk
343,35.0,Medium Risk
343,40.0,Medium Risk
344,20.0,Low Risk
344,22.25,Low Risk
344,50.5,High Risk
344,19.25,Low Risk
344,29.0,Medium Risk
344,40.0,Medium Risk
344,43.0,Medium Risk
344,54.75,High Risk
344,37.25,Medium Risk
344,52.5,High Risk
344,34.25,Medium Risk
345,19.25,Low Risk
345,32.5,Medium Risk
345,41.5,Medium Risk
345,20.0,Low Risk
345,44.5,Medium Risk
345,26.75,Medium Risk
345,31.75,Medium Risk
345,36.5,Medium Risk
345,29.0,Medium Risk
346,39.25,Medium Risk
346,26.75,Medium Risk
346,20.0,Low Risk
346,28.0,Medium Risk
346,29.0,Medium Risk
346,19.25,Low Risk
346,22.25,Low Risk
346,23.0,Low Risk
346,47.5,Medium Risk
346,64.5,High Risk
346,61.5,High Risk
346,40.0,Medium Risk
346,57.5,High Risk
346,34.75,Medium Risk
346,27.25,Medium Risk
346,32.5,Medium Risk
346,31.75,Medium Risk
346,32.0,Medium Risk
347,19.25,Low Risk
347,38.0,Medium Risk
347,51.75,High Risk
347,47.0,Medium Risk
347,29.0,Medium Risk
347,49.0,Medium Risk
347,52.5,High Risk
347,70.5,High Risk
347,27.25,Medium Risk
347,20.0,Low Risk
347,22.25,Low Risk
347,41.5,Medium Risk
347,34.25,Medium Risk
348,20.0,Low Risk
348,40.25,Medium Risk
348,28.0,Medium Risk
348,51.75,High Risk
348,19.25,Low Risk
348,59.5,High Risk
348,23.0,Low Risk
348,74.0,High Risk
348,41.5,Medium Risk
348,29.0,Medium Risk
348,27.5,Medium Risk
349,74.0,High Risk
349,31.75,Medium Risk
349,20.0,Low Risk
349,19.25,Low Risk
349,27.5,Medium Risk
349,27.25,Medium Risk
349,82.0,Critical Risk
349,56.5,High Risk
349,64.0,High Risk
350,26.75,Medium Risk
350,19.25,Low Risk
350,39.25,Medium Risk
350,41.5,Medium Risk
350,20.0,Low Risk
350,37.0,Medium Risk
350,31.75,Medium Risk
350,74.0,High Risk
350,56.5,High Risk
350,82.0,Critical Risk
350,39.5,Medium Risk
350,27.5,Medium Risk
350,34.75,Medium Risk
351,43.0,Medium Risk
351,34.25,Medium Risk
351,22.0,Low Risk
351,74.0,High Risk
351,19.25,Low Risk
351,56.5,High Risk
351,27.25,Medium Risk
351,64.0,High Risk
351,20.0,Low Risk
351,39.25,Medium Risk
351,35.5,Medium Risk
351,27.5,Medium Risk
351,35.0,Medium Risk
352,19.25,Low Risk
352,29.0,Medium Risk
352,40.25,Medium Risk
352,26.75,Medium Risk
352,51.75,High Risk
352,28.0,Medium Risk
352,31.75,Medium Risk
352,22.25,Low Risk
352,41.5,Medium Risk
352,32.5,Medium Risk
352,57.0,High Risk
352,27.5,Medium Risk
352,34.75,Medium Risk
352,60.5,High Risk
352,30.5,Medium Risk
352,39.25,Medium Risk
352,48.0,Medium Risk
352,23.0,Low Risk
352,49.75,Medium Risk
352,20.0,Low Risk
353,20.0,Low Risk
353,72.0,High Risk
353,39.25,Medium Risk
353,37.25,Medium Risk
353,29.0,Medium Risk
353,34.25,Medium Risk
353,67.0,High Risk
353,61.5,High Risk
353,57.5,High Risk
353,40.0,Medium Risk
353,65.25,High Risk
353,27.25,Medium Risk
353,60.25,High Risk
353,66.5,High Risk
354,22.25,Low Risk
354,28.0,Medium Risk
354,29.0,Medium Risk
354,20.0,Low Risk
354,19.25,Low Risk
354,37.25,Medium Risk
354,22.0,Low Risk
354,23.0,Low Risk
354,31.75,Medium Risk
355,74.0,High Risk
355,56.5,High Risk
355,82.0,Critical Risk
355,57.5,High Risk
355,39.25,Medium Risk
355,51.75,High Risk
355,23.0,Low Risk
355,26.75,Medium Risk
355,19.25,Low Risk
355,85.0,Critical Risk
355,56.75,High Risk
355,31.75,Medium Risk
355,77.0,Critical Risk
355,34.75,Medium Risk
356,19.25,Low Risk
356,55.5,High Risk
356,74.0,High Risk
356,77.0,Critical Risk
356,28.0,Medium Risk
356,32.0,Medium Risk
356,35.0,Medium Risk
356,29.0,Medium Risk
356,37.25,Medium Risk
356,22.25,Low Risk
356,34.75,Medium Risk
356,47.5,Medium Risk
356,26.75,Medium Risk
357,19.25,Low Risk
357,40.0,Medium Risk
357,20.0,Low Risk
357,69.5,High Risk
357,51.75,High Risk
357,32.0,Medium Risk
357,27.5,Medium Risk
357,43.0,Medium Risk
357,29.0,Medium Risk
357,39.25,Medium Risk
357,26.75,Medium Risk
357,57.0,High Risk
357,42.25,Medium Risk
358,22.25,Low Risk
358,19.25,Low Risk
358,27.25,Medium Risk
358,20.0,Low Risk
358,56.5,High Risk
358,39.25,Medium Risk
358,69.0,High Risk
358,34.25,Medium Risk
358,56.75,High Risk
358,61.5,High Risk
358,35.0,Medium Risk
358,47.5,Medium Risk
358,54.75,High Risk
359,44.0,Medium Risk
359,20.0,Low Risk
359,51.75,High Risk
359,19.25,Low Risk
359,47.5,Medium Risk
359,46.75,Medium Risk
359,52.5,High Risk
359,74.0,High Risk
359,47.0,Medium Risk
359,49.0,Medium Risk
360,45.5,Medium Risk
360,39.25,Medium Risk
360,20.0,Low Risk
360,26.75,Medium Risk
360,54.75,High Risk
360,51.75,High Risk
360,41.5,Medium Risk
360,56.5,High Risk
360,47.5,Medium Risk
360,19.25,Low Risk
360,29.0,Medium Risk
360,27.25,Medium Risk
360,44.0,Medium Risk
360,27.5,Medium Risk
360,31.75,Medium Risk
361,28.0,Medium Risk
361,29.0,Medium Risk
361,19.25,Low Risk
361,20.0,Low Risk
361,38.0,Medium Risk
361,35.0,Medium Risk
361,43.0,Medium Risk
361,27.25,Medium Risk
361,37.25,Medium Risk
361,39.25,Medium Risk
361,69.0,High Risk
362,39.25,Medium Risk
362,29.0,Medium Risk
362,34.25,Medium Risk
362,19.25,Low Risk
362,20.0,Low Risk
362,31.75,Medium Risk
362,41.5,Medium Risk
362,34.75,Medium Risk
362,53.0,High Risk
362,57.0,High Risk
362,47.25,Medium Risk
362,35.0,Medium Risk
362,39.75,Medium Risk
363,39.25,Medium Risk
363,19.25,Low Risk
363,36.5,Medium Risk
363,37.0,Medium Risk
363,41.5,Medium Risk
363,38.0,Medium Risk
363,40.0,Medium Risk
363,27.5,Medium Risk
363,33.75,Medium Risk
363,27.25,Medium Risk
363,20.0,Low Risk
363,37.25,Medium Risk
363,42.25,Medium Risk
363,32.5,Medium Risk
363,34.25,Medium Risk
363,23.0,Low Risk
363,47.25,Medium Risk
363,31.75,Medium Risk
363,22.0,Low Risk
363,29.0,Medium Risk
364,19.25,Low Risk
364,36.5,Medium Risk
364,22.25,Low Risk
364,35.0,Medium Risk
364,21.25,Low Risk
364,56.5,High Risk
364,27.5,Medium Risk
364,54.75,High Risk
364,43.5,Medium Risk
364,47.25,Medium Risk
364,32.0,Medium Risk
364,27.25,Medium Risk
365,19.25,Low Risk
365,20.0,Low Risk
365,23.0,Low Risk
365,34.25,Medium Risk
365,39.25,Medium Risk
365,28.0,Medium Risk
365,35.5,Medium Risk
365,34.75,Medium Risk
365,45.25,Medium Risk
365,44.0,Medium Risk
366,27.5,Medium Risk
366,41.5,Medium Risk
366,59.5,High Risk
366,20.0,Low Risk
366,19.25,Low Risk
366,77.0,Critical Risk
366,32.5,Medium Risk
366,52.5,High Risk
366,32.0,Medium Risk
366,31.75,Medium Risk
366,59.75,High Risk
366,39.25,Medium Risk
366,34.25,Medium Risk
366,56.5,High Risk
366,29.0,Medium Risk
366,57.5,High Risk
367,20.0,Low Risk
367,22.25,Low Risk
367,40.0,Medium Risk
367,19.25,Low Risk
367,54.5,High Risk
367,27.5,Medium Risk
367,41.5,Medium Risk
367,69.0,High Risk
367,32.5,Medium Risk
367,31.75,Medium Risk
367,35.0,Medium Risk
367,56.5,High Risk
367,51.75,High Risk
367,37.0,Medium Risk
367,30.5,Medium Risk
368,34.25,Medium Risk
368,35.5,Medium Risk
368,39.25,Medium Risk
368,46.75,Medium Risk
368,43.0,Medium Risk
368,31.75,Medium Risk
368,56.75,High Risk
368,44.0,Medium Risk
368,19.25,Low Risk
368,34.75,Medium Risk
368,27.25,Medium Risk
368,22.0,Low Risk
368,51.75,High Risk
368,57.0,High Risk
368,35.0,Medium Risk
368,32.5,Medium Risk
368,49.75,Medium Risk
368,57.5,High Risk
368,47.5,Medium Risk
369,29.0,Medium Risk
369,19.25,Low Risk
369,40.5,Medium Risk
369,32.5,Medium Risk
369,51.0,High Risk
369,52.0,High Risk
369,40.0,Medium Risk
369,34.75,Medium Risk
369,20.0,Low Risk
369,46.75,Medium Risk
369,22.25,Low Risk
369,54.75,High Risk
369,64.0,High Risk
369,57.25,High Risk
369,39.25,Medium Risk
369,51.5,High Risk
370,19.25,Low Risk
370,34.25,Medium Risk
370,51.75,High Risk
370,48.0,Medium Risk
370,44.0,Medium Risk
370,40.0,Medium Risk
370,74.0,High Risk
370,35.0,Medium Risk
370,47.5,Medium Risk
370,32.0,Medium Risk
370,31.75,Medium Risk
370,32.5,Medium Risk
370,47.0,Medium Risk
370,33.75,Medium Risk
370,35.5,Medium Risk
370,52.5,High Risk
370,38.0,Medium Risk
370,36.5,Medium Risk
370,42.25,Medium Risk
370,41.5,Medium Risk
370,29.75,Medium Risk
371,74.0,High Risk
371,32.5,Medium Risk
371,56.75,High Risk
371,31.75,Medium Risk
371,29.0,Medium Risk
371,40.25,Medium Risk
371,41.5,Medium Risk
371,57.25,High Risk
371,26.75,Medium Risk
371,47.5,Medium Risk
371,19.25,Low Risk
371,43.0,Medium Risk
371,38.0,Medium Risk
371,22.25,Low Risk
371,27.5,Medium Risk
371,39.75,Medium Risk
371,20.0,Low Risk
372,28.0,Medium Risk
372,19.25,Low Risk
372,37.0,Medium Risk
372,20.0,Low Risk
372,27.25,Medium Risk
372,46.75,Medium Risk
373,30.5,Medium Risk
373,46.75,Medium Risk
373,56.5,High Risk
373,74.0,High Risk
373,34.75,Medium Risk
373,39.25,Medium Risk
373,49.0,Medium Risk
373,92.0,Critical Risk
373,32.5,Medium Risk
373,19.25,Low Risk
373,31.75,Medium Risk
373,27.25,Medium Risk
373,59.75,High Risk
373,51.75,High Risk
373,69.0,High Risk
373,64.75,High Risk
373,52.0,High Risk
374,23.0,Low Risk
374,29.0,Medium Risk
374,19.25,Low Risk
374,20.0,Low Risk
374,22.25,Low Risk
374,37.25,Medium Risk
374,46.75,Medium Risk
374,42.25,Medium Risk
374,55.5,High Risk
374,40.0,Medium Risk
374,52.5,High Risk
374,61.0,High Risk
374,74.0,High Risk
375,27.5,Medium Risk
375,22.25,Low Risk
375,28.0,Medium Risk
375,23.0,Low Risk
375,32.5,Medium Risk
375,19.25,Low Risk
375,31.75,Medium Risk
375,41.5,Medium Risk
375,36.5,Medium Risk
375,40.0,Medium Risk
375,34.75,Medium Risk
375,55.5,High Risk
376,22.25,Low Risk
376,40.5,Medium Risk
376,28.0,Medium Risk
376,19.25,Low Risk
376,31.75,Medium Risk
376,32.5,Medium Risk
376,26.75,Medium Risk
376,69.0,High Risk
376,20.0,Low Risk
376,40.0,Medium Risk
376,72.0,High Risk
376,51.75,High Risk
376,82.0,Critical Risk
377,34.25,Medium Risk
377,40.0,Medium Risk
377,44.0,Medium Risk
377,19.25,Low Risk
377,35.0,Medium Risk
377,77.0,Critical Risk
377,52.25,High Risk
377,20.0,Low Risk
377,41.5,Medium Risk
377,52.5,High Risk
377,43.0,Medium Risk
377,36.5,Medium Risk
377,29.75,Medium Risk
377,23.0,Low Risk
377,37.0,Medium Risk
377,28.0,Medium Risk
377,32.0,Medium Risk
377,22.25,Low Risk
378,35.0,Medium Risk
378,82.5,Critical Risk
378,41.5,Medium Risk
378,60.5,High Risk
378,26.75,Medium Risk
378,40.0,Medium Risk
378,31.75,Medium Risk
378,74.0,High Risk
378,39.25,Medium Risk
378,51.75,High Risk
378,57.0,High Risk
378,20.0,Low Risk
379,28.0,Medium Risk
379,40.5,Medium Risk
379,19.25,Low Risk
379,42.25,Medium Risk
379,39.25,Medium Risk
379,32.5,Medium Risk
379,52.5,High Risk
379,46.75,Medium Risk
379,35.5,Medium Risk
379,34.5,Medium Risk
379,26.75,Medium Risk
379,65.5,High Risk
379,20.0,Low Risk
379,37.25,Medium Risk
379,51.75,High Risk
380,34.75,Medium Risk
380,64.0,High Risk
380,23.0,Low Risk
380,19.25,Low Risk
380,29.0,Medium Risk
380,20.0,Low Risk
380,40.0,Medium Risk
380,26.75,Medium Risk
380,49.0,Medium Risk
380,46.75,Medium Risk
380,82.0,Critical Risk
381,19.25,Low Risk
381,42.25,Medium Risk
381,30.5,Medium Risk
381,31.75,Medium Risk
381,26.75,Medium Risk
381,40.0,Medium Risk
381,32.5,Medium Risk
381,47.25,Medium Risk
381,48.0,Medium Risk
381,20.0,Low Risk
381,38.0,Medium Risk
381,41.5,Medium Risk
381,39.25,Medium Risk
381,52.5,High Risk
381,49.75,Medium Risk
381,36.5,Medium Risk
382,35.0,Medium Risk
382,31.75,Medium Risk
382,25.0,Low Risk
382,74.0,High Risk
382,51.75,High Risk
382,39.25,Medium Risk
382,22.0,Low Risk
382,28.0,Medium Risk
382,34.25,Medium Risk
382,92.0,Critical Risk
382,72.0,High Risk
382,57.25,High Risk
382,19.25,Low Risk
382,41.0,Medium Risk
382,47.25,Medium Risk
382,44.0,Medium Risk
383,46.75,Medium Risk
383,23.0,Low Risk
383,31.75,Medium Risk
383,20.0,Low Risk
383,34.25,Medium Risk
383,60.5,High Risk
383,26.75,Medium Risk
383,19.25,Low Risk
383,39.25,Medium Risk
383,32.5,Medium Risk
383,64.5,High Risk
383,27.5,Medium Risk
383,67.0,High Risk
383,42.25,Medium Risk
383,74.0,High Risk
383,34.75,Medium Risk
383,56.75,High Risk
384,31.75,Medium Risk
384,50.5,High Risk
384,36.5,Medium Risk
384,19.25,Low Risk
384,66.5,High Risk
384,26.75,Medium Risk
384,61.5,High Risk
384,27.25,Medium Risk
384,49.75,Medium Risk
384,29.75,Medium Risk
384,35.5,Medium Risk
384,34.75,Medium Risk
384,32.5,Medium Risk
384,41.5,Medium Risk
384,38.0,Medium Risk
385,20.0,Low Risk
385,40.0,Medium Risk
385,44.0,Medium Risk
385,32.25,Medium Risk
385,32.5,Medium Risk
385,58.0,High Risk
385,38.0,Medium Risk
385,34.25,Medium Risk
385,57.5,High Risk
385,31.75,Medium Risk
385,19.25,Low Risk
385,52.5,High Risk
385,26.75,Medium Risk
385,34.75,Medium Risk
386,26.75,Medium Risk
386,19.25,Low Risk
386,39.25,Medium Risk
386,36.5,Medium Risk
386,41.5,Medium Risk
386,56.5,High Risk
386,23.0,Low Risk
386,20.0,Low Risk
386,31.75,Medium Risk
386,32.5,Medium Risk
386,28.0,Medium Risk
386,46.0,Medium Risk
386,22.25,Low Risk
386,27.25,Medium Risk
387,47.5,Medium Risk
387,19.25,Low Risk
387,27.25,Medium Risk
387,34.25,Medium Risk
387,35.5,Medium Risk
387,61.5,High Risk
387,35.0,Medium Risk
387,54.75,High Risk
387,39.75,Medium Risk
387,48.5,Medium Risk
387,37.25,Medium Risk
387,60.25,High Risk
388,64.0,High Risk
388,51.75,High Risk
388,41.5,Medium Risk
388,47.5,Medium Risk
388,20.0,Low Risk
388,19.25,Low Risk
388,32.5,Medium Risk
388,74.0,High Risk
388,40.0,Medium Risk
388,57.5,High Risk
388,27.25,Medium Risk
388,52.5,High Risk
388,22.25,Low Risk
388,29.0,Medium Risk
389,29.0,Medium Risk
389,20.0,Low Risk
389,49.0,Medium Risk
389,51.75,High Risk
389,27.25,Medium Risk
389,74.5,High Risk
389,47.5,Medium Risk
389,45.5,Medium Risk
389,26.75,Medium Risk
389,44.0,Medium Risk
389,23.0,Low Risk
389,27.5,Medium Risk
389,36.5,Medium Risk
389,40.0,Medium Risk
389,52.5,High Risk
389,34.25,Medium Risk
389,19.25,Low Risk
390,31.75,Medium Risk
390,34.25,Medium Risk
390,43.0,Medium Risk
390,24.25,Low Risk
390,32.5,Medium Risk
390,46.75,Medium Risk
390,41.5,Medium Risk
390,40.0,Medium Risk
390,27.5,Medium Risk
390,74.0,High Risk
390,39.25,Medium Risk
390,54.75,High Risk
390,42.25,Medium Risk
390,52.25,High Risk
390,36.5,Medium Risk
390,39.75,Medium Risk
390,19.25,Low Risk
390,20.0,Low Risk
391,22.25,Low Risk
391,19.25,Low Risk
391,32.5,Medium Risk
391,36.5,Medium Risk
391,74.0,High Risk
391,20.0,Low Risk
391,57.5,High Risk
391,31.75,Medium Risk
391,64.0,High Risk
391,27.25,Medium Risk
391,39.25,Medium Risk
391,41.5,Medium Risk
391,69.0,High Risk
391,72.0,High Risk
391,90.0,Critical Risk
391,40.0,Medium Risk
392,32.5,Medium Risk
392,20.0,Low Risk
392,19.25,Low Risk
392,40.0,Medium Risk
392,27.25,Medium Risk
392,43.0,Medium Risk
392,36.5,Medium Risk
392,22.25,Low Risk
392,47.25,Medium Risk
392,28.0,Medium Risk
392,26.75,Medium Risk
392,45.5,Medium Risk
392,47.5,Medium Risk
392,32.0,Medium Risk
392,31.75,Medium Risk
392,74.0,High Risk
392,46.75,Medium Risk
392,50.5,High Risk
392,33.0,Medium Risk
393,19.25,Low Risk
393,42.25,Medium Risk
393,20.0,Low Risk
393,46.75,Medium Risk
393,32.5,Medium Risk
393,31.75,Medium Risk
393,35.0,Medium Risk
393,92.0,Critical Risk
393,50.5,High Risk
393,39.25,Medium Risk
393,61.5,High Risk
393,51.75,High Risk
393,40.0,Medium Risk
393,22.25,Low Risk
393,29.0,Medium Risk
393,53.75,High Risk
393,26.75,Medium Risk
393,32.0,Medium Risk
393,23.0,Low Risk
394,27.5,Medium Risk
394,23.0,Low Risk
394,19.25,Low Risk
394,38.0,Medium Risk
394,28.0,Medium Risk
394,20.0,Low Risk
394,52.5,High Risk
394,35.0,Medium Risk
394,47.5,Medium Risk
394,34.25,Medium Risk
394,44.5,Medium Risk
394,64.5,High Risk
394,46.75,Medium Risk
394,22.0,Low Risk
394,49.5,Medium Risk
394,41.5,Medium Risk
394,69.5,High Risk
394,43.0,Medium Risk
394,31.75,Medium Risk
395,35.0,Medium Risk
395,41.5,Medium Risk
395,36.5,Medium Risk
395,26.75,Medium Risk
395,19.25,Low Risk
395,56.5,High Risk
395,44.75,Medium Risk
395,23.0,Low Risk
395,20.0,Low Risk
395,32.5,Medium Risk
395,42.25,Medium Risk
395,31.75,Medium Risk
395,52.5,High Risk
395,34.25,Medium Risk
395,39.25,Medium Risk
395,64.0,High Risk
395,47.25,Medium Risk
395,37.0,Medium Risk
396,20.0,Low Risk
396,19.25,Low Risk
396,41.5,Medium Risk
396,35.0,Medium Risk
396,27.25,Medium Risk
396,56.5,High Risk
396,35.5,Medium Risk
396,43.5,Medium Risk
396,47.0,Medium Risk
396,32.5,Medium Risk
396,29.0,Medium Risk
396,41.25,Medium Risk
396,31.75,Medium Risk
396,36.5,Medium Risk
396,64.5,High Risk
397,64.0,High Risk
397,32.5,Medium Risk
397,37.25,Medium Risk
397,20.0,Low Risk
397,61.5,High Risk
397,51.75,High Risk
397,19.25,Low Risk
397,32.0,Medium Risk
397,41.5,Medium Risk
397,27.25,Medium Risk
397,34.25,Medium Risk
398,22.25,Low Risk
398,74.0,High Risk
398,20.0,Low Risk
398,19.25,Low Risk
398,26.75,Medium Risk
398,28.0,Medium Risk
398,39.25,Medium Risk
398,27.25,Medium Risk
398,77.0,Critical Risk
398,21.25,Low Risk
398,34.25,Medium Risk
399,74.0,High Risk
399,32.5,Medium Risk
399,31.75,Medium Risk
399,82.0,Critical Risk
399,27.5,Medium Risk
399,34.25,Medium Risk
399,52.5,High Risk
399,44.0,Medium Risk
399,35.0,Medium Risk
399,64.0,High Risk
399,19.25,Low Risk
399,53.0,High Risk
399,20.0,Low Risk
399,23.0,Low Risk
399,22.25,Low Risk
399,36.5,Medium Risk
399,69.0,High Risk
400,41.0,Medium Risk
400,20.0,Low Risk
400,19.25,Low Risk
400,39.25,Medium Risk
400,35.0,Medium Risk
400,31.75,Medium Risk
400,39.75,Medium Risk
400,54.75,High Risk
400,41.5,Medium Risk
400,27.25,Medium Risk
400,56.75,High Risk
400,74.75,High Risk
400,21.25,Low Risk
400,47.5,Medium Risk
401,19.25,Low Risk
401,52.5,High Risk
401,34.75,Medium Risk
401,28.0,Medium Risk
401,42.25,Medium Risk
401,37.25,Medium Risk
401,40.0,Medium Risk
401,27.5,Medium Risk
401,60.5,High Risk
401,29.0,Medium Risk
401,47.5,Medium Risk
401,39.75,Medium Risk
401,49.0,Medium Risk
401,59.75,High Risk
401,51.75,High Risk
401,61.5,High Risk
401,20.0,Low Risk
401,82.0,Critical Risk
401,31.75,Medium Risk
401,54.75,High Risk
402,20.0,Low Risk
402,32.0,Medium Risk
402,22.25,Low Risk
402,55.0,High Risk
402,19.25,Low Risk
402,57.0,High Risk
402,40.0,Medium Risk
402,27.5,Medium Risk
402,44.5,Medium Risk
402,57.25,High Risk
402,23.0,Low Risk
402,37.0,Medium Risk
402,26.75,Medium Risk
402,36.5,Medium Risk
403,44.5,Medium Risk
403,40.5,Medium Risk
403,19.25,Low Risk
403,34.75,Medium Risk
403,55.5,High Risk
403,26.75,Medium Risk
403,36.5,Medium Risk
403,47.25,Medium Risk
403,27.5,Medium Risk
403,31.75,Medium Risk
403,34.25,Medium Risk
403,32.5,Medium Risk
403,37.25,Medium Risk
403,28.0,Medium Risk
404,37.25,Medium Risk
404,20.0,Low Risk
404,19.25,Low Risk
404,22.25,Low Risk
404,26.75,Medium Risk
404,61.5,High Risk
404,49.75,Medium Risk
404,52.5,High Risk
404,84.5,Critical Risk
404,47.5,Medium Risk
404,29.0,Medium Risk
405,19.25,Low Risk
405,26.75,Medium Risk
405,43.0,Medium Risk
405,20.0,Low Risk
405,56.5,High Risk
405,66.5,High Risk
405,74.0,High Risk
405,27.5,Medium Risk
405,34.25,Medium Risk
405,39.25,Medium Risk
405,72.0,High Risk
405,34.75,Medium Risk
406,19.25,Low Risk
406,20.0,Low Risk
406,27.5,Medium Risk
406,29.0,Medium Risk
406,35.0,Medium Risk
406,29.75,Medium Risk
406,27.25,Medium Risk
407,26.75,Medium Risk
407,19.25,Low Risk
407,29.0,Medium Risk
407,64.0,High Risk
407,66.0,High Risk
407,34.75,Medium Risk
407,28.0,Medium Risk
407,20.0,Low Risk
407,74.0,High Risk
407,22.25,Low Risk
407,43.0,Medium Risk
407,40.25,Medium Risk
407,35.0,Medium Risk
407,27.25,Medium Risk
407,76.0,Critical Risk
408,35.0,Medium Risk
408,40.0,Medium Risk
408,22.25,Low Risk
408,69.0,High Risk
408,46.75,Medium Risk
408,20.0,Low Risk
408,19.25,Low Risk
408,38.0,Medium Risk
408,32.5,Medium Risk
409,19.25,Low Risk
409,50.5,High Risk
409,47.5,Medium Risk
409,20.0,Low Risk
409,31.75,Medium Risk
409,34.75,Medium Risk
409,27.25,Medium Risk
409,33.75,Medium Risk
409,46.75,Medium Risk
409,39.25,Medium Risk
409,51.75,High Risk
409,41.5,Medium Risk
409,69.0,High Risk
410,20.0,Low Risk
410,74.0,High Risk
410,69.0,High Risk
410,85.0,Critical Risk
410,32.5,Medium Risk
410,64.0,High Risk
410,51.5,High Risk
410,64.5,High Risk
410,19.25,Low Risk
410,46.75,Medium Risk
410,56.5,High Risk
410,31.75,Medium Risk
410,35.5,Medium Risk
410,36.5,Medium Risk
410,82.0,Critical Risk
410,72.0,High Risk
410,77.0,Critical Risk
410,49.0,Medium Risk
410,48.75,Medium Risk
410,52.5,High Risk
410,29.0,Medium Risk
410,28.75,Medium Risk
411,49.0,Medium Risk
411,51.75,High Risk
411,62.0,High Risk
411,46.75,Medium Risk
411,69.0,High Risk
411,74.0,High Risk
411,19.25,Low Risk
411,27.5,Medium Risk
411,56.75,High Risk
411,37.0,Medium Risk
411,56.5,High Risk
411,60.5,High Risk
411,52.5,High Risk
411,27.25,Medium Risk
411,26.75,Medium Risk
411,21.25,Low Risk
411,70.5,High Risk
411,47.5,Medium Risk
412,19.25,Low Risk
412,35.0,Medium Risk
412,20.0,Low Risk
412,43.0,Medium Risk
412,47.25,Medium Risk
412,47.5,Medium Risk
412,30.5,Medium Risk
412,52.5,High Risk
412,27.5,Medium Risk
412,59.75,High Risk
412,29.0,Medium Risk
412,57.75,High Risk
412,31.75,Medium Risk
412,51.75,High Risk
413,19.25,Low Risk
413,23.0,Low Risk
413,20.0,Low Risk
413,35.0,Medium Risk
413,39.75,Medium Risk
413,92.0,Critical Risk
413,26.75,Medium Risk
413,29.0,Medium Risk
413,38.0,Medium Risk
413,36.5,Medium Risk
413,22.25,Low Risk
413,42.25,Medium Risk
413,37.0,Medium Risk
413,47.25,Medium Risk
414,31.75,Medium Risk
414,35.0,Medium Risk
414,52.5,High Risk
414,20.0,Low Risk
414,19.25,Low Risk
414,55.5,High Risk
414,67.0,High Risk
414,74.0,High Risk
414,51.75,High Risk
414,30.5,Medium Risk
414,26.75,Medium Risk
415,32.5,Medium Risk
415,22.25,Low Risk
415,47.5,Medium Risk
415,19.25,Low Risk
415,46.75,Medium Risk
415,20.0,Low Risk
415,27.5,Medium Risk
415,31.75,Medium Risk
415,74.0,High Risk
415,29.0,Medium Risk
415,51.75,High Risk
415,51.5,High Risk
415,92.0,Critical Risk
415,39.25,Medium Risk
415,72.0,High Risk
416,37.0,Medium Risk
416,19.25,Low Risk
416,29.0,Medium Risk
416,37.25,Medium Risk
416,39.25,Medium Risk
416,32.5,Medium Risk
416,40.0,Medium Risk
416,41.5,Medium Risk
416,31.75,Medium Risk
416,36.5,Medium Risk
416,57.0,High Risk
416,26.75,Medium Risk
416,40.5,Medium Risk
416,20.0,Low Risk
417,44.0,Medium Risk
417,20.0,Low Risk
417,51.75,High Risk
417,27.5,Medium Risk
417,34.25,Medium Risk
417,19.25,Low Risk
417,46.75,Medium Risk
417,32.5,Medium Risk
417,26.75,Medium Risk
417,52.25,High Risk
417,37.25,Medium Risk
417,56.75,High Risk
417,55.5,High Risk
417,47.5,Medium Risk
417,40.0,Medium Risk
417,56.5,High Risk
418,26.75,Medium Risk
418,35.5,Medium Risk
418,46.75,Medium Risk
418,31.75,Medium Risk
418,22.25,Low Risk
418,39.75,Medium Risk
418,39.25,Medium Risk
418,52.5,High Risk
418,49.5,Medium Risk
418,51.75,High Risk
418,34.75,Medium Risk
418,40.5,Medium Risk
418,74.0,High Risk
419,56.5,High Risk
419,21.25,Low Risk
419,74.0,High Risk
419,44.0,Medium Risk
419,31.75,Medium Risk
419,69.0,High Risk
419,34.25,Medium Risk
419,64.0,High Risk
419,32.0,Medium Risk
419,19.25,Low Risk
419,20.0,Low Risk
419,49.5,Medium Risk
419,43.0,Medium Risk
419,72.0,High Risk
419,29.75,Medium Risk
420,20.0,Low Risk
420,26.75,Medium Risk
420,32.5,Medium Risk
420,27.5,Medium Risk
420,40.0,Medium Risk
420,31.75,Medium Risk
420,22.25,Low Risk
420,29.0,Medium Risk
420,27.25,Medium Risk
421,51.0,High Risk
421,52.0,High Risk
421,34.0,Medium Risk
421,39.25,Medium Risk
421,19.25,Low Risk
421,28.0,Medium Risk
421,57.5,High Risk
421,27.25,Medium Risk
421,40.5,Medium Risk
421,34.25,Medium Risk
421,20.0,Low Risk
421,30.5,Medium Risk
422,56.5,High Risk
422,64.5,High Risk
422,19.25,Low Risk
422,34.25,Medium Risk
422,43.0,Medium Risk
422,54.5,High Risk
422,40.0,Medium Risk
422,20.0,Low Risk
422,26.75,Medium Risk
422,41.5,Medium Risk
422,23.0,Low Risk
422,22.25,Low Risk
422,40.5,Medium Risk
423,74.0,High Risk
423,39.25,Medium Risk
423,32.5,Medium Risk
423,48.0,Medium Risk
423,31.75,Medium Risk
423,56.5,High Risk
423,26.75,Medium Risk
423,27.5,Medium Risk
423,69.0,High Risk
423,64.0,High Risk
423,51.5,High Risk
424,31.75,Medium Risk
424,35.0,Medium Risk
424,19.25,Low Risk
424,54.5,High Risk
424,34.25,Medium Risk
424,20.0,Low Risk
424,44.0,Medium Risk
424,39.25,Medium Risk
424,46.75,Medium Risk
424,40.0,Medium Risk
424,22.25,Low Risk
425,27.25,Medium Risk
425,41.5,Medium Risk
425,39.75,Medium Risk
425,40.0,Medium Risk
425,22.25,Low Risk
425,29.0,Medium Risk
425,57.5,High Risk
425,19.25,Low Risk
425,64.0,High Risk
425,31.75,Medium Risk
426,23.0,Low Risk
426,19.25,Low Risk
426,27.25,Medium Risk
426,20.0,Low Risk
426,34.25,Medium Risk
426,35.0,Medium Risk
426,39.25,Medium Risk
426,51.75,High Risk
426,36.25,Medium Risk
426,47.0,Medium Risk
426,40.0,Medium Risk
427,46.75,Medium Risk
427,19.25,Low Risk
427,22.25,Low Risk
427,67.75,High Risk
427,39.75,Medium Risk
427,40.5,Medium Risk
427,64.5,High Risk
427,32.0,Medium Risk
427,31.75,Medium Risk
427,20.0,Low Risk
427,34.75,Medium Risk
427,47.5,Medium Risk
427,38.0,Medium Risk
427,32.5,Medium Risk
427,39.25,Medium Risk
428,35.0,Medium Risk
428,31.75,Medium Risk
428,28.0,Medium Risk
428,32.5,Medium Risk
428,20.0,Low Risk
428,19.25,Low Risk
428,34.25,Medium Risk
428,22.25,Low Risk
429,19.25,Low Risk
429,47.0,Medium Risk
429,60.5,High Risk
429,20.0,Low Risk
429,28.0,Medium Risk
429,35.0,Medium Risk
429,35.5,Medium Risk
429,56.5,High Risk
429,39.25,Medium Risk
429,34.25,Medium Risk
429,49.0,Medium Risk
429,52.25,High Risk
429,52.0,High Risk
429,36.5,Medium Risk
429,46.75,Medium Risk
429,37.25,Medium Risk
429,40.0,Medium Risk
430,19.25,Low Risk
430,27.5,Medium Risk
430,42.25,Medium Risk
430,36.5,Medium Risk
430,27.25,Medium Risk
430,37.25,Medium Risk
430,45.25,Medium Risk
430,34.25,Medium Risk
430,77.0,Critical Risk
430,48.0,Medium Risk
430,49.0,Medium Risk
430,39.25,Medium Risk
430,22.25,Low Risk
430,34.75,Medium Risk
431,32.5,Medium Risk
431,22.25,Low Risk
431,20.0,Low Risk
431,27.25,Medium Risk
431,19.25,Low Risk
431,40.0,Medium Risk
431,29.0,Medium Risk
431,28.0,Medium Risk
431,27.5,Medium Risk
431,49.75,Medium Risk
431,39.25,Medium Risk
431,41.5,Medium Risk
431,59.75,High Risk
431,39.75,Medium Risk
431,26.75,Medium Risk
431,24.25,Low Risk
431,42.25,Medium Risk
431,23.0,Low Risk
432,77.0,Critical Risk
432,34.0,Medium Risk
432,74.0,High Risk
432,20.0,Low Risk
432,46.75,Medium Risk
432,19.25,Low Risk
432,29.0,Medium Risk
432,33.0,Medium Risk
432,52.75,High Risk
432,35.0,Medium Risk
432,28.0,Medium Risk
432,82.0,Critical Risk
432,37.25,Medium Risk
432,27.5,Medium Risk
432,23.0,Low Risk
433,27.5,Medium Risk
433,20.0,Low Risk
433,74.0,High Risk
433,28.0,Medium Risk
433,40.25,Medium Risk
433,19.25,Low Risk
433,34.75,Medium Risk
433,40.0,Medium Risk
433,43.0,Medium Risk
433,32.5,Medium Risk
433,26.75,Medium Risk
433,29.0,Medium Risk
433,22.0,Low Risk
434,40.0,Medium Risk
434,56.75,High Risk
434,19.25,Low Risk
434,36.5,Medium Risk
434,29.0,Medium Risk
434,20.0,Low Risk
434,31.75,Medium Risk
434,23.0,Low Risk
434,32.5,Medium Risk
434,26.75,Medium Risk
434,27.25,Medium Risk
434,79.5,Critical Risk
434,28.0,Medium Risk
434,22.25,Low Risk
435,20.0,Low Risk
435,59.5,High Risk
435,23.0,Low Risk
435,35.0,Medium Risk
435,26.75,Medium Risk
435,39.25,Medium Risk
435,19.25,Low Risk
435,27.25,Medium Risk
435,44.5,Medium Risk
435,40.0,Medium Risk
435,28.0,Medium Risk
435,32.5,Medium Risk
435,51.5,High Risk
435,69.0,High Risk
436,39.25,Medium Risk
436,32.0,Medium Risk
436,35.0,Medium Risk
436,32.5,Medium Risk
436,64.75,High Risk
436,74.0,High Risk
436,52.5,High Risk
436,74.5,High Risk
436,66.5,High Risk
436,62.0,High Risk
436,64.0,High Risk
436,19.25,Low Risk
436,34.25,Medium Risk
436,29.0,Medium Risk
436,39.75,Medium Risk
437,35.0,Medium Risk
437,20.0,Low Risk
437,74.0,High Risk
437,29.0,Medium Risk
437,35.5,Medium Risk
437,39.25,Medium Risk
437,67.0,High Risk
437,52.0,High Risk
437,57.5,High Risk
437,43.0,Medium Risk
437,46.75,Medium Risk
437,51.75,High Risk
437,19.25,Low Risk
437,34.25,Medium Risk
438,44.5,Medium Risk
438,20.0,Low Risk
438,69.0,High Risk
438,41.0,Medium Risk
438,57.25,High Risk
438,19.25,Low Risk
438,32.5,Medium Risk
438,95.0,Critical Risk
438,31.75,Medium Risk
438,22.25,Low Risk
438,37.0,Medium Risk
438,56.5,High Risk
438,74.0,High Risk
438,40.0,Medium Risk
439,20.0,Low Risk
439,19.25,Low Risk
439,40.0,Medium Risk
439,35.5,Medium Risk
439,52.5,High Risk
439,37.25,Medium Risk
439,22.25,Low Risk
439,26.75,Medium Risk
439,35.0,Medium Risk
439,27.25,Medium Risk
440,35.0,Medium Risk
440,20.0,Low Risk
440,34.75,Medium Risk
440,29.0,Medium Risk
440,40.0,Medium Risk
440,21.25,Low Risk
440,19.25,Low Risk
440,65.5,High Risk
440,57.5,High Risk
440,32.5,Medium Risk
441,32.5,Medium Risk
441,20.0,Low Risk
441,19.25,Low Risk
441,39.25,Medium Risk
441,31.75,Medium Risk
441,26.75,Medium Risk
441,27.5,Medium Risk
441,35.5,Medium Risk
441,60.5,High Risk
441,64.5,High Risk
441,34.75,Medium Risk
441,34.25,Medium Risk
441,44.75,Medium Risk
441,48.0,Medium Risk
441,21.25,Low Risk
441,49.75,Medium Risk
441,41.5,Medium Risk
441,28.0,Medium Risk
442,51.75,High Risk
442,26.75,Medium Risk
442,32.5,Medium Risk
442,37.25,Medium Risk
442,23.0,Low Risk
442,74.0,High Risk
442,27.25,Medium Risk
442,49.0,Medium Risk
442,19.25,Low Risk
442,32.0,Medium Risk
442,20.0,Low Risk
442,69.0,High Risk
442,82.0,Critical Risk
442,27.5,Medium Risk
442,38.0,Medium Risk
443,26.75,Medium Risk
443,39.25,Medium Risk
443,56.75,High Risk
443,74.0,High Risk
443,31.75,Medium Risk
443,24.25,Low Risk
443,69.75,High Risk
443,64.75,High Risk
443,35.5,Medium Risk
443,47.5,Medium Risk
443,41.5,Medium Risk
443,34.25,Medium Risk
443,19.25,Low Risk
444,59.75,High Risk
444,19.25,Low Risk
444,20.0,Low Risk
444,54.75,High Risk
444,74.0,High Risk
444,51.75,High Risk
444,26.75,Medium Risk
444,40.0,Medium Risk
444,59.5,High Risk
444,72.0,High Risk
444,34.25,Medium Risk
444,77.0,Critical Risk
444,64.0,High Risk
444,31.75,Medium Risk
444,38.0,Medium Risk
444,51.5,High Risk
444,87.0,Critical Risk
445,64.5,High Risk
445,51.75,High Risk
445,74.0,High Risk
445,19.25,Low Risk
445,20.0,Low Risk
445,67.0,High Risk
445,56.75,High Risk
445,36.5,Medium Risk
445,69.0,High Risk
445,42.0,Medium Risk
445,69.5,High Risk
445,37.0,Medium Risk
445,23.0,Low Risk
446,20.0,Low Risk
446,39.25,Medium Risk
446,29.75,Medium Risk
446,40.0,Medium Risk
446,31.75,Medium Risk
446,49.75,Medium Risk
446,32.5,Medium Risk
446,19.25,Low Risk
446,34.25,Medium Risk
446,29.0,Medium Risk
446,41.5,Medium Risk
447,19.25,Low Risk
447,47.0,Medium Risk
447,35.0,Medium Risk
447,56.5,High Risk
447,54.75,High Risk
447,27.25,Medium Risk
447,22.25,Low Risk
447,20.0,Low Risk
447,44.0,Medium Risk
447,31.75,Medium Risk
447,43.0,Medium Risk
447,42.25,Medium Risk
447,51.75,High Risk
447,57.25,High Risk
447,45.25,Medium Risk
447,52.5,High Risk
448,21.25,Low Risk
448,29.0,Medium Risk
448,69.0,High Risk
448,82.0,Critical Risk
448,72.0,High Risk
448,27.25,Medium Risk
448,74.0,High Risk
448,19.25,Low Risk
448,31.75,Medium Risk
448,20.0,Low Risk
448,41.5,Medium Risk
448,22.25,Low Risk
448,57.5,High Risk
448,51.5,High Risk
449,52.5,High Risk
449,19.25,Low Risk
449,34.5,Medium Risk
449,41.5,Medium Risk
449,27.5,Medium Risk
449,30.5,Medium Risk
449,52.25,High Risk
449,47.25,Medium Risk
449,34.25,Medium Risk
449,57.5,High Risk
449,39.25,Medium Risk
449,20.0,Low Risk
449,35.0,Medium Risk
449,42.25,Medium Risk
450,20.0,Low Risk
450,92.0,Critical Risk
450,51.75,High Risk
450,50.5,High Risk
450,56.5,High Risk
450,19.25,Low Risk
450,22.0,Low Risk
450,47.5,Medium Risk
450,74.0,High Risk
450,27.25,Medium Risk
450,27.5,Medium Risk
450,39.25,Medium Risk
451,32.5,Medium Risk
451,20.0,Low Risk
451,27.5,Medium Risk
451,46.75,Medium Risk
451,19.25,Low Risk
451,56.5,High Risk
451,47.5,Medium Risk
451,51.5,High Risk
451,64.75,High Risk
451,64.5,High Risk
451,31.75,Medium Risk
451,40.0,Medium Risk
451,24.25,Low Risk
452,39.25,Medium Risk
452,19.25,Low Risk
452,52.5,High Risk
452,28.0,Medium Risk
452,31.75,Medium Risk
452,20.0,Low Risk
452,74.0,High Risk
452,77.0,Critical Risk
452,61.5,High Risk
452,64.0,High Risk
452,32.5,Medium Risk
452,82.0,Critical Risk
453,42.25,Medium Risk
453,29.0,Medium Risk
453,26.75,Medium Risk
453,67.0,High Risk
453,19.25,Low Risk
453,64.0,High Risk
453,20.0,Low Risk
453,51.5,High Risk
453,74.0,High Risk
453,44.0,Medium Risk
453,56.5,High Risk
453,34.25,Medium Risk
454,32.5,Medium Risk
454,35.0,Medium Risk
454,74.0,High Risk
454,36.5,Medium Risk
454,31.75,Medium Risk
454,26.75,Medium Risk
454,69.0,High Risk
454,49.0,Medium Risk
454,19.25,Low Risk
454,27.5,Medium Risk
454,59.5,High Risk
454,35.5,Medium Risk
454,64.0,High Risk
454,34.5,Medium Risk
454,37.0,Medium Risk
454,20.0,Low Risk
455,74.0,High Risk
455,27.5,Medium Risk
455,72.0,High Risk
455,37.0,Medium Risk
455,51.75,High Risk
455,19.25,Low Risk
455,40.0,Medium Risk
455,20.0,Low Risk
455,44.5,Medium Risk
455,29.0,Medium Risk
455,31.75,Medium Risk
455,37.25,Medium Risk
455,69.0,High Risk
455,54.75,High Risk
455,35.0,Medium Risk
455,82.0,Critical Risk
456,59.5,High Risk
456,39.25,Medium Risk
456,19.25,Low Risk
456,51.75,High Risk
456,44.5,Medium Risk
456,47.25,Medium Risk
456,34.75,Medium Risk
456,26.75,Medium Risk
456,35.5,Medium Risk
456,32.5,Medium Risk
456,52.5,High Risk
456,74.0,High Risk
456,69.5,High Risk
456,36.5,Medium Risk
456,60.5,High Risk
456,49.75,Medium Risk
456,56.75,High Risk
456,31.75,Medium Risk
457,19.25,Low Risk
457,31.75,Medium Risk
457,34.75,Medium Risk
457,22.25,Low Risk
457,21.25,Low Risk
457,37.0,Medium Risk
457,41.5,Medium Risk
457,39.25,Medium Risk
457,59.5,High Risk
457,29.0,Medium Risk
457,20.0,Low Risk
457,38.0,Medium Risk
457,34.25,Medium Risk
457,48.0,Medium Risk
457,56.5,High Risk
457,42.25,Medium Risk
458,19.25,Low Risk
458,27.5,Medium Risk
458,26.75,Medium Risk
458,49.0,Medium Risk
458,31.75,Medium Risk
458,41.5,Medium Risk
458,35.5,Medium Risk
458,42.25,Medium Risk
458,40.0,Medium Risk
458,74.0,High Risk
458,29.0,Medium Risk
458,34.25,Medium Risk
458,47.5,Medium Risk
458,27.25,Medium Risk
458,39.25,Medium Risk
458,21.25,Low Risk
458,22.25,Low Risk
459,55.5,High Risk
459,20.0,Low Risk
459,39.25,Medium Risk
459,38.0,Medium Risk
459,29.0,Medium Risk
459,35.5,Medium Risk
459,35.0,Medium Risk
459,27.5,Medium Risk
459,40.0,Medium Risk
459,58.0,High Risk
459,19.25,Low Risk
459,42.25,Medium Risk
459,34.25,Medium Risk
459,37.0,Medium Risk
459,32.5,Medium Risk
459,47.5,Medium Risk
460,29.0,Medium Risk
460,40.0,Medium Risk
460,19.25,Low Risk
460,46.75,Medium Risk
460,42.25,Medium Risk
460,34.25,Medium Risk
460,34.75,Medium Risk
460,64.0,High Risk
460,32.5,Medium Risk
460,20.0,Low Risk
460,27.5,Medium Risk
460,36.5,Medium Risk
460,35.0,Medium Risk
460,31.75,Medium Risk
460,28.0,Medium Risk
460,24.25,Low Risk
461,66.0,High Risk
461,20.0,Low Risk
461,40.5,Medium Risk
461,27.25,Medium Risk
461,39.25,Medium Risk
461,28.0,Medium Risk
461,26.75,Medium Risk
461,34.25,Medium Risk
461,19.25,Low Risk
461,47.25,Medium Risk
461,62.5,High Risk
461,31.75,Medium Risk
461,32.5,Medium Risk
461,39.75,Medium Risk
461,55.25,High Risk
461,23.0,Low Risk
461,57.5,High Risk
461,49.0,Medium Risk
461,35.0,Medium Risk
461,27.5,Medium Risk
461,34.75,Medium Risk
461,37.25,Medium Risk
461,48.0,Medium Risk
462,56.5,High Risk
462,56.75,High Risk
462,35.0,Medium Risk
462,26.75,Medium Risk
462,49.0,Medium Risk
462,74.5,High Risk
462,31.75,Medium Risk
462,28.0,Medium Risk
462,40.5,Medium Risk
462,69.0,High Risk
462,64.5,High Risk
462,23.0,Low Risk
462,37.25,Medium Risk
462,40.0,Medium Risk
462,58.0,High Risk
462,41.5,Medium Risk
462,47.5,Medium Risk
463,27.5,Medium Risk
463,46.75,Medium Risk
463,34.25,Medium Risk
463,37.0,Medium Risk
463,74.0,High Risk
463,49.0,Medium Risk
463,44.0,Medium Risk
463,57.5,High Risk
463,43.5,Medium Risk
463,20.0,Low Risk
463,19.25,Low Risk
463,32.5,Medium Risk
463,40.5,Medium Risk
463,34.75,Medium Risk
463,26.75,Medium Risk
463,40.25,Medium Risk
463,40.0,Medium Risk
463,35.5,Medium Risk
463,42.25,Medium Risk
463,43.0,Medium Risk
464,19.25,Low Risk
464,43.0,Medium Risk
464,39.25,Medium Risk
464,44.5,Medium Risk
464,66.5,High Risk
464,27.25,Medium Risk
464,35.5,Medium Risk
464,53.5,High Risk
464,34.25,Medium Risk
464,32.5,Medium Risk
464,54.75,High Risk
464,40.0,Medium Risk
464,23.0,Low Risk
464,20.0,Low Risk
464,34.75,Medium Risk
465,29.0,Medium Risk
465,19.25,Low Risk
465,31.75,Medium Risk
465,52.75,High Risk
465,43.0,Medium Risk
465,32.5,Medium Risk
465,20.0,Low Risk
465,39.75,Medium Risk
465,39.25,Medium Risk
465,27.5,Medium Risk
466,29.0,Medium Risk
466,22.0,Low Risk
466,47.5,Medium Risk
466,31.75,Medium Risk
466,20.0,Low Risk
466,46.75,Medium Risk
466,19.25,Low Risk
466,51.75,High Risk
466,49.0,Medium Risk
466,22.25,Low Risk
466,64.75,High Risk
466,26.75,Medium Risk
466,47.0,Medium Risk
466,27.25,Medium Risk
466,44.0,Medium Risk
466,23.0,Low Risk
466,28.0,Medium Risk
467,19.25,Low Risk
467,37.25,Medium Risk
467,32.5,Medium Risk
467,74.0,High Risk
467,41.5,Medium Risk
467,65.5,High Risk
467,64.0,High Risk
467,59.5,High Risk
467,57.0,High Risk
467,52.5,High Risk
467,82.0,Critical Risk
467,26.75,Medium Risk
467,20.0,Low Risk
467,40.0,Medium Risk
467,54.75,High Risk
467,92.0,Critical Risk
468,20.0,Low Risk
468,42.25,Medium Risk
468,49.5,Medium Risk
468,22.25,Low Risk
468,74.0,High Risk
468,32.5,Medium Risk
468,51.75,High Risk
468,30.5,Medium Risk
468,35.0,Medium Risk
468,19.25,Low Risk
468,52.5,High Risk
468,59.75,High Risk
468,79.5,Critical Risk
468,46.75,Medium Risk
468,27.25,Medium Risk
468,40.5,Medium Risk
468,47.5,Medium Risk
469,54.75,High Risk
469,46.75,Medium Risk
469,34.75,Medium Risk
469,28.0,Medium Risk
469,41.5,Medium Risk
469,41.25,Medium Risk
469,64.0,High Risk
469,74.0,High Risk
469,29.0,Medium Risk
469,26.75,Medium Risk
469,74.5,High Risk
469,20.0,Low Risk
469,39.25,Medium Risk
469,27.5,Medium Risk
469,44.0,Medium Risk
469,60.5,High Risk
469,19.25,Low Risk
469,31.75,Medium Risk
469,27.25,Medium Risk
469,35.0,Medium Risk
470,39.25,Medium Risk
470,19.25,Low Risk
470,20.0,Low Risk
470,27.25,Medium Risk
470,26.75,Medium Risk
470,45.5,Medium Risk
470,34.25,Medium Risk
470,35.5,Medium Risk
470,39.75,Medium Risk
470,82.0,Critical Risk
470,27.5,Medium Risk
470,31.75,Medium Risk
470,40.5,Medium Risk
470,28.0,Medium Risk
471,36.5,Medium Risk
471,40.0,Medium Risk
471,32.5,Medium Risk
471,31.75,Medium Risk
471,19.25,Low Risk
471,30.5,Medium Risk
471,27.5,Medium Risk
471,27.25,Medium Risk
471,20.0,Low Risk
472,49.0,Medium Risk
472,27.25,Medium Risk
472,40.0,Medium Risk
472,45.25,Medium Risk
472,64.0,High Risk
472,51.75,High Risk
472,19.25,Low Risk
472,58.0,High Risk
472,42.25,Medium Risk
472,27.5,Medium Risk
472,20.0,Low Risk
472,26.75,Medium Risk
472,34.25,Medium Risk
472,52.0,High Risk
473,19.25,Low Risk
473,69.0,High Risk
473,31.75,Medium Risk
473,49.5,Medium Risk
473,21.25,Low Risk
473,26.75,Medium Risk
473,41.5,Medium Risk
473,32.5,Medium Risk
473,40.0,Medium Risk
473,43.5,Medium Risk
473,39.25,Medium Risk
473,82.0,Critical Risk
473,27.5,Medium Risk
473,29.75,Medium Risk
474,39.25,Medium Risk
474,36.25,Medium Risk
474,30.5,Medium Risk
474,40.0,Medium Risk
474,20.0,Low Risk
474,26.75,Medium Risk
474,34.25,Medium Risk
474,19.25,Low Risk
474,38.0,Medium Risk
474,42.25,Medium Risk
474,35.0,Medium Risk
474,40.5,Medium Risk
474,45.25,Medium Risk
475,35.5,Medium Risk
475,19.25,Low Risk
475,22.25,Low Risk
475,64.75,High Risk
475,34.75,Medium Risk
475,32.5,Medium Risk
475,56.5,High Risk
475,36.5,Medium Risk
475,64.5,High Risk
475,47.5,Medium Risk
475,20.0,Low Risk
475,39.25,Medium Risk
475,46.75,Medium Risk
475,69.0,High Risk
475,29.75,Medium Risk
475,31.75,Medium Risk
476,19.25,Low Risk
476,34.25,Medium Risk
476,49.0,Medium Risk
476,51.75,High Risk
476,39.25,Medium Risk
476,35.0,Medium Risk
476,47.0,Medium Risk
476,24.25,Low Risk
476,20.0,Low Risk
476,29.0,Medium Risk
476,74.0,High Risk
477,19.25,Low Risk
477,29.0,Medium Risk
477,52.5,High Risk
477,49.75,Medium Risk
477,20.0,Low Risk
477,27.5,Medium Risk
477,26.75,Medium Risk
477,40.5,Medium Risk
477,22.25,Low Risk
477,35.5,Medium Risk
478,28.0,Medium Risk
478,20.0,Low Risk
478,19.25,Low Risk
478,25.0,Low Risk
478,47.0,Medium Risk
478,40.0,Medium Risk
478,29.0,Medium Risk
478,51.75,High Risk
479,19.25,Low Risk
479,27.25,Medium Risk
479,75.5,Critical Risk
479,22.25,Low Risk
479,20.0,Low Risk
479,74.0,High Risk
479,46.75,Medium Risk
479,39.25,Medium Risk
479,23.0,Low Risk
479,64.0,High Risk
479,64.75,High Risk
480,20.0,Low Risk
480,31.75,Medium Risk
480,19.25,Low Risk
480,72.75,High Risk
480,34.25,Medium Risk
480,22.25,Low Risk
480,27.25,Medium Risk
480,39.25,Medium Risk
480,40.0,Medium Risk
480,61.5,High Risk
481,26.75,Medium Risk
481,19.25,Low Risk
481,31.75,Medium Risk
481,32.5,Medium Risk
481,29.0,Medium Risk
481,77.0,Critical Risk
481,74.0,High Risk
481,28.0,Medium Risk
481,27.5,Medium Risk
481,36.5,Medium Risk
481,29.75,Medium Risk
481,39.25,Medium Risk
481,20.0,Low Risk
481,64.0,High Risk
481,49.0,Medium Risk
481,82.0,Critical Risk
481,61.5,High Risk
481,64.5,High Risk
481,51.5,High Risk
482,26.75,Medium Risk
482,20.0,Low Risk
482,35.0,Medium Risk
482,34.25,Medium Risk
482,28.0,Medium Risk
482,74.0,High Risk
482,23.0,Low Risk
482,19.25,Low Risk
482,41.5,Medium Risk
482,72.0,High Risk
482,29.0,Medium Risk
482,31.75,Medium Risk
482,37.0,Medium Risk
482,44.0,Medium Risk
483,52.5,High Risk
483,20.0,Low Risk
483,27.25,Medium Risk
483,34.5,Medium Risk
483,47.5,Medium Risk
483,46.75,Medium Risk
483,69.0,High Risk
483,32.5,Medium Risk
483,19.25,Low Risk
483,74.0,High Risk
483,35.5,Medium Risk
483,57.5,High Risk
483,27.5,Medium Risk
483,31.75,Medium Risk
483,39.5,Medium Risk
483,59.5,High Risk
483,67.0,High Risk
484,29.0,Medium Risk
484,20.0,Low Risk
484,19.25,Low Risk
484,35.0,Medium Risk
484,41.5,Medium Risk
484,39.25,Medium Risk
484,52.5,High Risk
484,61.5,High Risk
484,74.75,High Risk
484,28.0,Medium Risk
484,26.75,Medium Risk
484,43.0,Medium Risk
484,47.5,Medium Risk
484,57.5,High Risk
484,54.75,High Risk
484,37.0,Medium Risk
484,62.0,High Risk
484,22.0,Low Risk
485,46.75,Medium Risk
485,19.25,Low Risk
485,39.25,Medium Risk
485,64.0,High Risk
485,42.25,Medium Risk
485,23.0,Low Risk
485,36.5,Medium Risk
485,61.5,High Risk
485,57.5,High Risk
485,20.0,Low Risk
485,28.0,Medium Risk
485,47.5,Medium Risk
485,22.25,Low Risk
486,46.75,Medium Risk
486,27.5,Medium Risk
486,20.0,Low Risk
486,35.0,Medium Risk
486,39.25,Medium Risk
486,35.5,Medium Risk
486,74.0,High Risk
486,41.5,Medium Risk
486,34.75,Medium Risk
486,47.5,Medium Risk
486,49.0,Medium Risk
486,28.0,Medium Risk
486,40.0,Medium Risk
486,19.25,Low Risk
486,32.5,Medium Risk
486,26.75,Medium Risk
486,52.5,High Risk
486,29.0,Medium Risk
486,31.75,Medium Risk
486,27.25,Medium Risk
486,48.0,Medium Risk
487,29.0,Medium Risk
487,34.25,Medium Risk
487,64.0,High Risk
487,19.25,Low Risk
487,31.75,Medium Risk
487,57.5,High Risk
487,46.75,Medium Risk
487,51.75,High Risk
487,32.5,Medium Risk
487,39.25,Medium Risk
487,52.5,High Risk
487,59.75,High Risk
487,45.25,Medium Risk
487,41.5,Medium Risk
488,35.5,Medium Risk
488,23.0,Low Risk
488,19.25,Low Risk
488,29.0,Medium Risk
488,47.25,Medium Risk
488,20.0,Low Risk
488,27.25,Medium Risk
488,37.25,Medium Risk
488,27.5,Medium Risk
488,32.5,Medium Risk
488,57.5,High Risk
488,36.5,Medium Risk
489,34.25,Medium Risk
489,44.0,Medium Risk
489,22.0,Low Risk
489,29.0,Medium Risk
489,38.0,Medium Risk
489,19.25,Low Risk
489,20.0,Low Risk
489,74.0,High Risk
489,45.5,Medium Risk
489,22.25,Low Risk
489,31.75,Medium Risk
489,58.5,High Risk
489,47.25,Medium Risk
490,34.25,Medium Risk
490,19.25,Low Risk
490,20.0,Low Risk
490,47.5,Medium Risk
490,51.5,High Risk
490,28.0,Medium Risk
490,74.0,High Risk
490,56.5,High Risk
490,29.0,Medium Risk
490,22.25,Low Risk
490,39.25,Medium Risk
491,20.0,Low Risk
491,61.5,High Risk
491,43.0,Medium Risk
491,39.25,Medium Risk
491,37.25,Medium Risk
491,49.75,Medium Risk
491,47.5,Medium Risk
491,41.5,Medium Risk
491,44.75,Medium Risk
491,26.75,Medium Risk
491,30.5,Medium Risk
491,28.0,Medium Risk
491,64.75,High Risk
491,55.5,High Risk
491,65.5,High Risk
492,27.25,Medium Risk
492,29.0,Medium Risk
492,56.5,High Risk
492,19.25,Low Risk
492,28.0,Medium Risk
492,20.0,Low Risk
492,52.5,High Risk
492,64.0,High Risk
492,37.25,Medium Risk
492,69.0,High Risk
492,38.0,Medium Risk
492,40.0,Medium Risk
492,32.0,Medium Risk
492,21.25,Low Risk
492,34.25,Medium Risk
493,19.25,Low Risk
493,32.0,Medium Risk
493,27.5,Medium Risk
493,74.0,High Risk
493,37.25,Medium Risk
493,53.0,High Risk
493,49.5,Medium Risk
493,22.25,Low Risk
493,39.25,Medium Risk
493,34.75,Medium Risk
493,29.0,Medium Risk
493,20.0,Low Risk
493,26.75,Medium Risk
493,28.0,Medium Risk
493,23.0,Low Risk
493,32.5,Medium Risk
493,40.0,Medium Risk
493,34.25,Medium Risk
494,67.0,High Risk
494,60.5,High Risk
494,19.25,Low Risk
494,39.75,Medium Risk
494,27.25,Medium Risk
494,56.75,High Risk
494,36.5,Medium Risk
494,23.0,Low Risk
495,31.75,Medium Risk
495,19.25,Low Risk
495,34.25,Medium Risk
495,22.25,Low Risk
495,32.5,Medium Risk
495,20.0,Low Risk
495,66.5,High Risk
495,40.0,Medium Risk
495,37.25,Medium Risk
495,27.25,Medium Risk
495,28.0,Medium Risk
495,49.0,Medium Risk
495,42.25,Medium Risk
496,32.5,Medium Risk
496,20.0,Low Risk
496,31.75,Medium Risk
496,19.25,Low Risk
496,26.75,Medium Risk
496,28.0,Medium Risk
496,29.0,Medium Risk
496,51.75,High Risk
496,41.5,Medium Risk
496,36.5,Medium Risk
496,24.25,Low Risk
496,27.25,Medium Risk
496,40.0,Medium Risk
496,40.5,Medium Risk
497,39.25,Medium Risk
497,51.5,High Risk
497,34.25,Medium Risk
497,33.75,Medium Risk
497,20.0,Low Risk
497,35.5,Medium Risk
497,51.75,High Risk
497,74.0,High Risk
497,31.75,Medium Risk
497,19.25,Low Risk
497,64.0,High Risk
497,42.25,Medium Risk
498,35.0,Medium Risk
498,26.75,Medium Risk
498,20.0,Low Risk
498,22.25,Low Risk
498,43.0,Medium Risk
498,70.5,High Risk
498,19.25,Low Risk
498,52.5,High Risk
498,46.75,Medium Risk
498,34.75,Medium Risk
498,37.25,Medium Risk
499,19.25,Low Risk
499,74.75,High Risk
499,57.5,High Risk
499,50.0,Medium Risk
499,31.75,Medium Risk
499,20.0,Low Risk
499,29.5,Medium Risk
499,64.0,High Risk
499,32.5,Medium Risk
499,77.0,Critical Risk
499,40.0,Medium Risk
499,34.25,Medium Risk
500,40.0,Medium Risk
500,20.0,Low Risk
500,19.25,Low Risk
500,31.75,Medium Risk
500,46.75,Medium Risk
500,74.0,High Risk
500,74.5,High Risk
500,28.0,Medium Risk
500,56.5,High Risk
500,29.0,Medium Risk
500,27.25,Medium Risk
500,32.5,Medium Risk
500,39.75,Medium Risk
500,34.75,Medium Risk
500,49.75,Medium Risk
500,29.5,Medium Risk
500,26.75,Medium Risk
501,34.25,Medium Risk
501,34.75,Medium Risk
501,31.75,Medium Risk
501,19.25,Low Risk
501,44.5,Medium Risk
501,40.0,Medium Risk
501,22.25,Low Risk
501,47.5,Medium Risk
501,20.0,Low Risk
501,57.25,High Risk
501,46.75,Medium Risk
501,27.25,Medium Risk
501,32.5,Medium Risk
501,30.5,Medium Risk
501,39.25,Medium Risk
501,39.5,Medium Risk
501,29.0,Medium Risk
501,59.5,High Risk
501,74.0,High Risk
502,19.25,Low Risk
502,65.5,High Risk
502,20.0,Low Risk
502,22.0,Low Risk
502,39.25,Medium Risk
502,27.25,Medium Risk
502,77.0,Critical Risk
502,26.75,Medium Risk
502,35.0,Medium Risk
502,38.0,Medium Risk
502,29.0,Medium Risk
502,34.75,Medium Risk
503,27.25,Medium Risk
503,20.0,Low Risk
503,34.25,Medium Risk
503,35.0,Medium Risk
503,19.25,Low Risk
503,26.75,Medium Risk
503,59.5,High Risk
503,77.0,Critical Risk
503,22.25,Low Risk
503,32.5,Medium Risk
503,44.5,Medium Risk
503,37.25,Medium Risk
503,39.25,Medium Risk
503,45.5,Medium Risk
503,56.75,High Risk
503,36.5,Medium Risk
503,31.75,Medium Risk
504,35.0,Medium Risk
504,49.5,Medium Risk
504,19.25,Low Risk
504,39.25,Medium Risk
504,20.0,Low Risk
504,92.0,Critical Risk
504,31.75,Medium Risk
504,74.0,High Risk
504,27.25,Medium Risk
504,27.5,Medium Risk
504,87.5,Critical Risk
504,34.75,Medium Risk
505,38.0,Medium Risk
505,32.5,Medium Risk
505,72.0,High Risk
505,27.5,Medium Risk
505,64.0,High Risk
505,52.5,High Risk
505,39.5,Medium Risk
505,29.0,Medium Risk
505,34.25,Medium Risk
505,19.25,Low Risk
505,41.5,Medium Risk
505,47.5,Medium Risk
505,20.0,Low Risk
505,40.5,Medium Risk
505,23.0,Low Risk
505,57.25,High Risk
505,87.0,Critical Risk
505,39.25,Medium Risk
506,27.5,Medium Risk
506,49.0,Medium Risk
506,20.0,Low Risk
506,31.75,Medium Risk
506,36.5,Medium Risk
506,26.75,Medium Risk
506,40.0,Medium Risk
506,32.5,Medium Risk
506,35.0,Medium Risk
506,43.0,Medium Risk
506,37.25,Medium Risk
506,35.5,Medium Risk
506,39.25,Medium Risk
506,19.25,Low Risk
507,20.0,Low Risk
507,29.0,Medium Risk
507,19.25,Low Risk
507,35.0,Medium Risk
507,77.0,Critical Risk
507,64.0,High Risk
507,29.75,Medium Risk
507,51.5,High Risk
507,32.5,Medium Risk
507,69.5,High Risk
507,38.0,Medium Risk
507,26.75,Medium Risk
507,39.25,Medium Risk
507,36.5,Medium Risk
507,56.5,High Risk
507,27.25,Medium Risk
507,41.5,Medium Risk
507,28.0,Medium Risk
507,74.0,High Risk
508,38.0,Medium Risk
508,31.75,Medium Risk
508,20.0,Low Risk
508,35.0,Medium Risk
508,27.25,Medium Risk
508,49.0,Medium Risk
508,62.5,High Risk
508,26.75,Medium Risk
508,57.5,High Risk
508,53.75,High Risk
508,43.0,Medium Risk
508,52.0,High Risk
508,46.0,Medium Risk
508,34.25,Medium Risk
508,19.25,Low Risk
508,44.0,Medium Risk
508,48.0,Medium Risk
509,20.0,Low Risk
509,46.75,Medium Risk
509,29.0,Medium Risk
509,64.75,High Risk
509,40.0,Medium Risk
509,35.0,Medium Risk
509,34.25,Medium Risk
509,19.25,Low Risk
509,37.0,Medium Risk
509,52.5,High Risk
509,49.0,Medium Risk
509,57.5,High Risk
509,23.0,Low Risk
509,34.75,Medium Risk
509,43.0,Medium Risk
509,27.25,Medium Risk
509,31.0,Medium Risk
509,82.0,Critical Risk
509,28.0,Medium Risk
509,22.25,Low Risk
509,39.25,Medium Risk
510,35.0,Medium Risk
510,69.0,High Risk
510,20.0,Low Risk
510,92.0,Critical Risk
510,77.0,Critical Risk
510,64.0,High Risk
510,19.25,Low Risk
510,39.25,Medium Risk
510,38.0,Medium Risk
510,47.0,Medium Risk
510,31.75,Medium Risk
510,32.5,Medium Risk
510,51.5,High Risk
510,72.0,High Risk
511,39.25,Medium Risk
511,40.0,Medium Risk
511,56.75,High Risk
511,43.0,Medium Risk
511,45.25,Medium Risk
511,26.75,Medium Risk
511,61.5,High Risk
511,20.0,Low Risk
511,82.0,Critical Risk
511,69.0,High Risk
511,37.0,Medium Risk
511,19.25,Low Risk
511,46.75,Medium Risk
511,41.5,Medium Risk
511,29.0,Medium Risk
511,74.0,High Risk
511,68.5,High Risk
511,46.0,Medium Risk
511,72.0,High Risk
512,29.0,Medium Risk
512,47.0,Medium Risk
512,23.0,Low Risk
512,74.0,High Risk
512,19.25,Low Risk
512,35.0,Medium Risk
512,41.5,Medium Risk
512,52.5,High Risk
512,52.0,High Risk
512,35.5,Medium Risk
512,34.75,Medium Risk
512,40.5,Medium Risk
512,31.75,Medium Risk
512,28.0,Medium Risk
512,22.25,Low Risk
512,20.0,Low Risk
512,27.5,Medium Risk
513,36.5,Medium Risk
513,19.25,Low Risk
513,64.0,High Risk
513,38.0,Medium Risk
513,56.75,High Risk
513,57.5,High Risk
513,66.5,High Risk
513,39.25,Medium Risk
513,23.0,Low Risk
513,35.0,Medium Risk
513,46.75,Medium Risk
513,27.5,Medium Risk
513,56.5,High Risk
513,52.5,High Risk
513,74.0,High Risk
513,20.0,Low Risk
514,23.0,Low Risk
514,19.25,Low Risk
514,51.75,High Risk
514,35.0,Medium Risk
514,40.0,Medium Risk
514,39.75,Medium Risk
514,49.0,Medium Risk
514,31.75,Medium Risk
514,21.25,Low Risk
514,28.0,Medium Risk
514,37.25,Medium Risk
515,69.0,High Risk
515,51.75,High Risk
515,74.0,High Risk
515,19.25,Low Risk
515,37.25,Medium Risk
515,44.0,Medium Risk
515,56.5,High Risk
515,36.5,Medium Risk
515,27.5,Medium Risk
515,41.25,Medium Risk
515,29.0,Medium Risk
515,26.75,Medium Risk
515,34.75,Medium Risk
515,20.0,Low Risk
516,72.0,High Risk
516,19.25,Low Risk
516,74.0,High Risk
516,27.5,Medium Risk
516,69.0,High Risk
516,20.0,Low Risk
516,37.25,Medium Risk
516,77.0,Critical Risk
516,22.0,Low Risk
516,22.25,Low Risk
516,100.0,Critical Risk
516,66.5,High Risk
516,59.5,High Risk
516,39.25,Medium Risk
517,23.0,Low Risk
517,20.0,Low Risk
517,41.5,Medium Risk
517,26.75,Medium Risk
517,55.5,High Risk
517,50.5,High Risk
517,32.5,Medium Risk
517,40.0,Medium Risk
517,42.25,Medium Risk
517,74.0,High Risk
517,51.75,High Risk
517,47.5,Medium Risk
517,56.5,High Risk
517,19.25,Low Risk
517,64.0,High Risk
517,27.25,Medium Risk
518,20.0,Low Risk
518,49.0,Medium Risk
518,26.75,Medium Risk
518,23.0,Low Risk
518,19.25,Low Risk
518,56.75,High Risk
518,39.25,Medium Risk
518,27.25,Medium Risk
518,32.5,Medium Risk
518,29.0,Medium Risk
518,22.25,Low Risk
518,31.75,Medium Risk
518,36.5,Medium Risk
518,28.0,Medium Risk
518,27.5,Medium Risk
518,46.75,Medium Risk
518,32.25,Medium Risk
519,34.25,Medium Risk
519,26.75,Medium Risk
519,49.75,Medium Risk
519,49.0,Medium Risk
519,56.5,High Risk
519,27.5,Medium Risk
519,35.0,Medium Risk
519,34.5,Medium Risk
519,74.0,High Risk
519,20.0,Low Risk
519,40.0,Medium Risk
519,39.75,Medium Risk
519,90.0,Critical Risk
519,77.0,Critical Risk
520,19.25,Low Risk
520,82.0,Critical Risk
520,38.0,Medium Risk
520,27.5,Medium Risk
520,31.0,Medium Risk
520,49.0,Medium Risk
520,60.5,High Risk
520,23.0,Low Risk
520,40.0,Medium Risk
520,29.0,Medium Risk
520,26.75,Medium Risk
520,31.75,Medium Risk
520,47.5,Medium Risk
520,37.0,Medium Risk
520,46.75,Medium Risk
520,51.75,High Risk
520,22.25,Low Risk
521,52.5,High Risk
521,42.25,Medium Risk
521,35.0,Medium Risk
521,19.25,Low Risk
521,31.75,Medium Risk
521,32.0,Medium Risk
521,26.75,Medium Risk
521,20.0,Low Risk
521,57.25,High Risk
521,32.5,Medium Risk
521,37.0,Medium Risk
521,40.0,Medium Risk
521,28.0,Medium Risk
521,29.0,Medium Risk
521,74.0,High Risk
522,26.75,Medium Risk
522,32.5,Medium Risk
522,41.5,Medium Risk
522,20.0,Low Risk
522,36.5,Medium Risk
522,47.25,Medium Risk
522,39.25,Medium Risk
522,46.75,Medium Risk
522,27.5,Medium Risk
522,19.25,Low Risk
522,28.0,Medium Risk
522,31.75,Medium Risk
523,19.25,Low Risk
523,48.0,Medium Risk
523,41.5,Medium Risk
523,27.25,Medium Risk
523,20.0,Low Risk
523,59.5,High Risk
523,27.5,Medium Risk
523,29.0,Medium Risk
523,47.5,Medium Risk
523,44.75,Medium Risk
523,40.0,Medium Risk
523,54.75,High Risk
523,22.25,Low Risk
523,59.75,High Risk
523,25.0,Low Risk
523,60.5,High Risk
524,19.25,Low Risk
524,38.0,Medium Risk
524,20.0,Low Risk
524,40.5,Medium Risk
524,28.0,Medium Risk
524,36.5,Medium Risk
524,26.75,Medium Risk
524,40.0,Medium Risk
524,44.75,Medium Risk
524,29.75,Medium Risk
524,22.25,Low Risk
524,39.25,Medium Risk
524,39.5,Medium Risk
525,19.25,Low Risk
525,22.25,Low Risk
525,41.5,Medium Risk
525,27.25,Medium Risk
525,31.75,Medium Risk
525,20.0,Low Risk
525,27.5,Medium Risk
525,55.5,High Risk
525,37.0,Medium Risk
525,54.75,High Risk
525,22.0,Low Risk
525,38.0,Medium Risk
525,35.5,Medium Risk
525,46.75,Medium Risk
526,27.5,Medium Risk
526,32.5,Medium Risk
526,19.25,Low Risk
526,20.0,Low Risk
526,40.0,Medium Risk
526,37.25,Medium Risk
526,40.5,Medium Risk
526,22.25,Low Risk
526,49.0,Medium Risk
526,25.0,Low Risk
526,34.25,Medium Risk
526,38.0,Medium Risk
526,34.0,Medium Risk
527,29.0,Medium Risk
527,39.25,Medium Risk
527,45.5,Medium Risk
527,37.0,Medium Risk
527,35.0,Medium Risk
527,74.0,High Risk
527,49.0,Medium Risk
527,19.25,Low Risk
527,82.0,Critical Risk
527,64.0,High Risk
527,51.5,High Risk
527,37.25,Medium Risk
527,72.0,High Risk
527,56.5,High Risk
528,19.25,Low Risk
528,49.0,Medium Risk
528,44.75,Medium Risk
528,20.0,Low Risk
528,42.25,Medium Risk
528,74.0,High Risk
528,61.5,High Risk
528,32.5,Medium Risk
528,47.5,Medium Risk
528,31.75,Medium Risk
528,57.5,High Risk
528,30.5,Medium Risk
528,22.25,Low Risk
528,51.75,High Risk
529,19.25,Low Risk
529,32.5,Medium Risk
529,35.0,Medium Risk
529,42.25,Medium Risk
529,74.0,High Risk
529,46.75,Medium Risk
529,40.5,Medium Risk
529,20.0,Low Risk
529,26.75,Medium Risk
529,39.75,Medium Risk
529,41.5,Medium Risk
529,47.5,Medium Risk
529,27.25,Medium Risk
529,31.75,Medium Risk
529,27.5,Medium Risk
529,29.75,Medium Risk
529,44.5,Medium Risk
529,49.0,Medium Risk
530,40.0,Medium Risk
530,19.25,Low Risk
530,31.75,Medium Risk
530,32.5,Medium Risk
530,28.0,Medium Risk
530,27.25,Medium Risk
530,56.75,High Risk
530,36.5,Medium Risk
530,51.75,High Risk
530,29.75,Medium Risk
530,26.75,Medium Risk
530,20.0,Low Risk
530,23.0,Low Risk
530,37.25,Medium Risk
530,42.25,Medium Risk
531,60.5,High Risk
531,19.25,Low Risk
531,39.25,Medium Risk
531,22.25,Low Risk
531,69.0,High Risk
531,20.0,Low Risk
531,27.5,Medium Risk
531,28.0,Medium Risk
531,56.75,High Risk
531,64.0,High Risk
531,27.25,Medium Risk
531,57.5,High Risk
531,37.25,Medium Risk
531,74.0,High Risk
531,69.5,High Risk
532,19.25,Low Risk
532,32.5,Medium Risk
532,22.25,Low Risk
532,64.0,High Risk
532,46.0,Medium Risk
532,28.0,Medium Risk
532,52.5,High Risk
532,20.0,Low Risk
532,31.75,Medium Risk
532,29.0,Medium Risk
533,44.0,Medium Risk
533,38.0,Medium Risk
533,59.75,High Risk
533,28.0,Medium Risk
533,39.25,Medium Risk
533,43.0,Medium Risk
533,34.25,Medium Risk
533,51.75,High Risk
533,19.25,Low Risk
533,27.25,Medium Risk
533,46.0,Medium Risk
533,54.75,High Risk
533,49.75,Medium Risk
533,47.25,Medium Risk
533,69.0,High Risk
533,35.0,Medium Risk
533,21.25,Low Risk
533,47.5,Medium Risk
533,29.0,Medium Risk
533,61.5,High Risk
533,23.0,Low Risk
534,46.75,Medium Risk
534,19.25,Low Risk
534,56.5,High Risk
534,47.25,Medium Risk
534,23.0,Low Risk
534,40.0,Medium Risk
534,28.0,Medium Risk
534,43.0,Medium Risk
534,32.5,Medium Risk
534,20.0,Low Risk
534,39.25,Medium Risk
534,35.5,Medium Risk
534,26.75,Medium Risk
535,64.5,High Risk
535,19.25,Low Risk
535,74.0,High Risk
535,26.75,Medium Risk
535,56.5,High Risk
535,33.75,Medium Risk
535,22.25,Low Risk
535,67.0,High Risk
535,20.0,Low Risk
535,21.25,Low Risk
535,32.5,Medium Risk
536,34.25,Medium Risk
536,29.0,Medium Risk
536,57.5,High Risk
536,31.75,Medium Risk
536,82.0,Critical Risk
536,19.25,Low Risk
536,24.25,Low Risk
536,22.25,Low Risk
536,21.25,Low Risk
536,26.75,Medium Risk
536,47.25,Medium Risk
536,72.0,High Risk
536,69.0,High Risk
537,77.0,Critical Risk
537,92.0,Critical Risk
537,19.25,Low Risk
537,69.0,High Risk
537,20.0,Low Risk
537,49.0,Medium Risk
537,44.0,Medium Risk
537,74.0,High Risk
537,67.0,High Risk
537,46.0,Medium Risk
537,39.25,Medium Risk
537,47.5,Medium Risk
537,64.0,High Risk
537,29.0,Medium Risk
537,26.75,Medium Risk
537,87.0,Critical Risk
537,61.5,High Risk
537,35.0,Medium Risk
537,31.75,Medium Risk
537,37.25,Medium Risk
537,23.0,Low Risk
538,19.25,Low Risk
538,30.5,Medium Risk
538,56.5,High Risk
538,39.25,Medium Risk
538,57.5,High Risk
538,35.5,Medium Risk
538,20.0,Low Risk
538,23.0,Low Risk
538,39.75,Medium Risk
538,40.5,Medium Risk
538,22.25,Low Risk
538,29.0,Medium Risk
538,59.75,High Risk
538,34.75,Medium Risk
539,29.0,Medium Risk
539,20.0,Low Risk
539,26.75,Medium Risk
539,31.75,Medium Risk
539,46.75,Medium Risk
539,58.0,High Risk
539,27.25,Medium Risk
539,40.0,Medium Risk
539,19.25,Low Risk
539,34.75,Medium Risk
540,26.75,Medium Risk
540,82.0,Critical Risk
540,19.25,Low Risk
540,27.25,Medium Risk
540,29.0,Medium Risk
540,69.0,High Risk
540,35.0,Medium Risk
540,35.5,Medium Risk
540,59.5,High Risk
540,38.0,Medium Risk
540,74.0,High Risk
540,49.5,Medium Risk
540,77.0,Critical Risk
540,20.0,Low Risk
540,32.5,Medium Risk
540,27.5,Medium Risk
540,31.75,Medium Risk
540,64.0,High Risk
540,46.0,Medium Risk
540,34.25,Medium Risk
541,74.5,High Risk
541,56.75,High Risk
541,40.0,Medium Risk
541,20.0,Low Risk
541,19.25,Low Risk
541,51.75,High Risk
541,39.25,Medium Risk
541,57.0,High Risk
541,66.5,High Risk
541,29.0,Medium Risk
541,48.0,Medium Risk
541,52.5,High Risk
541,28.0,Medium Risk
541,27.25,Medium Risk
542,31.75,Medium Risk
542,19.25,Low Risk
542,35.0,Medium Risk
542,37.25,Medium Risk
542,39.25,Medium Risk
542,29.0,Medium Risk
542,52.0,High Risk
542,23.0,Low Risk
542,55.5,High Risk
542,40.0,Medium Risk
542,27.25,Medium Risk
542,22.25,Low Risk
542,20.0,Low Risk
542,36.5,Medium Risk
542,27.5,Medium Risk
543,39.25,Medium Risk
543,27.25,Medium Risk
543,36.5,Medium Risk
543,20.0,Low Risk
543,32.5,Medium Risk
543,52.0,High Risk
543,19.25,Low Risk
543,35.0,Medium Risk
543,55.5,High Risk
543,49.75,Medium Risk
543,28.0,Medium Risk
544,27.5,Medium Risk
544,69.0,High Risk
544,27.25,Medium Risk
544,34.75,Medium Risk
544,64.5,High Risk
544,72.0,High Risk
544,50.0,Medium Risk
544,31.75,Medium Risk
544,64.0,High Risk
544,39.25,Medium Risk
544,44.5,Medium Risk
544,40.5,Medium Risk
544,34.25,Medium Risk
544,30.5,Medium Risk
544,19.25,Low Risk
544,62.0,High Risk
545,28.0,Medium Risk
545,21.25,Low Risk
545,19.25,Low Risk
545,69.0,High Risk
545,77.0,Critical Risk
545,74.0,High Risk
545,20.0,Low Risk
545,32.5,Medium Risk
545,59.75,High Risk
545,31.75,Medium Risk
545,26.75,Medium Risk
545,27.5,Medium Risk
546,49.75,Medium Risk
546,34.75,Medium Risk
546,35.0,Medium Risk
546,19.25,Low Risk
546,39.25,Medium Risk
546,29.0,Medium Risk
546,47.5,Medium Risk
546,23.0,Low Risk
546,39.75,Medium Risk
546,34.25,Medium Risk
546,20.0,Low Risk
546,56.5,High Risk
546,26.75,Medium Risk
546,22.25,Low Risk
546,32.5,Medium Risk
547,42.25,Medium Risk
547,26.75,Medium Risk
547,29.0,Medium Risk
547,47.5,Medium Risk
547,19.25,Low Risk
547,44.0,Medium Risk
547,27.5,Medium Risk
547,35.5,Medium Risk
547,72.0,High Risk
547,38.0,Medium Risk
547,39.25,Medium Risk
547,74.0,High Risk
547,61.0,High Risk
547,34.25,Medium Risk
547,23.0,Low Risk
548,26.75,Medium Risk
548,31.75,Medium Risk
548,35.0,Medium Risk
548,19.25,Low Risk
548,34.75,Medium Risk
548,20.0,Low Risk
548,74.0,High Risk
548,32.5,Medium Risk
548,34.25,Medium Risk
548,46.75,Medium Risk
548,49.0,Medium Risk
548,49.5,Medium Risk
548,21.25,Low Risk
548,42.25,Medium Risk
549,20.0,Low Risk
549,19.25,Low Risk
549,95.0,Critical Risk
549,29.0,Medium Risk
549,22.25,Low Risk
549,54.75,High Risk
549,27.5,Medium Risk
549,51.75,High Risk
549,40.0,Medium Risk
549,37.25,Medium Risk
549,61.5,High Risk
550,48.75,Medium Risk
550,53.5,High Risk
550,20.0,Low Risk
550,19.25,Low Risk
550,74.0,High Risk
550,39.75,Medium Risk
550,27.5,Medium Risk
550,40.0,Medium Risk
550,22.25,Low Risk
550,34.75,Medium Risk
550,37.25,Medium Risk
550,51.75,High Risk
550,29.0,Medium Risk
550,32.5,Medium Risk
550,29.75,Medium Risk
550,36.5,Medium Risk
551,74.0,High Risk
551,52.5,High Risk
551,77.0,Critical Risk
551,47.5,Medium Risk
551,23.0,Low Risk
551,49.0,Medium Risk
551,27.5,Medium Risk
551,19.25,Low Risk
551,56.5,High Risk
551,46.75,Medium Risk
551,44.0,Medium Risk
551,20.0,Low Risk
552,38.0,Medium Risk
552,82.5,Critical Risk
552,39.25,Medium Risk
552,34.25,Medium Risk
552,27.25,Medium Risk
552,19.25,Low Risk
552,43.0,Medium Risk
552,69.0,High Risk
552,66.0,High Risk
552,40.0,Medium Risk
552,31.75,Medium Risk
552,20.0,Low Risk
552,74.0,High Risk
552,32.5,Medium Risk
552,55.5,High Risk
552,35.0,Medium Risk
552,47.25,Medium Risk
552,28.0,Medium Risk
553,34.5,Medium Risk
553,20.0,Low Risk
553,27.25,Medium Risk
553,69.0,High Risk
553,27.5,Medium Risk
553,74.0,High Risk
553,59.75,High Risk
553,60.5,High Risk
553,31.75,Medium Risk
553,49.5,Medium Risk
553,51.75,High Risk
553,32.5,Medium Risk
553,19.25,Low Risk
553,29.0,Medium Risk
554,27.25,Medium Risk
554,27.5,Medium Risk
554,77.0,Critical Risk
554,52.25,High Risk
554,40.0,Medium Risk
554,51.75,High Risk
554,69.0,High Risk
554,20.0,Low Risk
554,74.0,High Risk
554,44.0,Medium Risk
554,76.0,Critical Risk
554,47.5,Medium Risk
554,53.0,High Risk
554,40.5,Medium Risk
554,22.25,Low Risk
554,31.75,Medium Risk
554,54.5,High Risk
555,27.5,Medium Risk
555,47.5,Medium Risk
555,20.0,Low Risk
555,49.0,Medium Risk
555,22.25,Low Risk
555,34.75,Medium Risk
555,69.0,High Risk
555,39.25,Medium Risk
555,35.0,Medium Risk
555,62.0,High Risk
555,43.0,Medium Risk
555,40.0,Medium Risk
555,42.25,Medium Risk
555,35.5,Medium Risk
556,29.0,Medium Risk
556,20.0,Low Risk
556,27.5,Medium Risk
556,67.0,High Risk
556,19.25,Low Risk
556,39.25,Medium Risk
556,40.0,Medium Risk
556,27.25,Medium Risk
556,38.0,Medium Risk
556,35.0,Medium Risk
556,74.0,High Risk
556,26.75,Medium Risk
556,22.25,Low Risk
556,34.25,Medium Risk
556,52.75,High Risk
556,32.5,Medium Risk
557,41.5,Medium Risk
557,47.25,Medium Risk
557,31.75,Medium Risk
557,44.0,Medium Risk
557,38.0,Medium Risk
557,66.5,High Risk
557,27.25,Medium Risk
557,55.5,High Risk
557,44.75,Medium Risk
557,82.0,Critical Risk
557,56.75,High Risk
557,26.75,Medium Risk
557,35.5,Medium Risk
558,37.25,Medium Risk
558,69.0,High Risk
558,50.5,High Risk
558,31.75,Medium Risk
558,82.0,Critical Risk
558,51.75,High Risk
558,26.75,Medium Risk
558,40.0,Medium Risk
558,35.5,Medium Risk
558,39.75,Medium Risk
558,55.5,High Risk
558,74.0,High Risk
559,22.25,Low Risk
559,31.75,Medium Risk
559,20.0,Low Risk
559,26.75,Medium Risk
559,27.5,Medium Risk
559,19.25,Low Risk
559,64.0,High Risk
559,43.0,Medium Risk
559,40.0,Medium Risk
559,32.5,Medium Risk
559,39.25,Medium Risk
560,19.25,Low Risk
560,54.75,High Risk
560,40.0,Medium Risk
560,27.5,Medium Risk
560,23.0,Low Risk
560,47.5,Medium Risk
560,34.25,Medium Risk
560,52.5,High Risk
560,44.5,Medium Risk
560,20.0,Low Risk
560,27.25,Medium Risk
560,35.0,Medium Risk
561,56.5,High Risk
561,52.5,High Risk
561,22.25,Low Risk
561,64.0,High Risk
561,19.25,Low Risk
561,49.0,Medium Risk
561,32.5,Medium Risk
561,31.75,Medium Risk
561,74.0,High Risk
561,39.25,Medium Risk
561,27.5,Medium Risk
561,20.0,Low Risk
562,23.0,Low Risk
562,22.25,Low Risk
562,32.5,Medium Risk
562,20.0,Low Risk
562,39.25,Medium Risk
562,19.25,Low Risk
562,56.0,High Risk
562,51.5,High Risk
562,35.0,Medium Risk
562,31.75,Medium Risk
562,37.25,Medium Risk
562,34.25,Medium Risk
563,19.25,Low Risk
563,20.0,Low Risk
563,40.0,Medium Risk
563,23.0,Low Risk
563,39.75,Medium Risk
563,32.5,Medium Risk
563,29.0,Medium Risk
563,45.25,Medium Risk
563,31.75,Medium Risk
563,27.5,Medium Risk
564,21.25,Low Risk
564,19.25,Low Risk
564,20.0,Low Risk
564,23.0,Low Risk
564,27.25,Medium Risk
564,56.5,High Risk
564,64.0,High Risk
564,40.0,Medium Risk
564,74.0,High Risk
565,44.0,Medium Risk
565,34.75,Medium Risk
565,19.25,Low Risk
565,67.0,High Risk
565,60.5,High Risk
565,39.75,Medium Risk
565,29.0,Medium Risk
565,69.0,High Risk
565,34.25,Medium Risk
565,27.25,Medium Risk
565,47.5,Medium Risk
565,40.0,Medium Risk
565,43.0,Medium Risk
565,22.25,Low Risk
565,42.25,Medium Risk
566,32.5,Medium Risk
566,40.0,Medium Risk
566,31.75,Medium Risk
566,23.0,Low Risk
566,20.0,Low Risk
566,27.25,Medium Risk
566,54.75,High Risk
566,29.0,Medium Risk
566,33.75,Medium Risk
566,19.25,Low Risk
566,70.5,High Risk
566,29.75,Medium Risk
566,42.25,Medium Risk
566,52.5,High Risk
566,49.0,Medium Risk
567,49.0,Medium Risk
567,49.75,Medium Risk
567,51.75,High Risk
567,36.5,Medium Risk
567,39.25,Medium Risk
567,27.25,Medium Risk
567,19.25,Low Risk
567,31.75,Medium Risk
567,20.0,Low Risk
567,23.0,Low Risk
568,31.75,Medium Risk
568,20.0,Low Risk
568,19.25,Low Risk
568,28.0,Medium Risk
568,23.0,Low Risk
568,29.0,Medium Risk
568,22.25,Low Risk
568,27.5,Medium Risk
568,50.5,High Risk
569,69.0,High Risk
569,20.0,Low Risk
569,74.0,High Risk
569,51.75,High Risk
569,64.0,High Risk
569,51.5,High Risk
569,35.0,Medium Risk
569,35.5,Medium Risk
569,22.0,Low Risk
569,95.0,Critical Risk
569,31.75,Medium Risk
569,49.5,Medium Risk
569,19.25,Low Risk
570,74.0,High Risk
570,20.0,Low Risk
570,51.5,High Risk
570,19.25,Low Risk
570,69.0,High Risk
570,57.5,High Risk
570,35.0,Medium Risk
570,29.0,Medium Risk
570,64.0,High Risk
570,22.25,Low Risk
571,19.25,Low Risk
571,20.0,Low Risk
571,77.0,Critical Risk
571,39.25,Medium Risk
571,40.0,Medium Risk
571,31.75,Medium Risk
571,27.5,Medium Risk
571,45.5,Medium Risk
571,30.5,Medium Risk
571,26.75,Medium Risk
571,29.0,Medium Risk
571,47.25,Medium Risk
571,23.0,Low Risk
571,59.75,High Risk
571,49.75,Medium Risk
572,46.75,Medium Risk
572,35.0,Medium Risk
572,29.75,Medium Risk
572,20.0,Low Risk
572,34.25,Medium Risk
572,22.25,Low Risk
572,69.75,High Risk
572,19.25,Low Risk
572,39.25,Medium Risk
572,27.5,Medium Risk
572,39.75,Medium Risk
572,64.0,High Risk
572,47.5,Medium Risk
572,34.75,Medium Risk
572,56.0,High Risk
572,57.5,High Risk
572,53.75,High Risk
572,26.75,Medium Risk
572,27.25,Medium Risk
572,56.75,High Risk
573,20.0,Low Risk
573,19.25,Low Risk
573,29.5,Medium Risk
573,25.0,Low Risk
573,34.25,Medium Risk
573,31.75,Medium Risk
573,30.5,Medium Risk
573,55.5,High Risk
573,32.0,Medium Risk
573,22.25,Low Risk
573,64.0,High Risk
574,23.0,Low Risk
574,22.25,Low Risk
574,38.0,Medium Risk
574,19.25,Low Risk
574,34.25,Medium Risk
574,21.25,Low Risk
574,37.25,Medium Risk
574,20.0,Low Risk
574,28.0,Medium Risk
574,27.25,Medium Risk
574,37.0,Medium Risk
575,31.75,Medium Risk
575,26.75,Medium Risk
575,37.0,Medium Risk
575,34.25,Medium Risk
575,41.5,Medium Risk
575,48.0,Medium Risk
575,38.0,Medium Risk
575,19.25,Low Risk
575,32.5,Medium Risk
575,42.25,Medium Risk
575,33.75,Medium Risk
575,20.0,Low Risk
575,35.0,Medium Risk
575,22.25,Low Risk
575,44.0,Medium Risk
575,51.75,High Risk
576,31.75,Medium Risk
576,19.25,Low Risk
576,29.0,Medium Risk
576,34.25,Medium Risk
576,20.0,Low Risk
576,39.25,Medium Risk
576,26.75,Medium Risk
576,32.5,Medium Risk
576,28.0,Medium Risk
576,27.25,Medium Risk
576,54.75,High Risk
576,37.25,Medium Risk
576,52.0,High Risk
576,39.75,Medium Risk
577,41.5,Medium Risk
577,20.0,Low Risk
577,82.75,Critical Risk
577,27.5,Medium Risk
577,19.25,Low Risk
577,47.5,Medium Risk
577,32.5,Medium Risk
577,51.75,High Risk
577,34.25,Medium Risk
577,65.5,High Risk
577,61.5,High Risk
577,56.75,High Risk
577,27.25,Medium Risk
578,19.25,Low Risk
578,51.5,High Risk
578,39.25,Medium Risk
578,29.0,Medium Risk
578,77.0,Critical Risk
578,44.0,Medium Risk
578,40.0,Medium Risk
578,42.0,Medium Risk
578,20.0,Low Risk
578,82.0,Critical Risk
578,23.0,Low Risk
578,35.0,Medium Risk
578,56.75,High Risk
578,72.0,High Risk
579,34.5,Medium Risk
579,30.5,Medium Risk
579,48.0,Medium Risk
579,26.75,Medium Risk
579,56.5,High Risk
579,51.5,High Risk
579,32.5,Medium Risk
579,56.75,High Risk
579,20.0,Low Risk
579,64.0,High Risk
580,39.75,Medium Risk
580,26.75,Medium Risk
580,23.0,Low Risk
580,19.25,Low Risk
580,32.5,Medium Risk
580,22.25,Low Risk
580,27.25,Medium Risk
580,51.75,High Risk
580,46.75,Medium Risk
580,20.0,Low Risk
581,39.25,Medium Risk
581,77.0,Critical Risk
581,42.25,Medium Risk
581,41.5,Medium Risk
581,22.25,Low Risk
581,29.0,Medium Risk
581,27.25,Medium Risk
581,19.25,Low Risk
581,44.5,Medium Risk
581,20.0,Low Risk
581,74.0,High Risk
581,69.0,High Risk
581,28.0,Medium Risk
581,31.75,Medium Risk
581,57.75,High Risk
581,82.0,Critical Risk
582,28.0,Medium Risk
582,27.25,Medium Risk
582,52.5,High Risk
582,61.5,High Risk
582,51.75,High Risk
582,44.75,Medium Risk
582,23.0,Low Risk
582,20.0,Low Risk
582,69.5,High Risk
582,36.5,Medium Risk
582,22.25,Low Risk
582,19.25,Low Risk
582,29.75,Medium Risk
582,49.5,Medium Risk
583,31.75,Medium Risk
583,22.0,Low Risk
583,53.75,High Risk
583,32.5,Medium Risk
583,26.75,Medium Risk
583,52.5,High Risk
583,57.5,High Risk
583,20.0,Low Risk
583,34.75,Medium Risk
583,41.5,Medium Risk
583,39.75,Medium Risk
583,40.0,Medium Risk
583,23.0,Low Risk
583,48.0,Medium Risk
583,56.75,High Risk
583,51.5,High Risk
583,22.25,Low Risk
583,46.75,Medium Risk
583,39.25,Medium Risk
584,27.5,Medium Risk
584,33.75,Medium Risk
584,74.0,High Risk
584,19.25,Low Risk
584,26.75,Medium Risk
584,39.25,Medium Risk
584,64.0,High Risk
584,40.5,Medium Risk
584,31.75,Medium Risk
584,39.75,Medium Risk
584,67.0,High Risk
584,32.5,Medium Risk
584,42.25,Medium Risk
584,35.5,Medium Risk
585,64.0,High Risk
585,39.25,Medium Risk
585,26.75,Medium Risk
585,49.0,Medium Risk
585,27.5,Medium Risk
585,67.0,High Risk
585,59.5,High Risk
585,41.5,Medium Risk
585,31.75,Medium Risk
585,34.25,Medium Risk
585,19.25,Low Risk
585,28.0,Medium Risk
585,46.75,Medium Risk
585,74.0,High Risk
585,56.5,High Risk
585,32.5,Medium Risk
585,20.0,Low Risk
585,54.75,High Risk
585,35.0,Medium Risk
585,52.5,High Risk
585,21.25,Low Risk
586,37.25,Medium Risk
586,54.75,High Risk
586,40.0,Medium Risk
586,26.75,Medium Risk
586,47.25,Medium Risk
586,20.0,Low Risk
586,51.75,High Risk
586,61.5,High Risk
586,39.25,Medium Risk
586,55.5,High Risk
586,52.5,High Risk
586,43.0,Medium Risk
586,27.5,Medium Risk
586,48.0,Medium Risk
586,34.25,Medium Risk
586,30.5,Medium Risk
586,31.75,Medium Risk
586,34.75,Medium Risk
586,42.25,Medium Risk
586,58.0,High Risk
586,38.0,Medium Risk
586,19.25,Low Risk
587,20.0,Low Risk
587,35.0,Medium Risk
587,40.0,Medium Risk
587,38.0,Medium Risk
587,34.25,Medium Risk
587,37.25,Medium Risk
587,82.0,Critical Risk
587,77.0,Critical Risk
587,42.25,Medium Risk
587,29.0,Medium Risk
587,49.0,Medium Risk
587,47.0,Medium Risk
588,26.75,Medium Risk
588,19.25,Low Risk
588,27.5,Medium Risk
588,22.25,Low Risk
588,31.75,Medium Risk
588,40.5,Medium Risk
588,32.5,Medium Risk
588,20.0,Low Risk
588,27.25,Medium Risk
588,22.0,Low Risk
588,39.75,Medium Risk
588,37.25,Medium Risk
589,27.25,Medium Risk
589,19.25,Low Risk
589,20.0,Low Risk
589,49.0,Medium Risk
589,22.25,Low Risk
589,35.0,Medium Risk
589,52.5,High Risk
589,26.75,Medium Risk
589,37.25,Medium Risk
589,39.25,Medium Risk
589,31.75,Medium Risk
589,23.0,Low Risk
589,82.0,Critical Risk
590,31.75,Medium Risk
590,34.75,Medium Risk
590,23.0,Low Risk
590,19.25,Low Risk
590,27.25,Medium Risk
590,26.75,Medium Risk
590,20.0,Low Risk
590,35.0,Medium Risk
590,36.25,Medium Risk
590,39.25,Medium Risk
590,42.25,Medium Risk
591,21.25,Low Risk
591,71.0,High Risk
591,19.25,Low Risk
591,59.5,High Risk
591,40.0,Medium Risk
591,37.25,Medium Risk
591,28.0,Medium Risk
591,23.0,Low Risk
591,55.5,High Risk
591,27.25,Medium Risk
591,49.0,Medium Risk
591,69.0,High Risk
591,92.0,Critical Risk
591,22.25,Low Risk
591,20.0,Low Risk
591,35.0,Medium Risk
591,38.0,Medium Risk
592,30.5,Medium Risk
592,50.5,High Risk
592,64.5,High Risk
592,39.25,Medium Risk
592,41.5,Medium Risk
592,52.0,High Risk
592,47.5,Medium Risk
592,31.75,Medium Risk
592,40.0,Medium Risk
592,20.0,Low Risk
592,19.25,Low Risk
592,35.5,Medium Risk
592,32.5,Medium Risk
592,49.5,Medium Risk
592,37.25,Medium Risk
592,29.75,Medium Risk
592,26.75,Medium Risk
592,23.0,Low Risk
593,20.0,Low Risk
593,46.75,Medium Risk
593,29.75,Medium Risk
593,29.0,Medium Risk
593,19.25,Low Risk
593,27.5,Medium Risk
593,40.0,Medium Risk
593,52.0,High Risk
593,27.25,Medium Risk
593,37.0,Medium Risk
594,59.5,High Risk
594,20.0,Low Risk
594,42.0,Medium Risk
594,74.0,High Risk
594,34.25,Medium Risk
594,29.0,Medium Risk
594,39.25,Medium Risk
594,82.0,Critical Risk
594,27.5,Medium Risk
594,65.25,High Risk
594,66.5,High Risk
594,47.5,Medium Risk
595,56.5,High Risk
595,20.0,Low Risk
595,29.0,Medium Risk
595,19.25,Low Risk
595,94.0,Critical Risk
595,26.75,Medium Risk
595,34.25,Medium Risk
595,52.5,High Risk
595,40.0,Medium Risk
595,73.5,High Risk
595,64.75,High Risk
595,82.0,Critical Risk
595,32.5,Medium Risk
595,51.5,High Risk
595,39.25,Medium Risk
595,77.0,Critical Risk
595,74.0,High Risk
595,64.0,High Risk
595,28.0,Medium Risk
596,19.25,Low Risk
596,29.0,Medium Risk
596,31.75,Medium Risk
596,69.0,High Risk
596,20.0,Low Risk
596,39.25,Medium Risk
596,35.5,Medium Risk
596,44.0,Medium Risk
596,23.0,Low Risk
596,34.25,Medium Risk
596,35.0,Medium Risk
596,28.0,Medium Risk
596,27.5,Medium Risk
596,49.5,Medium Risk
596,77.0,Critical Risk
596,42.25,Medium Risk
597,19.25,Low Risk
597,27.5,Medium Risk
597,56.5,High Risk
597,64.0,High Risk
597,42.25,Medium Risk
597,31.75,Medium Risk
597,20.0,Low Risk
597,56.75,High Risk
597,64.75,High Risk
597,51.75,High Risk
597,61.5,High Risk
597,22.25,Low Risk
597,34.25,Medium Risk
597,52.5,High Risk
597,39.75,Medium Risk
597,26.75,Medium Risk
597,36.5,Medium Risk
597,32.5,Medium Risk
597,48.5,Medium Risk
598,28.0,Medium Risk
598,20.0,Low Risk
598,19.25,Low Risk
598,39.5,Medium Risk
598,23.0,Low Risk
598,27.25,Medium Risk
598,35.0,Medium Risk
598,41.5,Medium Risk
599,61.0,High Risk
599,40.0,Medium Risk
599,65.25,High Risk
599,51.75,High Risk
599,36.5,Medium Risk
599,32.5,Medium Risk
599,42.25,Medium Risk
599,40.5,Medium Risk
599,23.0,Low Risk
599,34.25,Medium Risk
599,39.25,Medium Risk
599,43.0,Medium Risk
599,35.5,Medium Risk
599,49.0,Medium Risk
599,59.75,High Risk
599,56.5,High Risk
599,54.75,High Risk
599,78.5,Critical Risk
599,19.25,Low Risk
599,47.5,Medium Risk
599,45.25,Medium Risk
600,38.0,Medium Risk
600,67.0,High Risk
600,64.5,High Risk
600,74.0,High Risk
600,49.5,Medium Risk
600,35.0,Medium Risk
600,44.0,Medium Risk
600,40.0,Medium Risk
600,34.75,Medium Risk
600,77.0,Critical Risk
600,32.5,Medium Risk
600,47.0,Medium Risk
601,54.75,High Risk
601,20.0,Low Risk
601,19.25,Low Risk
601,27.25,Medium Risk
601,28.0,Medium Risk
601,64.5,High Risk
601,56.75,High Risk
601,23.0,Low Risk
601,74.0,High Risk
601,22.25,Low Risk
601,26.75,Medium Risk
602,54.75,High Risk
602,47.5,Medium Risk
602,19.25,Low Risk
602,82.0,Critical Risk
602,20.0,Low Risk
602,57.5,High Risk
602,51.75,High Risk
602,56.5,High Risk
602,37.25,Medium Risk
602,69.0,High Risk
602,74.0,High Risk
603,74.0,High Risk
603,20.0,Low Risk
603,51.75,High Risk
603,29.0,Medium Risk
603,19.25,Low Risk
603,48.0,Medium Risk
603,31.0,Medium Risk
603,23.0,Low Risk
603,38.0,Medium Risk
603,56.5,High Risk
603,39.25,Medium Risk
603,28.0,Medium Risk
603,30.5,Medium Risk
603,37.25,Medium Risk
603,31.75,Medium Risk
603,82.0,Critical Risk
603,72.0,High Risk
604,49.0,Medium Risk
604,29.0,Medium Risk
604,56.5,High Risk
604,59.75,High Risk
604,38.0,Medium Risk
604,82.0,Critical Risk
604,20.0,Low Risk
604,22.0,Low Risk
604,27.5,Medium Risk
604,19.25,Low Risk
604,35.0,Medium Risk
604,52.5,High Risk
604,52.0,High Risk
604,44.5,Medium Risk
604,31.75,Medium Risk
604,48.0,Medium Risk
604,47.5,Medium Risk
604,32.5,Medium Risk
604,29.75,Medium Risk
605,51.75,High Risk
605,19.25,Low Risk
605,44.0,Medium Risk
605,29.0,Medium Risk
605,49.5,Medium Risk
605,23.0,Low Risk
605,32.0,Medium Risk
605,22.25,Low Risk
605,47.25,Medium Risk
605,25.0,Low Risk
605,34.75,Medium Risk
605,32.5,Medium Risk
605,31.75,Medium Risk
605,66.5,High Risk
605,39.75,Medium Risk
605,29.75,Medium Risk
605,57.5,High Risk
605,27.25,Medium Risk
605,28.0,Medium Risk
605,20.0,Low Risk
605,61.5,High Risk
605,35.5,Medium Risk
606,27.25,Medium Risk
606,19.25,Low Risk
606,39.25,Medium Risk
606,31.75,Medium Risk
606,29.0,Medium Risk
606,23.0,Low Risk
606,20.0,Low Risk
606,43.0,Medium Risk
606,27.5,Medium Risk
606,51.5,High Risk
606,32.0,Medium Risk
606,34.75,Medium Risk
606,32.5,Medium Risk
607,69.0,High Risk
607,74.0,High Risk
607,31.75,Medium Risk
607,40.0,Medium Risk
607,20.0,Low Risk
607,43.0,Medium Risk
607,50.5,High Risk
607,64.5,High Risk
607,19.25,Low Risk
607,22.25,Low Risk
607,59.5,High Risk
608,31.75,Medium Risk
608,26.75,Medium Risk
608,43.0,Medium Risk
608,19.25,Low Risk
608,36.5,Medium Risk
608,21.25,Low Risk
608,92.0,Critical Risk
608,28.0,Medium Risk
608,51.75,High Risk
608,52.5,High Risk
608,34.5,Medium Risk
608,27.25,Medium Risk
608,29.0,Medium Risk
608,20.0,Low Risk
608,27.5,Medium Risk
608,66.5,High Risk
608,69.0,High Risk
608,35.5,Medium Risk
608,47.5,Medium Risk
608,25.0,Low Risk
609,19.25,Low Risk
609,64.5,High Risk
609,20.0,Low Risk
609,74.0,High Risk
609,40.0,Medium Risk
609,24.25,Low Risk
609,27.25,Medium Risk
609,29.75,Medium Risk
609,59.5,High Risk
609,22.25,Low Risk
609,34.25,Medium Risk
609,44.0,Medium Risk
609,56.5,High Risk
609,29.0,Medium Risk
609,69.0,High Risk
609,51.75,High Risk
609,41.25,Medium Risk
610,40.0,Medium Risk
610,27.25,Medium Risk
610,19.25,Low Risk
610,39.25,Medium Risk
610,20.0,Low Risk
610,36.5,Medium Risk
610,42.25,Medium Risk
610,43.0,Medium Risk
610,47.5,Medium Risk
610,57.5,High Risk
610,56.75,High Risk
610,56.5,High Risk
610,51.75,High Risk
610,74.0,High Risk
611,19.25,Low Risk
611,39.25,Medium Risk
611,20.0,Low Risk
611,52.5,High Risk
611,29.0,Medium Risk
611,23.0,Low Risk
611,57.25,High Risk
611,26.75,Medium Risk
611,32.5,Medium Risk
611,51.75,High Risk
611,34.75,Medium Risk
611,64.75,High Risk
612,39.25,Medium Risk
612,20.0,Low Risk
612,51.75,High Risk
612,19.25,Low Risk
612,38.0,Medium Risk
612,35.0,Medium Risk
612,74.0,High Risk
612,69.0,High Risk
612,54.5,High Risk
612,40.0,Medium Risk
612,69.5,High Risk
612,32.5,Medium Risk
612,26.75,Medium Risk
612,49.0,Medium Risk
612,56.75,High Risk
612,22.25,Low Risk
612,34.75,Medium Risk
612,21.25,Low Risk
613,20.0,Low Risk
613,27.25,Medium Risk
613,19.25,Low Risk
613,40.0,Medium Risk
613,31.75,Medium Risk
613,36.25,Medium Risk
613,23.0,Low Risk
613,43.0,Medium Risk
613,36.5,Medium Risk
613,49.0,Medium Risk
613,39.25,Medium Risk
613,52.0,High Risk
613,28.0,Medium Risk
613,35.0,Medium Risk
613,44.5,Medium Risk
613,50.5,High Risk
613,47.25,Medium Risk
613,27.5,Medium Risk
613,25.0,Low Risk
614,46.75,Medium Risk
614,42.25,Medium Risk
614,31.75,Medium Risk
614,28.0,Medium Risk
614,20.0,Low Risk
614,34.75,Medium Risk
614,36.5,Medium Risk
614,60.5,High Risk
614,40.25,Medium Risk
614,19.25,Low Risk
614,22.25,Low Risk
614,56.5,High Risk
614,27.25,Medium Risk
614,41.0,Medium Risk
614,34.25,Medium Risk
614,26.75,Medium Risk
614,25.0,Low Risk
614,24.25,Low Risk
615,35.5,Medium Risk
615,30.5,Medium Risk
615,74.0,High Risk
615,31.75,Medium Risk
615,49.0,Medium Risk
615,48.75,Medium Risk
615,39.25,Medium Risk
615,26.75,Medium Risk
615,64.75,High Risk
615,19.25,Low Risk
615,20.0,Low Risk
615,27.5,Medium Risk
615,36.5,Medium Risk
615,23.0,Low Risk
615,32.5,Medium Risk
615,57.5,High Risk
616,28.0,Medium Risk
616,35.0,Medium Risk
616,19.25,Low Risk
616,46.75,Medium Risk
616,62.0,High Risk
616,40.0,Medium Risk
616,56.75,High Risk
616,39.25,Medium Risk
616,27.5,Medium Risk
616,20.0,Low Risk
616,84.5,Critical Risk
616,69.5,High Risk
616,43.0,Medium Risk
616,34.25,Medium Risk
616,56.5,High Risk
616,51.75,High Risk
616,42.25,Medium Risk
616,52.5,High Risk
617,19.25,Low Risk
617,35.5,Medium Risk
617,20.0,Low Risk
617,29.0,Medium Risk
617,56.75,High Risk
617,49.5,Medium Risk
617,60.5,High Risk
617,39.25,Medium Risk
617,39.75,Medium Risk
617,36.5,Medium Risk
618,27.5,Medium Risk
618,64.0,High Risk
618,40.0,Medium Risk
618,29.0,Medium Risk
618,19.25,Low Risk
618,27.25,Medium Risk
618,26.75,Medium Risk
618,34.25,Medium Risk
618,28.0,Medium Risk
618,31.75,Medium Risk
618,22.25,Low Risk
618,20.0,Low Risk
618,39.25,Medium Risk
618,49.5,Medium Risk
618,64.5,High Risk
618,32.5,Medium Risk
618,74.0,High Risk
618,34.75,Medium Risk
618,37.25,Medium Risk
619,24.25,Low Risk
619,59.5,High Risk
619,64.0,High Risk
619,27.5,Medium Risk
619,74.0,High Risk
619,27.25,Medium Risk
619,20.0,Low Risk
619,34.25,Medium Risk
619,32.5,Medium Risk
619,26.75,Medium Risk
619,37.0,Medium Risk
619,62.0,High Risk
619,39.75,Medium Risk
619,31.75,Medium Risk
619,41.5,Medium Risk
620,29.0,Medium Risk
620,36.25,Medium Risk
620,74.0,High Risk
620,49.0,Medium Risk
620,19.25,Low Risk
620,41.5,Medium Risk
620,69.0,High Risk
620,37.25,Medium Risk
620,59.5,High Risk
620,77.0,Critical Risk
620,34.25,Medium Risk
620,29.75,Medium Risk
620,87.0,Critical Risk
620,39.5,Medium Risk
621,19.25,Low Risk
621,31.75,Medium Risk
621,51.75,High Risk
621,20.0,Low Risk
621,39.75,Medium Risk
621,27.5,Medium Risk
621,27.25,Medium Risk
621,40.0,Medium Risk
621,26.75,Medium Risk
621,21.25,Low Risk
621,46.0,Medium Risk
622,40.0,Medium Risk
622,64.75,High Risk
622,19.25,Low Risk
622,20.0,Low Risk
622,31.75,Medium Risk
622,27.5,Medium Risk
622,36.5,Medium Risk
622,69.0,High Risk
622,39.25,Medium Risk
622,34.25,Medium Risk
622,51.75,High Risk
622,22.25,Low Risk
622,74.0,High Risk
623,31.75,Medium Risk
623,19.25,Low Risk
623,77.0,Critical Risk
623,82.0,Critical Risk
623,54.75,High Risk
623,35.5,Medium Risk
623,74.0,High Risk
623,26.75,Medium Risk
623,39.5,Medium Risk
623,33.75,Medium Risk
623,56.5,High Risk
623,69.0,High Risk
623,64.5,High Risk
623,39.25,Medium Risk
623,44.0,Medium Risk
623,22.25,Low Risk
624,58.0,High Risk
624,56.75,High Risk
624,19.25,Low Risk
624,26.75,Medium Risk
624,40.0,Medium Risk
624,54.75,High Risk
624,60.5,High Risk
624,20.0,Low Risk
624,65.25,High Risk
624,22.25,Low Risk
624,23.0,Low Risk
624,57.5,High Risk
624,27.25,Medium Risk
624,39.25,Medium Risk
625,49.0,Medium Risk
625,36.5,Medium Risk
625,20.0,Low Risk
625,28.0,Medium Risk
625,31.75,Medium Risk
625,38.0,Medium Risk
625,39.25,Medium Risk
625,52.5,High Risk
625,22.25,Low Risk
625,43.0,Medium Risk
625,19.25,Low Risk
625,29.0,Medium Risk
625,54.75,High Risk
625,35.0,Medium Risk
626,64.0,High Risk
626,29.0,Medium Risk
626,70.5,High Risk
626,69.0,High Risk
626,20.0,Low Risk
626,49.0,Medium Risk
626,35.0,Medium Risk
626,22.25,Low Risk
626,34.25,Medium Risk
626,19.25,Low Risk
626,60.5,High Risk
626,56.75,High Risk
626,55.5,High Risk
627,29.0,Medium Risk
627,32.5,Medium Risk
627,74.0,High Risk
627,20.0,Low Risk
627,28.75,Medium Risk
627,37.25,Medium Risk
627,64.0,High Risk
627,26.75,Medium Risk
627,52.5,High Risk
627,47.0,Medium Risk
627,34.75,Medium Risk
627,19.25,Low Risk
627,50.0,Medium Risk
627,38.0,Medium Risk
627,22.25,Low Risk
627,29.75,Medium Risk
628,20.0,Low Risk
628,19.25,Low Risk
628,57.5,High Risk
628,56.5,High Risk
628,39.25,Medium Risk
628,47.5,Medium Risk
628,49.75,Medium Risk
628,54.5,High Risk
628,51.5,High Risk
628,64.0,High Risk
628,35.0,Medium Risk
628,27.5,Medium Risk
628,26.75,Medium Risk
629,19.25,Low Risk
629,52.0,High Risk
629,47.0,Medium Risk
629,22.25,Low Risk
629,32.5,Medium Risk
629,55.5,High Risk
629,32.0,Medium Risk
629,23.0,Low Risk
629,49.0,Medium Risk
629,35.0,Medium Risk
629,20.0,Low Risk
629,39.75,Medium Risk
630,39.25,Medium Risk
630,40.0,Medium Risk
630,20.0,Low Risk
630,39.75,Medium Risk
630,23.0,Low Risk
630,42.25,Medium Risk
630,34.25,Medium Risk
630,52.0,High Risk
630,22.25,Low Risk
630,69.0,High Risk
630,47.5,Medium Risk
630,19.25,Low Risk
630,36.25,Medium Risk
630,70.5,High Risk
630,28.0,Medium Risk
631,69.0,High Risk
631,26.75,Medium Risk
631,39.25,Medium Risk
631,20.0,Low Risk
631,19.25,Low Risk
631,75.5,Critical Risk
631,92.0,Critical Risk
631,40.0,Medium Risk
631,35.0,Medium Risk
631,54.75,High Risk
631,74.0,High Risk
631,29.0,Medium Risk
631,69.5,High Risk
631,27.25,Medium Risk
631,32.5,Medium Risk
632,35.5,Medium Risk
632,26.75,Medium Risk
632,19.25,Low Risk
632,20.0,Low Risk
632,23.0,Low Risk
632,31.75,Medium Risk
632,27.5,Medium Risk
632,29.75,Medium Risk
632,21.25,Low Risk
632,40.0,Medium Risk
632,27.25,Medium Risk
633,20.0,Low Risk
633,26.75,Medium Risk
633,40.0,Medium Risk
633,19.25,Low Risk
633,34.25,Medium Risk
633,32.5,Medium Risk
633,28.0,Medium Risk
633,29.0,Medium Risk
633,51.75,High Risk
633,57.5,High Risk
633,35.0,Medium Risk
634,44.0,Medium Risk
634,19.25,Low Risk
634,40.0,Medium Risk
634,20.0,Low Risk
634,29.0,Medium Risk
634,22.25,Low Risk
634,46.75,Medium Risk
634,51.75,High Risk
634,39.25,Medium Risk
635,34.25,Medium Risk
635,22.25,Low Risk
635,23.0,Low Risk
635,19.25,Low Risk
635,27.5,Medium Risk
635,31.75,Medium Risk
635,39.75,Medium Risk
635,45.5,Medium Risk
635,64.0,High Risk
635,41.5,Medium Risk
635,40.0,Medium Risk
635,35.0,Medium Risk
635,20.0,Low Risk
636,20.0,Low Risk
636,74.75,High Risk
636,19.25,Low Risk
636,44.5,Medium Risk
636,29.0,Medium Risk
636,26.75,Medium Risk
636,34.75,Medium Risk
636,23.0,Low Risk
636,74.0,High Risk
636,32.5,Medium Risk
636,27.5,Medium Risk
636,39.25,Medium Risk
637,49.5,Medium Risk
637,69.0,High Risk
637,100.0,Critical Risk
637,64.5,High Risk
637,39.25,Medium Risk
637,19.25,Low Risk
637,32.5,Medium Risk
637,31.75,Medium Risk
637,56.5,High Risk
637,28.0,Medium Risk
637,35.0,Medium Risk
637,20.0,Low Risk
637,74.0,High Risk
637,70.5,High Risk
637,42.25,Medium Risk
637,52.5,High Risk
637,40.0,Medium Risk
637,39.75,Medium Risk
638,44.5,Medium Risk
638,41.5,Medium Risk
638,27.25,Medium Risk
638,45.5,Medium Risk
638,51.75,High Risk
638,32.5,Medium Risk
638,20.0,Low Risk
638,31.75,Medium Risk
638,59.75,High Risk
638,23.0,Low Risk
638,36.5,Medium Risk
638,26.75,Medium Risk
638,27.5,Medium Risk
638,39.25,Medium Risk
638,49.0,Medium Risk
638,19.25,Low Risk
638,29.75,Medium Risk
638,28.0,Medium Risk
638,34.25,Medium Risk
638,74.0,High Risk
639,26.75,Medium Risk
639,32.5,Medium Risk
639,19.25,Low Risk
639,35.5,Medium Risk
639,37.0,Medium Risk
639,27.5,Medium Risk
639,29.0,Medium Risk
639,24.25,Low Risk
639,39.25,Medium Risk
639,69.0,High Risk
639,31.75,Medium Risk
639,36.5,Medium Risk
639,20.0,Low Risk
639,42.25,Medium Risk
639,27.25,Medium Risk
639,44.75,Medium Risk
639,40.0,Medium Risk
639,64.0,High Risk
639,22.25,Low Risk
640,20.0,Low Risk
640,26.75,Medium Risk
640,28.0,Medium Risk
640,42.25,Medium Risk
640,31.75,Medium Risk
640,19.25,Low Risk
640,23.0,Low Risk
640,35.0,Medium Risk
640,29.0,Medium Risk
640,52.5,High Risk
640,74.0,High Risk
640,64.0,High Risk
641,51.75,High Risk
641,74.0,High Risk
641,27.25,Medium Risk
641,39.25,Medium Risk
641,42.25,Medium Risk
641,26.75,Medium Risk
641,47.5,Medium Risk
641,23.0,Low Risk
641,34.25,Medium Risk
641,19.25,Low Risk
641,27.5,Medium Risk
641,31.75,Medium Risk
641,20.0,Low Risk
641,61.5,High Risk
642,19.25,Low Risk
642,20.0,Low Risk
642,23.0,Low Risk
642,57.5,High Risk
642,37.0,Medium Risk
642,29.0,Medium Risk
642,44.75,Medium Risk
642,22.25,Low Risk
642,28.0,Medium Risk
642,32.5,Medium Risk
642,59.75,High Risk
642,22.0,Low Risk
642,49.0,Medium Risk
642,77.75,Critical Risk
642,46.75,Medium Risk
643,31.75,Medium Risk
643,57.25,High Risk
643,56.5,High Risk
643,58.5,High Risk
643,20.0,Low Risk
643,74.0,High Risk
643,82.0,Critical Risk
643,39.25,Medium Risk
643,28.75,Medium Risk
643,38.0,Medium Risk
643,32.5,Medium Risk
643,40.0,Medium Risk
643,92.0,Critical Risk
643,19.25,Low Risk
643,42.25,Medium Risk
643,69.0,High Risk
643,64.0,High Risk
643,27.5,Medium Risk
644,56.5,High Risk
644,72.0,High Risk
644,19.25,Low Risk
644,82.0,Critical Risk
644,65.5,High Risk
644,74.0,High Risk
644,51.5,High Risk
644,29.0,Medium Risk
644,51.75,High Risk
644,23.0,Low Risk
644,61.5,High Risk
644,52.5,High Risk
645,29.0,Medium Risk
645,19.25,Low Risk
645,64.0,High Risk
645,31.75,Medium Risk
645,37.25,Medium Risk
645,27.5,Medium Risk
645,27.25,Medium Risk
645,23.0,Low Risk
645,41.5,Medium Risk
645,28.0,Medium Risk
645,20.0,Low Risk
645,35.5,Medium Risk
646,34.75,Medium Risk
646,51.75,High Risk
646,20.0,Low Risk
646,34.25,Medium Risk
646,31.75,Medium Risk
646,27.25,Medium Risk
646,49.0,Medium Risk
646,47.25,Medium Risk
646,26.75,Medium Risk
646,56.5,High Risk
646,19.25,Low Risk
646,39.25,Medium Risk
646,55.5,High Risk
646,38.0,Medium Risk
647,24.25,Low Risk
647,19.25,Low Risk
647,22.25,Low Risk
647,23.0,Low Risk
647,29.0,Medium Risk
647,26.75,Medium Risk
647,52.5,High Risk
647,100.0,Critical Risk
647,20.0,Low Risk
647,38.0,Medium Risk
647,31.0,Medium Risk
647,34.25,Medium Risk
647,27.5,Medium Risk
647,31.75,Medium Risk
647,27.25,Medium Risk
647,41.5,Medium Risk
647,36.25,Medium Risk
648,64.0,High Risk
648,51.5,High Risk
648,47.5,Medium Risk
648,29.0,Medium Risk
648,19.25,Low Risk
648,23.0,Low Risk
648,31.75,Medium Risk
648,74.0,High Risk
648,26.75,Medium Risk
648,34.75,Medium Risk
648,56.75,High Risk
648,51.75,High Risk
648,28.0,Medium Risk
649,37.25,Medium Risk
649,26.75,Medium Risk
649,40.0,Medium Risk
649,49.75,Medium Risk
649,29.0,Medium Risk
649,27.5,Medium Risk
649,41.5,Medium Risk
649,39.25,Medium Risk
649,32.5,Medium Risk
649,31.75,Medium Risk
649,34.75,Medium Risk
649,59.5,High Risk
649,36.5,Medium Risk
649,55.5,High Risk
649,19.25,Low Risk
649,40.5,Medium Risk
649,51.75,High Risk
649,56.75,High Risk
650,27.5,Medium Risk
650,31.75,Medium Risk
650,40.0,Medium Risk
650,56.75,High Risk
650,19.25,Low Risk
650,74.0,High Risk
650,26.75,Medium Risk
650,32.5,Medium Risk
650,64.0,High Risk
650,41.5,Medium Risk
650,42.25,Medium Risk
650,40.5,Medium Risk
650,36.5,Medium Risk
651,19.25,Low Risk
651,37.25,Medium Risk
651,29.0,Medium Risk
651,20.0,Low Risk
651,44.0,Medium Risk
651,39.25,Medium Risk
651,27.25,Medium Risk
652,67.0,High Risk
652,20.0,Low Risk
652,40.0,Medium Risk
652,32.5,Medium Risk
652,69.0,High Risk
652,39.25,Medium Risk
652,35.0,Medium Risk
652,82.0,Critical Risk
652,34.25,Medium Risk
652,19.25,Low Risk
652,31.75,Medium Risk
652,43.0,Medium Risk
652,74.0,High Risk
652,29.75,Medium Risk
652,23.0,Low Risk
652,34.75,Medium Risk
652,27.5,Medium Risk
652,51.75,High Risk
652,48.0,Medium Risk
652,47.5,Medium Risk
653,42.25,Medium Risk
653,28.0,Medium Risk
653,31.75,Medium Risk
653,19.25,Low Risk
653,47.75,Medium Risk
653,27.5,Medium Risk
653,20.0,Low Risk
653,34.75,Medium Risk
653,30.5,Medium Risk
653,23.0,Low Risk
653,22.25,Low Risk
653,36.5,Medium Risk
653,55.5,High Risk
653,27.25,Medium Risk
653,39.25,Medium Risk
653,26.75,Medium Risk
653,40.5,Medium Risk
654,20.0,Low Risk
654,92.0,Critical Risk
654,29.0,Medium Risk
654,51.5,High Risk
654,46.75,Medium Risk
654,74.0,High Risk
654,19.25,Low Risk
654,67.0,High Risk
654,26.75,Medium Risk
654,57.0,High Risk
654,22.25,Low Risk
654,32.5,Medium Risk
654,27.5,Medium Risk
654,31.75,Medium Risk
654,40.25,Medium Risk
654,40.0,Medium Risk
654,72.0,High Risk
654,49.0,Medium Risk
654,39.25,Medium Risk
655,56.5,High Risk
655,19.25,Low Risk
655,26.75,Medium Risk
655,35.0,Medium Risk
655,82.0,Critical Risk
655,22.25,Low Risk
655,38.0,Medium Risk
655,31.75,Medium Risk
655,49.75,Medium Risk
655,20.0,Low Risk
655,40.0,Medium Risk
655,44.0,Medium Risk
655,72.75,High Risk
655,29.0,Medium Risk
656,19.25,Low Risk
656,38.0,Medium Risk
656,20.0,Low Risk
656,39.25,Medium Risk
656,46.75,Medium Risk
656,45.25,Medium Risk
656,48.0,Medium Risk
656,29.0,Medium Risk
656,32.25,Medium Risk
657,31.75,Medium Risk
657,26.75,Medium Risk
657,51.5,High Risk
657,19.25,Low Risk
657,57.5,High Risk
657,20.0,Low Risk
657,61.5,High Risk
657,43.5,Medium Risk
657,29.0,Medium Risk
657,64.75,High Risk
657,46.75,Medium Risk
657,38.0,Medium Risk
657,51.75,High Risk
657,27.5,Medium Risk
657,39.25,Medium Risk
657,49.0,Medium Risk
657,40.5,Medium Risk
658,20.0,Low Risk
658,22.25,Low Risk
658,32.5,Medium Risk
658,37.25,Medium Risk
658,61.5,High Risk
658,64.0,High Risk
658,74.0,High Risk
658,19.25,Low Risk
658,51.5,High Risk
658,35.0,Medium Risk
658,39.25,Medium Risk
658,28.0,Medium Risk
658,46.75,Medium Risk
658,38.5,Medium Risk
658,44.0,Medium Risk
658,56.5,High Risk
658,40.0,Medium Risk
658,69.0,High Risk
658,42.25,Medium Risk
659,66.5,High Risk
659,29.0,Medium Risk
659,43.0,Medium Risk
659,19.25,Low Risk
659,20.0,Low Risk
659,22.25,Low Risk
659,28.0,Medium Risk
659,49.0,Medium Risk
659,46.75,Medium Risk
659,52.5,High Risk
659,35.0,Medium Risk
659,56.75,High Risk
659,32.5,Medium Risk
659,41.5,Medium Risk
659,24.25,Low Risk
660,28.0,Medium Risk
660,39.25,Medium Risk
660,27.5,Medium Risk
660,35.5,Medium Risk
660,49.5,Medium Risk
660,31.75,Medium Risk
660,41.5,Medium Risk
660,19.25,Low Risk
660,20.0,Low Risk
660,29.0,Medium Risk
660,34.75,Medium Risk
660,52.5,High Risk
660,27.25,Medium Risk
661,20.0,Low Risk
661,31.75,Medium Risk
661,19.25,Low Risk
661,28.0,Medium Risk
661,40.0,Medium Risk
661,64.0,High Risk
661,39.25,Medium Risk
661,35.5,Medium Risk
661,51.75,High Risk
661,40.5,Medium Risk
661,32.5,Medium Risk
661,47.25,Medium Risk
661,44.5,Medium Risk
661,27.25,Medium Risk
661,69.0,High Risk
661,74.0,High Risk
661,22.25,Low Risk
662,22.25,Low Risk
662,23.0,Low Risk
662,49.0,Medium Risk
662,41.5,Medium Risk
662,40.0,Medium Risk
662,20.0,Low Risk
662,27.25,Medium Risk
662,19.25,Low Risk
662,48.0,Medium Risk
662,31.75,Medium Risk
662,46.75,Medium Risk
662,39.25,Medium Risk
662,27.5,Medium Risk
662,32.5,Medium Risk
663,19.25,Low Risk
663,23.0,Low Risk
663,32.5,Medium Risk
663,20.0,Low Risk
663,41.5,Medium Risk
663,37.25,Medium Risk
663,69.0,High Risk
663,39.25,Medium Risk
663,29.0,Medium Risk
663,45.25,Medium Risk
663,74.0,High Risk
664,33.75,Medium Risk
664,35.0,Medium Risk
664,35.5,Medium Risk
664,64.0,High Risk
664,51.75,High Risk
664,22.25,Low Risk
664,19.25,Low Risk
664,82.0,Critical Risk
664,28.0,Medium Risk
664,20.0,Low Risk
664,52.5,High Risk
664,29.0,Medium Risk
664,41.5,Medium Risk
664,34.25,Medium Risk
664,40.0,Medium Risk
664,36.5,Medium Risk
664,44.5,Medium Risk
664,42.25,Medium Risk
664,39.75,Medium Risk
664,49.0,Medium Risk
664,42.0,Medium Risk
664,40.5,Medium Risk
665,45.5,Medium Risk
665,51.75,High Risk
665,19.25,Low Risk
665,43.0,Medium Risk
665,22.25,Low Risk
665,26.75,Medium Risk
665,40.0,Medium Risk
665,20.0,Low Risk
665,52.5,High Risk
665,31.75,Medium Risk
665,47.0,Medium Risk
665,36.5,Medium Risk
666,19.25,Low Risk
666,35.5,Medium Risk
666,36.5,Medium Risk
666,31.75,Medium Risk
666,29.75,Medium Risk
666,39.25,Medium Risk
666,23.0,Low Risk
666,20.0,Low Risk
666,32.5,Medium Risk
666,34.75,Medium Risk
666,41.5,Medium Risk
666,27.5,Medium Risk
666,22.25,Low Risk
667,54.5,High Risk
667,35.5,Medium Risk
667,38.0,Medium Risk
667,36.5,Medium Risk
667,21.25,Low Risk
667,26.75,Medium Risk
667,31.75,Medium Risk
667,19.25,Low Risk
667,58.5,High Risk
667,35.0,Medium Risk
667,34.25,Medium Risk
667,28.0,Medium Risk
667,46.75,Medium Risk
667,44.5,Medium Risk
668,51.75,High Risk
668,34.25,Medium Risk
668,64.0,High Risk
668,20.0,Low Risk
668,48.0,Medium Risk
668,39.25,Medium Risk
668,19.25,Low Risk
668,27.25,Medium Risk
668,69.75,High Risk
668,31.75,Medium Risk
668,40.0,Medium Risk
668,43.0,Medium Risk
668,67.75,High Risk
668,69.0,High Risk
668,23.0,Low Risk
668,58.5,High Risk
668,74.0,High Risk
669,48.0,Medium Risk
669,36.5,Medium Risk
669,19.25,Low Risk
669,46.75,Medium Risk
669,28.0,Medium Risk
669,27.25,Medium Risk
669,51.75,High Risk
669,20.0,Low Risk
669,29.0,Medium Risk
669,22.25,Low Risk
669,69.0,High Risk
669,74.0,High Risk
669,32.5,Medium Risk
669,92.0,Critical Risk
669,56.75,High Risk
669,51.5,High Risk
670,29.0,Medium Risk
670,20.0,Low Risk
670,39.75,Medium Risk
670,40.0,Medium Risk
670,51.5,High Risk
670,82.0,Critical Risk
670,34.25,Medium Risk
670,37.25,Medium Risk
670,28.75,Medium Risk
670,19.25,Low Risk
670,33.75,Medium Risk
670,31.75,Medium Risk
670,54.75,High Risk
670,39.25,Medium Risk
670,34.75,Medium Risk
671,57.0,High Risk
671,20.0,Low Risk
671,19.25,Low Risk
671,43.0,Medium Risk
671,39.25,Medium Risk
671,37.25,Medium Risk
671,35.0,Medium Risk
671,29.0,Medium Risk
671,74.0,High Risk
671,27.25,Medium Risk
671,28.0,Medium Risk
671,34.75,Medium Risk
671,34.25,Medium Risk
671,44.0,Medium Risk
672,29.0,Medium Risk
672,44.0,Medium Risk
672,19.25,Low Risk
672,50.5,High Risk
672,38.0,Medium Risk
672,79.5,Critical Risk
672,32.5,Medium Risk
672,22.25,Low Risk
672,34.0,Medium Risk
672,58.5,High Risk
672,36.5,Medium Risk
672,51.75,High Risk
672,37.25,Medium Risk
672,26.75,Medium Risk
672,40.0,Medium Risk
672,52.25,High Risk
672,43.0,Medium Risk
672,20.0,Low Risk
672,35.5,Medium Risk
673,27.25,Medium Risk
673,74.0,High Risk
673,20.0,Low Risk
673,26.75,Medium Risk
673,25.0,Low Risk
673,23.0,Low Risk
673,40.0,Medium Risk
673,69.0,High Risk
673,27.5,Medium Risk
673,19.25,Low Risk
673,92.0,Critical Risk
673,24.25,Low Risk
673,31.75,Medium Risk
673,34.5,Medium Risk
674,40.0,Medium Risk
674,19.25,Low Risk
674,26.75,Medium Risk
674,56.75,High Risk
674,32.5,Medium Risk
674,46.75,Medium Risk
674,48.5,Medium Risk
674,22.25,Low Risk
674,51.75,High Risk
674,27.25,Medium Risk
674,41.5,Medium Risk
674,43.0,Medium Risk
674,31.75,Medium Risk
674,39.25,Medium Risk
674,57.25,High Risk
674,55.5,High Risk
674,77.0,Critical Risk
674,38.0,Medium Risk
675,19.25,Low Risk
675,55.5,High Risk
675,33.75,Medium Risk
675,39.75,Medium Risk
675,44.5,Medium Risk
675,40.0,Medium Risk
675,39.25,Medium Risk
675,31.75,Medium Risk
675,29.0,Medium Risk
675,46.75,Medium Risk
675,35.5,Medium Risk
675,57.5,High Risk
675,27.25,Medium Risk
675,20.0,Low Risk
675,47.0,Medium Risk
676,56.5,High Risk
676,40.0,Medium Risk
676,29.0,Medium Risk
676,43.0,Medium Risk
676,55.25,High Risk
676,19.25,Low Risk
676,32.5,Medium Risk
676,20.0,Low Risk
676,34.25,Medium Risk
676,24.25,Low Risk
676,36.5,Medium Risk
677,20.0,Low Risk
677,19.25,Low Risk
677,51.75,High Risk
677,34.75,Medium Risk
677,49.75,Medium Risk
677,40.0,Medium Risk
677,28.0,Medium Risk
677,72.0,High Risk
677,54.75,High Risk
677,52.5,High Risk
677,47.5,Medium Risk
677,34.25,Medium Risk
677,27.25,Medium Risk
677,34.0,Medium Risk
677,35.0,Medium Risk
677,36.5,Medium Risk
677,32.5,Medium Risk
677,22.25,Low Risk
678,51.75,High Risk
678,19.25,Low Risk
678,27.5,Medium Risk
678,53.0,High Risk
678,40.5,Medium Risk
678,39.25,Medium Risk
678,41.5,Medium Risk
678,47.5,Medium Risk
678,40.0,Medium Risk
678,39.75,Medium Risk
678,35.0,Medium Risk
678,67.0,High Risk
679,39.25,Medium Risk
679,31.75,Medium Risk
679,57.5,High Risk
679,27.5,Medium Risk
679,26.75,Medium Risk
679,29.0,Medium Risk
679,36.5,Medium Risk
679,35.0,Medium Risk
679,32.5,Medium Risk
679,56.5,High Risk
679,27.25,Medium Risk
679,41.5,Medium Risk
679,20.0,Low Risk
679,49.0,Medium Risk
679,23.0,Low Risk
679,19.25,Low Risk
679,49.5,Medium Risk
679,40.0,Medium Risk
679,42.25,Medium Risk
679,34.75,Medium Risk
680,46.75,Medium Risk
680,34.25,Medium Risk
680,20.0,Low Risk
680,31.75,Medium Risk
680,74.0,High Risk
680,29.0,Medium Risk
680,19.25,Low Risk
680,40.0,Medium Risk
680,39.25,Medium Risk
680,34.75,Medium Risk
680,42.25,Medium Risk
680,49.5,Medium Risk
680,43.0,Medium Risk
680,38.0,Medium Risk
680,47.25,Medium Risk
680,48.0,Medium Risk
680,27.25,Medium Risk
681,19.25,Low Risk
681,40.0,Medium Risk
681,20.0,Low Risk
681,27.5,Medium Risk
681,31.75,Medium Risk
681,43.0,Medium Risk
681,34.25,Medium Risk
681,48.0,Medium Risk
681,39.25,Medium Risk
681,46.75,Medium Risk
681,47.5,Medium Risk
681,41.5,Medium Risk
682,52.5,High Risk
682,22.25,Low Risk
682,20.0,Low Risk
682,19.25,Low Risk
682,29.0,Medium Risk
682,35.0,Medium Risk
682,34.25,Medium Risk
682,74.0,High Risk
682,57.5,High Risk
682,92.0,Critical Risk
682,39.25,Medium Risk
682,51.75,High Risk
683,49.5,Medium Risk
683,29.0,Medium Risk
683,19.25,Low Risk
683,39.25,Medium Risk
683,32.5,Medium Risk
683,20.0,Low Risk
683,31.75,Medium Risk
683,28.0,Medium Risk
683,40.0,Medium Risk
683,44.5,Medium Risk
683,35.0,Medium Risk
683,74.0,High Risk
684,20.0,Low Risk
684,56.5,High Risk
684,36.5,Medium Risk
684,39.25,Medium Risk
684,59.5,High Risk
684,34.25,Medium Risk
684,70.5,High Risk
684,52.5,High Risk
684,46.75,Medium Risk
684,40.0,Medium Risk
684,22.25,Low Risk
684,29.0,Medium Risk
684,27.25,Medium Risk
684,31.75,Medium Risk
684,50.5,High Risk
684,19.25,Low Risk
684,64.0,High Risk
684,26.75,Medium Risk
684,72.0,High Risk
684,57.25,High Risk
684,69.0,High Risk
684,69.5,High Risk
684,32.5,Medium Risk
684,37.0,Medium Risk
685,22.25,Low Risk
685,19.25,Low Risk
685,52.5,High Risk
685,69.5,High Risk
685,27.25,Medium Risk
685,31.75,Medium Risk
685,37.25,Medium Risk
685,48.0,Medium Risk
685,43.0,Medium Risk
685,56.75,High Risk
685,32.5,Medium Risk
685,29.0,Medium Risk
685,40.5,Medium Risk
685,23.0,Low Risk
686,39.25,Medium Risk
686,19.25,Low Risk
686,34.25,Medium Risk
686,27.5,Medium Risk
686,20.0,Low Risk
686,56.75,High Risk
686,27.25,Medium Risk
686,40.0,Medium Risk
686,35.0,Medium Risk
686,32.5,Medium Risk
686,47.5,Medium Risk
686,56.5,High Risk
686,37.25,Medium Risk
687,37.25,Medium Risk
687,35.5,Medium Risk
687,34.25,Medium Risk
687,47.5,Medium Risk
687,19.25,Low Risk
687,61.5,High Risk
687,49.0,Medium Risk
687,31.75,Medium Risk
687,39.25,Medium Risk
687,41.5,Medium Risk
687,38.0,Medium Risk
687,20.0,Low Risk
687,43.0,Medium Risk
687,40.0,Medium Risk
687,22.25,Low Risk
687,27.25,Medium Risk
687,52.5,High Risk
687,56.75,High Risk
687,32.5,Medium Risk
687,74.0,High Risk
688,40.5,Medium Risk
688,52.5,High Risk
688,40.0,Medium Risk
688,20.0,Low Risk
688,34.75,Medium Risk
688,21.25,Low Risk
688,77.0,Critical Risk
688,19.25,Low Risk
688,67.0,High Risk
688,64.0,High Risk
688,22.25,Low Risk
688,29.0,Medium Risk
688,92.0,Critical Risk
689,26.75,Medium Risk
689,32.5,Medium Risk
689,22.25,Low Risk
689,27.25,Medium Risk
689,19.25,Low Risk
689,40.0,Medium Risk
689,66.0,High Risk
689,27.5,Medium Risk
689,28.0,Medium Risk
690,47.25,Medium Risk
690,47.5,Medium Risk
690,52.5,High Risk
690,19.25,Low Risk
690,43.0,Medium Risk
690,20.0,Low Risk
690,31.75,Medium Risk
690,92.0,Critical Risk
690,29.0,Medium Risk
690,28.0,Medium Risk
690,46.75,Medium Risk
690,22.25,Low Risk
691,20.0,Low Risk
691,29.75,Medium Risk
691,31.75,Medium Risk
691,48.0,Medium Risk
691,23.0,Low Risk
691,40.0,Medium Risk
691,49.5,Medium Risk
691,19.25,Low Risk
691,51.75,High Risk
691,67.0,High Risk
691,28.0,Medium Risk
691,22.25,Low Risk
691,39.25,Medium Risk
691,37.0,Medium Risk
691,36.5,Medium Risk
691,27.25,Medium Risk
691,32.5,Medium Risk
691,35.0,Medium Risk
692,30.5,Medium Risk
692,56.5,High Risk
692,19.25,Low Risk
692,69.0,High Risk
692,32.5,Medium Risk
692,48.0,Medium Risk
692,74.0,High Risk
692,52.0,High Risk
692,40.0,Medium Risk
692,60.25,High Risk
692,34.25,Medium Risk
692,20.0,Low Risk
692,82.0,Critical Risk
692,51.75,High Risk
692,27.5,Medium Risk
692,59.5,High Risk
692,52.5,High Risk
692,35.0,Medium Risk
692,61.5,High Risk
693,28.0,Medium Risk
693,46.75,Medium Risk
693,44.0,Medium Risk
693,32.5,Medium Risk
693,35.5,Medium Risk
693,27.25,Medium Risk
693,20.0,Low Risk
693,19.25,Low Risk
693,47.5,Medium Risk
693,38.0,Medium Risk
693,34.25,Medium Risk
693,41.25,Medium Risk
693,29.75,Medium Risk
693,56.75,High Risk
693,49.75,Medium Risk
693,52.5,High Risk
693,60.25,High Risk
693,22.0,Low Risk
693,39.25,Medium Risk
693,53.0,High Risk
693,51.75,High Risk
693,40.0,Medium Risk
694,22.25,Low Risk
694,35.0,Medium Risk
694,28.75,Medium Risk
694,57.5,High Risk
694,34.25,Medium Risk
694,37.0,Medium Risk
694,47.5,Medium Risk
694,36.5,Medium Risk
694,60.5,High Risk
694,46.75,Medium Risk
694,66.5,High Risk
694,59.75,High Risk
694,19.25,Low Risk
694,28.0,Medium Risk
694,79.5,Critical Risk
694,41.25,Medium Risk
694,55.0,High Risk
695,19.25,Low Risk
695,20.0,Low Risk
695,31.75,Medium Risk
695,39.25,Medium Risk
695,36.5,Medium Risk
695,39.75,Medium Risk
695,27.5,Medium Risk
695,51.5,High Risk
695,47.0,Medium Risk
695,51.75,High Risk
695,37.25,Medium Risk
695,44.0,Medium Risk
695,22.25,Low Risk
695,32.5,Medium Risk
696,57.5,High Risk
696,40.0,Medium Risk
696,20.0,Low Risk
696,41.5,Medium Risk
696,31.75,Medium Risk
696,19.25,Low Risk
696,36.5,Medium Risk
696,64.0,High Risk
696,47.25,Medium Risk
696,35.0,Medium Risk
697,56.5,High Risk
697,42.25,Medium Risk
697,19.25,Low Risk
697,26.75,Medium Risk
697,49.5,Medium Risk
697,32.5,Medium Risk
697,54.75,High Risk
697,20.0,Low Risk
697,35.0,Medium Risk
697,64.0,High Risk
697,56.75,High Risk
697,28.0,Medium Risk
697,40.0,Medium Risk
697,74.0,High Risk
697,22.25,Low Risk
697,47.5,Medium Risk
697,51.5,High Risk
697,66.5,High Risk
697,48.0,Medium Risk
697,37.0,Medium Risk
697,71.0,High Risk
698,20.0,Low Risk
698,27.25,Medium Risk
698,32.5,Medium Risk
698,19.25,Low Risk
698,31.75,Medium Risk
698,26.75,Medium Risk
698,64.0,High Risk
698,39.25,Medium Risk
698,44.0,Medium Risk
699,41.5,Medium Risk
699,32.5,Medium Risk
699,54.5,High Risk
699,56.75,High Risk
699,39.25,Medium Risk
699,42.25,Medium Risk
699,64.0,High Risk
699,56.5,High Risk
699,19.25,Low Risk
699,34.75,Medium Risk
699,29.0,Medium Risk
699,74.0,High Risk
699,69.0,High Risk
699,34.25,Medium Risk
700,26.75,Medium Risk
700,39.25,Medium Risk
700,27.25,Medium Risk
700,34.25,Medium Risk
700,44.0,Medium Risk
700,31.75,Medium Risk
700,19.25,Low Risk
700,34.75,Medium Risk
700,57.5,High Risk
701,20.0,Low Risk
701,70.5,High Risk
701,31.75,Medium Risk
701,64.5,High Risk
701,71.0,High Risk
701,47.25,Medium Risk
701,74.0,High Risk
701,27.5,Medium Risk
701,49.75,Medium Risk
701,64.0,High Risk
701,59.5,High Risk
701,19.25,Low Risk
701,55.5,High Risk
701,32.5,Medium Risk
701,47.5,Medium Risk
701,60.5,High Risk
701,52.0,High Risk
701,52.5,High Risk
701,34.25,Medium Risk
701,57.5,High Risk
701,46.75,Medium Risk
701,22.25,Low Risk
702,29.75,Medium Risk
702,32.5,Medium Risk
702,46.75,Medium Risk
702,69.0,High Risk
702,31.75,Medium Risk
702,34.75,Medium Risk
702,44.75,Medium Risk
702,49.75,Medium Risk
702,56.5,High Risk
702,27.5,Medium Risk
702,48.0,Medium Risk
702,74.0,High Risk
702,23.0,Low Risk
702,19.25,Low Risk
702,27.25,Medium Risk
702,44.0,Medium Risk
702,39.75,Medium Risk
703,49.0,Medium Risk
703,19.25,Low Risk
703,69.0,High Risk
703,56.75,High Risk
703,31.75,Medium Risk
703,59.5,High Risk
703,56.5,High Risk
703,20.0,Low Risk
703,64.0,High Risk
703,72.0,High Risk
703,27.5,Medium Risk
703,74.0,High Risk
703,34.25,Medium Risk
703,52.5,High Risk
703,32.5,Medium Risk
703,47.5,Medium Risk
703,27.25,Medium Risk
703,28.0,Medium Risk
704,20.0,Low Risk
704,29.0,Medium Risk
704,51.75,High Risk
704,43.0,Medium Risk
704,27.25,Medium Risk
704,22.25,Low Risk
704,23.0,Low Risk
704,40.0,Medium Risk
704,19.25,Low Risk
704,37.25,Medium Risk
704,39.25,Medium Risk
704,56.5,High Risk
704,32.5,Medium Risk
705,31.75,Medium Risk
705,20.0,Low Risk
705,36.5,Medium Risk
705,35.5,Medium Risk
705,35.0,Medium Risk
705,19.25,Low Risk
705,40.5,Medium Risk
705,39.75,Medium Risk
705,43.0,Medium Risk
705,69.0,High Risk
705,47.5,Medium Risk
705,46.75,Medium Risk
705,51.75,High Risk
705,27.25,Medium Risk
705,32.5,Medium Risk
706,31.75,Medium Risk
706,32.5,Medium Risk
706,27.25,Medium Risk
706,35.0,Medium Risk
706,44.5,Medium Risk
706,29.0,Medium Risk
706,66.0,High Risk
706,19.25,Low Risk
706,45.25,Medium Risk
706,47.5,Medium Risk
706,39.25,Medium Risk
706,34.25,Medium Risk
706,47.25,Medium Risk
706,22.25,Low Risk
707,22.25,Low Risk
707,37.25,Medium Risk
707,51.75,High Risk
707,57.5,High Risk
707,19.25,Low Risk
707,34.25,Medium Risk
707,32.5,Medium Risk
707,47.25,Medium Risk
707,39.25,Medium Risk
707,49.0,Medium Risk
708,52.5,High Risk
708,47.5,Medium Risk
708,19.25,Low Risk
708,27.25,Medium Risk
708,39.25,Medium Risk
708,61.5,High Risk
708,20.0,Low Risk
708,74.0,High Risk
708,34.25,Medium Risk
708,59.75,High Risk
708,46.75,Medium Risk
708,37.25,Medium Risk
708,29.0,Medium Risk
708,22.25,Low Risk
708,30.5,Medium Risk
708,52.75,High Risk
708,28.0,Medium Risk
708,31.75,Medium Risk
709,27.25,Medium Risk
709,30.5,Medium Risk
709,20.0,Low Risk
709,19.25,Low Risk
709,29.0,Medium Risk
709,52.25,High Risk
709,38.0,Medium Risk
709,21.25,Low Risk
709,26.75,Medium Risk
709,52.5,High Risk
709,39.25,Medium Risk
709,27.5,Medium Risk
709,31.75,Medium Risk
709,28.0,Medium Risk
709,34.25,Medium Risk
710,40.0,Medium Risk
710,39.25,Medium Risk
710,20.0,Low Risk
710,41.5,Medium Risk
710,29.0,Medium Risk
710,19.25,Low Risk
710,34.25,Medium Risk
710,32.5,Medium Risk
710,72.0,High Risk
710,42.25,Medium Risk
710,41.0,Medium Risk
710,32.0,Medium Risk
710,27.0,Medium Risk
711,44.0,Medium Risk
711,46.75,Medium Risk
711,34.25,Medium Risk
711,32.5,Medium Risk
711,19.25,Low Risk
711,74.0,High Risk
711,40.0,Medium Risk
711,74.75,High Risk
711,20.0,Low Risk
711,29.75,Medium Risk
711,56.75,High Risk
711,39.25,Medium Risk
711,50.5,High Risk
711,35.0,Medium Risk
712,19.25,Low Risk
712,72.0,High Risk
712,31.75,Medium Risk
712,29.0,Medium Risk
712,74.0,High Risk
712,35.0,Medium Risk
712,20.0,Low Risk
712,56.5,High Risk
712,34.75,Medium Risk
712,53.75,High Risk
712,27.25,Medium Risk
712,49.75,Medium Risk
712,49.0,Medium Risk
713,19.25,Low Risk
713,27.25,Medium Risk
713,35.0,Medium Risk
713,21.25,Low Risk
713,22.25,Low Risk
713,22.0,Low Risk
713,47.5,Medium Risk
713,26.75,Medium Risk
713,42.25,Medium Risk
713,61.5,High Risk
713,23.0,Low Risk
713,20.0,Low Risk
713,64.0,High Risk
713,33.75,Medium Risk
713,27.5,Medium Risk
713,28.0,Medium Risk
713,32.5,Medium Risk
713,41.5,Medium Risk
713,40.0,Medium Risk
714,74.0,High Risk
714,39.75,Medium Risk
714,41.25,Medium Risk
714,69.0,High Risk
714,52.5,High Risk
714,20.0,Low Risk
714,27.25,Medium Risk
714,44.0,Medium Risk
714,64.0,High Risk
714,40.5,Medium Risk
714,31.75,Medium Risk
714,56.5,High Risk
714,70.5,High Risk
714,42.25,Medium Risk
714,35.5,Medium Risk
714,57.5,High Risk
715,32.5,Medium Risk
715,31.75,Medium Risk
715,45.25,Medium Risk
715,27.5,Medium Risk
715,19.25,Low Risk
715,26.75,Medium Risk
715,39.25,Medium Risk
715,34.25,Medium Risk
715,56.75,High Risk
715,37.25,Medium Risk
715,22.25,Low Risk
715,44.75,Medium Risk
715,20.0,Low Risk
715,28.0,Medium Risk
715,43.0,Medium Risk
715,46.75,Medium Risk
715,74.75,High Risk
715,42.25,Medium Risk
716,20.0,Low Risk
716,31.75,Medium Risk
716,50.5,High Risk
716,22.25,Low Risk
716,26.75,Medium Risk
716,19.25,Low Risk
716,27.5,Medium Risk
716,32.5,Medium Risk
716,39.25,Medium Risk
716,59.5,High Risk
716,74.0,High Risk
716,28.0,Medium Risk
716,47.5,Medium Risk
716,35.5,Medium Risk
717,22.25,Low Risk
717,74.0,High Risk
717,27.25,Medium Risk
717,31.75,Medium Risk
717,27.5,Medium Risk
717,64.0,High Risk
717,37.0,Medium Risk
717,19.25,Low Risk
718,20.0,Low Risk
718,23.0,Low Risk
718,31.75,Medium Risk
718,26.75,Medium Risk
718,83.5,Critical Risk
718,46.75,Medium Risk
718,61.5,High Risk
718,47.5,Medium Risk
718,19.25,Low Risk
718,37.25,Medium Risk
718,56.5,High Risk
718,54.75,High Risk
718,44.0,Medium Risk
719,19.25,Low Risk
719,74.0,High Risk
719,23.0,Low Risk
719,69.0,High Risk
719,20.0,Low Risk
719,29.0,Medium Risk
719,59.5,High Risk
719,28.0,Medium Risk
719,31.75,Medium Risk
719,40.0,Medium Risk
719,27.25,Medium Risk
719,69.5,High Risk
719,77.0,Critical Risk
719,37.25,Medium Risk
719,39.25,Medium Risk
719,47.5,Medium Risk
719,41.5,Medium Risk
719,49.5,Medium Risk
719,22.25,Low Risk
719,95.0,Critical Risk
719,40.5,Medium Risk
720,51.75,High Risk
720,19.25,Low Risk
720,47.5,Medium Risk
720,32.5,Medium Risk
720,57.5,High Risk
720,31.75,Medium Risk
720,40.0,Medium Risk
720,41.5,Medium Risk
720,35.0,Medium Risk
720,52.5,High Risk
720,20.0,Low Risk
720,47.0,Medium Risk
720,39.25,Medium Risk
720,45.5,Medium Risk
721,27.25,Medium Risk
721,69.0,High Risk
721,27.5,Medium Risk
721,36.5,Medium Risk
721,34.75,Medium Risk
721,26.75,Medium Risk
721,31.75,Medium Risk
721,92.0,Critical Risk
721,22.25,Low Risk
721,69.5,High Risk
721,29.0,Medium Risk
721,34.25,Medium Risk
721,19.25,Low Risk
721,74.0,High Risk
721,28.75,Medium Risk
721,20.0,Low Risk
722,64.5,High Risk
722,56.5,High Risk
722,19.25,Low Risk
722,49.0,Medium Risk
722,31.75,Medium Risk
722,77.0,Critical Risk
722,20.0,Low Risk
722,74.0,High Risk
722,71.0,High Risk
722,69.0,High Risk
722,46.75,Medium Risk
722,72.0,High Risk
722,27.25,Medium Risk
722,51.75,High Risk
723,19.25,Low Risk
723,42.0,Medium Risk
723,39.25,Medium Risk
723,31.75,Medium Risk
723,41.5,Medium Risk
723,42.25,Medium Risk
723,22.25,Low Risk
723,74.0,High Risk
723,20.0,Low Risk
723,29.0,Medium Risk
723,40.0,Medium Risk
723,49.5,Medium Risk
723,59.75,High Risk
723,27.5,Medium Risk
723,38.0,Medium Risk
723,40.5,Medium Risk
723,22.0,Low Risk
724,40.0,Medium Risk
724,46.75,Medium Risk
724,29.0,Medium Risk
724,27.25,Medium Risk
724,57.5,High Risk
724,28.0,Medium Risk
724,19.25,Low Risk
724,50.5,High Risk
724,48.0,Medium Risk
724,64.0,High Risk
724,82.0,Critical Risk
724,34.25,Medium Risk
724,47.5,Medium Risk
724,59.75,High Risk
725,39.25,Medium Risk
725,19.25,Low Risk
725,20.0,Low Risk
725,37.25,Medium Risk
725,27.5,Medium Risk
725,49.0,Medium Risk
725,27.25,Medium Risk
725,32.5,Medium Risk
725,34.25,Medium Risk
725,22.25,Low Risk
726,19.25,Low Risk
726,26.75,Medium Risk
726,20.0,Low Risk
726,82.0,Critical Risk
726,34.25,Medium Risk
726,38.0,Medium Risk
726,27.25,Medium Risk
726,51.5,High Risk
726,39.25,Medium Risk
726,64.5,High Risk
726,51.75,High Risk
726,34.75,Medium Risk
727,20.0,Low Risk
727,19.25,Low Risk
727,32.5,Medium Risk
727,57.25,High Risk
727,52.5,High Risk
727,29.0,Medium Risk
727,27.25,Medium Risk
727,45.5,Medium Risk
727,27.5,Medium Risk
727,37.25,Medium Risk
727,62.0,High Risk
727,38.0,Medium Risk
728,19.25,Low Risk
728,74.0,High Risk
728,28.0,Medium Risk
728,54.75,High Risk
728,31.75,Medium Risk
728,69.0,High Risk
728,77.0,Critical Risk
728,29.0,Medium Risk
728,26.75,Medium Risk
728,40.5,Medium Risk
728,64.0,High Risk
728,20.0,Low Risk
728,51.5,High Risk
728,61.5,High Risk
728,41.5,Medium Risk
729,34.75,Medium Risk
729,19.25,Low Risk
729,20.0,Low Risk
729,26.75,Medium Risk
729,29.5,Medium Risk
729,27.5,Medium Risk
729,31.75,Medium Risk
729,37.0,Medium Risk
729,40.0,Medium Risk
729,32.5,Medium Risk
729,27.25,Medium Risk
730,49.0,Medium Risk
730,44.0,Medium Risk
730,19.25,Low Risk
730,34.25,Medium Risk
730,40.0,Medium Risk
730,22.25,Low Risk
730,74.5,High Risk
730,32.5,Medium Risk
730,43.5,Medium Risk
730,20.0,Low Risk
730,38.5,Medium Risk
730,57.5,High Risk
730,27.25,Medium Risk
730,26.75,Medium Risk
730,27.5,Medium Risk
730,45.25,Medium Risk
730,46.75,Medium Risk
731,34.25,Medium Risk
731,19.25,Low Risk
731,40.0,Medium Risk
731,39.25,Medium Risk
731,27.5,Medium Risk
731,31.75,Medium Risk
731,43.0,Medium Risk
731,57.5,High Risk
731,47.5,Medium Risk
731,52.5,High Risk
731,59.5,High Risk
731,66.5,High Risk
731,49.75,Medium Risk
731,44.0,Medium Risk
731,20.0,Low Risk
731,29.0,Medium Risk
731,51.75,High Risk
731,28.0,Medium Risk
731,46.75,Medium Risk
731,35.0,Medium Risk
731,47.25,Medium Risk
731,22.25,Low Risk
732,49.75,Medium Risk
732,19.25,Low Risk
732,26.75,Medium Risk
732,36.5,Medium Risk
732,74.0,High Risk
732,39.75,Medium Risk
732,27.5,Medium Risk
732,35.0,Medium Risk
732,32.5,Medium Risk
732,39.25,Medium Risk
732,20.0,Low Risk
732,47.25,Medium Risk
732,27.25,Medium Risk
732,34.25,Medium Risk
732,39.5,Medium Risk
732,46.75,Medium Risk
732,42.25,Medium Risk
732,29.0,Medium Risk
733,27.25,Medium Risk
733,19.25,Low Risk
733,22.25,Low Risk
733,39.25,Medium Risk
733,20.0,Low Risk
733,57.25,High Risk
733,41.5,Medium Risk
733,29.0,Medium Risk
733,27.5,Medium Risk
733,34.25,Medium Risk
733,39.75,Medium Risk
733,26.75,Medium Risk
733,31.75,Medium Risk
733,40.0,Medium Risk
733,34.75,Medium Risk
734,27.5,Medium Risk
734,39.75,Medium Risk
734,32.5,Medium Risk
734,40.0,Medium Risk
734,30.5,Medium Risk
734,19.25,Low Risk
734,49.75,Medium Risk
734,49.0,Medium Risk
734,69.0,High Risk
734,26.75,Medium Risk
734,31.75,Medium Risk
734,41.5,Medium Risk
734,28.75,Medium Risk
734,20.0,Low Risk
734,36.5,Medium Risk
734,34.75,Medium Risk
734,43.0,Medium Risk
735,32.5,Medium Risk
735,35.0,Medium Risk
735,62.5,High Risk
735,19.25,Low Risk
735,43.0,Medium Risk
735,20.0,Low Risk
735,40.5,Medium Risk
735,22.25,Low Risk
735,39.75,Medium Risk
735,38.0,Medium Risk
735,57.5,High Risk
736,35.0,Medium Risk
736,74.0,High Risk
736,19.25,Low Risk
736,20.0,Low Risk
736,28.0,Medium Risk
736,62.0,High Risk
736,34.25,Medium Risk
736,52.0,High Risk
736,43.0,Medium Risk
736,44.0,Medium Risk
736,21.25,Low Risk
736,46.0,Medium Risk
737,52.5,High Risk
737,20.0,Low Risk
737,39.25,Medium Risk
737,19.25,Low Risk
737,51.75,High Risk
737,74.0,High Risk
737,40.0,Medium Risk
737,31.75,Medium Risk
737,29.0,Medium Risk
737,34.25,Medium Risk
737,52.0,High Risk
737,35.0,Medium Risk
738,52.5,High Risk
738,23.0,Low Risk
738,28.0,Medium Risk
738,52.0,High Risk
738,19.25,Low Risk
738,20.0,Low Risk
738,47.0,Medium Risk
738,74.0,High Risk
738,31.75,Medium Risk
738,56.5,High Risk
738,36.5,Medium Risk
738,31.0,Medium Risk
738,22.25,Low Risk
738,46.75,Medium Risk
738,69.75,High Risk
739,28.0,Medium Risk
739,19.25,Low Risk
739,35.0,Medium Risk
739,54.75,High Risk
739,39.25,Medium Risk
739,31.75,Medium Risk
739,74.0,High Risk
739,64.5,High Risk
739,56.5,High Risk
739,52.75,High Risk
739,44.0,Medium Risk
739,51.75,High Risk
739,36.5,Medium Risk
739,23.0,Low Risk
739,20.0,Low Risk
739,52.5,High Risk
739,64.0,High Risk
739,92.0,Critical Risk
739,77.0,Critical Risk
739,34.25,Medium Risk
740,43.0,Medium Risk
740,32.5,Medium Risk
740,49.0,Medium Risk
740,20.0,Low Risk
740,19.25,Low Risk
740,27.5,Medium Risk
740,56.75,High Risk
740,27.25,Medium Risk
740,40.0,Medium Risk
740,57.25,High Risk
740,36.5,Medium Risk
740,25.0,Low Risk
740,64.0,High Risk
740,64.5,High Risk
740,31.75,Medium Risk
740,22.25,Low Risk
740,69.0,High Risk
740,34.25,Medium Risk
740,35.0,Medium Risk
740,29.0,Medium Risk
741,29.0,Medium Risk
741,51.75,High Risk
741,20.0,Low Risk
741,27.25,Medium Risk
741,42.25,Medium Risk
741,19.25,Low Risk
741,34.25,Medium Risk
741,37.25,Medium Risk
741,35.0,Medium Risk
741,40.0,Medium Risk
741,28.0,Medium Risk
741,47.5,Medium Risk
741,61.5,High Risk
742,20.0,Low Risk
742,19.25,Low Risk
742,66.5,High Risk
742,37.0,Medium Risk
742,39.25,Medium Risk
742,51.75,High Risk
742,27.5,Medium Risk
742,24.25,Low Risk
742,31.75,Medium Risk
742,32.5,Medium Risk
742,29.0,Medium Risk
742,57.5,High Risk
742,43.0,Medium Risk
742,28.0,Medium Risk
742,35.0,Medium Risk
742,45.25,Medium Risk
742,52.5,High Risk
742,32.0,Medium Risk
743,19.25,Low Risk
743,39.25,Medium Risk
743,20.0,Low Risk
743,26.75,Medium Risk
743,27.5,Medium Risk
743,40.0,Medium Risk
743,51.75,High Risk
743,78.5,Critical Risk
743,55.5,High Risk
743,28.0,Medium Risk
743,47.0,Medium Risk
743,52.5,High Risk
743,56.75,High Risk
743,60.5,High Risk
743,56.5,High Risk
743,47.5,Medium Risk
744,39.25,Medium Risk
744,27.25,Medium Risk
744,49.0,Medium Risk
744,41.5,Medium Risk
744,23.0,Low Risk
744,20.0,Low Risk
744,32.5,Medium Risk
744,42.0,Medium Risk
744,40.0,Medium Risk
744,57.5,High Risk
744,53.5,High Risk
744,64.0,High Risk
744,47.25,Medium Risk
744,74.0,High Risk
745,52.5,High Risk
745,19.25,Low Risk
745,39.25,Medium Risk
745,37.25,Medium Risk
745,20.0,Low Risk
745,52.0,High Risk
745,31.75,Medium Risk
745,32.5,Medium Risk
745,35.0,Medium Risk
745,33.75,Medium Risk
745,27.5,Medium Risk
745,72.0,High Risk
745,51.75,High Risk
745,46.75,Medium Risk
745,69.5,High Risk
746,19.25,Low Risk
746,29.0,Medium Risk
746,34.25,Medium Risk
746,35.0,Medium Risk
746,48.0,Medium Risk
746,46.75,Medium Risk
746,27.25,Medium Risk
746,20.0,Low Risk
746,49.0,Medium Risk
746,42.25,Medium Risk
746,57.5,High Risk
746,50.5,High Risk
746,69.0,High Risk
746,28.0,Medium Risk
747,39.75,Medium Risk
747,43.0,Medium Risk
747,22.25,Low Risk
747,28.0,Medium Risk
747,31.75,Medium Risk
747,64.0,High Risk
747,27.5,Medium Risk
747,74.0,High Risk
747,34.25,Medium Risk
747,20.0,Low Risk
747,19.25,Low Risk
747,39.25,Medium Risk
747,53.75,High Risk
747,42.25,Medium Risk
747,44.0,Medium Risk
747,40.5,Medium Risk
747,34.75,Medium Risk
747,29.0,Medium Risk
748,24.25,Low Risk
748,32.5,Medium Risk
748,37.25,Medium Risk
748,39.25,Medium Risk
748,20.0,Low Risk
748,28.0,Medium Risk
748,36.5,Medium Risk
748,26.75,Medium Risk
748,19.25,Low Risk
748,23.0,Low Risk
748,40.0,Medium Risk
748,51.75,High Risk
748,47.0,Medium Risk
748,31.75,Medium Risk
748,40.25,Medium Risk
748,25.0,Low Risk
748,49.0,Medium Risk
748,29.0,Medium Risk
749,35.5,Medium Risk
749,51.5,High Risk
749,20.0,Low Risk
749,39.75,Medium Risk
749,22.25,Low Risk
749,27.25,Medium Risk
749,66.5,High Risk
749,32.5,Medium Risk
749,31.75,Medium Risk
749,29.75,Medium Risk
749,57.5,High Risk
749,47.5,Medium Risk
749,49.75,Medium Risk
749,38.0,Medium Risk
749,26.75,Medium Risk
749,34.25,Medium Risk
749,19.25,Low Risk
750,22.0,Low Risk
750,28.0,Medium Risk
750,32.5,Medium Risk
750,39.75,Medium Risk
750,29.0,Medium Risk
750,20.0,Low Risk
750,74.0,High Risk
750,19.25,Low Risk
750,39.25,Medium Risk
750,56.75,High Risk
750,41.25,Medium Risk
750,72.0,High Risk
750,52.5,High Risk
750,27.25,Medium Risk
750,46.0,Medium Risk
750,32.0,Medium Risk
750,31.75,Medium Risk
751,20.0,Low Risk
751,28.0,Medium Risk
751,47.25,Medium Risk
751,19.25,Low Risk
751,41.5,Medium Risk
751,23.0,Low Risk
751,21.25,Low Risk
751,22.25,Low Risk
751,51.75,High Risk
751,48.0,Medium Risk
751,47.5,Medium Risk
751,30.5,Medium Risk
751,64.0,High Risk
751,29.0,Medium Risk
751,27.25,Medium Risk
751,56.5,High Risk
752,51.75,High Risk
752,54.75,High Risk
752,56.5,High Risk
752,74.0,High Risk
752,19.25,Low Risk
752,37.25,Medium Risk
752,51.5,High Risk
752,87.0,Critical Risk
752,35.0,Medium Risk
752,34.25,Medium Risk
752,27.25,Medium Risk
752,64.0,High Risk
752,39.25,Medium Risk
753,20.0,Low Risk
753,32.5,Medium Risk
753,64.5,High Risk
753,27.5,Medium Risk
753,74.0,High Risk
753,25.0,Low Risk
753,31.75,Medium Risk
753,51.75,High Risk
753,38.0,Medium Risk
753,28.0,Medium Risk
754,20.0,Low Risk
754,46.75,Medium Risk
754,39.25,Medium Risk
754,47.25,Medium Risk
754,37.25,Medium Risk
754,40.0,Medium Risk
754,31.75,Medium Risk
754,35.0,Medium Risk
754,52.25,High Risk
754,48.0,Medium Risk
754,19.25,Low Risk
754,38.0,Medium Risk
755,19.25,Low Risk
755,41.5,Medium Risk
755,77.0,Critical Risk
755,40.0,Medium Risk
755,42.25,Medium Risk
755,32.5,Medium Risk
755,49.0,Medium Risk
755,50.5,High Risk
755,37.25,Medium Risk
755,69.75,High Risk
755,20.0,Low Risk
755,56.5,High Risk
755,53.0,High Risk
755,29.0,Medium Risk
755,35.0,Medium Risk
755,69.0,High Risk
755,39.25,Medium Risk
755,26.75,Medium Risk
755,39.5,Medium Risk
755,27.5,Medium Risk
755,34.25,Medium Risk
755,74.0,High Risk
755,51.5,High Risk
756,46.75,Medium Risk
756,72.0,High Risk
756,19.25,Low Risk
756,77.0,Critical Risk
756,37.25,Medium Risk
756,69.0,High Risk
756,21.25,Low Risk
756,67.0,High Risk
756,74.0,High Risk
756,20.0,Low Risk
756,28.0,Medium Risk
756,56.5,High Risk
756,29.0,Medium Risk
756,51.5,High Risk
756,87.0,Critical Risk
756,47.5,Medium Risk
757,43.0,Medium Risk
757,39.75,Medium Risk
757,37.25,Medium Risk
757,34.25,Medium Risk
757,32.5,Medium Risk
757,40.0,Medium Risk
757,61.5,High Risk
757,35.0,Medium Risk
757,47.25,Medium Risk
757,29.0,Medium Risk
757,19.25,Low Risk
757,57.0,High Risk
757,31.75,Medium Risk
757,56.5,High Risk
757,23.0,Low Risk
757,58.0,High Risk
757,64.0,High Risk
757,69.0,High Risk
758,64.5,High Risk
758,23.0,Low Risk
758,22.25,Low Risk
758,19.25,Low Risk
758,66.5,High Risk
758,20.0,Low Risk
758,22.0,Low Risk
758,46.75,Medium Risk
758,21.25,Low Risk
758,56.0,High Risk
758,29.0,Medium Risk
758,28.0,Medium Risk
758,38.0,Medium Risk
759,74.0,High Risk
759,40.0,Medium Risk
759,19.25,Low Risk
759,27.5,Medium Risk
759,59.75,High Risk
759,57.5,High Risk
759,47.5,Medium Risk
759,39.75,Medium Risk
759,56.75,High Risk
759,51.75,High Risk
759,64.0,High Risk
759,39.25,Medium Risk
759,28.0,Medium Risk
759,20.0,Low Risk
759,24.25,Low Risk
759,56.5,High Risk
760,26.75,Medium Risk
760,19.25,Low Risk
760,56.75,High Risk
760,49.0,Medium Risk
760,43.0,Medium Risk
760,69.75,High Risk
760,57.5,High Risk
760,32.5,Medium Risk
760,39.75,Medium Risk
760,41.5,Medium Risk
760,34.75,Medium Risk
760,65.5,High Risk
760,55.5,High Risk
760,36.5,Medium Risk
760,56.5,High Risk
760,46.75,Medium Risk
761,19.25,Low Risk
761,20.0,Low Risk
761,26.75,Medium Risk
761,23.0,Low Risk
761,22.25,Low Risk
761,31.75,Medium Risk
761,69.0,High Risk
761,37.25,Medium Risk
761,77.0,Critical Risk
761,38.0,Medium Risk
761,40.0,Medium Risk
761,21.25,Low Risk
761,37.0,Medium Risk
762,32.5,Medium Risk
762,40.0,Medium Risk
762,39.75,Medium Risk
762,29.0,Medium Risk
762,30.5,Medium Risk
762,47.5,Medium Risk
762,40.5,Medium Risk
762,58.5,High Risk
762,20.0,Low Risk
762,22.25,Low Risk
762,26.75,Medium Risk
762,39.25,Medium Risk
762,49.0,Medium Risk
762,31.75,Medium Risk
762,50.5,High Risk
762,27.5,Medium Risk
763,32.5,Medium Risk
763,20.0,Low Risk
763,30.5,Medium Risk
763,40.5,Medium Risk
763,35.0,Medium Risk
763,46.0,Medium Risk
763,19.25,Low Risk
763,31.75,Medium Risk
763,52.5,High Risk
763,48.0,Medium Risk
763,51.75,High Risk
764,46.75,Medium Risk
764,49.0,Medium Risk
764,40.0,Medium Risk
764,20.0,Low Risk
764,19.25,Low Risk
764,66.0,High Risk
764,74.0,High Risk
764,69.0,High Risk
764,32.5,Medium Risk
764,28.0,Medium Risk
764,47.5,Medium Risk
764,44.0,Medium Risk
765,35.5,Medium Risk
765,19.25,Low Risk
765,20.0,Low Risk
765,27.5,Medium Risk
765,32.5,Medium Risk
765,27.25,Medium Risk
765,71.0,High Risk
765,74.0,High Risk
765,64.75,High Risk
765,23.0,Low Risk
765,35.0,Medium Risk
766,49.0,Medium Risk
766,35.0,Medium Risk
766,37.25,Medium Risk
766,19.25,Low Risk
766,20.0,Low Risk
766,31.75,Medium Risk
766,40.0,Medium Risk
766,27.5,Medium Risk
766,27.25,Medium Risk
766,46.75,Medium Risk
766,38.0,Medium Risk
766,47.5,Medium Risk
766,44.0,Medium Risk
766,34.0,Medium Risk
767,19.25,Low Risk
767,74.0,High Risk
767,59.5,High Risk
767,56.5,High Risk
767,59.75,High Risk
767,47.25,Medium Risk
767,47.5,Medium Risk
767,35.0,Medium Risk
767,72.0,High Risk
767,69.0,High Risk
767,95.0,Critical Risk
767,51.5,High Risk
767,39.25,Medium Risk
767,20.0,Low Risk
767,64.0,High Risk
768,22.25,Low Risk
768,72.0,High Risk
768,20.0,Low Risk
768,92.0,Critical Risk
768,31.75,Medium Risk
768,27.5,Medium Risk
768,56.5,High Risk
768,19.25,Low Risk
768,34.25,Medium Risk
768,49.75,Medium Risk
768,49.0,Medium Risk
768,82.0,Critical Risk
768,47.0,Medium Risk
768,27.25,Medium Risk
769,52.5,High Risk
769,40.0,Medium Risk
769,44.0,Medium Risk
769,21.25,Low Risk
769,22.25,Low Risk
769,37.25,Medium Risk
769,72.0,High Risk
769,47.5,Medium Risk
769,40.5,Medium Risk
769,20.0,Low Risk
769,39.5,Medium Risk
769,74.0,High Risk
769,29.0,Medium Risk
769,36.25,Medium Risk
769,19.25,Low Risk
769,49.75,Medium Risk
769,55.5,High Risk
769,51.75,High Risk
770,26.75,Medium Risk
770,23.0,Low Risk
770,27.5,Medium Risk
770,31.75,Medium Risk
770,32.5,Medium Risk
770,37.25,Medium Risk
770,40.0,Medium Risk
770,22.25,Low Risk
770,20.0,Low Risk
770,51.75,High Risk
770,39.25,Medium Risk
770,28.0,Medium Risk
771,65.5,High Risk
771,56.5,High Risk
771,33.75,Medium Risk
771,35.0,Medium Risk
771,69.5,High Risk
771,74.0,High Risk
771,49.0,Medium Risk
771,47.5,Medium Risk
771,56.75,High Risk
771,19.25,Low Risk
771,64.0,High Risk
771,20.0,Low Risk
771,39.25,Medium Risk
771,31.75,Medium Risk
771,40.0,Medium Risk
771,23.0,Low Risk
772,19.25,Low Risk
772,26.75,Medium Risk
772,47.5,Medium Risk
772,74.0,High Risk
772,40.0,Medium Risk
772,52.5,High Risk
772,20.0,Low Risk
772,38.0,Medium Risk
772,22.25,Low Risk
772,42.0,Medium Risk
772,49.0,Medium Risk
772,64.0,High Risk
772,39.25,Medium Risk
773,39.25,Medium Risk
773,51.75,High Risk
773,19.25,Low Risk
773,57.0,High Risk
773,49.0,Medium Risk
773,82.0,Critical Risk
773,49.5,Medium Risk
773,74.0,High Risk
773,64.75,High Risk
773,40.0,Medium Risk
773,57.5,High Risk
773,20.0,Low Risk
773,61.5,High Risk
774,74.0,High Risk
774,69.0,High Risk
774,19.25,Low Risk
774,26.75,Medium Risk
774,40.0,Medium Risk
774,20.0,Low Risk
774,36.5,Medium Risk
774,31.75,Medium Risk
774,39.25,Medium Risk
774,29.0,Medium Risk
775,31.75,Medium Risk
775,22.25,Low Risk
775,27.25,Medium Risk
775,47.0,Medium Risk
775,51.75,High Risk
775,39.75,Medium Risk
775,58.0,High Risk
775,39.25,Medium Risk
775,34.25,Medium Risk
775,42.25,Medium Risk
775,20.0,Low Risk
775,43.0,Medium Risk
775,19.25,Low Risk
775,36.5,Medium Risk
775,47.25,Medium Risk
775,35.0,Medium Risk
776,42.25,Medium Risk
776,77.0,Critical Risk
776,26.75,Medium Risk
776,41.5,Medium Risk
776,66.0,High Risk
776,52.0,High Risk
776,67.0,High Risk
776,62.0,High Risk
776,48.0,Medium Risk
776,34.25,Medium Risk
776,44.0,Medium Risk
776,39.25,Medium Risk
776,32.5,Medium Risk
776,38.0,Medium Risk
776,29.0,Medium Risk
776,19.25,Low Risk
777,29.0,Medium Risk
777,32.5,Medium Risk
777,20.0,Low Risk
777,31.75,Medium Risk
777,77.0,Critical Risk
777,64.5,High Risk
777,46.75,Medium Risk
777,27.5,Medium Risk
777,38.0,Medium Risk
777,19.25,Low Risk
777,40.0,Medium Risk
777,56.75,High Risk
777,60.25,High Risk
777,27.25,Medium Risk
777,39.25,Medium Risk
777,22.25,Low Risk
777,26.75,Medium Risk
778,27.5,Medium Risk
778,20.0,Low Risk
778,40.0,Medium Risk
778,19.25,Low Risk
778,21.25,Low Risk
778,65.5,High Risk
778,35.0,Medium Risk
778,44.75,Medium Risk
778,47.5,Medium Risk
778,26.75,Medium Risk
778,23.0,Low Risk
778,69.5,High Risk
778,31.75,Medium Risk
779,56.75,High Risk
779,74.0,High Risk
779,20.0,Low Risk
779,39.25,Medium Risk
779,37.25,Medium Risk
779,31.75,Medium Risk
779,22.25,Low Risk
779,37.0,Medium Risk
779,30.5,Medium Risk
779,56.5,High Risk
779,19.25,Low Risk
779,41.5,Medium Risk
779,61.5,High Risk
779,35.5,Medium Risk
779,39.75,Medium Risk
779,48.0,Medium Risk
780,45.5,Medium Risk
780,20.0,Low Risk
780,27.25,Medium Risk
780,37.25,Medium Risk
780,29.75,Medium Risk
780,31.75,Medium Risk
780,41.0,Medium Risk
780,32.5,Medium Risk
780,49.0,Medium Risk
780,74.0,High Risk
780,19.25,Low Risk
780,22.25,Low Risk
780,27.5,Medium Risk
781,32.5,Medium Risk
781,19.25,Low Risk
781,38.0,Medium Risk
781,69.0,High Risk
781,20.0,Low Risk
781,29.0,Medium Risk
781,27.5,Medium Risk
781,44.0,Medium Risk
781,40.0,Medium Risk
781,49.0,Medium Risk
781,34.25,Medium Risk
781,39.75,Medium Risk
781,35.0,Medium Risk
781,52.0,High Risk
781,32.0,Medium Risk
782,27.25,Medium Risk
782,72.0,High Risk
782,56.5,High Risk
782,20.0,Low Risk
782,51.5,High Risk
782,60.5,High Risk
782,19.25,Low Risk
782,74.0,High Risk
782,39.25,Medium Risk
782,37.25,Medium Risk
782,28.0,Medium Risk
782,35.5,Medium Risk
782,55.5,High Risk
782,49.0,Medium Risk
782,57.0,High Risk
783,20.0,Low Risk
783,19.25,Low Risk
783,74.0,High Risk
783,47.25,Medium Risk
783,64.75,High Risk
783,72.0,High Risk
783,34.25,Medium Risk
783,38.0,Medium Risk
783,40.0,Medium Risk
783,56.5,High Risk
783,77.0,Critical Risk
783,27.25,Medium Risk
783,35.0,Medium Risk
783,59.5,High Risk
784,32.0,Medium Risk
784,37.25,Medium Risk
784,20.0,Low Risk
784,35.0,Medium Risk
784,34.25,Medium Risk
784,26.75,Medium Risk
784,53.0,High Risk
784,56.5,High Risk
784,19.25,Low Risk
784,31.75,Medium Risk
784,22.25,Low Risk
784,29.75,Medium Risk
784,40.0,Medium Risk
784,27.5,Medium Risk
784,21.25,Low Risk
784,29.0,Medium Risk
785,34.75,Medium Risk
785,27.5,Medium Risk
785,36.5,Medium Risk
785,19.25,Low Risk
785,20.0,Low Risk
785,29.5,Medium Risk
785,77.0,Critical Risk
785,26.75,Medium Risk
785,52.5,High Risk
785,27.25,Medium Risk
785,34.25,Medium Risk
785,37.0,Medium Risk
785,74.0,High Risk
786,19.25,Low Risk
786,49.0,Medium Risk
786,35.0,Medium Risk
786,20.0,Low Risk
786,74.5,High Risk
786,46.75,Medium Risk
786,51.75,High Risk
786,40.0,Medium Risk
786,39.25,Medium Risk
786,22.25,Low Risk
786,35.5,Medium Risk
786,31.75,Medium Risk
786,28.0,Medium Risk
786,39.75,Medium Risk
787,32.0,Medium Risk
787,69.0,High Risk
787,31.75,Medium Risk
787,49.0,Medium Risk
787,41.5,Medium Risk
787,36.5,Medium Risk
787,26.75,Medium Risk
787,19.25,Low Risk
787,37.25,Medium Risk
787,56.75,High Risk
787,40.0,Medium Risk
787,74.0,High Risk
787,64.0,High Risk
787,22.25,Low Risk
787,51.75,High Risk
788,49.0,Medium Risk
788,47.25,Medium Risk
788,46.75,Medium Risk
788,27.5,Medium Risk
788,50.5,High Risk
788,19.25,Low Risk
788,64.5,High Risk
788,26.75,Medium Risk
788,27.25,Medium Risk
788,39.25,Medium Risk
788,35.0,Medium Risk
788,47.5,Medium Risk
788,42.25,Medium Risk
788,69.5,High Risk
789,53.0,High Risk
789,19.25,Low Risk
789,25.0,Low Risk
789,20.0,Low Risk
789,29.0,Medium Risk
789,23.0,Low Risk
789,46.75,Medium Risk
789,57.5,High Risk
789,26.75,Medium Risk
789,47.5,Medium Risk
789,32.0,Medium Risk
789,40.0,Medium Risk
790,31.75,Medium Risk
790,37.0,Medium Risk
790,19.25,Low Risk
790,56.5,High Risk
790,74.0,High Risk
790,92.0,Critical Risk
790,39.75,Medium Risk
790,36.5,Medium Risk
790,22.25,Low Risk
790,28.0,Medium Risk
790,27.5,Medium Risk
790,43.0,Medium Risk
790,69.0,High Risk
791,37.0,Medium Risk
791,64.75,High Risk
791,31.75,Medium Risk
791,26.75,Medium Risk
791,19.25,Low Risk
791,33.75,Medium Risk
791,61.5,High Risk
791,51.75,High Risk
791,29.0,Medium Risk
791,66.5,High Risk
791,22.25,Low Risk
792,27.5,Medium Risk
792,19.25,Low Risk
792,20.0,Low Risk
792,27.25,Medium Risk
792,47.25,Medium Risk
792,23.0,Low Risk
792,55.5,High Risk
792,22.25,Low Risk
792,44.0,Medium Risk
792,40.0,Medium Risk
792,47.5,Medium Risk
792,38.0,Medium Risk
792,49.5,Medium Risk
792,50.5,High Risk
792,35.0,Medium Risk
792,29.0,Medium Risk
792,37.25,Medium Risk
793,74.0,High Risk
793,35.5,Medium Risk
793,32.5,Medium Risk
793,46.75,Medium Risk
793,19.25,Low Risk
793,54.75,High Risk
793,26.75,Medium Risk
793,41.5,Medium Risk
793,45.5,Medium Risk
793,29.0,Medium Risk
793,27.5,Medium Risk
793,56.5,High Risk
793,23.0,Low Risk
793,64.0,High Risk
793,64.5,High Risk
793,39.25,Medium Risk
794,32.5,Medium Risk
794,74.0,High Risk
794,56.75,High Risk
794,19.25,Low Risk
794,39.25,Medium Risk
794,20.0,Low Risk
794,26.75,Medium Risk
794,38.0,Medium Risk
794,35.0,Medium Risk
794,27.25,Medium Risk
794,47.5,Medium Risk
794,29.0,Medium Risk
794,34.25,Medium Risk
794,60.25,High Risk
794,44.75,Medium Risk
794,27.5,Medium Risk
794,36.5,Medium Risk
795,42.25,Medium Risk
795,32.5,Medium Risk
795,43.0,Medium Risk
795,20.0,Low Risk
795,74.0,High Risk
795,19.25,Low Risk
795,22.25,Low Risk
795,39.25,Medium Risk
795,69.0,High Risk
795,35.0,Medium Risk
795,27.25,Medium Risk
796,27.25,Medium Risk
796,57.0,High Risk
796,20.0,Low Risk
796,57.25,High Risk
796,27.5,Medium Risk
796,35.0,Medium Risk
796,57.5,High Risk
796,19.25,Low Risk
796,32.5,Medium Risk
796,28.0,Medium Risk
796,47.25,Medium Risk
796,35.5,Medium Risk
796,44.0,Medium Risk
796,46.75,Medium Risk
796,32.0,Medium Risk
797,20.0,Low Risk
797,23.0,Low Risk
797,92.0,Critical Risk
797,19.25,Low Risk
797,34.25,Medium Risk
797,40.5,Medium Risk
797,42.25,Medium Risk
797,35.0,Medium Risk
797,34.75,Medium Risk
798,51.75,High Risk
798,59.75,High Risk
798,45.5,Medium Risk
798,32.5,Medium Risk
798,42.25,Medium Risk
798,46.75,Medium Risk
798,40.0,Medium Risk
798,29.0,Medium Risk
798,19.25,Low Risk
798,31.75,Medium Risk
798,23.0,Low Risk
798,34.25,Medium Risk
798,49.0,Medium Risk
798,27.5,Medium Risk
798,56.75,High Risk
798,22.25,Low Risk
798,39.25,Medium Risk
799,42.25,Medium Risk
799,37.25,Medium Risk
799,19.25,Low Risk
799,20.0,Low Risk
799,50.5,High Risk
799,38.0,Medium Risk
799,21.25,Low Risk
799,52.25,High Risk
799,34.25,Medium Risk
799,56.75,High Risk
799,40.0,Medium Risk
799,27.25,Medium Risk
799,39.25,Medium Risk
799,27.5,Medium Risk
799,22.25,Low Risk
800,31.75,Medium Risk
800,39.25,Medium Risk
800,26.75,Medium Risk
800,46.75,Medium Risk
800,74.0,High Risk
800,19.25,Low Risk
800,35.5,Medium Risk
800,27.5,Medium Risk
800,41.5,Medium Risk
800,49.75,Medium Risk
801,46.75,Medium Risk
801,77.0,Critical Risk
801,28.0,Medium Risk
801,34.25,Medium Risk
801,32.5,Medium Risk
801,35.0,Medium Risk
801,27.5,Medium Risk
801,64.0,High Risk
801,19.25,Low Risk
801,39.75,Medium Risk
801,44.0,Medium Risk
801,52.0,High Risk
801,40.0,Medium Risk
801,51.75,High Risk
801,20.0,Low Risk
801,41.5,Medium Risk
801,31.75,Medium Risk
801,29.0,Medium Risk
801,23.0,Low Risk
801,65.5,High Risk
802,67.0,High Risk
802,41.5,Medium Risk
802,42.25,Medium Risk
802,61.5,High Risk
802,20.0,Low Risk
802,47.0,Medium Risk
802,29.0,Medium Risk
802,74.0,High Risk
802,32.5,Medium Risk
802,28.0,Medium Risk
802,19.25,Low Risk
802,44.0,Medium Risk
802,32.0,Medium Risk
803,43.0,Medium Risk
803,20.0,Low Risk
803,52.5,High Risk
803,19.25,Low Risk
803,46.75,Medium Risk
803,35.0,Medium Risk
803,56.5,High Risk
803,66.5,High Risk
803,47.5,Medium Risk
803,28.0,Medium Risk
803,34.25,Medium Risk
803,54.75,High Risk
803,39.25,Medium Risk
803,44.0,Medium Risk
804,49.0,Medium Risk
804,43.0,Medium Risk
804,69.75,High Risk
804,41.5,Medium Risk
804,26.75,Medium Risk
804,20.0,Low Risk
804,32.5,Medium Risk
804,76.0,Critical Risk
804,74.0,High Risk
804,39.25,Medium Risk
804,82.0,Critical Risk
804,69.0,High Risk
804,56.5,High Risk
804,19.25,Low Risk
804,77.0,Critical Risk
804,37.0,Medium Risk
804,40.0,Medium Risk
805,27.25,Medium Risk
805,32.5,Medium Risk
805,43.0,Medium Risk
805,19.25,Low Risk
805,31.75,Medium Risk
805,20.0,Low Risk
805,35.5,Medium Risk
805,28.0,Medium Risk
805,74.0,High Risk
805,67.0,High Risk
805,29.0,Medium Risk
805,31.0,Medium Risk
806,74.0,High Risk
806,42.0,Medium Risk
806,56.75,High Risk
806,51.5,High Risk
806,64.0,High Risk
806,42.25,Medium Risk
806,23.0,Low Risk
806,51.75,High Risk
806,19.25,Low Risk
806,20.0,Low Risk
806,64.75,High Risk
806,39.25,Medium Risk
807,59.5,High Risk
807,40.0,Medium Risk
807,51.5,High Risk
807,32.25,Medium Risk
807,19.25,Low Risk
807,61.5,High Risk
807,24.25,Low Risk
807,64.75,High Risk
807,69.0,High Risk
807,27.5,Medium Risk
807,44.0,Medium Risk
807,41.5,Medium Risk
807,34.25,Medium Risk
807,64.0,High Risk
808,40.0,Medium Risk
808,50.5,High Risk
808,64.0,High Risk
808,32.5,Medium Risk
808,57.5,High Risk
808,20.0,Low Risk
808,44.0,Medium Risk
808,39.25,Medium Risk
808,37.0,Medium Risk
808,42.25,Medium Risk
808,27.5,Medium Risk
808,46.75,Medium Risk
808,19.25,Low Risk
809,59.75,High Risk
809,20.0,Low Risk
809,54.75,High Risk
809,23.0,Low Risk
809,29.0,Medium Risk
809,46.75,Medium Risk
809,36.5,Medium Risk
809,34.25,Medium Risk
809,53.0,High Risk
809,28.0,Medium Risk
809,34.75,Medium Risk
809,37.0,Medium Risk
809,56.5,High Risk
809,19.25,Low Risk
809,51.75,High Risk
809,47.25,Medium Risk
809,32.5,Medium Risk
810,44.0,Medium Risk
810,39.25,Medium Risk
810,20.0,Low Risk
810,57.5,High Risk
810,27.25,Medium Risk
810,66.5,High Risk
810,56.5,High Risk
810,56.75,High Risk
810,19.25,Low Risk
810,37.0,Medium Risk
810,35.0,Medium Risk
810,51.75,High Risk
810,44.5,Medium Risk
811,26.75,Medium Risk
811,31.75,Medium Risk
811,19.25,Low Risk
811,41.5,Medium Risk
811,20.0,Low Risk
811,34.25,Medium Risk
811,42.25,Medium Risk
811,40.0,Medium Risk
811,30.5,Medium Risk
811,21.25,Low Risk
811,46.0,Medium Risk
811,48.0,Medium Risk
811,39.75,Medium Risk
811,39.25,Medium Risk
811,27.25,Medium Risk
811,28.0,Medium Risk
811,64.75,High Risk
811,34.5,Medium Risk
811,43.0,Medium Risk
812,19.25,Low Risk
812,46.75,Medium Risk
812,39.25,Medium Risk
812,32.5,Medium Risk
812,31.0,Medium Risk
812,20.0,Low Risk
812,29.0,Medium Risk
812,56.5,High Risk
812,52.5,High Risk
812,47.5,Medium Risk
812,49.0,Medium Risk
812,27.25,Medium Risk
812,40.0,Medium Risk
812,57.5,High Risk
813,26.75,Medium Risk
813,36.5,Medium Risk
813,66.5,High Risk
813,37.25,Medium Risk
813,52.5,High Risk
813,35.0,Medium Risk
813,59.75,High Risk
813,20.0,Low Risk
813,34.25,Medium Risk
813,22.25,Low Risk
813,46.75,Medium Risk
813,56.75,High Risk
813,40.0,Medium Risk
813,55.5,High Risk
813,69.5,High Risk
814,32.5,Medium Risk
814,22.25,Low Risk
814,27.5,Medium Risk
814,20.0,Low Risk
814,26.75,Medium Risk
814,28.0,Medium Risk
814,22.0,Low Risk
814,40.0,Medium Risk
814,19.25,Low Risk
814,40.5,Medium Risk
814,41.5,Medium Risk
814,51.75,High Risk
814,31.75,Medium Risk
814,60.5,High Risk
814,35.5,Medium Risk
815,19.25,Low Risk
815,20.0,Low Risk
815,29.0,Medium Risk
816,26.75,Medium Risk
816,47.25,Medium Risk
816,31.75,Medium Risk
816,19.25,Low Risk
816,43.0,Medium Risk
816,34.25,Medium Risk
816,29.75,Medium Risk
816,44.5,Medium Risk
816,35.0,Medium Risk
816,52.5,High Risk
816,44.0,Medium Risk
817,26.75,Medium Risk
817,56.75,High Risk
817,20.0,Low Risk
817,31.75,Medium Risk
817,69.0,High Risk
817,32.5,Medium Risk
817,23.0,Low Risk
817,51.75,High Risk
817,74.0,High Risk
817,19.25,Low Risk
817,22.25,Low Risk
817,27.25,Medium Risk
817,52.5,High Risk
817,36.5,Medium Risk
817,92.0,Critical Risk
817,64.0,High Risk
818,35.0,Medium Risk
818,20.0,Low Risk
818,72.0,High Risk
818,19.25,Low Risk
818,29.0,Medium Risk
818,22.25,Low Risk
818,23.0,Low Risk
818,28.0,Medium Risk
818,22.0,Low Risk
818,27.25,Medium Risk
818,69.75,High Risk
818,21.25,Low Risk
818,48.0,Medium Risk
818,36.25,Medium Risk
818,82.0,Critical Risk
818,34.25,Medium Risk
818,52.5,High Risk
818,46.75,Medium Risk
818,40.25,Medium Risk
819,29.0,Medium Risk
819,19.25,Low Risk
819,23.0,Low Risk
819,35.0,Medium Risk
819,37.25,Medium Risk
819,20.0,Low Risk
819,39.25,Medium Risk
819,51.75,High Risk
819,40.0,Medium Risk
819,31.75,Medium Risk
819,52.0,High Risk
819,45.5,Medium Risk
819,22.25,Low Risk
819,34.75,Medium Risk
819,33.75,Medium Risk
820,19.25,Low Risk
820,32.5,Medium Risk
820,20.0,Low Risk
820,39.25,Medium Risk
820,27.25,Medium Risk
820,47.5,Medium Risk
820,56.5,High Risk
820,40.0,Medium Risk
820,23.0,Low Risk
820,59.5,High Risk
821,64.0,High Risk
821,65.5,High Risk
821,69.0,High Risk
821,42.25,Medium Risk
821,37.25,Medium Risk
821,74.0,High Risk
821,23.0,Low Risk
821,39.25,Medium Risk
821,19.25,Low Risk
821,21.25,Low Risk
821,51.75,High Risk
821,34.75,Medium Risk
821,32.5,Medium Risk
821,27.5,Medium Risk
821,56.75,High Risk
821,31.75,Medium Risk
822,19.25,Low Risk
822,38.0,Medium Risk
822,46.75,Medium Risk
822,74.0,High Risk
822,28.0,Medium Risk
822,64.0,High Risk
822,69.0,High Risk
822,39.75,Medium Risk
822,42.25,Medium Risk
822,60.5,High Risk
822,37.25,Medium Risk
822,26.75,Medium Risk
822,35.0,Medium Risk
823,64.0,High Risk
823,19.25,Low Risk
823,39.25,Medium Risk
823,49.0,Medium Risk
823,31.75,Medium Risk
823,34.25,Medium Risk
823,35.0,Medium Risk
823,37.25,Medium Risk
823,44.0,Medium Risk
823,23.0,Low Risk
823,47.5,Medium Risk
823,26.75,Medium Risk
823,28.0,Medium Risk
823,43.5,Medium Risk
823,20.0,Low Risk
823,32.5,Medium Risk
823,41.0,Medium Risk
823,42.25,Medium Risk
824,31.75,Medium Risk
824,19.25,Low Risk
824,35.0,Medium Risk
824,20.0,Low Risk
824,27.25,Medium Risk
824,40.0,Medium Risk
824,82.0,Critical Risk
824,47.5,Medium Risk
824,23.0,Low Risk
824,74.0,High Risk
824,51.75,High Risk
824,28.0,Medium Risk
824,56.75,High Risk
824,41.5,Medium Risk
824,29.0,Medium Risk
824,32.5,Medium Risk
824,49.0,Medium Risk
824,39.25,Medium Risk
825,23.0,Low Risk
825,47.5,Medium Risk
825,36.5,Medium Risk
825,22.25,Low Risk
825,20.0,Low Risk
825,28.0,Medium Risk
825,34.25,Medium Risk
825,31.75,Medium Risk
825,35.5,Medium Risk
825,29.0,Medium Risk
825,37.0,Medium Risk
825,19.25,Low Risk
825,39.25,Medium Risk
825,32.5,Medium Risk
826,46.75,Medium Risk
826,20.0,Low Risk
826,40.0,Medium Risk
826,19.25,Low Risk
826,74.0,High Risk
826,34.25,Medium Risk
826,37.25,Medium Risk
826,22.0,Low Risk
826,51.75,High Risk
826,39.25,Medium Risk
826,41.5,Medium Risk
826,31.75,Medium Risk
827,48.0,Medium Risk
827,19.25,Low Risk
827,32.5,Medium Risk
827,35.5,Medium Risk
827,31.75,Medium Risk
827,40.0,Medium Risk
827,27.25,Medium Risk
827,39.25,Medium Risk
827,20.0,Low Risk
827,22.25,Low Risk
827,29.0,Medium Risk
827,44.5,Medium Risk
827,34.25,Medium Risk
828,20.0,Low Risk
828,32.5,Medium Risk
828,57.5,High Risk
828,19.25,Low Risk
828,41.5,Medium Risk
828,74.0,High Risk
828,27.25,Medium Risk
828,45.25,Medium Risk
828,35.0,Medium Risk
828,37.25,Medium Risk
828,26.75,Medium Risk
828,47.5,Medium Risk
828,51.75,High Risk
829,32.5,Medium Risk
829,40.0,Medium Risk
829,27.25,Medium Risk
829,30.5,Medium Risk
829,29.0,Medium Risk
829,19.25,Low Risk
829,22.25,Low Risk
829,20.0,Low Risk
829,49.75,Medium Risk
829,40.5,Medium Risk
829,31.75,Medium Risk
829,26.75,Medium Risk
829,41.5,Medium Risk
829,47.5,Medium Risk
829,51.75,High Risk
829,39.25,Medium Risk
829,52.5,High Risk
830,26.75,Medium Risk
830,32.5,Medium Risk
830,49.0,Medium Risk
830,27.25,Medium Risk
830,20.0,Low Risk
830,36.5,Medium Risk
830,39.25,Medium Risk
830,34.75,Medium Risk
830,29.0,Medium Risk
830,37.25,Medium Risk
830,51.75,High Risk
830,29.75,Medium Risk
830,29.5,Medium Risk
830,48.75,Medium Risk
830,57.5,High Risk
830,31.75,Medium Risk
830,27.5,Medium Risk
830,42.25,Medium Risk
830,35.0,Medium Risk
830,19.25,Low Risk
830,35.5,Medium Risk
831,64.0,High Risk
831,74.0,High Risk
831,36.5,Medium Risk
831,30.5,Medium Risk
831,31.75,Medium Risk
831,41.5,Medium Risk
831,19.25,Low Risk
831,61.5,High Risk
831,49.0,Medium Risk
831,26.75,Medium Risk
831,34.75,Medium Risk
831,77.0,Critical Risk
831,42.25,Medium Risk
831,47.75,Medium Risk
831,58.5,High Risk
832,36.5,Medium Risk
832,31.75,Medium Risk
832,77.0,Critical Risk
832,27.25,Medium Risk
832,32.5,Medium Risk
832,26.75,Medium Risk
832,29.0,Medium Risk
832,40.0,Medium Risk
832,23.0,Low Risk
832,37.25,Medium Risk
832,19.25,Low Risk
832,47.0,Medium Risk
832,67.0,High Risk
833,39.25,Medium Risk
833,19.25,Low Risk
833,35.0,Medium Risk
833,56.5,High Risk
833,20.0,Low Risk
833,29.0,Medium Risk
833,74.75,High Risk
833,82.0,Critical Risk
833,31.75,Medium Risk
833,34.25,Medium Risk
833,77.75,Critical Risk
834,41.5,Medium Risk
834,34.5,Medium Risk
834,20.0,Low Risk
834,19.25,Low Risk
834,29.0,Medium Risk
834,22.25,Low Risk
834,23.0,Low Risk
834,40.0,Medium Risk
834,32.0,Medium Risk
834,27.25,Medium Risk
834,45.5,Medium Risk
834,28.0,Medium Risk
834,25.0,Low Risk
835,30.5,Medium Risk
835,36.5,Medium Risk
835,39.25,Medium Risk
835,41.5,Medium Risk
835,26.75,Medium Risk
835,40.0,Medium Risk
835,52.0,High Risk
835,44.5,Medium Risk
835,49.5,Medium Risk
835,27.5,Medium Risk
835,31.75,Medium Risk
835,32.5,Medium Risk
835,74.0,High Risk
836,26.75,Medium Risk
836,20.0,Low Risk
836,60.5,High Risk
836,56.75,High Risk
836,19.25,Low Risk
836,64.0,High Risk
836,52.25,High Risk
836,40.0,Medium Risk
836,39.25,Medium Risk
836,69.0,High Risk
836,54.75,High Risk
836,46.75,Medium Risk
836,74.0,High Risk
836,31.75,Medium Risk
836,45.5,Medium Risk
836,36.5,Medium Risk
836,37.25,Medium Risk
836,38.0,Medium Risk
837,32.5,Medium Risk
837,49.75,Medium Risk
837,39.25,Medium Risk
837,19.25,Low Risk
837,33.75,Medium Risk
837,47.25,Medium Risk
837,27.25,Medium Risk
837,74.0,High Risk
837,20.0,Low Risk
837,46.75,Medium Risk
837,32.25,Medium Risk
837,49.0,Medium Risk
837,32.0,Medium Risk
837,27.5,Medium Risk
837,22.0,Low Risk
837,51.5,High Risk
837,31.75,Medium Risk
837,41.5,Medium Risk
837,56.5,High Risk
837,34.25,Medium Risk
837,51.75,High Risk
837,35.0,Medium Risk
837,37.0,Medium Risk
838,56.5,High Risk
838,74.0,High Risk
838,34.25,Medium Risk
838,19.25,Low Risk
838,46.75,Medium Risk
838,29.0,Medium Risk
838,55.5,High Risk
838,34.75,Medium Risk
838,82.0,Critical Risk
838,38.0,Medium Risk
838,50.5,High Risk
838,20.0,Low Risk
838,39.25,Medium Risk
838,49.75,Medium Risk
838,22.25,Low Risk
838,31.75,Medium Risk
839,19.25,Low Risk
839,27.5,Medium Risk
839,36.5,Medium Risk
839,34.25,Medium Risk
839,74.0,High Risk
839,34.75,Medium Risk
839,40.0,Medium Risk
839,22.25,Low Risk
839,32.5,Medium Risk
839,20.0,Low Risk
839,26.75,Medium Risk
839,31.75,Medium Risk
839,48.0,Medium Risk
839,27.25,Medium Risk
839,52.0,High Risk
839,39.25,Medium Risk
839,42.25,Medium Risk
840,34.75,Medium Risk
840,49.0,Medium Risk
840,51.75,High Risk
840,32.5,Medium Risk
840,39.25,Medium Risk
840,20.0,Low Risk
840,31.75,Medium Risk
840,74.0,High Risk
840,19.25,Low Risk
840,49.75,Medium Risk
840,46.75,Medium Risk
840,72.0,High Risk
840,47.5,Medium Risk
840,34.25,Medium Risk
840,33.75,Medium Risk
840,42.25,Medium Risk
840,35.5,Medium Risk
840,45.25,Medium Risk
840,47.25,Medium Risk
841,28.0,Medium Risk
841,20.0,Low Risk
841,19.25,Low Risk
841,32.5,Medium Risk
841,29.0,Medium Risk
841,34.75,Medium Risk
841,64.0,High Risk
841,46.75,Medium Risk
841,27.25,Medium Risk
841,44.75,Medium Risk
841,69.0,High Risk
842,19.25,Low Risk
842,20.0,Low Risk
842,27.5,Medium Risk
842,22.25,Low Risk
842,29.0,Medium Risk
842,66.5,High Risk
842,47.5,Medium Risk
842,51.75,High Risk
842,52.5,High Risk
842,43.0,Medium Risk
842,39.75,Medium Risk
842,54.75,High Risk
842,38.0,Medium Risk
842,37.25,Medium Risk
842,61.5,High Risk
843,32.0,Medium Risk
843,43.0,Medium Risk
843,32.5,Medium Risk
843,23.0,Low Risk
843,74.0,High Risk
843,53.5,High Risk
843,50.5,High Risk
843,37.0,Medium Risk
843,39.25,Medium Risk
843,27.5,Medium Risk
843,56.5,High Risk
843,37.25,Medium Risk
843,64.0,High Risk
843,41.5,Medium Risk
843,20.0,Low Risk
843,19.25,Low Risk
843,72.0,High Risk
844,20.0,Low Risk
844,26.75,Medium Risk
844,51.75,High Risk
844,31.75,Medium Risk
844,39.25,Medium Risk
844,35.5,Medium Risk
844,77.0,Critical Risk
844,19.25,Low Risk
844,46.75,Medium Risk
844,32.5,Medium Risk
844,40.0,Medium Risk
844,35.0,Medium Risk
844,41.5,Medium Risk
844,50.5,High Risk
844,27.5,Medium Risk
844,33.75,Medium Risk
845,39.25,Medium Risk
845,37.25,Medium Risk
845,67.0,High Risk
845,69.0,High Risk
845,26.75,Medium Risk
845,23.0,Low Risk
845,25.0,Low Risk
845,42.0,Medium Risk
845,27.5,Medium Risk
845,20.0,Low Risk
845,74.0,High Risk
845,55.5,High Risk
845,59.75,High Risk
845,19.25,Low Risk
845,31.75,Medium Risk
845,27.25,Medium Risk
845,32.5,Medium Risk
846,38.0,Medium Risk
846,31.75,Medium Risk
846,20.0,Low Risk
846,66.5,High Risk
846,52.5,High Risk
846,58.0,High Risk
846,39.25,Medium Risk
846,56.5,High Risk
846,41.5,Medium Risk
846,22.25,Low Risk
846,26.75,Medium Risk
846,19.25,Low Risk
846,53.5,High Risk
846,34.75,Medium Risk
846,47.25,Medium Risk
846,35.0,Medium Risk
846,34.25,Medium Risk
846,23.0,Low Risk
846,40.0,Medium Risk
846,37.25,Medium Risk
846,35.5,Medium Risk
847,40.0,Medium Risk
847,57.5,High Risk
847,20.0,Low Risk
847,31.75,Medium Risk
847,32.5,Medium Risk
847,24.25,Low Risk
847,28.0,Medium Risk
847,52.5,High Risk
847,56.5,High Risk
847,61.5,High Risk
847,46.75,Medium Risk
847,74.0,High Risk
847,19.25,Low Risk
847,56.75,High Risk
847,51.75,High Risk
847,69.0,High Risk
847,42.25,Medium Risk
847,47.5,Medium Risk
847,29.0,Medium Risk
848,37.25,Medium Risk
848,51.75,High Risk
848,30.5,Medium Risk
848,34.25,Medium Risk
848,56.75,High Risk
848,43.0,Medium Risk
848,47.5,Medium Risk
848,19.25,Low Risk
848,60.5,High Risk
848,57.25,High Risk
848,32.5,Medium Risk
848,52.25,High Risk
848,27.25,Medium Risk
848,45.5,Medium Risk
848,52.5,High Risk
848,83.5,Critical Risk
848,67.0,High Risk
848,23.0,Low Risk
848,37.0,Medium Risk
849,26.75,Medium Risk
849,48.0,Medium Risk
849,22.25,Low Risk
849,40.0,Medium Risk
849,20.0,Low Risk
849,35.0,Medium Risk
849,31.75,Medium Risk
849,37.0,Medium Risk
849,19.25,Low Risk
849,41.0,Medium Risk
849,32.5,Medium Risk
849,27.25,Medium Risk
849,56.75,High Risk
850,35.0,Medium Risk
850,42.25,Medium Risk
850,41.5,Medium Risk
850,20.0,Low Risk
850,49.5,Medium Risk
850,40.0,Medium Risk
850,59.5,High Risk
850,32.5,Medium Risk
850,19.25,Low Risk
850,26.75,Medium Risk
850,42.0,Medium Risk
850,43.0,Medium Risk
850,39.75,Medium Risk
850,27.5,Medium Risk
850,52.0,High Risk
850,37.0,Medium Risk
850,29.75,Medium Risk
851,31.75,Medium Risk
851,50.5,High Risk
851,72.0,High Risk
851,74.0,High Risk
851,67.0,High Risk
851,41.5,Medium Risk
851,27.25,Medium Risk
851,32.5,Medium Risk
851,61.0,High Risk
851,64.0,High Risk
851,20.0,Low Risk
851,49.0,Medium Risk
851,27.5,Medium Risk
851,77.0,Critical Risk
851,49.5,Medium Risk
851,26.75,Medium Risk
851,40.0,Medium Risk
851,30.5,Medium Risk
851,76.0,Critical Risk
851,29.0,Medium Risk
852,42.25,Medium Risk
852,49.0,Medium Risk
852,31.75,Medium Risk
852,44.0,Medium Risk
852,46.75,Medium Risk
852,26.75,Medium Risk
852,52.5,High Risk
852,29.0,Medium Risk
852,39.5,Medium Risk
852,19.25,Low Risk
852,35.0,Medium Risk
852,34.25,Medium Risk
852,47.5,Medium Risk
852,39.25,Medium Risk
853,23.0,Low Risk
853,29.0,Medium Risk
853,38.0,Medium Risk
853,20.0,Low Risk
853,19.25,Low Risk
853,40.0,Medium Risk
853,27.25,Medium Risk
854,49.0,Medium Risk
854,20.0,Low Risk
854,52.25,High Risk
854,31.75,Medium Risk
854,29.0,Medium Risk
854,64.0,High Risk
854,74.0,High Risk
854,35.0,Medium Risk
854,19.25,Low Risk
854,28.0,Medium Risk
854,34.25,Medium Risk
854,57.25,High Risk
854,22.25,Low Risk
854,36.5,Medium Risk
854,35.5,Medium Risk
855,20.0,Low Risk
855,35.0,Medium Risk
855,26.75,Medium Risk
855,39.25,Medium Risk
855,52.0,High Risk
855,34.75,Medium Risk
855,37.25,Medium Risk
855,19.25,Low Risk
855,47.25,Medium Risk
855,49.0,Medium Risk
855,74.0,High Risk
855,32.5,Medium Risk
855,22.25,Low Risk
855,40.0,Medium Risk
856,39.75,Medium Risk
856,31.75,Medium Risk
856,20.0,Low Risk
856,57.5,High Risk
856,32.0,Medium Risk
856,32.5,Medium Risk
856,47.25,Medium Risk
856,19.25,Low Risk
856,34.25,Medium Risk
856,27.5,Medium Risk
856,42.25,Medium Risk
856,34.75,Medium Risk
856,39.25,Medium Risk
856,46.75,Medium Risk
856,44.5,Medium Risk
857,19.25,Low Risk
857,45.5,Medium Risk
857,47.5,Medium Risk
857,33.0,Medium Risk
857,54.75,High Risk
857,32.5,Medium Risk
857,60.5,High Risk
857,51.5,High Risk
857,34.75,Medium Risk
857,59.75,High Risk
857,21.25,Low Risk
857,61.5,High Risk
857,74.0,High Risk
857,51.75,High Risk
857,52.5,High Risk
857,39.25,Medium Risk
857,27.5,Medium Risk
857,56.5,High Risk
857,31.75,Medium Risk
857,35.0,Medium Risk
858,39.75,Medium Risk
858,27.5,Medium Risk
858,47.5,Medium Risk
858,52.5,High Risk
858,56.5,High Risk
858,74.0,High Risk
858,49.5,Medium Risk
858,39.25,Medium Risk
858,28.0,Medium Risk
858,47.25,Medium Risk
858,66.5,High Risk
858,58.0,High Risk
858,22.25,Low Risk
858,49.75,Medium Risk
859,26.75,Medium Risk
859,53.5,High Risk
859,19.25,Low Risk
859,28.0,Medium Risk
859,31.75,Medium Risk
859,27.25,Medium Risk
859,66.5,High Risk
859,74.0,High Risk
859,47.5,Medium Risk
859,39.25,Medium Risk
859,40.0,Medium Risk
859,44.0,Medium Risk
859,20.0,Low Risk
859,77.0,Critical Risk
859,34.5,Medium Risk
860,40.0,Medium Risk
860,47.0,Medium Risk
860,34.25,Medium Risk
860,74.0,High Risk
860,69.0,High Risk
860,19.25,Low Risk
860,64.0,High Risk
860,42.25,Medium Risk
860,44.5,Medium Risk
860,26.75,Medium Risk
860,74.5,High Risk
860,35.0,Medium Risk
860,40.5,Medium Risk
860,56.5,High Risk
860,41.25,Medium Risk
860,57.25,High Risk
860,47.25,Medium Risk
861,31.75,Medium Risk
861,37.0,Medium Risk
861,19.25,Low Risk
861,20.0,Low Risk
861,22.25,Low Risk
861,40.25,Medium Risk
861,23.0,Low Risk
861,30.5,Medium Risk
861,32.5,Medium Risk
862,57.25,High Risk
862,52.5,High Risk
862,23.0,Low Risk
862,39.25,Medium Risk
862,64.0,High Risk
862,61.5,High Risk
862,40.0,Medium Risk
862,29.0,Medium Risk
862,60.5,High Risk
862,46.75,Medium Risk
862,82.0,Critical Risk
862,31.75,Medium Risk
862,51.75,High Risk
862,72.0,High Risk
862,54.75,High Risk
862,38.0,Medium Risk
862,65.5,High Risk
862,26.75,Medium Risk
862,34.25,Medium Risk
862,43.0,Medium Risk
862,27.25,Medium Risk
862,37.25,Medium Risk
862,57.5,High Risk
862,35.5,Medium Risk
862,47.5,Medium Risk
862,56.75,High Risk
863,20.0,Low Risk
863,52.5,High Risk
863,27.25,Medium Risk
863,55.5,High Risk
863,19.25,Low Risk
863,40.0,Medium Risk
863,64.0,High Risk
863,47.5,Medium Risk
863,57.5,High Risk
863,53.5,High Risk
863,65.5,High Risk
863,77.0,Critical Risk
863,36.5,Medium Risk
864,27.25,Medium Risk
864,39.25,Medium Risk
864,19.25,Low Risk
864,20.0,Low Risk
864,49.0,Medium Risk
864,42.25,Medium Risk
864,29.0,Medium Risk
864,22.0,Low Risk
864,29.75,Medium Risk
864,41.5,Medium Risk
864,22.25,Low Risk
864,46.75,Medium Risk
865,22.25,Low Risk
865,77.0,Critical Risk
865,19.25,Low Risk
865,55.0,High Risk
865,20.0,Low Risk
865,38.0,Medium Risk
865,52.5,High Risk
865,74.0,High Risk
865,47.5,Medium Risk
866,40.0,Medium Risk
866,36.5,Medium Risk
866,56.75,High Risk
866,35.0,Medium Risk
866,37.25,Medium Risk
866,19.25,Low Risk
866,20.0,Low Risk
866,34.75,Medium Risk
866,22.0,Low Risk
866,59.75,High Risk
866,58.75,High Risk
866,31.75,Medium Risk
866,27.5,Medium Risk
866,25.0,Low Risk
866,32.5,Medium Risk
866,26.75,Medium Risk
866,22.25,Low Risk
866,48.75,Medium Risk
866,47.5,Medium Risk
866,49.0,Medium Risk
867,39.25,Medium Risk
867,29.0,Medium Risk
867,69.5,High Risk
867,29.75,Medium Risk
867,34.25,Medium Risk
867,37.25,Medium Risk
867,52.5,High Risk
867,67.0,High Risk
867,65.5,High Risk
867,49.0,Medium Risk
867,34.75,Medium Risk
868,19.25,Low Risk
868,66.5,High Risk
868,37.25,Medium Risk
868,27.25,Medium Risk
868,36.5,Medium Risk
868,44.75,Medium Risk
868,20.0,Low Risk
868,56.75,High Risk
868,38.0,Medium Risk
868,41.5,Medium Risk
869,32.5,Medium Risk
869,27.5,Medium Risk
869,43.5,Medium Risk
869,31.75,Medium Risk
869,20.0,Low Risk
869,52.5,High Risk
869,31.0,Medium Risk
869,19.25,Low Risk
869,26.75,Medium Risk
869,34.25,Medium Risk
869,27.25,Medium Risk
869,29.0,Medium Risk
869,34.5,Medium Risk
869,40.5,Medium Risk
869,61.5,High Risk
870,27.25,Medium Risk
870,29.0,Medium Risk
870,19.25,Low Risk
870,20.0,Low Risk
870,27.5,Medium Risk
870,31.75,Medium Risk
870,46.75,Medium Risk
870,34.25,Medium Risk
870,47.75,Medium Risk
870,44.75,Medium Risk
870,39.25,Medium Risk
870,52.5,High Risk
870,69.5,High Risk
871,26.75,Medium Risk
871,49.75,Medium Risk
871,64.0,High Risk
871,69.0,High Risk
871,49.5,Medium Risk
871,35.5,Medium Risk
871,31.75,Medium Risk
871,34.25,Medium Risk
871,19.25,Low Risk
871,34.75,Medium Risk
871,43.0,Medium Risk
872,49.0,Medium Risk
872,40.0,Medium Risk
872,28.0,Medium Risk
872,20.0,Low Risk
872,31.75,Medium Risk
872,26.75,Medium Risk
872,42.0,Medium Risk
872,19.25,Low Risk
872,100.0,Critical Risk
872,29.0,Medium Risk
872,56.5,High Risk
872,34.75,Medium Risk
872,42.25,Medium Risk
872,37.25,Medium Risk
872,51.5,High Risk
873,39.25,Medium Risk
873,32.5,Medium Risk
873,46.0,Medium Risk
873,19.25,Low Risk
873,23.0,Low Risk
873,27.25,Medium Risk
873,31.75,Medium Risk
873,40.0,Medium Risk
873,38.0,Medium Risk
873,64.0,High Risk
873,27.5,Medium Risk
874,20.0,Low Risk
874,52.5,High Risk
874,19.25,Low Risk
874,49.75,Medium Risk
874,56.75,High Risk
874,47.5,Medium Risk
874,39.25,Medium Risk
874,48.75,Medium Risk
874,54.75,High Risk
874,35.0,Medium Risk
874,57.5,High Risk
874,28.0,Medium Risk
874,27.5,Medium Risk
874,35.5,Medium Risk
874,58.75,High Risk
874,51.75,High Risk
874,47.25,Medium Risk
874,74.75,High Risk
875,47.5,Medium Risk
875,40.0,Medium Risk
875,19.25,Low Risk
875,51.75,High Risk
875,55.5,High Risk
875,26.75,Medium Risk
875,32.0,Medium Risk
875,36.25,Medium Risk
875,32.5,Medium Risk
875,48.0,Medium Risk
875,27.5,Medium Risk
875,35.5,Medium Risk
875,44.0,Medium Risk
875,59.5,High Risk
875,64.5,High Risk
876,59.75,High Risk
876,64.0,High Risk
876,31.75,Medium Risk
876,43.0,Medium Risk
876,19.25,Low Risk
876,20.0,Low Risk
876,40.0,Medium Risk
876,27.25,Medium Risk
876,64.5,High Risk
877,41.5,Medium Risk
877,32.5,Medium Risk
877,20.0,Low Risk
877,40.0,Medium Risk
877,28.0,Medium Risk
877,19.25,Low Risk
877,26.75,Medium Risk
877,22.25,Low Risk
877,34.5,Medium Risk
877,32.0,Medium Risk
877,31.75,Medium Risk
877,22.0,Low Risk
877,36.5,Medium Risk
877,35.5,Medium Risk
877,27.5,Medium Risk
877,49.0,Medium Risk
877,39.5,Medium Risk
878,37.25,Medium Risk
878,32.5,Medium Risk
878,39.25,Medium Risk
878,41.5,Medium Risk
878,20.0,Low Risk
878,26.75,Medium Risk
878,31.75,Medium Risk
878,72.75,High Risk
878,19.25,Low Risk
878,34.25,Medium Risk
878,36.5,Medium Risk
878,23.0,Low Risk
878,38.0,Medium Risk
879,42.25,Medium Risk
879,40.0,Medium Risk
879,51.75,High Risk
879,20.0,Low Risk
879,19.25,Low Risk
879,31.75,Medium Risk
879,28.0,Medium Risk
879,46.75,Medium Risk
879,22.0,Low Risk
879,27.25,Medium Risk
879,64.75,High Risk
879,29.0,Medium Risk
879,49.75,Medium Risk
880,65.5,High Risk
880,51.75,High Risk
880,72.0,High Risk
880,19.25,Low Risk
880,32.5,Medium Risk
880,74.0,High Risk
880,37.25,Medium Risk
880,40.0,Medium Risk
880,20.0,Low Risk
880,26.75,Medium Risk
880,52.0,High Risk
880,82.0,Critical Risk
880,59.75,High Risk
880,47.5,Medium Risk
880,39.25,Medium Risk
881,47.0,Medium Risk
881,19.25,Low Risk
881,29.0,Medium Risk
881,28.0,Medium Risk
881,52.0,High Risk
881,44.0,Medium Risk
881,51.75,High Risk
881,31.0,Medium Risk
881,34.25,Medium Risk
881,32.0,Medium Risk
881,46.75,Medium Risk
881,40.0,Medium Risk
881,52.5,High Risk
881,22.25,Low Risk
882,26.25,Medium Risk
882,27.5,Medium Risk
882,19.25,Low Risk
882,29.0,Medium Risk
882,32.0,Medium Risk
882,23.0,Low Risk
882,20.0,Low Risk
882,35.0,Medium Risk
882,39.25,Medium Risk
882,22.25,Low Risk
882,27.25,Medium Risk
882,28.0,Medium Risk
882,49.0,Medium Risk
882,40.0,Medium Risk
882,61.0,High Risk
883,32.5,Medium Risk
883,19.25,Low Risk
883,43.0,Medium Risk
883,29.0,Medium Risk
883,20.0,Low Risk
883,65.5,High Risk
883,56.75,High Risk
883,44.0,Medium Risk
883,22.25,Low Risk
883,39.25,Medium Risk
883,31.75,Medium Risk
883,56.5,High Risk
883,35.0,Medium Risk
883,66.5,High Risk
883,26.75,Medium Risk
883,59.75,High Risk
883,27.25,Medium Risk
883,27.5,Medium Risk
884,74.5,High Risk
884,19.25,Low Risk
884,45.5,Medium Risk
884,43.0,Medium Risk
884,22.25,Low Risk
884,47.25,Medium Risk
884,27.5,Medium Risk
884,74.0,High Risk
884,23.0,Low Risk
884,20.0,Low Risk
884,34.25,Medium Risk
884,51.5,High Risk
884,29.0,Medium Risk
884,56.5,High Risk
884,57.0,High Risk
884,31.75,Medium Risk
884,48.0,Medium Risk
884,39.25,Medium Risk
885,19.25,Low Risk
885,22.25,Low Risk
885,37.0,Medium Risk
885,20.0,Low Risk
885,69.0,High Risk
885,26.75,Medium Risk
885,29.0,Medium Risk
885,23.0,Low Risk
885,27.25,Medium Risk
885,40.25,Medium Risk
885,28.0,Medium Risk
886,31.75,Medium Risk
886,19.25,Low Risk
886,44.0,Medium Risk
886,64.5,High Risk
886,35.0,Medium Risk
886,50.5,High Risk
886,74.0,High Risk
886,39.25,Medium Risk
886,20.0,Low Risk
886,29.0,Medium Risk
886,37.25,Medium Risk
886,61.5,High Risk
886,26.75,Medium Risk
886,49.0,Medium Risk
886,44.5,Medium Risk
886,22.25,Low Risk
887,32.5,Medium Risk
887,56.5,High Risk
887,43.0,Medium Risk
887,52.0,High Risk
887,22.25,Low Risk
887,19.25,Low Risk
887,42.25,Medium Risk
887,58.0,High Risk
887,40.5,Medium Risk
887,39.25,Medium Risk
887,20.0,Low Risk
887,27.25,Medium Risk
887,57.5,High Risk
887,74.0,High Risk
887,29.75,Medium Risk
887,29.0,Medium Risk
887,31.75,Medium Risk
887,68.5,High Risk
888,36.5,Medium Risk
888,39.25,Medium Risk
888,28.0,Medium Risk
888,22.25,Low Risk
888,64.0,High Risk
888,40.5,Medium Risk
888,19.25,Low Risk
888,29.0,Medium Risk
888,20.0,Low Risk
888,32.5,Medium Risk
888,60.5,High Risk
888,31.75,Medium Risk
888,55.5,High Risk
888,34.75,Medium Risk
889,25.0,Low Risk
889,39.25,Medium Risk
889,69.0,High Risk
889,51.5,High Risk
889,38.0,Medium Risk
889,19.25,Low Risk
889,20.0,Low Risk
889,56.5,High Risk
889,64.0,High Risk
889,34.25,Medium Risk
889,74.0,High Risk
889,29.0,Medium Risk
889,44.0,Medium Risk
889,32.5,Medium Risk
890,32.5,Medium Risk
890,37.25,Medium Risk
890,19.25,Low Risk
890,39.25,Medium Risk
890,40.0,Medium Risk
890,64.0,High Risk
890,26.75,Medium Risk
890,47.5,Medium Risk
890,52.5,High Risk
890,34.25,Medium Risk
890,22.25,Low Risk
890,66.5,High Risk
890,29.0,Medium Risk
890,31.75,Medium Risk
890,35.0,Medium Risk
891,20.0,Low Risk
891,37.25,Medium Risk
891,69.0,High Risk
891,22.25,Low Risk
891,19.25,Low Risk
891,27.25,Medium Risk
891,77.0,Critical Risk
891,41.5,Medium Risk
891,26.75,Medium Risk
891,31.75,Medium Risk
891,64.0,High Risk
891,33.75,Medium Risk
892,57.25,High Risk
892,19.25,Low Risk
892,59.5,High Risk
892,41.5,Medium Risk
892,64.0,High Risk
892,50.5,High Risk
892,39.75,Medium Risk
892,39.25,Medium Risk
892,32.5,Medium Risk
892,51.5,High Risk
892,37.0,Medium Risk
892,28.75,Medium Risk
892,31.75,Medium Risk
892,26.75,Medium Risk
892,77.0,Critical Risk
892,27.5,Medium Risk
892,74.0,High Risk
892,82.0,Critical Risk
893,58.0,High Risk
893,19.25,Low Risk
893,20.0,Low Risk
893,64.5,High Risk
893,43.0,Medium Risk
893,40.0,Medium Risk
893,39.25,Medium Risk
893,45.25,Medium Risk
893,51.75,High Risk
893,56.75,High Risk
893,26.75,Medium Risk
893,37.25,Medium Risk
893,64.0,High Risk
893,46.75,Medium Risk
893,29.75,Medium Risk
894,29.0,Medium Risk
894,27.5,Medium Risk
894,40.0,Medium Risk
894,28.0,Medium Risk
894,19.25,Low Risk
894,43.0,Medium Risk
894,46.75,Medium Risk
894,39.25,Medium Risk
894,52.5,High Risk
894,23.0,Low Risk
894,74.0,High Risk
894,44.0,Medium Risk
894,58.75,High Risk
894,37.0,Medium Risk
894,34.25,Medium Risk
894,22.25,Low Risk
894,56.5,High Risk
895,19.25,Low Risk
895,23.0,Low Risk
895,27.25,Medium Risk
895,34.25,Medium Risk
895,20.0,Low Risk
895,44.0,Medium Risk
895,21.25,Low Risk
895,52.25,High Risk
895,27.5,Medium Risk
895,49.0,Medium Risk
895,57.25,High Risk
895,42.25,Medium Risk
896,34.25,Medium Risk
896,20.0,Low Risk
896,39.25,Medium Risk
896,19.25,Low Risk
896,37.25,Medium Risk
896,60.5,High Risk
896,44.0,Medium Risk
896,29.0,Medium Risk
896,56.75,High Risk
897,19.25,Low Risk
897,47.25,Medium Risk
897,29.0,Medium Risk
897,41.25,Medium Risk
897,47.5,Medium Risk
897,44.0,Medium Risk
897,39.25,Medium Risk
897,20.0,Low Risk
897,26.75,Medium Risk
897,27.5,Medium Risk
897,28.0,Medium Risk
897,56.5,High Risk
898,56.75,High Risk
898,51.75,High Risk
898,26.75,Medium Risk
898,58.0,High Risk
898,36.5,Medium Risk
898,74.0,High Risk
898,20.0,Low Risk
898,34.25,Medium Risk
898,35.5,Medium Risk
898,32.5,Medium Risk
898,19.25,Low Risk
898,45.5,Medium Risk
898,31.75,Medium Risk
898,52.5,High Risk
898,46.75,Medium Risk
898,64.0,High Risk
898,29.0,Medium Risk
899,19.25,Low Risk
899,27.5,Medium Risk
899,40.0,Medium Risk
899,29.0,Medium Risk
899,23.0,Low Risk
899,20.0,Low Risk
899,27.25,Medium Risk
899,64.0,High Risk
899,74.0,High Risk
899,42.25,Medium Risk
899,49.5,Medium Risk
899,69.0,High Risk
900,19.25,Low Risk
900,20.0,Low Risk
900,38.0,Medium Risk
900,35.0,Medium Risk
900,31.75,Medium Risk
900,74.0,High Risk
900,27.5,Medium Risk
900,53.0,High Risk
900,40.0,Medium Risk
900,34.75,Medium Risk
900,39.25,Medium Risk
900,44.0,Medium Risk
900,47.25,Medium Risk
900,29.75,Medium Risk
900,58.0,High Risk
900,26.75,Medium Risk
900,23.0,Low Risk
901,19.25,Low Risk
901,27.25,Medium Risk
901,28.0,Medium Risk
901,47.5,Medium Risk
901,34.25,Medium Risk
901,64.0,High Risk
901,27.5,Medium Risk
901,29.0,Medium Risk
901,56.75,High Risk
901,26.75,Medium Risk
901,20.0,Low Risk
901,74.75,High Risk
901,32.5,Medium Risk
901,41.5,Medium Risk
901,51.75,High Risk
901,53.0,High Risk
902,19.25,Low Risk
902,35.0,Medium Risk
902,32.5,Medium Risk
902,22.25,Low Risk
902,27.5,Medium Risk
902,40.0,Medium Risk
902,70.0,High Risk
902,24.25,Low Risk
902,20.0,Low Risk
902,27.25,Medium Risk
902,34.25,Medium Risk
902,51.75,High Risk
902,45.5,Medium Risk
902,26.75,Medium Risk
902,23.0,Low Risk
903,44.0,Medium Risk
903,39.25,Medium Risk
903,31.75,Medium Risk
903,34.75,Medium Risk
903,36.25,Medium Risk
903,27.5,Medium Risk
903,53.0,High Risk
903,69.0,High Risk
903,74.0,High Risk
903,19.25,Low Risk
903,51.75,High Risk
903,20.0,Low Risk
903,56.5,High Risk
903,64.0,High Risk
903,40.0,Medium Risk
903,32.5,Medium Risk
903,66.5,High Risk
904,31.75,Medium Risk
904,44.0,Medium Risk
904,64.5,High Risk
904,49.75,Medium Risk
904,27.5,Medium Risk
904,20.0,Low Risk
904,40.0,Medium Risk
904,82.0,Critical Risk
904,75.5,Critical Risk
904,56.75,High Risk
904,61.5,High Risk
904,35.0,Medium Risk
904,27.25,Medium Risk
904,74.5,High Risk
904,49.5,Medium Risk
904,69.0,High Risk
904,39.25,Medium Risk
904,74.0,High Risk
904,55.5,High Risk
904,41.5,Medium Risk
904,26.75,Medium Risk
904,46.75,Medium Risk
904,36.25,Medium Risk
905,30.5,Medium Risk
905,31.75,Medium Risk
905,49.0,Medium Risk
905,27.5,Medium Risk
905,39.25,Medium Risk
905,69.0,High Risk
905,19.25,Low Risk
905,41.5,Medium Risk
905,35.5,Medium Risk
905,35.0,Medium Risk
905,49.75,Medium Risk
905,22.25,Low Risk
905,23.0,Low Risk
905,20.0,Low Risk
905,64.0,High Risk
905,32.5,Medium Risk
905,36.5,Medium Risk
905,47.5,Medium Risk
905,74.0,High Risk
905,39.5,Medium Risk
905,34.75,Medium Risk
905,26.75,Medium Risk
906,29.75,Medium Risk
906,20.0,Low Risk
906,19.25,Low Risk
906,39.25,Medium Risk
906,35.0,Medium Risk
906,43.0,Medium Risk
906,27.25,Medium Risk
906,34.25,Medium Risk
906,26.75,Medium Risk
906,51.0,High Risk
906,29.0,Medium Risk
906,52.25,High Risk
906,28.0,Medium Risk
906,35.5,Medium Risk
907,22.25,Low Risk
907,19.25,Low Risk
907,37.25,Medium Risk
907,82.0,Critical Risk
907,20.0,Low Risk
907,52.75,High Risk
907,26.75,Medium Risk
907,28.0,Medium Risk
907,27.25,Medium Risk
907,31.75,Medium Risk
908,19.25,Low Risk
908,40.0,Medium Risk
908,31.75,Medium Risk
908,39.25,Medium Risk
908,29.75,Medium Risk
908,29.0,Medium Risk
908,32.5,Medium Risk
908,20.0,Low Risk
908,27.25,Medium Risk
908,47.5,Medium Risk
908,74.0,High Risk
908,28.0,Medium Risk
908,49.75,Medium Risk
909,35.0,Medium Risk
909,19.25,Low Risk
909,43.0,Medium Risk
909,40.0,Medium Risk
909,47.5,Medium Risk
909,32.5,Medium Risk
909,27.5,Medium Risk
909,34.25,Medium Risk
909,49.0,Medium Risk
909,27.25,Medium Risk
909,74.0,High Risk
909,42.25,Medium Risk
909,57.25,High Risk
909,58.5,High Risk
909,20.0,Low Risk
909,26.75,Medium Risk
909,66.0,High Risk
909,31.75,Medium Risk
910,39.25,Medium Risk
910,31.75,Medium Risk
910,52.5,High Risk
910,19.25,Low Risk
910,40.0,Medium Risk
910,51.75,High Risk
910,20.0,Low Risk
910,46.75,Medium Risk
910,27.5,Medium Risk
910,47.5,Medium Risk
910,44.0,Medium Risk
910,23.0,Low Risk
910,35.0,Medium Risk
911,20.0,Low Risk
911,21.25,Low Risk
911,19.25,Low Risk
911,77.0,Critical Risk
911,32.0,Medium Risk
911,34.75,Medium Risk
911,50.5,High Risk
911,27.5,Medium Risk
911,26.75,Medium Risk
911,67.0,High Risk
911,31.75,Medium Risk
911,37.25,Medium Risk
912,19.25,Low Risk
912,46.75,Medium Risk
912,31.75,Medium Risk
912,20.0,Low Risk
912,29.0,Medium Risk
912,56.75,High Risk
912,76.0,Critical Risk
912,59.5,High Risk
912,48.0,Medium Risk
912,66.5,High Risk
912,26.75,Medium Risk
912,39.25,Medium Risk
912,43.0,Medium Risk
912,32.5,Medium Risk
912,77.0,Critical Risk
913,46.75,Medium Risk
913,19.25,Low Risk
913,31.75,Medium Risk
913,23.0,Low Risk
913,35.0,Medium Risk
913,29.75,Medium Risk
913,22.0,Low Risk
913,47.25,Medium Risk
913,20.0,Low Risk
913,39.25,Medium Risk
913,51.75,High Risk
913,28.0,Medium Risk
913,27.25,Medium Risk
914,74.0,High Risk
914,69.0,High Risk
914,27.25,Medium Risk
914,27.5,Medium Risk
914,40.0,Medium Risk
914,64.0,High Risk
914,31.75,Medium Risk
914,77.0,Critical Risk
914,76.0,Critical Risk
914,20.0,Low Risk
914,19.25,Low Risk
914,26.75,Medium Risk
914,32.5,Medium Risk
914,29.0,Medium Risk
914,56.5,High Risk
914,95.0,Critical Risk
915,29.0,Medium Risk
915,57.5,High Risk
915,40.0,Medium Risk
915,20.0,Low Risk
915,31.75,Medium Risk
915,39.25,Medium Risk
915,56.5,High Risk
915,19.25,Low Risk
915,42.25,Medium Risk
915,27.5,Medium Risk
916,40.0,Medium Risk
916,56.5,High Risk
916,51.75,High Risk
916,35.0,Medium Risk
916,39.25,Medium Risk
916,34.25,Medium Risk
916,46.75,Medium Risk
916,52.5,High Risk
916,20.0,Low Risk
916,42.25,Medium Risk
916,44.0,Medium Risk
916,69.0,High Risk
916,39.75,Medium Risk
916,54.5,High Risk
917,64.0,High Risk
917,40.0,Medium Risk
917,19.25,Low Risk
917,39.25,Medium Risk
917,27.25,Medium Risk
917,46.75,Medium Risk
917,74.0,High Risk
917,23.0,Low Risk
917,52.5,High Risk
917,54.75,High Risk
917,47.5,Medium Risk
917,21.25,Low Risk
918,20.0,Low Risk
918,37.25,Medium Risk
918,36.25,Medium Risk
918,19.25,Low Risk
918,64.0,High Risk
918,74.0,High Risk
918,31.75,Medium Risk
918,44.5,Medium Risk
918,39.75,Medium Risk
918,36.5,Medium Risk
918,27.5,Medium Risk
918,49.75,Medium Risk
918,39.25,Medium Risk
918,41.5,Medium Risk
919,20.0,Low Risk
919,64.0,High Risk
919,19.25,Low Risk
919,30.5,Medium Risk
919,26.75,Medium Risk
919,51.75,High Risk
919,21.25,Low Risk
919,39.25,Medium Risk
919,27.5,Medium Risk
920,20.0,Low Risk
920,22.25,Low Risk
920,39.25,Medium Risk
920,51.75,High Risk
920,26.75,Medium Risk
920,19.25,Low Risk
920,69.0,High Risk
920,64.0,High Risk
920,47.5,Medium Risk
920,54.5,High Risk
920,52.5,High Risk
920,82.0,Critical Risk
920,92.0,Critical Risk
920,46.75,Medium Risk
920,76.0,Critical Risk
920,28.0,Medium Risk
920,38.0,Medium Risk
921,19.25,Low Risk
921,69.0,High Risk
921,39.25,Medium Risk
921,44.75,Medium Risk
921,54.75,High Risk
921,35.0,Medium Risk
921,47.5,Medium Risk
921,52.5,High Risk
921,40.0,Medium Risk
921,20.0,Low Risk
921,31.75,Medium Risk
921,66.0,High Risk
921,49.0,Medium Risk
921,49.75,Medium Risk
921,46.75,Medium Risk
921,28.0,Medium Risk
921,34.25,Medium Risk
921,51.75,High Risk
921,57.25,High Risk
921,53.0,High Risk
922,40.0,Medium Risk
922,56.5,High Risk
922,72.0,High Risk
922,50.5,High Risk
922,32.5,Medium Risk
922,47.25,Medium Risk
922,82.0,Critical Risk
922,29.0,Medium Risk
922,74.0,High Risk
922,32.0,Medium Risk
922,19.25,Low Risk
922,41.5,Medium Risk
922,20.0,Low Risk
922,51.75,High Risk
923,34.75,Medium Risk
923,22.25,Low Risk
923,19.25,Low Risk
923,31.75,Medium Risk
923,28.0,Medium Risk
923,60.25,High Risk
923,26.75,Medium Risk
923,20.0,Low Risk
923,27.25,Medium Risk
923,40.5,Medium Risk
923,74.5,High Risk
923,47.0,Medium Risk
923,51.75,High Risk
923,48.0,Medium Risk
923,77.0,Critical Risk
924,31.75,Medium Risk
924,26.75,Medium Risk
924,22.25,Low Risk
924,52.5,High Risk
924,64.75,High Risk
924,40.5,Medium Risk
924,39.25,Medium Risk
924,19.25,Low Risk
924,20.0,Low Risk
924,51.75,High Risk
924,27.5,Medium Risk
924,40.0,Medium Risk
924,49.5,Medium Risk
924,44.5,Medium Risk
925,32.5,Medium Risk
925,19.25,Low Risk
925,27.5,Medium Risk
925,28.0,Medium Risk
925,20.0,Low Risk
925,74.0,High Risk
925,31.75,Medium Risk
925,39.25,Medium Risk
925,29.0,Medium Risk
925,41.5,Medium Risk
925,48.0,Medium Risk
925,21.25,Low Risk
925,34.25,Medium Risk
926,31.75,Medium Risk
926,19.25,Low Risk
926,45.5,Medium Risk
926,40.0,Medium Risk
926,46.75,Medium Risk
926,49.0,Medium Risk
926,22.25,Low Risk
926,29.0,Medium Risk
926,27.5,Medium Risk
926,61.5,High Risk
926,51.75,High Risk
926,20.0,Low Risk
926,34.25,Medium Risk
926,39.25,Medium Risk
926,27.25,Medium Risk
926,48.0,Medium Risk
926,69.0,High Risk
927,19.25,Low Risk
927,37.25,Medium Risk
927,20.0,Low Risk
927,23.0,Low Risk
927,34.25,Medium Risk
927,25.0,Low Risk
927,49.5,Medium Risk
927,35.0,Medium Risk
927,42.25,Medium Risk
927,74.0,High Risk
927,27.25,Medium Risk
927,40.0,Medium Risk
928,20.0,Low Risk
928,39.25,Medium Risk
928,52.5,High Risk
928,19.25,Low Risk
928,40.0,Medium Risk
928,47.5,Medium Risk
928,34.25,Medium Risk
928,42.25,Medium Risk
928,43.0,Medium Risk
928,49.0,Medium Risk
928,55.5,High Risk
928,56.5,High Risk
928,64.0,High Risk
928,47.0,Medium Risk
929,20.0,Low Risk
929,39.25,Medium Risk
929,47.5,Medium Risk
929,37.25,Medium Risk
929,42.25,Medium Risk
929,69.0,High Risk
929,19.25,Low Risk
929,35.0,Medium Risk
929,72.0,High Risk
929,29.0,Medium Risk
929,67.0,High Risk
929,40.0,Medium Risk
929,44.0,Medium Risk
929,49.0,Medium Risk
929,51.5,High Risk
929,46.75,Medium Risk
929,22.25,Low Risk
929,66.0,High Risk
929,34.25,Medium Risk
930,31.75,Medium Risk
930,42.25,Medium Risk
930,34.75,Medium Risk
930,32.0,Medium Risk
930,39.25,Medium Risk
930,35.5,Medium Risk
930,20.0,Low Risk
930,34.25,Medium Risk
930,19.25,Low Risk
930,64.0,High Risk
931,26.75,Medium Risk
931,35.0,Medium Risk
931,40.0,Medium Risk
931,20.0,Low Risk
931,43.0,Medium Risk
931,19.25,Low Risk
931,27.25,Medium Risk
931,29.0,Medium Risk
932,19.25,Low Risk
932,64.0,High Risk
932,40.0,Medium Risk
932,34.75,Medium Risk
932,29.0,Medium Risk
932,22.0,Low Risk
932,74.0,High Risk
932,20.0,Low Risk
932,54.5,High Risk
932,27.5,Medium Risk
932,21.25,Low Risk
932,67.5,High Risk
933,34.25,Medium Risk
933,31.75,Medium Risk
933,19.25,Low Risk
933,29.0,Medium Risk
933,40.0,Medium Risk
933,20.0,Low Risk
933,26.75,Medium Risk
933,48.75,Medium Risk
933,74.0,High Risk
933,47.5,Medium Risk
933,27.5,Medium Risk
933,35.0,Medium Risk
933,27.25,Medium Risk
933,22.25,Low Risk
934,22.25,Low Risk
934,26.75,Medium Risk
934,29.0,Medium Risk
934,40.0,Medium Risk
934,47.25,Medium Risk
934,48.0,Medium Risk
934,39.25,Medium Risk
934,19.25,Low Risk
934,36.5,Medium Risk
934,32.5,Medium Risk
934,60.5,High Risk
934,40.5,Medium Risk
934,34.75,Medium Risk
934,54.75,High Risk
934,31.75,Medium Risk
934,20.0,Low Risk
934,23.0,Low Risk
934,28.0,Medium Risk
934,29.75,Medium Risk
934,51.75,High Risk
935,37.25,Medium Risk
935,19.25,Low Risk
935,30.5,Medium Risk
935,20.0,Low Risk
935,69.0,High Risk
935,34.25,Medium Risk
935,39.25,Medium Risk
935,74.0,High Risk
935,23.0,Low Risk
935,40.0,Medium Risk
935,49.0,Medium Risk
935,84.5,Critical Risk
935,26.75,Medium Risk
936,27.25,Medium Risk
936,19.25,Low Risk
936,37.25,Medium Risk
936,47.5,Medium Risk
936,42.25,Medium Risk
936,22.25,Low Risk
936,30.5,Medium Risk
936,46.75,Medium Risk
936,23.0,Low Risk
936,27.5,Medium Risk
936,36.5,Medium Risk
936,39.75,Medium Risk
936,26.75,Medium Risk
936,61.5,High Risk
936,32.5,Medium Risk
936,74.0,High Risk
936,39.25,Medium Risk
937,27.5,Medium Risk
937,20.0,Low Risk
937,79.5,Critical Risk
937,27.25,Medium Risk
937,41.5,Medium Risk
937,32.5,Medium Risk
937,62.0,High Risk
937,40.0,Medium Risk
937,26.75,Medium Risk
937,39.25,Medium Risk
937,19.25,Low Risk
937,31.75,Medium Risk
937,40.5,Medium Risk
938,47.5,Medium Risk
938,29.0,Medium Risk
938,34.25,Medium Risk
938,48.0,Medium Risk
938,27.25,Medium Risk
938,42.0,Medium Risk
938,44.0,Medium Risk
938,22.25,Low Risk
938,19.25,Low Risk
938,20.0,Low Risk
938,42.25,Medium Risk
938,28.0,Medium Risk
938,54.75,High Risk
938,46.75,Medium Risk
938,26.75,Medium Risk
938,30.5,Medium Risk
938,49.0,Medium Risk
939,19.25,Low Risk
939,43.0,Medium Risk
939,27.25,Medium Risk
939,60.5,High Risk
939,66.5,High Risk
939,29.0,Medium Risk
939,48.75,Medium Risk
939,32.0,Medium Risk
939,42.25,Medium Risk
939,29.75,Medium Risk
939,56.75,High Risk
939,23.0,Low Risk
940,26.75,Medium Risk
940,39.25,Medium Risk
940,23.0,Low Risk
940,40.0,Medium Risk
940,41.5,Medium Risk
940,45.25,Medium Risk
940,28.0,Medium Risk
940,31.75,Medium Risk
940,19.25,Low Risk
940,20.0,Low Risk
940,74.0,High Risk
940,39.75,Medium Risk
940,34.75,Medium Risk
941,19.25,Low Risk
941,44.0,Medium Risk
941,27.25,Medium Risk
941,46.75,Medium Risk
941,51.75,High Risk
941,32.5,Medium Risk
941,27.5,Medium Risk
941,20.0,Low Risk
941,74.0,High Risk
941,31.75,Medium Risk
941,23.0,Low Risk
941,36.5,Medium Risk
941,47.5,Medium Risk
941,57.5,High Risk
941,34.75,Medium Risk
941,42.25,Medium Risk
942,50.5,High Risk
942,26.75,Medium Risk
942,32.5,Medium Risk
942,39.25,Medium Risk
942,22.25,Low Risk
942,19.25,Low Risk
942,35.0,Medium Risk
942,28.0,Medium Risk
942,40.0,Medium Risk
942,47.5,Medium Risk
942,27.25,Medium Risk
942,20.0,Low Risk
943,48.0,Medium Risk
943,39.25,Medium Risk
943,20.0,Low Risk
943,37.25,Medium Risk
943,19.25,Low Risk
943,50.5,High Risk
943,31.75,Medium Risk
943,22.25,Low Risk
943,27.5,Medium Risk
943,57.25,High Risk
943,49.5,Medium Risk
943,27.25,Medium Risk
943,32.5,Medium Risk
943,62.0,High Risk
944,43.0,Medium Risk
944,39.25,Medium Risk
944,20.0,Low Risk
944,40.0,Medium Risk
944,35.0,Medium Risk
944,19.25,Low Risk
944,47.25,Medium Risk
944,32.5,Medium Risk
944,37.0,Medium Risk
944,27.25,Medium Risk
944,36.25,Medium Risk
944,44.0,Medium Risk
944,27.5,Medium Risk
944,22.25,Low Risk
945,20.0,Low Risk
945,19.25,Low Risk
945,29.0,Medium Risk
945,46.75,Medium Risk
945,34.25,Medium Risk
945,57.0,High Risk
946,56.5,High Risk
946,22.0,Low Risk
946,27.5,Medium Risk
946,20.0,Low Risk
946,52.5,High Risk
946,39.25,Medium Risk
946,37.25,Medium Risk
946,47.25,Medium Risk
946,19.25,Low Risk
946,47.5,Medium Risk
946,40.0,Medium Risk
946,39.75,Medium Risk
947,34.25,Medium Risk
947,92.5,Critical Risk
947,32.5,Medium Risk
947,19.25,Low Risk
947,47.5,Medium Risk
947,27.5,Medium Risk
947,40.0,Medium Risk
947,74.0,High Risk
947,20.0,Low Risk
947,77.0,Critical Risk
947,49.0,Medium Risk
947,59.5,High Risk
947,82.0,Critical Risk
947,56.5,High Risk
947,26.75,Medium Risk
948,27.25,Medium Risk
948,27.5,Medium Risk
948,19.25,Low Risk
948,41.5,Medium Risk
948,23.0,Low Risk
948,32.5,Medium Risk
948,44.5,Medium Risk
948,29.0,Medium Risk
948,26.75,Medium Risk
948,64.0,High Risk
948,64.5,High Risk
948,42.25,Medium Risk
948,20.0,Low Risk
948,30.5,Medium Risk
949,47.5,Medium Risk
949,65.5,High Risk
949,46.75,Medium Risk
949,35.0,Medium Risk
949,59.75,High Risk
949,28.0,Medium Risk
949,27.25,Medium Risk
949,57.5,High Risk
949,29.5,Medium Risk
949,19.25,Low Risk
949,29.0,Medium Risk
949,22.25,Low Risk
949,56.75,High Risk
949,66.5,High Risk
950,27.5,Medium Risk
950,39.75,Medium Risk
950,19.25,Low Risk
950,42.25,Medium Risk
950,20.0,Low Risk
950,26.75,Medium Risk
950,31.75,Medium Risk
950,48.0,Medium Risk
950,54.5,High Risk
950,23.0,Low Risk
950,47.5,Medium Risk
951,64.0,High Risk
951,26.75,Medium Risk
951,52.5,High Risk
951,20.0,Low Risk
951,49.0,Medium Risk
951,34.25,Medium Risk
951,59.75,High Risk
951,82.0,Critical Risk
951,27.25,Medium Risk
951,40.25,Medium Risk
951,47.5,Medium Risk
951,57.5,High Risk
951,31.75,Medium Risk
951,40.0,Medium Risk
951,19.25,Low Risk
951,39.25,Medium Risk
951,36.25,Medium Risk
951,39.75,Medium Risk
951,74.0,High Risk
951,51.75,High Risk
952,38.0,Medium Risk
952,19.25,Low Risk
952,20.0,Low Risk
952,32.5,Medium Risk
952,40.0,Medium Risk
952,29.0,Medium Risk
952,47.5,Medium Risk
952,51.75,High Risk
952,47.25,Medium Risk
952,26.75,Medium Risk
952,56.5,High Risk
952,35.0,Medium Risk
953,19.25,Low Risk
953,32.5,Medium Risk
953,39.25,Medium Risk
953,74.0,High Risk
953,20.0,Low Risk
953,38.0,Medium Risk
953,61.5,High Risk
953,31.75,Medium Risk
953,23.0,Low Risk
953,35.5,Medium Risk
954,27.5,Medium Risk
954,19.25,Low Risk
954,31.75,Medium Risk
954,20.0,Low Risk
954,56.5,High Risk
954,39.25,Medium Risk
954,29.0,Medium Risk
954,40.5,Medium Risk
954,47.5,Medium Risk
954,39.75,Medium Risk
955,64.0,High Risk
955,72.0,High Risk
955,39.25,Medium Risk
955,47.5,Medium Risk
955,43.0,Medium Risk
955,56.75,High Risk
955,26.75,Medium Risk
955,51.75,High Risk
955,57.5,High Risk
955,58.0,High Risk
955,31.75,Medium Risk
955,27.5,Medium Risk
955,66.5,High Risk
955,69.0,High Risk
955,56.5,High Risk
955,40.0,Medium Risk
955,32.5,Medium Risk
955,77.0,Critical Risk
955,41.5,Medium Risk
955,100.0,Critical Risk
956,54.75,High Risk
956,32.5,Medium Risk
956,39.25,Medium Risk
956,29.75,Medium Risk
956,40.0,Medium Risk
956,19.25,Low Risk
956,26.75,Medium Risk
956,51.75,High Risk
956,27.5,Medium Risk
956,44.0,Medium Risk
956,52.5,High Risk
956,35.0,Medium Risk
956,29.0,Medium Risk
956,34.25,Medium Risk
956,20.0,Low Risk
957,46.0,Medium Risk
957,40.0,Medium Risk
957,48.0,Medium Risk
957,37.25,Medium Risk
957,28.0,Medium Risk
957,19.25,Low Risk
957,46.75,Medium Risk
957,20.0,Low Risk
957,22.0,Low Risk
957,27.5,Medium Risk
957,31.75,Medium Risk
957,32.0,Medium Risk
957,27.25,Medium Risk
957,44.0,Medium Risk
958,69.0,High Risk
958,26.75,Medium Risk
958,20.0,Low Risk
958,49.0,Medium Risk
958,52.5,High Risk
958,36.5,Medium Risk
958,47.5,Medium Risk
958,31.75,Medium Risk
958,19.25,Low Risk
958,40.0,Medium Risk
958,60.5,High Risk
958,39.25,Medium Risk
958,49.75,Medium Risk
958,21.25,Low Risk
958,42.25,Medium Risk
958,48.0,Medium Risk
959,19.25,Low Risk
959,20.0,Low Risk
959,22.25,Low Risk
959,49.75,Medium Risk
959,38.0,Medium Risk
959,23.0,Low Risk
959,27.25,Medium Risk
959,34.75,Medium Risk
959,47.5,Medium Risk
959,45.25,Medium Risk
959,40.5,Medium Risk
959,27.5,Medium Risk
959,28.0,Medium Risk
960,49.0,Medium Risk
960,26.75,Medium Risk
960,36.25,Medium Risk
960,57.0,High Risk
960,19.25,Low Risk
960,46.75,Medium Risk
960,27.5,Medium Risk
960,51.75,High Risk
960,31.75,Medium Risk
960,39.25,Medium Risk
960,34.75,Medium Risk
960,41.5,Medium Risk
960,27.25,Medium Risk
961,34.25,Medium Risk
961,19.25,Low Risk
961,20.0,Low Risk
961,23.0,Low Risk
961,27.25,Medium Risk
961,40.0,Medium Risk
961,39.25,Medium Risk
961,34.75,Medium Risk
961,29.0,Medium Risk
961,37.25,Medium Risk
961,31.75,Medium Risk
961,27.5,Medium Risk
961,36.5,Medium Risk
961,56.5,High Risk
962,74.0,High Risk
962,20.0,Low Risk
962,29.0,Medium Risk
962,27.5,Medium Risk
962,39.25,Medium Risk
962,44.0,Medium Risk
962,37.0,Medium Risk
962,19.25,Low Risk
962,27.25,Medium Risk
962,56.5,High Risk
962,69.0,High Risk
962,75.5,Critical Risk
962,64.0,High Risk
963,23.0,Low Risk
963,19.25,Low Risk
963,20.0,Low Risk
963,49.75,Medium Risk
963,35.0,Medium Risk
963,27.5,Medium Risk
963,74.0,High Risk
963,22.25,Low Risk
963,31.75,Medium Risk
963,47.0,Medium Risk
963,56.5,High Risk
963,66.5,High Risk
964,39.25,Medium Risk
964,52.0,High Risk
964,19.25,Low Risk
964,37.25,Medium Risk
964,20.0,Low Risk
964,52.5,High Risk
964,34.25,Medium Risk
964,35.5,Medium Risk
964,31.75,Medium Risk
964,27.5,Medium Risk
964,56.5,High Risk
964,49.0,Medium Risk
965,42.25,Medium Risk
965,74.0,High Risk
965,27.25,Medium Risk
965,37.25,Medium Risk
965,19.25,Low Risk
965,20.0,Low Risk
965,35.0,Medium Risk
965,29.0,Medium Risk
965,44.0,Medium Risk
965,56.5,High Risk
965,37.0,Medium Risk
965,64.0,High Risk
965,39.25,Medium Risk
966,77.0,Critical Risk
966,19.25,Low Risk
966,34.25,Medium Risk
966,20.0,Low Risk
966,51.5,High Risk
966,56.5,High Risk
966,23.0,Low Risk
966,74.0,High Risk
966,27.5,Medium Risk
966,35.0,Medium Risk
966,37.25,Medium Risk
967,52.5,High Risk
967,47.5,Medium Risk
967,21.25,Low Risk
967,20.0,Low Risk
967,23.0,Low Risk
967,36.5,Medium Risk
967,51.75,High Risk
967,19.25,Low Risk
967,35.0,Medium Risk
967,22.0,Low Risk
967,51.5,High Risk
967,31.75,Medium Risk
967,37.25,Medium Risk
968,40.0,Medium Risk
968,23.0,Low Risk
968,46.75,Medium Risk
968,43.0,Medium Risk
968,41.5,Medium Risk
968,42.25,Medium Risk
968,27.5,Medium Risk
968,31.75,Medium Risk
968,32.5,Medium Risk
968,49.0,Medium Risk
968,54.75,High Risk
968,49.75,Medium Risk
968,56.5,High Risk
968,34.5,Medium Risk
968,52.5,High Risk
968,29.0,Medium Risk
968,26.75,Medium Risk
968,77.75,Critical Risk
968,52.25,High Risk
969,19.25,Low Risk
969,48.0,Medium Risk
969,64.5,High Risk
969,39.5,Medium Risk
969,47.5,Medium Risk
969,74.0,High Risk
969,34.25,Medium Risk
969,43.0,Medium Risk
969,44.0,Medium Risk
969,35.0,Medium Risk
969,56.75,High Risk
969,23.0,Low Risk
969,40.0,Medium Risk
969,20.0,Low Risk
970,57.25,High Risk
970,26.75,Medium Risk
970,77.0,Critical Risk
970,40.0,Medium Risk
970,52.5,High Risk
970,28.0,Medium Risk
970,49.0,Medium Risk
970,69.0,High Risk
970,51.75,High Risk
970,31.75,Medium Risk
970,35.0,Medium Risk
970,27.5,Medium Risk
970,56.5,High Risk
970,29.0,Medium Risk
970,19.25,Low Risk
970,38.0,Medium Risk
970,32.5,Medium Risk
970,64.0,High Risk
970,74.0,High Risk
970,20.0,Low Risk
970,34.25,Medium Risk
971,35.0,Medium Risk
971,66.5,High Risk
971,27.5,Medium Risk
971,37.0,Medium Risk
971,77.0,Critical Risk
971,58.0,High Risk
971,57.5,High Risk
971,29.0,Medium Risk
971,41.5,Medium Risk
971,22.25,Low Risk
971,44.75,Medium Risk
971,52.5,High Risk
971,20.0,Low Risk
971,64.0,High Risk
971,37.25,Medium Risk
971,31.75,Medium Risk
971,19.25,Low Risk
971,39.25,Medium Risk
971,46.75,Medium Risk
971,34.75,Medium Risk
971,23.0,Low Risk
972,39.75,Medium Risk
972,49.0,Medium Risk
972,37.25,Medium Risk
972,19.25,Low Risk
972,64.0,High Risk
972,57.5,High Risk
972,32.0,Medium Risk
972,32.5,Medium Risk
972,23.0,Low Risk
972,20.0,Low Risk
972,69.75,High Risk
972,46.75,Medium Risk
972,31.75,Medium Risk
972,27.25,Medium Risk
972,26.75,Medium Risk
972,40.25,Medium Risk
972,40.0,Medium Risk
973,29.0,Medium Risk
973,49.0,Medium Risk
973,19.25,Low Risk
973,58.5,High Risk
973,28.0,Medium Risk
973,52.0,High Risk
973,39.25,Medium Risk
973,22.0,Low Risk
973,22.25,Low Risk
973,35.0,Medium Risk
973,23.0,Low Risk
974,19.25,Low Risk
974,27.25,Medium Risk
974,32.5,Medium Risk
974,31.75,Medium Risk
974,26.75,Medium Risk
974,20.0,Low Risk
974,37.25,Medium Risk
974,57.5,High Risk
974,36.5,Medium Risk
974,27.5,Medium Risk
974,39.25,Medium Risk
974,35.0,Medium Risk
974,49.0,Medium Risk
974,49.5,Medium Risk
975,31.75,Medium Risk
975,26.75,Medium Risk
975,36.5,Medium Risk
975,49.0,Medium Risk
975,39.25,Medium Risk
975,25.0,Low Risk
975,19.25,Low Risk
975,27.5,Medium Risk
975,32.0,Medium Risk
975,29.0,Medium Risk
975,20.0,Low Risk
975,23.0,Low Risk
975,40.0,Medium Risk
975,47.0,Medium Risk
975,48.0,Medium Risk
975,39.5,Medium Risk
976,19.25,Low Risk
976,42.0,Medium Risk
976,56.5,High Risk
976,46.75,Medium Risk
976,39.25,Medium Risk
976,49.75,Medium Risk
976,20.0,Low Risk
976,55.5,High Risk
976,74.0,High Risk
976,77.0,Critical Risk
976,38.0,Medium Risk
976,35.0,Medium Risk
976,52.0,High Risk
976,26.75,Medium Risk
976,31.75,Medium Risk
977,23.0,Low Risk
977,51.75,High Risk
977,39.75,Medium Risk
977,58.5,High Risk
977,54.75,High Risk
977,57.25,High Risk
977,19.25,Low Risk
977,29.0,Medium Risk
977,37.25,Medium Risk
977,47.5,Medium Risk
977,42.25,Medium Risk
977,32.5,Medium Risk
977,31.75,Medium Risk
977,77.0,Critical Risk
977,20.0,Low Risk
977,38.0,Medium Risk
977,28.0,Medium Risk
978,19.25,Low Risk
978,20.0,Low Risk
978,82.0,Critical Risk
978,47.5,Medium Risk
978,47.0,Medium Risk
978,64.0,High Risk
978,54.75,High Risk
978,77.0,Critical Risk
978,74.0,High Risk
978,67.0,High Risk
978,37.25,Medium Risk
978,22.25,Low Risk
978,34.25,Medium Risk
978,35.0,Medium Risk
978,23.0,Low Risk
978,35.5,Medium Risk
979,20.0,Low Risk
979,26.75,Medium Risk
979,28.0,Medium Risk
979,74.0,High Risk
979,51.5,High Risk
979,40.0,Medium Risk
979,64.0,High Risk
979,72.0,High Risk
979,35.0,Medium Risk
979,37.25,Medium Risk
979,77.0,Critical Risk
979,19.25,Low Risk
979,32.5,Medium Risk
979,31.75,Medium Risk
979,27.5,Medium Risk
980,19.25,Low Risk
980,69.5,High Risk
980,52.5,High Risk
980,27.25,Medium Risk
980,20.0,Low Risk
980,23.0,Low Risk
980,26.75,Medium Risk
980,64.75,High Risk
980,57.5,High Risk
980,28.0,Medium Risk
980,69.0,High Risk
980,27.5,Medium Risk
980,57.0,High Risk
980,77.0,Critical Risk
980,32.5,Medium Risk
980,34.75,Medium Risk
980,22.25,Low Risk
980,66.0,High Risk
981,19.25,Low Risk
981,20.0,Low Risk
981,35.0,Medium Risk
981,29.0,Medium Risk
981,43.0,Medium Risk
981,42.25,Medium Risk
981,48.0,Medium Risk
981,40.0,Medium Risk
982,31.75,Medium Risk
982,39.25,Medium Risk
982,40.0,Medium Risk
982,39.75,Medium Risk
982,19.25,Low Risk
982,23.0,Low Risk
982,34.25,Medium Risk
982,46.75,Medium Risk
982,26.75,Medium Risk
982,35.0,Medium Risk
982,20.0,Low Risk
983,20.0,Low Risk
983,39.25,Medium Risk
983,32.5,Medium Risk
983,19.25,Low Risk
983,28.0,Medium Risk
983,21.25,Low Risk
983,27.25,Medium Risk
983,27.5,Medium Risk
983,54.75,High Risk
983,52.5,High Risk
983,34.75,Medium Risk
983,48.0,Medium Risk
983,69.5,High Risk
983,41.5,Medium Risk
983,52.25,High Risk
983,57.5,High Risk
984,22.25,Low Risk
984,47.5,Medium Risk
984,20.0,Low Risk
984,19.25,Low Risk
984,32.5,Medium Risk
984,51.75,High Risk
984,27.5,Medium Risk
984,66.5,High Risk
984,29.0,Medium Risk
984,48.0,Medium Risk
984,51.5,High Risk
984,42.25,Medium Risk
984,40.0,Medium Risk
984,41.5,Medium Risk
985,19.25,Low Risk
985,40.0,Medium Risk
985,42.25,Medium Risk
985,27.25,Medium Risk
985,51.5,High Risk
985,47.5,Medium Risk
985,39.25,Medium Risk
985,72.0,High Risk
985,59.75,High Risk
985,22.25,Low Risk
985,29.0,Medium Risk
986,38.0,Medium Risk
986,20.0,Low Risk
986,28.0,Medium Risk
986,19.25,Low Risk
986,27.25,Medium Risk
986,21.25,Low Risk
986,74.0,High Risk
986,67.0,High Risk
986,34.75,Medium Risk
986,35.5,Medium Risk
986,44.0,Medium Risk
986,35.0,Medium Risk
986,51.75,High Risk
987,56.5,High Risk
987,42.25,Medium Risk
987,20.0,Low Risk
987,19.25,Low Risk
987,22.25,Low Risk
987,29.0,Medium Risk
987,34.25,Medium Risk
987,27.5,Medium Risk
987,72.0,High Risk
988,32.5,Medium Risk
988,40.5,Medium Risk
988,43.0,Medium Risk
988,82.0,Critical Risk
988,44.75,Medium Risk
988,39.75,Medium Risk
988,31.75,Medium Risk
988,69.5,High Risk
988,19.25,Low Risk
988,39.25,Medium Risk
988,35.0,Medium Risk
988,64.0,High Risk
988,41.5,Medium Risk
989,29.0,Medium Risk
989,51.75,High Risk
989,46.75,Medium Risk
989,49.5,Medium Risk
989,21.25,Low Risk
989,39.25,Medium Risk
989,20.0,Low Risk
989,37.0,Medium Risk
989,60.5,High Risk
989,34.25,Medium Risk
989,64.0,High Risk
989,19.25,Low Risk
989,22.25,Low Risk
989,27.5,Medium Risk
989,74.0,High Risk
989,26.75,Medium Risk
990,51.75,High Risk
990,19.25,Low Risk
990,32.5,Medium Risk
990,34.25,Medium Risk
990,64.0,High Risk
990,29.75,Medium Risk
990,52.25,High Risk
990,39.25,Medium Risk
990,27.5,Medium Risk
990,52.5,High Risk
990,78.5,Critical Risk
990,37.25,Medium Risk
990,38.0,Medium Risk
990,46.75,Medium Risk
990,27.25,Medium Risk
990,29.0,Medium Risk
990,59.75,High Risk
990,20.0,Low Risk
990,36.5,Medium Risk
991,19.25,Low Risk
991,31.75,Medium Risk
991,56.5,High Risk
991,20.0,Low Risk
991,69.0,High Risk
991,23.0,Low Risk
991,28.0,Medium Risk
991,52.5,High Risk
991,72.0,High Risk
991,27.25,Medium Risk
991,29.0,Medium Risk
991,22.25,Low Risk
991,87.0,Critical Risk
991,36.5,Medium Risk
991,47.25,Medium Risk
992,34.25,Medium Risk
992,64.0,High Risk
992,20.0,Low Risk
992,42.25,Medium Risk
992,57.5,High Risk
992,74.0,High Risk
992,29.75,Medium Risk
992,40.0,Medium Risk
992,23.0,Low Risk
992,31.75,Medium Risk
992,32.5,Medium Risk
992,19.25,Low Risk
992,35.0,Medium Risk
992,51.75,High Risk
992,46.75,Medium Risk
992,26.75,Medium Risk
992,39.75,Medium Risk
993,20.0,Low Risk
993,95.0,Critical Risk
993,19.25,Low Risk
993,27.25,Medium Risk
993,46.75,Medium Risk
993,74.0,High Risk
993,44.5,Medium Risk
993,26.75,Medium Risk
993,56.5,High Risk
993,70.5,High Risk
993,52.25,High Risk
993,59.5,High Risk
993,40.0,Medium Risk
994,48.0,Medium Risk
994,32.5,Medium Risk
994,57.5,High Risk
994,19.25,Low Risk
994,26.75,Medium Risk
994,27.5,Medium Risk
994,34.25,Medium Risk
994,27.25,Medium Risk
994,31.75,Medium Risk
994,20.0,Low Risk
994,53.75,High Risk
994,62.5,High Risk
994,22.0,Low Risk
994,22.25,Low Risk
995,82.0,Critical Risk
995,27.5,Medium Risk
995,27.25,Medium Risk
995,19.25,Low Risk
995,69.0,High Risk
995,20.0,Low Risk
995,47.5,Medium Risk
995,64.0,High Risk
995,23.0,Low Risk
995,40.0,Medium Risk
995,51.75,High Risk
995,50.5,High Risk
995,56.5,High Risk
995,46.75,Medium Risk
995,57.5,High Risk
995,39.25,Medium Risk
995,74.0,High Risk
996,27.5,Medium Risk
996,19.25,Low Risk
996,42.25,Medium Risk
996,57.5,High Risk
996,27.25,Medium Risk
996,66.5,High Risk
996,39.25,Medium Risk
996,20.0,Low Risk
996,38.0,Medium Risk
996,74.0,High Risk
996,52.5,High Risk
996,47.5,Medium Risk
997,19.25,Low Risk
997,27.25,Medium Risk
997,40.0,Medium Risk
997,67.0,High Risk
997,29.75,Medium Risk
997,59.5,High Risk
997,22.25,Low Risk
997,20.0,Low Risk
997,52.5,High Risk
997,27.5,Medium Risk
997,45.25,Medium Risk
997,58.0,High Risk
998,39.25,Medium Risk
998,20.0,Low Risk
998,29.0,Medium Risk
998,69.0,High Risk
998,37.25,Medium Risk
998,46.75,Medium Risk
998,34.25,Medium Risk
998,65.25,High Risk
998,61.5,High Risk
998,19.25,Low Risk
998,26.75,Medium Risk
998,31.75,Medium Risk
998,49.0,Medium Risk
998,47.25,Medium Risk
998,47.0,Medium Risk
998,51.75,High Risk
999,22.25,Low Risk
999,34.25,Medium Risk
999,56.75,High Risk
999,39.25,Medium Risk
999,37.25,Medium Risk
999,19.25,Low Risk
999,35.0,Medium Risk
999,27.25,Medium Risk
999,20.0,Low Risk
999,31.75,Medium Risk
999,21.25,Low Risk
999,26.75,Medium Risk
1000,64.0,High Risk
1000,32.5,Medium Risk
1000,57.0,High Risk
1000,49.0,Medium Risk
1000,29.0,Medium Risk
1000,41.5,Medium Risk
1000,34.25,Medium Risk
1000,36.5,Medium Risk
1000,59.75,High Risk
1000,31.75,Medium Risk
1000,19.25,Low Risk
1000,69.0,High Risk
1000,40.0,Medium Risk
1001,23.0,Low Risk
1001,20.0,Low Risk
1001,29.0,Medium Risk
1001,26.75,Medium Risk
1001,41.5,Medium Risk
1001,49.75,Medium Risk
1001,27.5,Medium Risk
1001,19.25,Low Risk
1001,52.5,High Risk
1001,48.0,Medium Risk
1001,28.0,Medium Risk
1001,53.5,High Risk
1002,52.5,High Risk
1002,47.5,Medium Risk
1002,70.0,High Risk
1002,19.25,Low Risk
1002,32.5,Medium Risk
1002,20.0,Low Risk
1002,22.25,Low Risk
1002,27.5,Medium Risk
1002,74.0,High Risk
1002,40.25,Medium Risk
1002,35.0,Medium Risk
1002,56.75,High Risk
1003,20.0,Low Risk
1003,29.0,Medium Risk
1003,27.25,Medium Risk
1003,19.25,Low Risk
1003,21.25,Low Risk
1003,74.0,High Risk
1003,77.0,Critical Risk
1003,26.75,Medium Risk
1004,59.5,High Risk
1004,34.25,Medium Risk
1004,20.0,Low Risk
1004,69.0,High Risk
1004,82.0,Critical Risk
1004,19.25,Low Risk
1004,72.0,High Risk
1004,47.0,Medium Risk
1004,41.5,Medium Risk
1004,34.75,Medium Risk
1004,38.0,Medium Risk
1004,27.25,Medium Risk
1004,56.5,High Risk
1004,50.5,High Risk
1004,36.5,Medium Risk
1004,60.5,High Risk
1005,29.0,Medium Risk
1005,28.0,Medium Risk
1005,56.75,High Risk
1005,23.0,Low Risk
1005,19.25,Low Risk
1005,74.0,High Risk
1005,55.5,High Risk
1005,31.75,Medium Risk
1005,51.75,High Risk
1005,69.0,High Risk
1006,19.25,Low Risk
1006,20.0,Low Risk
1006,59.5,High Risk
1006,56.75,High Risk
1006,29.0,Medium Risk
1006,40.0,Medium Risk
1006,52.5,High Risk
1006,31.75,Medium Risk
1006,37.25,Medium Risk
1006,26.75,Medium Risk
1006,35.5,Medium Risk
1006,64.75,High Risk
1006,37.0,Medium Risk
1006,39.5,Medium Risk
1007,32.5,Medium Risk
1007,28.0,Medium Risk
1007,44.5,Medium Risk
1007,22.25,Low Risk
1007,19.25,Low Risk
1007,20.0,Low Risk
1007,29.0,Medium Risk
1007,39.25,Medium Risk
1007,27.25,Medium Risk
1007,26.75,Medium Risk
1008,19.25,Low Risk
1008,32.0,Medium Risk
1008,45.5,Medium Risk
1008,39.25,Medium Risk
1008,31.75,Medium Risk
1008,20.0,Low Risk
1008,32.5,Medium Risk
1008,29.0,Medium Risk
1008,64.0,High Risk
1008,27.5,Medium Risk
1008,37.25,Medium Risk
1008,42.25,Medium Risk
1009,20.0,Low Risk
1009,56.75,High Risk
1009,19.25,Low Risk
1009,37.25,Medium Risk
1009,34.25,Medium Risk
1009,74.0,High Risk
1009,39.25,Medium Risk
1009,56.5,High Risk
1009,57.5,High Risk
1009,69.0,High Risk
1009,24.25,Low Risk
1009,40.0,Medium Risk
1010,43.0,Medium Risk
1010,22.25,Low Risk
1010,36.5,Medium Risk
1010,74.0,High Risk
1010,41.25,Medium Risk
1010,20.0,Low Risk
1010,64.75,High Risk
1010,31.75,Medium Risk
1010,34.75,Medium Risk
1010,27.5,Medium Risk
1010,19.25,Low Risk
1010,39.25,Medium Risk
1010,56.75,High Risk
1011,27.5,Medium Risk
1011,34.75,Medium Risk
1011,31.75,Medium Risk
1011,20.0,Low Risk
1011,32.5,Medium Risk
1011,22.25,Low Risk
1011,27.25,Medium Risk
1011,35.0,Medium Risk
1011,40.0,Medium Risk
1011,39.25,Medium Risk
1011,19.25,Low Risk
1012,82.0,Critical Risk
1012,47.25,Medium Risk
1012,74.0,High Risk
1012,92.0,Critical Risk
1012,61.5,High Risk
1012,44.0,Medium Risk
1012,69.5,High Risk
1012,27.5,Medium Risk
1012,40.0,Medium Risk
1012,77.0,Critical Risk
1012,42.25,Medium Risk
1012,41.0,Medium Risk
1012,28.0,Medium Risk
1012,31.75,Medium Risk
1012,41.5,Medium Risk
1012,39.25,Medium Risk
1013,26.75,Medium Risk
1013,57.5,High Risk
1013,19.25,Low Risk
1013,40.0,Medium Risk
1013,47.5,Medium Risk
1013,31.75,Medium Risk
1013,20.0,Low Risk
1013,60.5,High Risk
1013,41.5,Medium Risk
1013,27.5,Medium Risk
1013,74.0,High Risk
1013,64.0,High Risk
1013,34.75,Medium Risk
1013,46.75,Medium Risk
1014,19.25,Low Risk
1014,20.0,Low Risk
1014,40.0,Medium Risk
1014,35.0,Medium Risk
1014,47.5,Medium Risk
1014,66.5,High Risk
1014,65.5,High Risk
1014,61.5,High Risk
1014,59.5,High Risk
1014,27.25,Medium Risk
1014,57.5,High Risk
1014,25.0,Low Risk
1015,27.25,Medium Risk
1015,92.0,Critical Risk
1015,22.25,Low Risk
1015,49.0,Medium Risk
1015,19.25,Low Risk
1015,31.75,Medium Risk
1015,20.0,Low Risk
1015,26.75,Medium Risk
1015,45.5,Medium Risk
1015,27.5,Medium Risk
1015,32.5,Medium Risk
1015,36.5,Medium Risk
1015,50.5,High Risk
1015,35.0,Medium Risk
1016,59.75,High Risk
1016,53.0,High Risk
1016,49.0,Medium Risk
1016,19.25,Low Risk
1016,52.5,High Risk
1016,32.5,Medium Risk
1016,43.0,Medium Risk
1016,60.5,High Risk
1016,41.5,Medium Risk
1016,35.0,Medium Risk
1016,20.0,Low Risk
1017,19.25,Low Risk
1017,20.0,Low Risk
1017,27.25,Medium Risk
1017,69.0,High Risk
1017,29.0,Medium Risk
1017,39.25,Medium Risk
1017,52.0,High Risk
1017,57.5,High Risk
1017,26.75,Medium Risk
1017,35.0,Medium Risk
1017,37.25,Medium Risk
1017,43.0,Medium Risk
1018,20.0,Low Risk
1018,41.5,Medium Risk
1018,41.0,Medium Risk
1018,52.5,High Risk
1018,49.0,Medium Risk
1018,44.0,Medium Risk
1018,32.5,Medium Risk
1018,51.75,High Risk
1018,39.25,Medium Risk
1018,27.5,Medium Risk
1018,28.0,Medium Risk
1018,59.5,High Risk
1018,36.5,Medium Risk
1018,40.0,Medium Risk
1018,54.75,High Risk
1018,35.5,Medium Risk
1019,19.25,Low Risk
1019,35.5,Medium Risk
1019,29.0,Medium Risk
1019,23.0,Low Risk
1019,40.0,Medium Risk
1019,35.0,Medium Risk
1019,29.5,Medium Risk
1019,52.5,High Risk
1019,31.75,Medium Risk
1019,64.75,High Risk
1019,28.0,Medium Risk
1019,34.25,Medium Risk
1019,27.25,Medium Risk
1019,41.0,Medium Risk
1019,20.0,Low Risk
1019,27.5,Medium Risk
1020,42.25,Medium Risk
1020,29.0,Medium Risk
1020,40.0,Medium Risk
1020,38.0,Medium Risk
1020,65.5,High Risk
1020,47.5,Medium Risk
1020,52.5,High Risk
1020,31.75,Medium Risk
1020,56.5,High Risk
1020,56.75,High Risk
1020,19.25,Low Risk
1020,20.0,Low Risk
1020,55.5,High Risk
1020,39.25,Medium Risk
1021,20.0,Low Risk
1021,40.0,Medium Risk
1021,28.0,Medium Risk
1021,74.0,High Risk
1021,27.5,Medium Risk
1021,56.5,High Risk
1021,61.5,High Risk
1021,34.25,Medium Risk
1021,22.25,Low Risk
1021,22.0,Low Risk
1021,39.25,Medium Risk
1021,29.0,Medium Risk
1021,52.5,High Risk
1022,82.0,Critical Risk
1022,34.25,Medium Risk
1022,49.0,Medium Risk
1022,38.0,Medium Risk
1022,64.75,High Risk
1022,74.0,High Risk
1022,32.5,Medium Risk
1022,39.25,Medium Risk
1022,28.0,Medium Risk
1022,52.0,High Risk
1022,47.5,Medium Risk
1022,20.0,Low Risk
1022,51.75,High Risk
1023,34.25,Medium Risk
1023,35.0,Medium Risk
1023,19.25,Low Risk
1023,48.0,Medium Risk
1023,20.0,Low Risk
1023,37.25,Medium Risk
1023,39.75,Medium Risk
1023,40.0,Medium Risk
1023,32.0,Medium Risk
1023,27.25,Medium Risk
1023,69.0,High Risk
1023,52.5,High Risk
1023,22.25,Low Risk
1024,20.0,Low Risk
1024,43.0,Medium Risk
1024,44.0,Medium Risk
1024,32.5,Medium Risk
1024,34.25,Medium Risk
1024,60.25,High Risk
1024,26.75,Medium Risk
1024,19.25,Low Risk
1024,42.25,Medium Risk
1025,52.5,High Risk
1025,20.0,Low Risk
1025,27.5,Medium Risk
1025,52.75,High Risk
1025,40.0,Medium Risk
1025,54.5,High Risk
1025,51.75,High Risk
1025,56.5,High Risk
1025,39.25,Medium Risk
1025,19.25,Low Risk
1025,29.0,Medium Risk
1026,31.75,Medium Risk
1026,41.5,Medium Risk
1026,39.5,Medium Risk
1026,27.5,Medium Risk
1026,21.25,Low Risk
1026,19.25,Low Risk
1026,38.0,Medium Risk
1026,35.0,Medium Risk
1026,69.0,High Risk
1026,39.25,Medium Risk
1026,29.0,Medium Risk
1026,60.5,High Risk
1026,34.75,Medium Risk
1026,20.0,Low Risk
1026,45.5,Medium Risk
1026,34.25,Medium Risk
1026,22.25,Low Risk
1026,32.5,Medium Risk
1026,44.5,Medium Risk
1026,37.25,Medium Risk
1027,52.5,High Risk
1027,40.0,Medium Risk
1027,41.5,Medium Risk
1027,20.0,Low Risk
1027,44.75,Medium Risk
1027,28.0,Medium Risk
1027,50.5,High Risk
1027,27.5,Medium Risk
1027,37.25,Medium Risk
1027,40.5,Medium Risk
1027,59.5,High Risk
1027,36.5,Medium Risk
1027,32.5,Medium Risk
1027,39.25,Medium Risk
1027,66.0,High Risk
1028,42.25,Medium Risk
1028,39.25,Medium Risk
1028,31.75,Medium Risk
1028,28.0,Medium Risk
1028,20.0,Low Risk
1028,34.25,Medium Risk
1028,64.0,High Risk
1028,19.25,Low Risk
1028,26.75,Medium Risk
1028,32.5,Medium Risk
1028,38.0,Medium Risk
1028,29.0,Medium Risk
1028,35.0,Medium Risk
1028,41.5,Medium Risk
1028,27.5,Medium Risk
1028,47.0,Medium Risk
1028,29.75,Medium Risk
1029,31.75,Medium Risk
1029,26.75,Medium Risk
1029,19.25,Low Risk
1029,52.5,High Risk
1029,22.25,Low Risk
1029,58.0,High Risk
1029,28.0,Medium Risk
1029,27.5,Medium Risk
1029,37.25,Medium Risk
1029,40.0,Medium Risk
1029,39.75,Medium Risk
1029,20.0,Low Risk
1029,47.5,Medium Risk
1029,100.0,Critical Risk
1029,49.0,Medium Risk
1029,32.5,Medium Risk
1029,56.75,High Risk
1029,34.25,Medium Risk
1030,41.25,Medium Risk
1030,48.0,Medium Risk
1030,31.75,Medium Risk
1030,41.5,Medium Risk
1030,27.25,Medium Risk
1030,19.25,Low Risk
1030,27.5,Medium Risk
1030,44.0,Medium Risk
1030,74.0,High Risk
1030,35.0,Medium Risk
1030,57.75,High Risk
1030,32.5,Medium Risk
1030,26.75,Medium Risk
1030,20.0,Low Risk
1030,40.0,Medium Risk
1030,67.0,High Risk
1030,34.25,Medium Risk
1031,55.5,High Risk
1031,34.25,Medium Risk
1031,19.25,Low Risk
1031,26.75,Medium Risk
1031,40.0,Medium Risk
1031,49.0,Medium Risk
1031,67.0,High Risk
1031,22.25,Low Risk
1031,44.0,Medium Risk
1031,27.5,Medium Risk
1031,57.5,High Risk
1031,31.75,Medium Risk
1031,52.5,High Risk
1031,64.75,High Risk
1031,54.75,High Risk
1032,20.0,Low Risk
1032,27.25,Medium Risk
1032,28.0,Medium Risk
1032,19.25,Low Risk
1032,56.5,High Risk
1032,24.25,Low Risk
1032,23.0,Low Risk
1032,35.0,Medium Risk
1032,54.5,High Risk
1032,29.0,Medium Risk
1032,40.0,Medium Risk
1032,92.0,Critical Risk
1033,21.25,Low Risk
1033,40.25,Medium Risk
1033,19.25,Low Risk
1033,20.0,Low Risk
1033,49.0,Medium Risk
1033,38.0,Medium Risk
1033,22.25,Low Risk
1033,26.75,Medium Risk
1033,37.25,Medium Risk
1033,34.25,Medium Risk
1033,58.0,High Risk
1033,52.5,High Risk
1033,64.5,High Risk
1033,39.25,Medium Risk
1033,36.5,Medium Risk
1033,46.75,Medium Risk
1034,19.25,Low Risk
1034,72.0,High Risk
1034,23.0,Low Risk
1034,34.25,Medium Risk
1034,20.0,Low Risk
1034,22.0,Low Risk
1034,35.0,Medium Risk
1034,74.0,High Risk
1034,56.5,High Risk
1034,27.25,Medium Risk
1034,47.5,Medium Risk
1034,48.0,Medium Risk
1034,37.25,Medium Risk
1034,22.25,Low Risk
1035,19.25,Low Risk
1035,59.5,High Risk
1035,49.0,Medium Risk
1035,20.0,Low Risk
1035,32.5,Medium Risk
1035,25.0,Low Risk
1035,37.25,Medium Risk
1035,47.0,Medium Risk
1035,64.0,High Risk
1035,22.25,Low Risk
1035,34.25,Medium Risk
1035,39.25,Medium Risk
1035,41.5,Medium Risk
1035,28.0,Medium Risk
1036,31.75,Medium Risk
1036,40.5,Medium Risk
1036,69.0,High Risk
1036,57.25,High Risk
1036,34.25,Medium Risk
1036,32.5,Medium Risk
1036,42.25,Medium Risk
1036,37.25,Medium Risk
1036,46.75,Medium Risk
1036,19.25,Low Risk
1036,26.75,Medium Risk
1036,51.5,High Risk
1036,39.25,Medium Risk
1036,52.25,High Risk
1036,44.0,Medium Risk
1036,43.0,Medium Risk
1037,37.25,Medium Risk
1037,19.25,Low Risk
1037,52.25,High Risk
1037,31.75,Medium Risk
1037,35.0,Medium Risk
1037,43.0,Medium Risk
1037,24.25,Low Risk
1037,40.0,Medium Risk
1037,34.25,Medium Risk
1037,32.5,Medium Risk
1037,26.75,Medium Risk
1038,20.0,Low Risk
1038,27.5,Medium Risk
1038,69.0,High Risk
1038,19.25,Low Risk
1038,56.5,High Risk
1038,32.5,Medium Risk
1038,32.0,Medium Risk
1038,50.5,High Risk
1038,27.25,Medium Risk
1038,59.5,High Risk
1038,40.0,Medium Risk
1039,40.0,Medium Risk
1039,46.75,Medium Risk
1039,20.0,Low Risk
1039,74.0,High Risk
1039,27.25,Medium Risk
1039,66.5,High Risk
1039,56.75,High Risk
1039,72.5,High Risk
1039,29.0,Medium Risk
1039,19.25,Low Risk
1039,57.5,High Risk
1039,56.5,High Risk
1039,61.5,High Risk
1039,82.0,Critical Risk
1040,35.0,Medium Risk
1040,19.25,Low Risk
1040,64.0,High Risk
1040,32.5,Medium Risk
1040,41.25,Medium Risk
1040,62.0,High Risk
1040,42.25,Medium Risk
1040,34.25,Medium Risk
1040,22.25,Low Risk
1040,57.0,High Risk
1041,57.5,High Risk
1041,40.5,Medium Risk
1041,64.0,High Risk
1041,39.75,Medium Risk
1041,43.0,Medium Risk
1041,49.75,Medium Risk
1041,19.25,Low Risk
1041,25.0,Low Risk
1041,32.5,Medium Risk
1041,26.75,Medium Risk
1041,29.0,Medium Risk
1041,74.0,High Risk
1041,44.75,Medium Risk
1041,41.5,Medium Risk
1041,37.0,Medium Risk
1042,47.5,Medium Risk
1042,20.0,Low Risk
1042,54.75,High Risk
1042,36.5,Medium Risk
1042,19.25,Low Risk
1042,77.0,Critical Risk
1042,37.0,Medium Risk
1042,40.0,Medium Risk
1042,74.0,High Risk
1042,47.25,Medium Risk
1042,38.0,Medium Risk
1042,31.75,Medium Risk
1042,56.5,High Risk
1042,42.25,Medium Risk
1042,27.5,Medium Risk
1042,26.75,Medium Risk
1042,52.5,High Risk
1042,23.0,Low Risk
1043,19.25,Low Risk
1043,29.0,Medium Risk
1043,31.75,Medium Risk
1043,34.75,Medium Risk
1043,26.75,Medium Risk
1043,20.0,Low Risk
1043,34.25,Medium Risk
1043,27.5,Medium Risk
1043,49.0,Medium Risk
1044,31.75,Medium Risk
1044,35.5,Medium Risk
1044,40.5,Medium Risk
1044,77.0,Critical Risk
1044,34.5,Medium Risk
1044,69.0,High Risk
1044,40.0,Medium Risk
1044,29.0,Medium Risk
1044,23.0,Low Risk
1044,27.5,Medium Risk
1044,56.5,High Risk
1044,19.25,Low Risk
1044,48.0,Medium Risk
1044,64.0,High Risk
1044,41.5,Medium Risk
1044,100.0,Critical Risk
1044,26.75,Medium Risk
1045,51.5,High Risk
1045,27.5,Medium Risk
1045,35.5,Medium Risk
1045,47.5,Medium Risk
1045,19.25,Low Risk
1045,20.0,Low Risk
1045,34.75,Medium Risk
1045,32.5,Medium Risk
1045,92.0,Critical Risk
1045,26.75,Medium Risk
1045,56.5,High Risk
1045,39.25,Medium Risk
1045,42.25,Medium Risk
1045,64.0,High Risk
1045,69.0,High Risk
1046,34.75,Medium Risk
1046,35.5,Medium Risk
1046,26.75,Medium Risk
1046,28.0,Medium Risk
1046,19.25,Low Risk
1046,51.75,High Risk
1046,42.25,Medium Risk
1046,27.25,Medium Risk
1046,32.5,Medium Risk
1046,55.5,High Risk
1046,22.25,Low Risk
1046,51.5,High Risk
1046,40.0,Medium Risk
1046,41.5,Medium Risk
1046,39.25,Medium Risk
1046,31.75,Medium Risk
1046,52.75,High Risk
1046,64.75,High Risk
1046,20.0,Low Risk
1047,34.75,Medium Risk
1047,22.25,Low Risk
1047,44.0,Medium Risk
1047,29.0,Medium Risk
1047,19.25,Low Risk
1047,74.0,High Risk
1047,39.25,Medium Risk
1047,27.5,Medium Risk
1047,26.75,Medium Risk
1047,82.0,Critical Risk
1047,64.0,High Risk
1047,35.0,Medium Risk
1047,49.0,Medium Risk
1047,31.75,Medium Risk
1047,35.5,Medium Risk
1048,20.0,Low Risk
1048,31.75,Medium Risk
1048,41.5,Medium Risk
1048,29.0,Medium Risk
1048,35.5,Medium Risk
1048,32.5,Medium Risk
1048,26.75,Medium Risk
1048,34.75,Medium Risk
1048,56.5,High Risk
1048,19.25,Low Risk
1048,40.25,Medium Risk
1048,60.5,High Risk
1048,40.0,Medium Risk
1048,56.75,High Risk
1048,27.5,Medium Risk
1048,52.5,High Risk
1049,35.5,Medium Risk
1049,27.25,Medium Risk
1049,27.5,Medium Risk
1049,26.75,Medium Risk
1049,19.25,Low Risk
1049,64.0,High Risk
1049,28.75,Medium Risk
1049,29.0,Medium Risk
1049,20.0,Low Risk
1049,56.5,High Risk
1049,55.5,High Risk
1049,36.5,Medium Risk
1049,31.75,Medium Risk
1049,37.25,Medium Risk
1049,28.0,Medium Risk
1050,20.0,Low Risk
1050,30.5,Medium Risk
1050,57.5,High Risk
1050,19.25,Low Risk
1050,52.25,High Risk
1050,32.5,Medium Risk
1050,42.25,Medium Risk
1050,74.5,High Risk
1050,27.25,Medium Risk
1050,31.75,Medium Risk
1050,36.5,Medium Risk
1050,23.0,Low Risk
1050,69.0,High Risk
1050,29.0,Medium Risk
1050,35.5,Medium Risk
1050,26.75,Medium Risk
1051,46.75,Medium Risk
1051,35.0,Medium Risk
1051,22.25,Low Risk
1051,20.0,Low Risk
1051,37.25,Medium Risk
1051,39.25,Medium Risk
1051,19.25,Low Risk
1051,64.5,High Risk
1051,40.0,Medium Risk
1051,74.75,High Risk
1052,92.0,Critical Risk
1052,51.5,High Risk
1052,74.0,High Risk
1052,20.0,Low Risk
1052,29.0,Medium Risk
1052,39.25,Medium Risk
1052,40.0,Medium Risk
1052,60.5,High Risk
1052,47.5,Medium Risk
1052,35.0,Medium Risk
1052,41.5,Medium Risk
1052,38.0,Medium Risk
1052,69.0,High Risk
1052,19.25,Low Risk
1052,43.0,Medium Risk
1052,44.0,Medium Risk
1053,48.0,Medium Risk
1053,19.25,Low Risk
1053,64.0,High Risk
1053,20.0,Low Risk
1053,43.0,Medium Risk
1053,37.25,Medium Risk
1053,23.0,Low Risk
1053,49.75,Medium Risk
1053,49.0,Medium Risk
1053,40.0,Medium Risk
1053,22.25,Low Risk
1053,45.25,Medium Risk
1053,35.0,Medium Risk
1053,32.5,Medium Risk
1053,31.75,Medium Risk
1053,51.0,High Risk
1053,75.5,Critical Risk
1053,38.0,Medium Risk
1054,20.0,Low Risk
1054,19.25,Low Risk
1054,22.25,Low Risk
1054,57.0,High Risk
1054,51.75,High Risk
1054,38.0,Medium Risk
1054,22.0,Low Risk
1054,29.0,Medium Risk
1055,27.25,Medium Risk
1055,19.25,Low Risk
1055,56.5,High Risk
1055,61.5,High Risk
1055,26.75,Medium Risk
1055,40.5,Medium Risk
1055,29.0,Medium Risk
1055,20.0,Low Risk
1055,36.5,Medium Risk
1055,40.0,Medium Risk
1055,47.25,Medium Risk
1055,44.75,Medium Risk
1055,37.0,Medium Risk
1055,39.25,Medium Risk
1056,59.5,High Risk
1056,31.75,Medium Risk
1056,47.5,Medium Risk
1056,48.0,Medium Risk
1056,47.25,Medium Risk
1056,51.75,High Risk
1056,35.5,Medium Risk
1056,82.0,Critical Risk
1056,19.25,Low Risk
1056,32.5,Medium Risk
1056,26.75,Medium Risk
1056,46.75,Medium Risk
1056,45.25,Medium Risk
1057,34.75,Medium Risk
1057,20.0,Low Risk
1057,69.0,High Risk
1057,19.25,Low Risk
1057,55.5,High Risk
1057,29.0,Medium Risk
1057,46.75,Medium Risk
1057,74.0,High Risk
1057,77.0,Critical Risk
1057,59.5,High Risk
1057,22.25,Low Risk
1057,26.75,Medium Risk
1057,31.0,Medium Risk
1057,41.5,Medium Risk
1057,36.5,Medium Risk
1057,51.75,High Risk
1057,47.5,Medium Risk
1057,35.5,Medium Risk
1058,19.25,Low Risk
1058,44.0,Medium Risk
1058,29.0,Medium Risk
1058,20.0,Low Risk
1058,39.25,Medium Risk
1058,22.25,Low Risk
1058,42.25,Medium Risk
1058,35.0,Medium Risk
1058,34.25,Medium Risk
1058,26.75,Medium Risk
1058,49.0,Medium Risk
1058,36.5,Medium Risk
1058,43.0,Medium Risk
1058,24.25,Low Risk
1058,31.75,Medium Risk
1058,61.5,High Risk
1058,32.5,Medium Risk
1059,29.0,Medium Risk
1059,19.25,Low Risk
1059,47.5,Medium Risk
1059,35.0,Medium Risk
1059,32.5,Medium Risk
1059,64.0,High Risk
1059,72.0,High Risk
1059,34.25,Medium Risk
1059,20.0,Low Risk
1059,52.5,High Risk
1059,37.25,Medium Risk
1059,27.25,Medium Risk
1059,51.75,High Risk
1060,31.75,Medium Risk
1060,82.5,Critical Risk
1060,39.75,Medium Risk
1060,22.25,Low Risk
1060,47.5,Medium Risk
1060,34.75,Medium Risk
1060,39.25,Medium Risk
1060,52.5,High Risk
1060,46.75,Medium Risk
1060,74.0,High Risk
1060,49.75,Medium Risk
1060,26.75,Medium Risk
1060,48.0,Medium Risk
1060,35.0,Medium Risk
1060,42.25,Medium Risk
1060,27.25,Medium Risk
1060,40.5,Medium Risk
1060,64.0,High Risk
1060,29.0,Medium Risk
1060,27.5,Medium Risk
1061,19.25,Low Risk
1061,35.5,Medium Risk
1061,20.0,Low Risk
1061,40.0,Medium Risk
1061,55.5,High Risk
1061,26.75,Medium Risk
1061,74.0,High Risk
1061,36.25,Medium Risk
1061,49.0,Medium Risk
1061,56.5,High Risk
1061,29.0,Medium Risk
1061,52.5,High Risk
1061,37.0,Medium Risk
1061,31.75,Medium Risk
1061,54.75,High Risk
1061,82.0,Critical Risk
1062,27.5,Medium Risk
1062,35.0,Medium Risk
1062,32.5,Medium Risk
1062,74.0,High Risk
1062,19.25,Low Risk
1062,28.0,Medium Risk
1062,36.5,Medium Risk
1062,39.5,Medium Risk
1062,31.75,Medium Risk
1062,44.0,Medium Risk
1062,22.25,Low Risk
1062,52.5,High Risk
1062,30.5,Medium Risk
1062,20.0,Low Risk
1062,69.0,High Risk
1063,27.5,Medium Risk
1063,59.75,High Risk
1063,39.75,Medium Risk
1063,39.25,Medium Risk
1063,25.0,Low Risk
1063,35.5,Medium Risk
1063,20.0,Low Risk
1063,19.25,Low Risk
1063,29.75,Medium Risk
1063,66.5,High Risk
1063,55.25,High Risk
1063,26.75,Medium Risk
1063,55.5,High Risk
1063,48.0,Medium Risk
1063,34.75,Medium Risk
1063,29.0,Medium Risk
1063,40.5,Medium Risk
1063,31.75,Medium Risk
1063,57.5,High Risk
1063,69.0,High Risk
1063,41.5,Medium Risk
1064,19.25,Low Risk
1064,77.0,Critical Risk
1064,27.25,Medium Risk
1064,41.5,Medium Risk
1064,74.0,High Risk
1064,32.5,Medium Risk
1064,28.75,Medium Risk
1064,82.0,Critical Risk
1064,31.75,Medium Risk
1064,20.0,Low Risk
1064,27.5,Medium Risk
1065,69.0,High Risk
1065,27.5,Medium Risk
1065,20.0,Low Risk
1065,59.5,High Risk
1065,29.0,Medium Risk
1065,77.0,Critical Risk
1065,57.25,High Risk
1065,19.25,Low Risk
1065,22.25,Low Risk
1065,42.0,Medium Risk
1065,74.0,High Risk
1065,34.75,Medium Risk
1065,90.0,Critical Risk
1065,100.0,Critical Risk
1065,27.25,Medium Risk
1066,26.75,Medium Risk
1066,20.0,Low Risk
1066,37.25,Medium Risk
1066,19.25,Low Risk
1066,23.0,Low Risk
1066,28.0,Medium Risk
1066,66.0,High Risk
1066,38.0,Medium Risk
1066,34.25,Medium Risk
1066,54.75,High Risk
1066,31.75,Medium Risk
1066,69.0,High Risk
1066,27.5,Medium Risk
1066,39.25,Medium Risk
1066,47.5,Medium Risk
1067,20.0,Low Risk
1067,39.25,Medium Risk
1067,19.25,Low Risk
1067,28.0,Medium Risk
1067,47.5,Medium Risk
1067,29.0,Medium Risk
1067,26.75,Medium Risk
1067,44.0,Medium Risk
1067,35.0,Medium Risk
1067,34.25,Medium Risk
1068,20.0,Low Risk
1068,42.25,Medium Risk
1068,31.75,Medium Risk
1068,47.25,Medium Risk
1068,78.5,Critical Risk
1068,34.25,Medium Risk
1068,38.0,Medium Risk
1068,46.75,Medium Risk
1068,19.25,Low Risk
1068,47.5,Medium Risk
1068,26.75,Medium Risk
1068,40.0,Medium Risk
1068,33.75,Medium Risk
1069,40.0,Medium Risk
1069,56.5,High Risk
1069,69.0,High Risk
1069,19.25,Low Risk
1069,32.5,Medium Risk
1069,64.0,High Risk
1069,41.5,Medium Risk
1069,27.25,Medium Risk
1069,77.0,Critical Risk
1069,51.75,High Risk
1069,38.0,Medium Risk
1069,35.0,Medium Risk
1069,74.0,High Risk
1069,43.0,Medium Risk
1069,61.5,High Risk
1070,34.25,Medium Risk
1070,31.75,Medium Risk
1070,49.75,Medium Risk
1070,26.75,Medium Risk
1070,19.25,Low Risk
1070,27.25,Medium Risk
1070,64.75,High Risk
1070,56.75,High Risk
1070,39.5,Medium Risk
1070,65.5,High Risk
1070,20.0,Low Risk
1070,39.25,Medium Risk
1070,61.5,High Risk
1070,52.5,High Risk
1071,31.75,Medium Risk
1071,20.0,Low Risk
1071,35.0,Medium Risk
1071,32.5,Medium Risk
1071,22.25,Low Risk
1071,36.5,Medium Risk
1071,74.0,High Risk
1071,42.25,Medium Risk
1071,19.25,Low Risk
1071,64.5,High Risk
1071,40.0,Medium Risk
1071,21.25,Low Risk
1071,70.0,High Risk
1071,26.75,Medium Risk
1071,35.5,Medium Risk
1071,34.25,Medium Risk
1071,29.75,Medium Risk
1071,52.5,High Risk
1071,46.75,Medium Risk
1072,27.25,Medium Risk
1072,51.75,High Risk
1072,49.0,Medium Risk
1072,50.5,High Risk
1072,57.0,High Risk
1072,29.75,Medium Risk
1072,69.0,High Risk
1072,56.5,High Risk
1072,59.75,High Risk
1072,23.0,Low Risk
1072,32.5,Medium Risk
1072,59.5,High Risk
1072,36.5,Medium Risk
1072,39.25,Medium Risk
1072,46.75,Medium Risk
1072,74.0,High Risk
1072,44.0,Medium Risk
1072,40.5,Medium Risk
1072,22.25,Low Risk
1073,20.0,Low Risk
1073,34.75,Medium Risk
1073,29.0,Medium Risk
1073,32.5,Medium Risk
1073,38.0,Medium Risk
1073,26.75,Medium Risk
1073,27.5,Medium Risk
1073,41.5,Medium Risk
1073,74.0,High Risk
1073,31.75,Medium Risk
1073,35.0,Medium Risk
1073,39.25,Medium Risk
1073,54.5,High Risk
1074,47.5,Medium Risk
1074,34.75,Medium Risk
1074,20.0,Low Risk
1074,32.5,Medium Risk
1074,60.5,High Risk
1074,51.5,High Risk
1074,34.25,Medium Risk
1074,40.0,Medium Risk
1074,19.25,Low Risk
1074,56.75,High Risk
1074,39.25,Medium Risk
1074,51.75,High Risk
1074,44.0,Medium Risk
1075,49.0,Medium Risk
1075,19.25,Low Risk
1075,44.0,Medium Risk
1075,40.0,Medium Risk
1075,39.25,Medium Risk
1075,20.0,Low Risk
1075,37.25,Medium Risk
1075,61.5,High Risk
1075,35.0,Medium Risk
1075,46.75,Medium Risk
1075,42.0,Medium Risk
1075,28.0,Medium Risk
1075,31.75,Medium Risk
1075,27.25,Medium Risk
1075,27.5,Medium Risk
1076,59.5,High Risk
1076,41.5,Medium Risk
1076,34.25,Medium Risk
1076,19.25,Low Risk
1076,31.75,Medium Risk
1076,40.0,Medium Risk
1076,27.25,Medium Risk
1076,32.5,Medium Risk
1076,25.0,Low Risk
1076,29.0,Medium Risk
1076,35.0,Medium Risk
1076,26.75,Medium Risk
1076,47.25,Medium Risk
1076,51.75,High Risk
1076,24.25,Low Risk
1076,44.0,Medium Risk
1076,57.0,High Risk
1076,38.0,Medium Risk
1076,39.25,Medium Risk
1076,74.0,High Risk
1077,32.5,Medium Risk
1077,74.0,High Risk
1077,20.0,Low Risk
1077,77.0,Critical Risk
1077,23.0,Low Risk
1077,31.75,Medium Risk
1077,27.5,Medium Risk
1077,37.0,Medium Risk
1077,35.0,Medium Risk
1077,19.25,Low Risk
1077,26.75,Medium Risk
1077,76.0,Critical Risk
1077,39.25,Medium Risk
1077,36.5,Medium Risk
1078,26.75,Medium Risk
1078,27.5,Medium Risk
1078,32.5,Medium Risk
1078,22.25,Low Risk
1078,69.0,High Risk
1078,20.0,Low Risk
1078,51.5,High Risk
1078,48.0,Medium Risk
1078,49.75,Medium Risk
1078,38.0,Medium Risk
1078,19.25,Low Risk
1078,35.5,Medium Risk
1078,41.5,Medium Risk
1078,57.25,High Risk
1078,56.5,High Risk
1078,37.25,Medium Risk
1079,19.25,Low Risk
1079,20.0,Low Risk
1079,28.0,Medium Risk
1079,40.5,Medium Risk
1079,29.0,Medium Risk
1079,23.0,Low Risk
1079,22.25,Low Risk
1079,39.25,Medium Risk
1079,27.5,Medium Risk
1079,51.75,High Risk
1079,27.25,Medium Risk
1079,37.0,Medium Risk
1079,44.5,Medium Risk
1079,40.0,Medium Risk
1079,60.25,High Risk
1080,26.75,Medium Risk
1080,20.0,Low Risk
1080,19.25,Low Risk
1080,32.5,Medium Risk
1080,42.25,Medium Risk
1080,51.75,High Risk
1080,46.75,Medium Risk
1080,43.0,Medium Risk
1080,42.0,Medium Risk
1080,34.25,Medium Risk
1080,35.0,Medium Risk
1080,31.0,Medium Risk
1080,56.5,High Risk
1080,44.5,Medium Risk
1080,29.0,Medium Risk
1081,49.0,Medium Risk
1081,34.25,Medium Risk
1081,47.0,Medium Risk
1081,47.5,Medium Risk
1081,35.0,Medium Risk
1081,61.5,High Risk
1081,66.5,High Risk
1081,60.5,High Risk
1081,64.75,High Risk
1081,39.25,Medium Risk
1081,31.75,Medium Risk
1081,28.0,Medium Risk
1082,54.75,High Risk
1082,39.25,Medium Risk
1082,35.0,Medium Risk
1082,55.5,High Risk
1082,74.0,High Risk
1082,64.0,High Risk
1082,34.25,Medium Risk
1082,44.0,Medium Risk
1082,32.5,Medium Risk
1082,42.25,Medium Risk
1082,46.75,Medium Risk
1082,47.5,Medium Risk
1082,43.0,Medium Risk
1082,87.0,Critical Risk
1082,56.5,High Risk
1082,82.0,Critical Risk
1082,69.0,High Risk
1082,40.0,Medium Risk
1082,52.25,High Risk
1082,76.0,Critical Risk
1082,19.25,Low Risk
1082,20.0,Low Risk
1082,52.5,High Risk
1083,26.75,Medium Risk
1083,51.75,High Risk
1083,20.0,Low Risk
1083,35.0,Medium Risk
1083,46.75,Medium Risk
1083,40.0,Medium Risk
1083,57.5,High Risk
1083,60.5,High Risk
1083,29.0,Medium Risk
1083,25.0,Low Risk
1083,47.5,Medium Risk
1083,19.25,Low Risk
1083,74.0,High Risk
1083,44.0,Medium Risk
1083,39.25,Medium Risk
1083,32.5,Medium Risk
1083,60.25,High Risk
1084,20.0,Low Risk
1084,57.5,High Risk
1084,46.75,Medium Risk
1084,29.0,Medium Risk
1084,19.25,Low Risk
1084,31.75,Medium Risk
1084,22.25,Low Risk
1084,39.25,Medium Risk
1084,26.75,Medium Risk
1084,40.0,Medium Risk
1084,56.75,High Risk
1084,32.5,Medium Risk
1085,39.25,Medium Risk
1085,20.0,Low Risk
1085,27.25,Medium Risk
1085,38.0,Medium Risk
1085,19.25,Low Risk
1085,31.75,Medium Risk
1085,22.25,Low Risk
1085,29.0,Medium Risk
1085,74.0,High Risk
1085,51.75,High Risk
1085,29.75,Medium Risk
1085,23.0,Low Risk
1086,59.75,High Risk
1086,19.25,Low Risk
1086,20.0,Low Risk
1086,22.25,Low Risk
1086,21.25,Low Risk
1086,27.25,Medium Risk
1086,26.75,Medium Risk
1086,69.0,High Risk
1086,46.0,Medium Risk
1086,56.75,High Risk
1086,51.5,High Risk
1086,61.5,High Risk
1086,52.5,High Risk
1087,31.75,Medium Risk
1087,35.5,Medium Risk
1087,41.5,Medium Risk
1087,35.0,Medium Risk
1087,61.5,High Risk
1087,27.25,Medium Risk
1087,51.75,High Risk
1087,32.5,Medium Risk
1087,22.25,Low Risk
1087,44.0,Medium Risk
1087,64.5,High Risk
1087,29.0,Medium Risk
1087,64.75,High Risk
1087,56.75,High Risk
1087,26.75,Medium Risk
1087,46.75,Medium Risk
1087,47.5,Medium Risk
1087,39.75,Medium Risk
1087,34.25,Medium Risk
1087,19.25,Low Risk
1087,32.0,Medium Risk
1087,20.0,Low Risk
1087,37.25,Medium Risk
1088,34.25,Medium Risk
1088,19.25,Low Risk
1088,57.25,High Risk
1088,48.0,Medium Risk
1088,37.25,Medium Risk
1088,66.5,High Risk
1088,20.0,Low Risk
1088,32.5,Medium Risk
1088,43.0,Medium Risk
1088,42.25,Medium Risk
1088,57.5,High Risk
1088,29.0,Medium Risk
1088,28.0,Medium Risk
1089,29.0,Medium Risk
1089,20.0,Low Risk
1089,22.25,Low Risk
1089,23.0,Low Risk
1089,72.0,High Risk
1089,47.0,Medium Risk
1089,32.5,Medium Risk
1089,19.25,Low Risk
1089,37.0,Medium Risk
1089,26.75,Medium Risk
1089,28.0,Medium Risk
1089,65.5,High Risk
1089,69.0,High Risk
1089,39.25,Medium Risk
1089,74.0,High Risk
1089,27.25,Medium Risk
1090,26.75,Medium Risk
1090,32.5,Medium Risk
1090,31.75,Medium Risk
1090,28.0,Medium Risk
1090,35.0,Medium Risk
1090,19.25,Low Risk
1090,22.25,Low Risk
1090,38.0,Medium Risk
1090,40.0,Medium Risk
1090,56.75,High Risk
1090,29.0,Medium Risk
1090,46.75,Medium Risk
1090,41.5,Medium Risk
1090,59.75,High Risk
1090,45.25,Medium Risk
1090,47.5,Medium Risk
1091,35.0,Medium Risk
1091,39.25,Medium Risk
1091,42.25,Medium Risk
1091,31.75,Medium Risk
1091,40.0,Medium Risk
1091,46.75,Medium Risk
1091,41.5,Medium Risk
1091,34.25,Medium Risk
1091,27.5,Medium Risk
1091,52.5,High Risk
1091,59.5,High Risk
1091,36.5,Medium Risk
1091,47.5,Medium Risk
1092,27.25,Medium Risk
1092,51.75,High Risk
1092,39.75,Medium Risk
1092,82.0,Critical Risk
1092,19.25,Low Risk
1092,26.75,Medium Risk
1092,57.5,High Risk
1092,40.0,Medium Risk
1092,20.0,Low Risk
1092,34.75,Medium Risk
1092,47.5,Medium Risk
1092,74.0,High Risk
1092,37.25,Medium Risk
1092,52.5,High Risk
1092,56.75,High Risk
1092,55.5,High Risk
1092,46.75,Medium Risk
1092,56.5,High Risk
1093,39.75,Medium Risk
1093,62.0,High Risk
1093,44.0,Medium Risk
1093,19.25,Low Risk
1093,39.25,Medium Risk
1093,34.25,Medium Risk
1093,36.5,Medium Risk
1093,56.75,High Risk
1093,52.5,High Risk
1093,31.75,Medium Risk
1093,20.0,Low Risk
1093,27.5,Medium Risk
1093,65.5,High Risk
1093,35.0,Medium Risk
1093,40.0,Medium Risk
1093,64.0,High Risk
1093,57.25,High Risk
1093,44.75,Medium Risk
1093,55.5,High Risk
1094,27.25,Medium Risk
1094,19.25,Low Risk
1094,74.5,High Risk
1094,29.0,Medium Risk
1094,20.0,Low Risk
1094,55.0,High Risk
1094,82.0,Critical Risk
1094,27.5,Medium Risk
1094,40.0,Medium Risk
1094,31.75,Medium Risk
1094,22.25,Low Risk
1094,43.0,Medium Risk
1094,49.0,Medium Risk
1094,46.75,Medium Risk
1095,19.25,Low Risk
1095,69.5,High Risk
1095,20.0,Low Risk
1095,46.75,Medium Risk
1095,34.25,Medium Risk
1095,39.25,Medium Risk
1095,74.75,High Risk
1095,28.0,Medium Risk
1096,46.75,Medium Risk
1096,29.0,Medium Risk
1096,26.75,Medium Risk
1096,20.0,Low Risk
1096,19.25,Low Risk
1096,32.5,Medium Risk
1096,23.0,Low Risk
1096,82.0,Critical Risk
1096,27.5,Medium Risk
1096,36.5,Medium Risk
1096,22.25,Low Risk
1097,19.25,Low Risk
1097,27.5,Medium Risk
1097,34.0,Medium Risk
1097,22.25,Low Risk
1097,52.5,High Risk
1097,35.5,Medium Risk
1097,34.25,Medium Risk
1097,38.0,Medium Risk
1097,29.0,Medium Risk
1097,32.5,Medium Risk
1097,39.25,Medium Risk
1098,35.0,Medium Risk
1098,19.25,Low Risk
1098,49.0,Medium Risk
1098,37.25,Medium Risk
1098,32.5,Medium Risk
1098,45.25,Medium Risk
1098,42.25,Medium Risk
1098,28.0,Medium Risk
1098,44.0,Medium Risk
1098,20.0,Low Risk
1098,41.5,Medium Risk
1098,40.5,Medium Risk
1098,65.25,High Risk
1098,46.75,Medium Risk
1099,49.75,Medium Risk
1099,19.25,Low Risk
1099,29.75,Medium Risk
1099,64.0,High Risk
1099,69.0,High Risk
1099,34.75,Medium Risk
1099,39.25,Medium Risk
1099,74.0,High Risk
1099,52.0,High Risk
1099,20.0,Low Risk
1099,58.75,High Risk
1099,31.75,Medium Risk
1099,57.25,High Risk
1099,74.5,High Risk
1099,22.25,Low Risk
1099,27.5,Medium Risk
1099,38.0,Medium Risk
1099,51.5,High Risk
1100,48.0,Medium Risk
1100,31.75,Medium Risk
1100,41.5,Medium Risk
1100,35.5,Medium Risk
1100,64.0,High Risk
1100,29.0,Medium Risk
1100,39.25,Medium Risk
1100,27.5,Medium Risk
1100,19.25,Low Risk
1100,20.0,Low Risk
1100,34.25,Medium Risk
1100,47.75,Medium Risk
1100,26.75,Medium Risk
1100,32.5,Medium Risk
1101,39.25,Medium Risk
1101,40.5,Medium Risk
1101,19.25,Low Risk
1101,20.0,Low Risk
1101,27.5,Medium Risk
1101,35.0,Medium Risk
1101,40.0,Medium Risk
1101,61.5,High Risk
1101,32.5,Medium Risk
1101,34.25,Medium Risk
1101,56.5,High Risk
1101,52.25,High Risk
1101,21.25,Low Risk
1102,20.0,Low Risk
1102,40.5,Medium Risk
1102,42.25,Medium Risk
1102,27.5,Medium Risk
1102,26.75,Medium Risk
1102,19.25,Low Risk
1102,32.0,Medium Risk
1102,43.0,Medium Risk
1102,35.0,Medium Risk
1102,39.5,Medium Risk
1102,44.0,Medium Risk
1102,82.0,Critical Risk
1102,31.75,Medium Risk
1102,34.25,Medium Risk
1102,33.75,Medium Risk
1102,53.0,High Risk
1103,29.0,Medium Risk
1103,19.25,Low Risk
1103,35.5,Medium Risk
1103,34.25,Medium Risk
1103,39.25,Medium Risk
1103,47.5,Medium Risk
1103,28.0,Medium Risk
1103,64.5,High Risk
1103,20.0,Low Risk
1103,40.5,Medium Risk
1103,32.5,Medium Risk
1103,42.25,Medium Risk
1103,27.25,Medium Risk
1103,22.25,Low Risk
1103,31.75,Medium Risk
1103,82.0,Critical Risk
1104,54.75,High Risk
1104,42.0,Medium Risk
1104,19.25,Low Risk
1104,36.5,Medium Risk
1104,47.5,Medium Risk
1104,47.25,Medium Risk
1104,22.25,Low Risk
1104,69.75,High Risk
1104,51.75,High Risk
1104,39.75,Medium Risk
1104,20.0,Low Risk
1104,57.5,High Risk
1104,40.0,Medium Risk
1104,39.25,Medium Risk
1104,43.0,Medium Risk
1104,27.25,Medium Risk
1104,61.5,High Risk
1104,29.0,Medium Risk
1104,46.75,Medium Risk
1104,34.25,Medium Risk
1104,48.75,Medium Risk
1105,22.25,Low Risk
1105,34.75,Medium Risk
1105,57.0,High Risk
1105,27.5,Medium Risk
1105,19.25,Low Risk
1105,32.5,Medium Risk
1105,20.0,Low Risk
1105,26.75,Medium Risk
1105,36.5,Medium Risk
1105,40.0,Medium Risk
1105,34.25,Medium Risk
1105,41.5,Medium Risk
1105,31.75,Medium Risk
1106,57.75,High Risk
1106,19.25,Low Risk
1106,66.5,High Risk
1106,40.5,Medium Risk
1106,29.0,Medium Risk
1106,45.25,Medium Risk
1106,34.25,Medium Risk
1106,52.0,High Risk
1106,28.0,Medium Risk
1106,20.0,Low Risk
1106,27.5,Medium Risk
1106,31.75,Medium Risk
1106,22.0,Low Risk
1106,39.25,Medium Risk
1106,26.75,Medium Risk
1106,21.25,Low Risk
1107,20.0,Low Risk
1107,46.75,Medium Risk
1107,37.0,Medium Risk
1107,19.25,Low Risk
1107,28.0,Medium Risk
1107,51.75,High Risk
1107,32.5,Medium Risk
1107,47.5,Medium Risk
1107,39.25,Medium Risk
1107,40.0,Medium Risk
1107,74.0,High Risk
1107,26.75,Medium Risk
1107,41.5,Medium Risk
1107,59.75,High Risk
1107,34.25,Medium Risk
1107,34.75,Medium Risk
1107,31.75,Medium Risk
1108,27.25,Medium Risk
1108,67.0,High Risk
1108,46.75,Medium Risk
1108,20.0,Low Risk
1108,19.25,Low Risk
1108,56.5,High Risk
1108,22.25,Low Risk
1108,64.5,High Risk
1108,54.5,High Risk
1108,34.25,Medium Risk
1108,61.0,High Risk
1108,27.5,Medium Risk
1108,40.5,Medium Risk
1108,47.5,Medium Risk
1108,29.0,Medium Risk
1108,39.25,Medium Risk
1108,74.0,High Risk
1108,57.0,High Risk
1109,45.25,Medium Risk
1109,42.0,Medium Risk
1109,35.0,Medium Risk
1109,19.25,Low Risk
1109,41.5,Medium Risk
1109,54.75,High Risk
1109,31.75,Medium Risk
1109,27.25,Medium Risk
1109,66.5,High Risk
1109,48.0,Medium Risk
1109,26.75,Medium Risk
1109,29.0,Medium Risk
1109,27.5,Medium Risk
1109,20.0,Low Risk
1109,56.5,High Risk
1109,40.5,Medium Risk
1110,19.25,Low Risk
1110,37.25,Medium Risk
1110,32.5,Medium Risk
1110,34.75,Medium Risk
1110,40.0,Medium Risk
1110,39.25,Medium Risk
1110,53.75,High Risk
1110,51.75,High Risk
1110,20.0,Low Risk
1110,36.5,Medium Risk
1110,46.75,Medium Risk
1110,29.0,Medium Risk
1110,43.0,Medium Risk
1110,26.75,Medium Risk
1111,20.0,Low Risk
1111,38.0,Medium Risk
1111,69.0,High Risk
1111,19.25,Low Risk
1111,82.0,Critical Risk
1111,23.0,Low Risk
1111,27.25,Medium Risk
1111,49.75,Medium Risk
1111,74.0,High Risk
1111,52.75,High Risk
1111,29.75,Medium Risk
1111,47.5,Medium Risk
1111,44.5,Medium Risk
1111,52.5,High Risk
1111,49.0,Medium Risk
1111,28.0,Medium Risk
1112,28.0,Medium Risk
1112,32.5,Medium Risk
1112,38.0,Medium Risk
1112,44.5,Medium Risk
1112,19.25,Low Risk
1112,40.0,Medium Risk
1112,31.75,Medium Risk
1112,57.0,High Risk
1112,39.25,Medium Risk
1112,51.75,High Risk
1112,34.25,Medium Risk
1112,41.5,Medium Risk
1112,82.0,Critical Risk
1112,49.0,Medium Risk
1112,27.5,Medium Risk
1113,39.25,Medium Risk
1113,19.25,Low Risk
1113,49.0,Medium Risk
1113,26.75,Medium Risk
1113,46.75,Medium Risk
1113,22.25,Low Risk
1113,27.5,Medium Risk
1113,31.75,Medium Risk
1113,57.5,High Risk
1113,49.5,Medium Risk
1113,32.0,Medium Risk
1113,43.0,Medium Risk
1113,35.0,Medium Risk
1113,36.5,Medium Risk
1113,20.0,Low Risk
1113,40.0,Medium Risk
1113,52.5,High Risk
1114,27.5,Medium Risk
1114,19.25,Low Risk
1114,43.5,Medium Risk
1114,55.5,High Risk
1114,26.75,Medium Risk
1114,56.5,High Risk
1114,64.0,High Risk
1114,35.0,Medium Risk
1114,52.0,High Risk
1114,29.0,Medium Risk
1114,46.75,Medium Risk
1114,35.5,Medium Risk
1114,20.0,Low Risk
1114,64.5,High Risk
1114,39.25,Medium Risk
1114,31.75,Medium Risk
1114,41.5,Medium Risk
1114,34.25,Medium Risk
1114,37.0,Medium Risk
1114,32.5,Medium Risk
1115,26.75,Medium Risk
1115,19.25,Low Risk
1115,20.0,Low Risk
1115,52.5,High Risk
1115,22.25,Low Risk
1115,36.5,Medium Risk
1115,27.5,Medium Risk
1115,56.75,High Risk
1115,37.25,Medium Risk
1115,27.25,Medium Risk
1115,57.5,High Risk
1115,35.0,Medium Risk
1115,41.5,Medium Risk
1115,50.5,High Risk
1115,31.75,Medium Risk
1115,40.0,Medium Risk
1116,20.0,Low Risk
1116,69.0,High Risk
1116,19.25,Low Risk
1116,52.5,High Risk
1116,41.25,Medium Risk
1116,31.75,Medium Risk
1116,32.5,Medium Risk
1116,39.25,Medium Risk
1116,27.25,Medium Risk
1116,35.0,Medium Risk
1116,29.75,Medium Risk
1116,64.0,High Risk
1116,22.25,Low Risk
1116,42.25,Medium Risk
1117,20.0,Low Risk
1117,44.0,Medium Risk
1117,56.75,High Risk
1117,49.0,Medium Risk
1117,48.75,Medium Risk
1117,32.5,Medium Risk
1117,36.5,Medium Risk
1117,43.0,Medium Risk
1117,19.25,Low Risk
1117,27.5,Medium Risk
1117,27.25,Medium Risk
1118,74.0,High Risk
1118,74.5,High Risk
1118,19.25,Low Risk
1118,35.0,Medium Risk
1118,32.5,Medium Risk
1118,50.5,High Risk
1118,72.0,High Risk
1118,36.5,Medium Risk
1118,27.25,Medium Risk
1118,28.0,Medium Risk
1118,64.5,High Risk
1118,26.75,Medium Risk
1118,41.5,Medium Risk
1118,71.0,High Risk
1118,40.0,Medium Risk
1119,39.25,Medium Risk
1119,41.5,Medium Risk
1119,44.0,Medium Risk
1119,64.0,High Risk
1119,19.25,Low Risk
1119,40.0,Medium Risk
1119,54.75,High Risk
1119,46.75,Medium Risk
1119,37.25,Medium Risk
1119,26.75,Medium Risk
1119,52.5,High Risk
1119,20.0,Low Risk
1119,51.75,High Risk
1119,27.25,Medium Risk
1119,22.25,Low Risk
1119,34.25,Medium Risk
1120,32.5,Medium Risk
1120,26.75,Medium Risk
1120,47.5,Medium Risk
1120,44.75,Medium Risk
1120,39.25,Medium Risk
1120,56.5,High Risk
1120,31.75,Medium Risk
1120,20.0,Low Risk
1120,19.25,Low Risk
1120,74.0,High Risk
1120,95.0,Critical Risk
1120,29.75,Medium Risk
1120,34.25,Medium Risk
1120,37.25,Medium Risk
1120,82.0,Critical Risk
1121,28.0,Medium Risk
1121,32.0,Medium Risk
1121,42.25,Medium Risk
1121,38.0,Medium Risk
1121,19.25,Low Risk
1121,23.0,Low Risk
1121,37.25,Medium Risk
1121,27.25,Medium Risk
1121,20.0,Low Risk
1121,21.25,Low Risk
1122,61.5,High Risk
1122,31.75,Medium Risk
1122,22.25,Low Risk
1122,20.0,Low Risk
1122,29.0,Medium Risk
1122,26.75,Medium Risk
1122,58.0,High Risk
1122,40.0,Medium Risk
1122,49.0,Medium Risk
1122,27.5,Medium Risk
1122,35.0,Medium Risk
1122,47.25,Medium Risk
1122,19.25,Low Risk
1122,32.5,Medium Risk
1122,34.25,Medium Risk
1123,29.0,Medium Risk
1123,32.5,Medium Risk
1123,31.75,Medium Risk
1123,49.75,Medium Risk
1123,35.0,Medium Risk
1123,52.5,High Risk
1123,26.75,Medium Risk
1123,39.25,Medium Risk
1123,27.5,Medium Risk
1123,64.5,High Risk
1123,20.0,Low Risk
1123,28.0,Medium Risk
1123,19.25,Low Risk
1123,66.5,High Risk
1123,49.0,Medium Risk
1123,40.0,Medium Risk
1123,36.5,Medium Risk
1124,19.25,Low Risk
1124,41.5,Medium Risk
1124,39.75,Medium Risk
1124,34.25,Medium Risk
1124,39.25,Medium Risk
1124,32.5,Medium Risk
1124,22.25,Low Risk
1124,47.5,Medium Risk
1124,52.5,High Risk
1124,20.0,Low Risk
1124,31.75,Medium Risk
1124,51.75,High Risk
1124,57.25,High Risk
1124,40.0,Medium Risk
1124,54.75,High Risk
1124,46.75,Medium Risk
1124,28.0,Medium Risk
1124,61.5,High Risk
1124,29.5,Medium Risk
1125,26.75,Medium Risk
1125,34.25,Medium Risk
1125,19.25,Low Risk
1125,42.25,Medium Risk
1125,29.0,Medium Risk
1125,39.25,Medium Risk
1125,64.75,High Risk
1125,43.0,Medium Risk
1125,57.5,High Risk
1125,35.0,Medium Risk
1125,51.75,High Risk
1125,38.0,Medium Risk
1125,77.0,Critical Risk
1125,53.0,High Risk
1125,20.0,Low Risk
1126,31.75,Medium Risk
1126,26.75,Medium Risk
1126,57.25,High Risk
1126,20.0,Low Risk
1126,27.25,Medium Risk
1126,39.25,Medium Risk
1126,32.5,Medium Risk
1126,52.5,High Risk
1126,74.0,High Risk
1126,51.5,High Risk
1126,38.0,Medium Risk
1126,44.0,Medium Risk
1126,64.0,High Risk
1126,19.25,Low Risk
1126,40.0,Medium Risk
1127,50.5,High Risk
1127,26.75,Medium Risk
1127,19.25,Low Risk
1127,52.5,High Risk
1127,47.5,Medium Risk
1127,40.0,Medium Risk
1127,27.5,Medium Risk
1127,58.75,High Risk
1127,20.0,Low Risk
1127,22.25,Low Risk
1127,75.5,Critical Risk
1127,54.75,High Risk
1127,39.25,Medium Risk
1127,47.0,Medium Risk
1127,56.5,High Risk
1127,23.0,Low Risk
1128,19.25,Low Risk
1128,47.25,Medium Risk
1128,20.0,Low Risk
1128,27.25,Medium Risk
1128,41.5,Medium Risk
1128,40.0,Medium Risk
1128,47.5,Medium Risk
1128,49.0,Medium Risk
1128,34.75,Medium Risk
1128,69.75,High Risk
1128,26.75,Medium Risk
1128,35.5,Medium Risk
1128,22.25,Low Risk
1128,44.0,Medium Risk
1128,27.5,Medium Risk
1128,31.75,Medium Risk
1128,37.25,Medium Risk
1128,57.0,High Risk
1128,65.5,High Risk
1128,32.5,Medium Risk
1129,27.5,Medium Risk
1129,54.75,High Risk
1129,20.0,Low Risk
1129,19.25,Low Risk
1129,26.75,Medium Risk
1129,44.0,Medium Risk
1129,69.0,High Risk
1129,39.25,Medium Risk
1129,34.25,Medium Risk
1129,47.5,Medium Risk
1129,44.75,Medium Risk
1130,39.25,Medium Risk
1130,19.25,Low Risk
1130,35.0,Medium Risk
1130,20.0,Low Risk
1130,47.0,Medium Risk
1130,27.25,Medium Risk
1130,76.0,Critical Risk
1130,23.0,Low Risk
1130,31.75,Medium Risk
1130,50.5,High Risk
1130,32.5,Medium Risk
1130,29.75,Medium Risk
1130,75.0,High Risk
1130,22.25,Low Risk
1130,53.0,High Risk
1131,47.5,Medium Risk
1131,33.75,Medium Risk
1131,64.75,High Risk
1131,20.0,Low Risk
1131,72.0,High Risk
1131,19.25,Low Risk
1131,54.75,High Risk
1131,77.0,Critical Risk
1131,22.25,Low Risk
1131,58.5,High Risk
1131,29.0,Medium Risk
1131,38.0,Medium Risk
1131,74.0,High Risk
1131,39.75,Medium Risk
1131,32.5,Medium Risk
1132,82.0,Critical Risk
1132,26.75,Medium Risk
1132,30.5,Medium Risk
1132,92.0,Critical Risk
1132,41.5,Medium Risk
1132,20.0,Low Risk
1132,64.0,High Risk
1132,28.0,Medium Risk
1132,32.5,Medium Risk
1132,27.5,Medium Risk
1132,40.0,Medium Risk
1133,39.25,Medium Risk
1133,20.0,Low Risk
1133,26.75,Medium Risk
1133,37.0,Medium Risk
1133,27.5,Medium Risk
1133,61.0,High Risk
1133,28.0,Medium Risk
1133,23.0,Low Risk
1133,29.0,Medium Risk
1133,74.0,High Risk
1133,41.5,Medium Risk
1133,19.25,Low Risk
1133,32.5,Medium Risk
1133,34.25,Medium Risk
1133,31.75,Medium Risk
1133,32.0,Medium Risk
1134,57.5,High Risk
1134,55.5,High Risk
1134,46.75,Medium Risk
1134,54.75,High Risk
1134,42.25,Medium Risk
1134,31.75,Medium Risk
1134,43.0,Medium Risk
1134,70.5,High Risk
1134,30.5,Medium Risk
1134,22.25,Low Risk
1134,51.75,High Risk
1134,32.5,Medium Risk
1135,29.0,Medium Risk
1135,38.0,Medium Risk
1135,19.25,Low Risk
1135,20.0,Low Risk
1135,47.5,Medium Risk
1135,51.75,High Risk
1135,35.0,Medium Risk
1135,24.25,Low Risk
1135,42.25,Medium Risk
1135,39.25,Medium Risk
1135,27.25,Medium Risk
1135,37.25,Medium Risk
1135,32.5,Medium Risk
1135,37.0,Medium Risk
1136,35.5,Medium Risk
1136,38.0,Medium Risk
1136,27.25,Medium Risk
1136,32.5,Medium Risk
1136,39.75,Medium Risk
1136,22.25,Low Risk
1136,29.75,Medium Risk
1136,28.0,Medium Risk
1136,40.0,Medium Risk
1136,35.0,Medium Risk
1136,40.5,Medium Risk
1136,19.25,Low Risk
1136,34.75,Medium Risk
1136,49.0,Medium Risk
1136,44.5,Medium Risk
1136,27.5,Medium Risk
1136,39.25,Medium Risk
1136,20.0,Low Risk
1136,34.25,Medium Risk
1137,35.5,Medium Risk
1137,40.0,Medium Risk
1137,19.25,Low Risk
1137,44.75,Medium Risk
1137,22.0,Low Risk
1137,28.0,Medium Risk
1137,38.0,Medium Risk
1137,29.0,Medium Risk
1137,37.0,Medium Risk
1137,20.0,Low Risk
1137,27.5,Medium Risk
1137,50.5,High Risk
1138,40.0,Medium Risk
1138,35.5,Medium Risk
1138,31.75,Medium Risk
1138,20.0,Low Risk
1138,37.0,Medium Risk
1138,19.25,Low Risk
1138,26.75,Medium Risk
1138,41.5,Medium Risk
1138,32.5,Medium Risk
1138,35.0,Medium Risk
1138,32.0,Medium Risk
1138,39.75,Medium Risk
1138,53.0,High Risk
1138,72.0,High Risk
1139,69.0,High Risk
1139,31.75,Medium Risk
1139,47.5,Medium Risk
1139,55.5,High Risk
1139,23.0,Low Risk
1139,82.0,Critical Risk
1139,27.25,Medium Risk
1139,29.0,Medium Risk
1139,19.25,Low Risk
1139,35.0,Medium Risk
1139,40.0,Medium Risk
1139,32.5,Medium Risk
1139,39.25,Medium Risk
1139,52.5,High Risk
1139,20.0,Low Risk
1139,74.0,High Risk
1139,77.0,Critical Risk
1139,92.0,Critical Risk
1139,69.5,High Risk
1139,49.0,Medium Risk
1139,42.25,Medium Risk
1140,47.5,Medium Risk
1140,35.0,Medium Risk
1140,31.75,Medium Risk
1140,26.75,Medium Risk
1140,20.0,Low Risk
1140,52.5,High Risk
1140,32.5,Medium Risk
1140,70.5,High Risk
1140,27.5,Medium Risk
1140,27.25,Medium Risk
1140,87.5,Critical Risk
1140,44.75,Medium Risk
1140,64.75,High Risk
1140,39.25,Medium Risk
1141,22.25,Low Risk
1141,46.75,Medium Risk
1141,26.75,Medium Risk
1141,19.25,Low Risk
1141,29.0,Medium Risk
1141,40.0,Medium Risk
1141,44.75,Medium Risk
1141,36.5,Medium Risk
1141,57.0,High Risk
1141,57.5,High Risk
1141,41.5,Medium Risk
1141,27.25,Medium Risk
1141,32.5,Medium Risk
1141,27.5,Medium Risk
1141,30.5,Medium Risk
1141,20.0,Low Risk
1141,49.0,Medium Risk
1142,20.0,Low Risk
1142,52.5,High Risk
1142,19.25,Low Risk
1142,29.0,Medium Risk
1142,56.75,High Risk
1142,32.5,Medium Risk
1142,39.25,Medium Risk
1142,52.0,High Risk
1142,47.5,Medium Risk
1142,74.0,High Risk
1142,34.25,Medium Risk
1142,26.75,Medium Risk
1142,22.25,Low Risk
1142,31.75,Medium Risk
1143,51.5,High Risk
1143,19.25,Low Risk
1143,36.5,Medium Risk
1143,69.0,High Risk
1143,26.75,Medium Risk
1143,27.25,Medium Risk
1143,20.0,Low Risk
1143,77.0,Critical Risk
1143,34.25,Medium Risk
1143,54.75,High Risk
1143,38.0,Medium Risk
1143,32.5,Medium Risk
1143,74.0,High Risk
1143,22.25,Low Risk
1143,49.0,Medium Risk
1143,51.75,High Risk
1143,64.0,High Risk
1143,41.5,Medium Risk
1144,23.0,Low Risk
1144,21.25,Low Risk
1144,20.0,Low Risk
1144,64.0,High Risk
1144,42.25,Medium Risk
1144,32.5,Medium Risk
1144,19.25,Low Risk
1144,74.0,High Risk
1144,48.0,Medium Risk
1144,31.75,Medium Risk
1144,39.25,Medium Risk
1144,26.75,Medium Risk
1144,34.75,Medium Risk
1144,22.25,Low Risk
1144,76.0,Critical Risk
1144,34.25,Medium Risk
1144,56.5,High Risk
1145,20.0,Low Risk
1145,35.0,Medium Risk
1145,19.25,Low Risk
1145,22.25,Low Risk
1145,39.25,Medium Risk
1145,29.0,Medium Risk
1145,27.25,Medium Risk
1145,34.25,Medium Risk
1145,32.0,Medium Risk
1145,40.0,Medium Risk
1146,46.75,Medium Risk
1146,69.0,High Risk
1146,42.25,Medium Risk
1146,87.0,Critical Risk
1146,20.0,Low Risk
1146,74.0,High Risk
1146,31.75,Medium Risk
1146,37.25,Medium Risk
1146,69.5,High Risk
1146,19.25,Low Risk
1146,51.75,High Risk
1147,28.75,Medium Risk
1147,36.5,Medium Risk
1147,40.0,Medium Risk
1147,74.0,High Risk
1147,39.75,Medium Risk
1147,19.25,Low Risk
1147,31.75,Medium Risk
1147,23.0,Low Risk
1147,20.0,Low Risk
1147,29.0,Medium Risk
1147,46.75,Medium Risk
1147,34.75,Medium Risk
1147,41.5,Medium Risk
1148,22.25,Low Risk
1148,20.0,Low Risk
1148,19.25,Low Risk
1148,23.0,Low Risk
1148,39.25,Medium Risk
1148,27.25,Medium Risk
1148,74.0,High Risk
1148,51.75,High Risk
1148,37.0,Medium Risk
1148,52.5,High Risk
1149,51.5,High Risk
1149,22.25,Low Risk
1149,40.0,Medium Risk
1149,19.25,Low Risk
1149,67.0,High Risk
1149,56.5,High Risk
1149,69.0,High Risk
1149,32.5,Medium Risk
1149,26.75,Medium Risk
1149,41.5,Medium Risk
1149,74.0,High Risk
1149,31.75,Medium Risk
1149,52.25,High Risk
1150,38.0,Medium Risk
1150,26.75,Medium Risk
1150,19.25,Low Risk
1150,39.75,Medium Risk
1150,77.0,Critical Risk
1150,31.75,Medium Risk
1150,27.25,Medium Risk
1150,42.25,Medium Risk
1150,43.0,Medium Risk
1150,39.25,Medium Risk
1150,28.0,Medium Risk
1150,82.0,Critical Risk
1150,35.0,Medium Risk
1150,37.25,Medium Risk
1150,32.5,Medium Risk
1150,34.25,Medium Risk
1150,22.25,Low Risk
1150,20.0,Low Risk
1151,40.0,Medium Risk
1151,19.25,Low Risk
1151,20.0,Low Risk
1151,41.5,Medium Risk
1151,77.0,Critical Risk
1151,40.5,Medium Risk
1151,42.25,Medium Risk
1151,51.75,High Risk
1151,26.75,Medium Risk
1151,32.0,Medium Risk
1151,34.25,Medium Risk
1151,39.25,Medium Risk
1151,29.0,Medium Risk
1151,49.0,Medium Risk
1152,19.25,Low Risk
1152,35.5,Medium Risk
1152,57.5,High Risk
1152,26.75,Medium Risk
1152,47.5,Medium Risk
1152,65.5,High Risk
1152,34.75,Medium Risk
1152,59.75,High Risk
1152,32.5,Medium Risk
1152,27.25,Medium Risk
1152,20.0,Low Risk
1152,71.0,High Risk
1152,36.5,Medium Risk
1152,52.5,High Risk
1152,69.0,High Risk
1152,56.5,High Risk
1152,30.5,Medium Risk
1152,48.75,Medium Risk
1152,29.0,Medium Risk
1152,74.0,High Risk
1152,57.0,High Risk
1152,82.0,Critical Risk
1152,31.75,Medium Risk
1153,74.5,High Risk
1153,28.0,Medium Risk
1153,27.5,Medium Risk
1153,74.0,High Risk
1153,34.75,Medium Risk
1153,56.75,High Risk
1153,19.25,Low Risk
1153,39.25,Medium Risk
1153,51.75,High Risk
1153,45.25,Medium Risk
1153,46.75,Medium Risk
1153,35.5,Medium Risk
1153,22.25,Low Risk
1153,54.5,High Risk
1153,43.0,Medium Risk
1153,20.0,Low Risk
1154,43.0,Medium Risk
1154,56.5,High Risk
1154,29.75,Medium Risk
1154,30.5,Medium Risk
1154,37.25,Medium Risk
1154,29.0,Medium Risk
1154,59.75,High Risk
1154,26.75,Medium Risk
1154,32.0,Medium Risk
1154,39.75,Medium Risk
1154,27.25,Medium Risk
1154,19.25,Low Risk
1154,46.75,Medium Risk
1154,32.5,Medium Risk
1155,74.0,High Risk
1155,27.5,Medium Risk
1155,34.75,Medium Risk
1155,19.25,Low Risk
1155,57.5,High Risk
1155,47.5,Medium Risk
1155,56.5,High Risk
1155,37.25,Medium Risk
1155,49.0,Medium Risk
1155,29.0,Medium Risk
1155,27.25,Medium Risk
1155,60.5,High Risk
1155,39.25,Medium Risk
1155,22.25,Low Risk
1156,20.0,Low Risk
1156,64.0,High Risk
1156,43.0,Medium Risk
1156,36.5,Medium Risk
1156,41.5,Medium Risk
1156,29.5,Medium Risk
1156,19.25,Low Risk
1156,40.0,Medium Risk
1156,69.0,High Risk
1156,49.0,Medium Risk
1156,57.5,High Risk
1156,26.75,Medium Risk
1156,27.25,Medium Risk
1156,64.5,High Risk
1156,34.75,Medium Risk
1157,19.25,Low Risk
1157,20.0,Low Risk
1157,31.75,Medium Risk
1157,59.75,High Risk
1157,46.75,Medium Risk
1157,55.5,High Risk
1157,49.5,Medium Risk
1157,61.0,High Risk
1157,56.5,High Risk
1157,40.0,Medium Risk
1157,27.25,Medium Risk
1157,26.75,Medium Risk
1157,22.25,Low Risk
1157,41.5,Medium Risk
1157,29.0,Medium Risk
1157,34.75,Medium Risk
1157,32.5,Medium Risk
1158,45.5,Medium Risk
1158,35.0,Medium Risk
1158,19.25,Low Risk
1158,47.25,Medium Risk
1158,34.25,Medium Risk
1158,31.75,Medium Risk
1158,32.5,Medium Risk
1158,57.5,High Risk
1158,34.75,Medium Risk
1158,29.0,Medium Risk
1158,20.0,Low Risk
1158,27.25,Medium Risk
1158,43.0,Medium Risk
1158,27.5,Medium Risk
1159,19.25,Low Risk
1159,39.25,Medium Risk
1159,23.0,Low Risk
1159,40.0,Medium Risk
1159,32.5,Medium Risk
1159,44.5,Medium Risk
1159,40.5,Medium Risk
1159,27.5,Medium Risk
1160,20.0,Low Risk
1160,32.0,Medium Risk
1160,19.25,Low Risk
1160,59.5,High Risk
1160,26.75,Medium Risk
1160,27.5,Medium Risk
1160,34.25,Medium Risk
1160,22.25,Low Risk
1160,77.0,Critical Risk
1160,40.0,Medium Risk
1160,69.0,High Risk
1160,32.5,Medium Risk
1160,39.5,Medium Risk
1161,41.5,Medium Risk
1161,72.0,High Risk
1161,52.5,High Risk
1161,74.0,High Risk
1161,77.0,Critical Risk
1161,39.25,Medium Risk
1161,20.0,Low Risk
1161,59.75,High Risk
1161,51.5,High Risk
1161,34.75,Medium Risk
1161,56.75,High Risk
1161,42.25,Medium Risk
1161,27.5,Medium Risk
1161,69.0,High Risk
1161,31.75,Medium Risk
1161,32.5,Medium Risk
1161,44.0,Medium Risk
1162,20.0,Low Risk
1162,19.25,Low Risk
1162,42.25,Medium Risk
1162,64.75,High Risk
1162,23.0,Low Risk
1162,49.0,Medium Risk
1162,28.0,Medium Risk
1162,69.0,High Risk
1162,47.5,Medium Risk
1162,29.0,Medium Risk
1163,39.25,Medium Risk
1163,31.75,Medium Risk
1163,40.5,Medium Risk
1163,29.0,Medium Risk
1163,49.75,Medium Risk
1163,20.0,Low Risk
1163,46.75,Medium Risk
1163,48.0,Medium Risk
1163,52.5,High Risk
1163,57.5,High Risk
1163,56.75,High Risk
1163,51.75,High Risk
1163,66.5,High Risk
1164,52.5,High Risk
1164,28.0,Medium Risk
1164,22.25,Low Risk
1164,51.75,High Risk
1164,29.0,Medium Risk
1164,64.0,High Risk
1164,19.25,Low Risk
1164,29.75,Medium Risk
1164,20.0,Low Risk
1164,31.75,Medium Risk
1165,74.0,High Risk
1165,72.0,High Risk
1165,41.5,Medium Risk
1165,20.0,Low Risk
1165,40.0,Medium Risk
1165,35.0,Medium Risk
1165,36.5,Medium Risk
1165,43.5,Medium Risk
1165,32.5,Medium Risk
1165,31.75,Medium Risk
1165,27.5,Medium Risk
1165,35.5,Medium Risk
1165,56.5,High Risk
1165,51.5,High Risk
1165,26.75,Medium Risk
1165,69.0,High Risk
1165,44.5,Medium Risk
1165,66.5,High Risk
1165,39.75,Medium Risk
1166,44.0,Medium Risk
1166,57.5,High Risk
1166,35.5,Medium Risk
1166,46.75,Medium Risk
1166,39.25,Medium Risk
1166,27.5,Medium Risk
1166,19.25,Low Risk
1166,34.75,Medium Risk
1166,41.5,Medium Risk
1166,51.75,High Risk
1166,20.0,Low Risk
1166,82.0,Critical Risk
1166,32.5,Medium Risk
1166,27.25,Medium Risk
1166,60.25,High Risk
1166,31.75,Medium Risk
1166,52.5,High Risk
1166,26.75,Medium Risk
1167,40.0,Medium Risk
1167,51.75,High Risk
1167,42.0,Medium Risk
1167,69.0,High Risk
1167,27.25,Medium Risk
1167,44.0,Medium Risk
1167,19.25,Low Risk
1167,34.25,Medium Risk
1167,41.5,Medium Risk
1167,23.0,Low Risk
1167,31.75,Medium Risk
1167,49.0,Medium Risk
1168,27.25,Medium Risk
1168,19.25,Low Risk
1168,29.0,Medium Risk
1168,22.25,Low Risk
1168,34.25,Medium Risk
1168,35.0,Medium Risk
1168,20.0,Low Risk
1168,39.25,Medium Risk
1168,56.75,High Risk
1168,28.0,Medium Risk
1169,48.0,Medium Risk
1169,20.0,Low Risk
1169,19.25,Low Risk
1169,22.25,Low Risk
1169,32.5,Medium Risk
1169,64.0,High Risk
1169,56.5,High Risk
1169,52.5,High Risk
1169,69.0,High Risk
1169,26.75,Medium Risk
1169,41.0,Medium Risk
1169,72.0,High Risk
1169,41.5,Medium Risk
1169,27.25,Medium Risk
1169,51.5,High Risk
1170,56.5,High Risk
1170,87.0,Critical Risk
1170,39.25,Medium Risk
1170,20.0,Low Risk
1170,34.25,Medium Risk
1170,19.25,Low Risk
1170,74.0,High Risk
1170,69.0,High Risk
1170,26.75,Medium Risk
1170,45.25,Medium Risk
1170,77.0,Critical Risk
1170,54.5,High Risk
1170,22.25,Low Risk
1170,35.0,Medium Risk
1171,19.25,Low Risk
1171,44.75,Medium Risk
1171,31.75,Medium Risk
1171,26.75,Medium Risk
1171,27.25,Medium Risk
1171,39.25,Medium Risk
1171,32.0,Medium Risk
1171,57.0,High Risk
1171,53.5,High Risk
1171,29.0,Medium Risk
1171,30.5,Medium Risk
1171,23.0,Low Risk
1171,39.75,Medium Risk
1171,21.25,Low Risk
1171,20.0,Low Risk
1172,46.0,Medium Risk
1172,74.0,High Risk
1172,69.0,High Risk
1172,40.5,Medium Risk
1172,20.0,Low Risk
1172,27.5,Medium Risk
1172,28.75,Medium Risk
1172,34.25,Medium Risk
1172,51.0,High Risk
1172,26.75,Medium Risk
1172,19.25,Low Risk
1172,44.5,Medium Risk
1172,41.5,Medium Risk
1172,64.0,High Risk
1172,39.25,Medium Risk
1172,40.0,Medium Risk
1172,27.25,Medium Risk
1172,54.75,High Risk
1172,31.75,Medium Risk
1172,32.5,Medium Risk
1172,21.25,Low Risk
1172,28.0,Medium Risk
1173,74.0,High Risk
1173,22.25,Low Risk
1173,39.25,Medium Risk
1173,20.0,Low Risk
1173,23.0,Low Risk
1173,19.25,Low Risk
1173,72.0,High Risk
1173,28.0,Medium Risk
1173,44.5,Medium Risk
1173,32.5,Medium Risk
1174,51.75,High Risk
1174,38.0,Medium Risk
1174,69.0,High Risk
1174,20.0,Low Risk
1174,46.75,Medium Risk
1174,19.25,Low Risk
1174,43.0,Medium Risk
1174,49.0,Medium Risk
1174,58.0,High Risk
1174,64.0,High Risk
1174,54.75,High Risk
1174,74.0,High Risk
1174,29.0,Medium Risk
1175,40.0,Medium Risk
1175,31.75,Medium Risk
1175,20.0,Low Risk
1175,59.75,High Risk
1175,44.0,Medium Risk
1175,27.5,Medium Risk
1175,19.25,Low Risk
1175,52.5,High Risk
1175,29.0,Medium Risk
1175,74.0,High Risk
1175,57.5,High Risk
1175,52.25,High Risk
1176,31.75,Medium Risk
1176,48.0,Medium Risk
1176,27.5,Medium Risk
1176,52.5,High Risk
1176,20.0,Low Risk
1176,19.25,Low Risk
1176,32.5,Medium Risk
1176,22.25,Low Risk
1177,20.0,Low Risk
1177,39.25,Medium Risk
1177,22.25,Low Risk
1177,44.0,Medium Risk
1177,26.75,Medium Risk
1177,19.25,Low Risk
1177,59.5,High Risk
1177,37.25,Medium Risk
1178,35.0,Medium Risk
1178,66.5,High Risk
1178,29.0,Medium Risk
1178,31.75,Medium Risk
1178,58.0,High Risk
1178,25.0,Low Risk
1178,39.25,Medium Risk
1178,19.25,Low Risk
1178,49.0,Medium Risk
1178,67.0,High Risk
1178,20.0,Low Risk
1178,43.0,Medium Risk
1178,60.5,High Risk
1178,26.75,Medium Risk
1179,45.5,Medium Risk
1179,40.0,Medium Risk
1179,39.25,Medium Risk
1179,19.25,Low Risk
1179,54.75,High Risk
1179,67.0,High Risk
1179,35.0,Medium Risk
1179,74.0,High Risk
1179,82.0,Critical Risk
1179,59.75,High Risk
1179,52.25,High Risk
1179,56.5,High Risk
1179,95.0,Critical Risk
1179,41.5,Medium Risk
1179,52.5,High Risk
1179,56.75,High Risk
1179,69.0,High Risk
1179,26.75,Medium Risk
1179,32.5,Medium Risk
1179,51.75,High Risk
1179,60.5,High Risk
1179,20.0,Low Risk
1179,74.5,High Risk
1179,28.0,Medium Risk
1180,29.0,Medium Risk
1180,19.25,Low Risk
1180,31.75,Medium Risk
1180,36.5,Medium Risk
1180,26.75,Medium Risk
1180,74.0,High Risk
1180,52.5,High Risk
1180,62.5,High Risk
1180,56.5,High Risk
1180,20.0,Low Risk
1180,40.0,Medium Risk
1180,32.5,Medium Risk
1180,39.25,Medium Risk
1180,64.0,High Risk
1180,32.0,Medium Risk
1181,19.25,Low Risk
1181,30.5,Medium Risk
1181,20.0,Low Risk
1181,43.0,Medium Risk
1181,22.25,Low Risk
1181,22.0,Low Risk
1181,39.25,Medium Risk
1181,37.25,Medium Risk
1181,37.0,Medium Risk
1181,64.0,High Risk
1181,44.0,Medium Risk
1182,37.25,Medium Risk
1182,22.25,Low Risk
1182,19.25,Low Risk
1182,20.0,Low Risk
1182,39.5,Medium Risk
1182,39.25,Medium Risk
1182,52.25,High Risk
1182,51.75,High Risk
1182,27.25,Medium Risk
1182,28.0,Medium Risk
1182,29.0,Medium Risk
1182,52.5,High Risk
1182,21.25,Low Risk
1182,32.0,Medium Risk
1183,34.75,Medium Risk
1183,28.0,Medium Risk
1183,19.25,Low Risk
1183,20.0,Low Risk
1183,37.0,Medium Risk
1183,27.5,Medium Risk
1183,61.5,High Risk
1183,37.25,Medium Risk
1183,29.0,Medium Risk
1183,49.0,Medium Risk
1183,22.25,Low Risk
1183,34.25,Medium Risk
1183,31.75,Medium Risk
1183,47.25,Medium Risk
1183,46.75,Medium Risk
1183,35.0,Medium Risk
1183,39.75,Medium Risk
1184,19.25,Low Risk
1184,20.0,Low Risk
1184,22.25,Low Risk
1184,35.5,Medium Risk
1184,40.0,Medium Risk
1184,39.75,Medium Risk
1184,39.25,Medium Risk
1184,34.25,Medium Risk
1184,47.5,Medium Risk
1184,36.5,Medium Risk
1184,28.0,Medium Risk
1184,37.25,Medium Risk
1184,35.0,Medium Risk
1184,29.75,Medium Risk
1184,31.75,Medium Risk
1184,34.75,Medium Risk
1184,32.5,Medium Risk
1184,41.5,Medium Risk
1185,49.0,Medium Risk
1185,19.25,Low Risk
1185,20.0,Low Risk
1185,51.75,High Risk
1185,77.0,Critical Risk
1185,54.5,High Risk
1185,27.25,Medium Risk
1185,27.5,Medium Risk
1185,69.0,High Risk
1185,47.25,Medium Risk
1185,35.0,Medium Risk
1185,41.5,Medium Risk
1185,74.0,High Risk
1185,22.25,Low Risk
1185,31.75,Medium Risk
1185,42.25,Medium Risk
1186,51.75,High Risk
1186,27.5,Medium Risk
1186,19.25,Low Risk
1186,32.5,Medium Risk
1186,39.25,Medium Risk
1186,56.5,High Risk
1186,26.75,Medium Risk
1186,35.5,Medium Risk
1186,28.0,Medium Risk
1186,43.0,Medium Risk
1186,47.5,Medium Risk
1186,27.25,Medium Risk
1186,20.0,Low Risk
1186,31.75,Medium Risk
1186,64.75,High Risk
1187,37.25,Medium Risk
1187,39.25,Medium Risk
1187,64.0,High Risk
1187,34.75,Medium Risk
1187,72.0,High Risk
1187,92.0,Critical Risk
1187,74.0,High Risk
1187,32.5,Medium Risk
1187,46.75,Medium Risk
1187,20.0,Low Risk
1187,29.0,Medium Risk
1187,56.5,High Risk
1187,19.25,Low Risk
1187,27.25,Medium Risk
1187,31.75,Medium Risk
1188,20.0,Low Risk
1188,19.25,Low Risk
1188,27.25,Medium Risk
1188,40.0,Medium Risk
1188,43.0,Medium Risk
1188,42.25,Medium Risk
1188,51.75,High Risk
1188,31.75,Medium Risk
1188,48.75,Medium Risk
1188,35.0,Medium Risk
1188,65.5,High Risk
1188,32.5,Medium Risk
1188,57.5,High Risk
1188,78.5,Critical Risk
1188,37.25,Medium Risk
1188,34.25,Medium Risk
1188,44.0,Medium Risk
1188,61.5,High Risk
1189,19.25,Low Risk
1189,64.0,High Risk
1189,43.0,Medium Risk
1189,27.5,Medium Risk
1189,49.0,Medium Risk
1189,74.0,High Risk
1189,20.0,Low Risk
1189,26.75,Medium Risk
1189,22.25,Low Risk
1189,41.0,Medium Risk
1189,69.0,High Risk
1189,35.0,Medium Risk
1189,23.0,Low Risk
1189,40.5,Medium Risk
1189,41.5,Medium Risk
1189,82.0,Critical Risk
1189,24.25,Low Risk
1189,29.0,Medium Risk
1190,20.0,Low Risk
1190,19.25,Low Risk
1190,39.25,Medium Risk
1190,40.0,Medium Risk
1190,27.25,Medium Risk
1190,44.5,Medium Risk
1190,37.25,Medium Risk
1190,23.0,Low Risk
1190,44.0,Medium Risk
1190,49.0,Medium Risk
1190,70.5,High Risk
1191,28.0,Medium Risk
1191,54.5,High Risk
1191,20.0,Low Risk
1191,19.25,Low Risk
1191,74.0,High Risk
1191,37.0,Medium Risk
1191,29.0,Medium Risk
1191,27.5,Medium Risk
1191,34.25,Medium Risk
1191,27.25,Medium Risk
1191,64.5,High Risk
1191,56.5,High Risk
1191,37.25,Medium Risk
1191,69.0,High Risk
1191,26.75,Medium Risk
1191,28.75,Medium Risk
1191,44.5,Medium Risk
1192,41.5,Medium Risk
1192,26.75,Medium Risk
1192,69.5,High Risk
1192,29.0,Medium Risk
1192,19.25,Low Risk
1192,39.25,Medium Risk
1192,82.0,Critical Risk
1192,32.5,Medium Risk
1192,22.25,Low Risk
1192,49.0,Medium Risk
1192,34.25,Medium Risk
1192,35.5,Medium Risk
1192,28.0,Medium Risk
1192,21.25,Low Risk
1192,74.0,High Risk
1192,56.75,High Risk
1192,27.25,Medium Risk
1193,40.0,Medium Risk
1193,43.0,Medium Risk
1193,39.25,Medium Risk
1193,27.5,Medium Risk
1193,44.5,Medium Risk
1193,19.25,Low Risk
1193,60.5,High Risk
1193,38.0,Medium Risk
1193,29.0,Medium Risk
1193,22.0,Low Risk
1193,59.5,High Risk
1193,34.0,Medium Risk
1193,56.75,High Risk
1193,41.5,Medium Risk
1193,54.75,High Risk
1193,57.5,High Risk
1193,23.0,Low Risk
1194,40.0,Medium Risk
1194,69.0,High Risk
1194,55.5,High Risk
1194,82.0,Critical Risk
1194,35.0,Medium Risk
1194,27.5,Medium Risk
1194,26.75,Medium Risk
1194,31.75,Medium Risk
1194,20.0,Low Risk
1194,74.0,High Risk
1194,19.25,Low Risk
1194,57.5,High Risk
1194,51.5,High Risk
1194,64.0,High Risk
1194,60.5,High Risk
1194,38.0,Medium Risk
1195,22.25,Low Risk
1195,37.25,Medium Risk
1195,31.75,Medium Risk
1195,46.75,Medium Risk
1195,39.25,Medium Risk
1195,29.75,Medium Risk
1195,19.25,Low Risk
1195,57.25,High Risk
1195,31.0,Medium Risk
1195,35.5,Medium Risk
1195,36.5,Medium Risk
1195,64.75,High Risk
1195,46.0,Medium Risk
1195,35.0,Medium Risk
1195,34.25,Medium Risk
1195,20.0,Low Risk
1195,30.5,Medium Risk
1195,51.75,High Risk
1195,45.25,Medium Risk
1196,29.0,Medium Risk
1196,39.25,Medium Risk
1196,28.0,Medium Risk
1196,27.5,Medium Risk
1196,19.25,Low Risk
1196,29.75,Medium Risk
1196,20.0,Low Risk
1196,37.25,Medium Risk
1196,42.25,Medium Risk
1196,40.0,Medium Risk
1196,52.75,High Risk
1197,37.0,Medium Risk
1197,35.0,Medium Risk
1197,59.75,High Risk
1197,39.25,Medium Risk
1197,43.0,Medium Risk
1197,31.75,Medium Risk
1197,29.0,Medium Risk
1197,32.0,Medium Risk
1197,52.5,High Risk
1197,46.75,Medium Risk
1197,47.5,Medium Risk
1197,41.5,Medium Risk
1197,35.5,Medium Risk
1197,50.5,High Risk
1197,24.25,Low Risk
1197,40.0,Medium Risk
1197,27.5,Medium Risk
1197,60.5,High Risk
1197,74.5,High Risk
1197,26.75,Medium Risk
1197,20.0,Low Risk
1198,22.25,Low Risk
1198,40.0,Medium Risk
1198,31.75,Medium Risk
1198,49.0,Medium Risk
1198,19.25,Low Risk
1198,44.75,Medium Risk
1198,27.25,Medium Risk
1198,35.0,Medium Risk
1198,56.5,High Risk
1198,23.0,Low Risk
1198,64.0,High Risk
1198,20.0,Low Risk
1198,52.0,High Risk
1199,29.0,Medium Risk
1199,77.0,Critical Risk
1199,52.5,High Risk
1199,74.0,High Risk
1199,39.75,Medium Risk
1199,31.75,Medium Risk
1199,54.75,High Risk
1199,20.0,Low Risk
1199,60.25,High Risk
1199,19.25,Low Risk
1199,30.5,Medium Risk
1199,64.0,High Risk
1199,27.25,Medium Risk
1199,36.5,Medium Risk
1200,52.5,High Risk
1200,51.75,High Risk
1200,61.5,High Risk
1200,54.75,High Risk
1200,27.5,Medium Risk
1200,55.5,High Risk
1200,20.0,Low Risk
1200,19.25,Low Risk
1200,60.5,High Risk
1200,35.0,Medium Risk
1200,39.25,Medium Risk
1200,34.25,Medium Risk
1200,37.25,Medium Risk
1201,35.0,Medium Risk
1201,40.0,Medium Risk
1201,22.25,Low Risk
1201,31.75,Medium Risk
1201,20.0,Low Risk
1201,64.75,High Risk
1201,46.75,Medium Risk
1201,54.5,High Risk
1201,39.75,Medium Risk
1201,30.5,Medium Risk
1201,69.0,High Risk
1201,41.5,Medium Risk
1201,53.0,High Risk
1201,29.0,Medium Risk
1201,47.0,Medium Risk
1201,27.25,Medium Risk
1201,35.5,Medium Risk
1201,47.5,Medium Risk
1201,47.25,Medium Risk
1201,23.0,Low Risk
1201,27.5,Medium Risk
1202,20.0,Low Risk
1202,19.25,Low Risk
1202,69.0,High Risk
1202,30.5,Medium Risk
1202,35.0,Medium Risk
1202,74.0,High Risk
1202,72.0,High Risk
1202,22.25,Low Risk
1202,23.0,Low Risk
1202,28.0,Medium Risk
1202,32.5,Medium Risk
1202,82.0,Critical Risk
1202,31.75,Medium Risk
1202,26.75,Medium Risk
1202,52.5,High Risk
1202,29.0,Medium Risk
1202,64.0,High Risk
1203,51.75,High Risk
1203,19.25,Low Risk
1203,29.0,Medium Risk
1203,39.25,Medium Risk
1203,27.25,Medium Risk
1203,47.5,Medium Risk
1203,23.0,Low Risk
1203,56.5,High Risk
1203,42.0,Medium Risk
1203,69.0,High Risk
1203,20.0,Low Risk
1203,28.0,Medium Risk
1203,41.5,Medium Risk
1203,40.0,Medium Risk
1203,22.0,Low Risk
1204,41.5,Medium Risk
1204,31.75,Medium Risk
1204,32.5,Medium Risk
1204,28.0,Medium Risk
1204,27.5,Medium Risk
1204,20.0,Low Risk
1204,37.25,Medium Risk
1204,19.25,Low Risk
1204,44.5,Medium Risk
1204,27.25,Medium Risk
1204,35.0,Medium Risk
1204,55.5,High Risk
1204,52.5,High Risk
1204,74.0,High Risk
1204,36.5,Medium Risk
1204,57.5,High Risk
1205,39.25,Medium Risk
1205,19.25,Low Risk
1205,35.0,Medium Risk
1205,67.0,High Risk
1205,49.0,Medium Risk
1205,40.0,Medium Risk
1205,44.0,Medium Risk
1205,31.75,Medium Risk
1205,38.0,Medium Risk
1205,69.0,High Risk
1205,27.5,Medium Risk
1205,37.25,Medium Risk
1205,34.25,Medium Risk
1205,47.5,Medium Risk
1205,28.0,Medium Risk
1206,38.0,Medium Risk
1206,20.0,Low Risk
1206,40.0,Medium Risk
1206,19.25,Low Risk
1206,56.75,High Risk
1206,31.75,Medium Risk
1206,57.25,High Risk
1206,74.0,High Risk
1206,39.75,Medium Risk
1206,41.5,Medium Risk
1206,32.5,Medium Risk
1206,70.5,High Risk
1206,69.5,High Risk
1206,47.5,Medium Risk
1206,34.25,Medium Risk
1206,42.0,Medium Risk
1206,82.0,Critical Risk
1207,26.75,Medium Risk
1207,19.25,Low Risk
1207,72.0,High Risk
1207,27.5,Medium Risk
1207,31.75,Medium Risk
1207,64.0,High Risk
1207,47.5,Medium Risk
1207,40.0,Medium Risk
1207,39.5,Medium Risk
1207,34.25,Medium Risk
1207,29.0,Medium Risk
1207,47.25,Medium Risk
1207,39.75,Medium Risk
1207,28.0,Medium Risk
1207,34.75,Medium Risk
1207,46.75,Medium Risk
1208,21.25,Low Risk
1208,47.5,Medium Risk
1208,19.25,Low Risk
1208,52.5,High Risk
1208,39.25,Medium Risk
1208,51.75,High Risk
1208,20.0,Low Risk
1208,32.5,Medium Risk
1208,59.5,High Risk
1208,46.75,Medium Risk
1208,40.0,Medium Risk
1208,44.0,Medium Risk
1208,36.5,Medium Risk
1208,42.25,Medium Risk
1209,19.25,Low Risk
1209,39.75,Medium Risk
1209,59.5,High Risk
1209,64.0,High Risk
1209,20.0,Low Risk
1209,69.0,High Risk
1209,74.0,High Risk
1209,26.75,Medium Risk
1209,34.25,Medium Risk
1209,51.75,High Risk
1209,56.75,High Risk
1209,64.75,High Risk
1209,92.0,Critical Risk
1209,32.5,Medium Risk
1210,19.25,Low Risk
1210,52.0,High Risk
1210,40.0,Medium Risk
1210,20.0,Low Risk
1210,29.0,Medium Risk
1210,60.5,High Risk
1210,31.75,Medium Risk
1210,27.25,Medium Risk
1210,35.0,Medium Risk
1210,32.5,Medium Risk
1210,49.0,Medium Risk
1210,27.5,Medium Risk
1210,51.75,High Risk
1210,23.0,Low Risk
1210,22.25,Low Risk
1210,43.0,Medium Risk
1210,38.0,Medium Risk
1210,26.75,Medium Risk
1211,20.0,Low Risk
1211,35.5,Medium Risk
1211,44.5,Medium Risk
1211,35.0,Medium Risk
1211,52.5,High Risk
1211,28.0,Medium Risk
1211,27.5,Medium Risk
1211,19.25,Low Risk
1211,39.25,Medium Risk
1211,31.75,Medium Risk
1211,32.0,Medium Risk
1211,26.75,Medium Risk
1211,49.0,Medium Risk
1211,33.75,Medium Risk
1211,66.5,High Risk
1211,40.0,Medium Risk
1212,20.0,Low Risk
1212,27.5,Medium Risk
1212,23.0,Low Risk
1212,40.5,Medium Risk
1212,26.75,Medium Risk
1212,29.0,Medium Risk
1212,28.0,Medium Risk
1212,32.5,Medium Risk
1212,72.0,High Risk
1212,41.0,Medium Risk
1212,31.75,Medium Risk
1212,19.25,Low Risk
1212,82.0,Critical Risk
1213,40.0,Medium Risk
1213,28.0,Medium Risk
1213,39.25,Medium Risk
1213,27.5,Medium Risk
1213,31.75,Medium Risk
1213,27.25,Medium Risk
1213,47.5,Medium Risk
1213,43.0,Medium Risk
1213,20.0,Low Risk
1213,37.25,Medium Risk
1213,46.75,Medium Risk
1213,56.75,High Risk
1213,19.25,Low Risk
1213,56.5,High Risk
1214,49.0,Medium Risk
1214,19.25,Low Risk
1214,59.75,High Risk
1214,20.0,Low Risk
1214,28.0,Medium Risk
1214,43.0,Medium Risk
1214,35.5,Medium Risk
1214,44.0,Medium Risk
1214,34.25,Medium Risk
1214,32.5,Medium Risk
1214,35.0,Medium Risk
1215,23.0,Low Risk
1215,20.0,Low Risk
1215,47.5,Medium Risk
1215,32.5,Medium Risk
1215,19.25,Low Risk
1215,40.0,Medium Risk
1215,28.0,Medium Risk
1215,37.0,Medium Risk
1215,49.0,Medium Risk
1215,34.25,Medium Risk
1215,38.0,Medium Risk
1216,32.5,Medium Risk
1216,40.0,Medium Risk
1216,40.5,Medium Risk
1216,31.75,Medium Risk
1216,57.0,High Risk
1216,51.75,High Risk
1216,52.5,High Risk
1216,41.5,Medium Risk
1216,47.25,Medium Risk
1216,67.0,High Risk
1216,47.5,Medium Risk
1216,49.0,Medium Risk
1216,50.5,High Risk
1216,69.0,High Risk
1216,35.0,Medium Risk
1216,20.0,Low Risk
1216,64.0,High Risk
1216,29.75,Medium Risk
1216,27.25,Medium Risk
1216,37.25,Medium Risk
1216,64.75,High Risk
1216,53.0,High Risk
1216,19.25,Low Risk
1216,26.75,Medium Risk
1217,56.5,High Risk
1217,29.0,Medium Risk
1217,34.75,Medium Risk
1217,92.0,Critical Risk
1217,20.0,Low Risk
1217,23.0,Low Risk
1217,46.75,Medium Risk
1217,22.25,Low Risk
1217,26.75,Medium Risk
1217,19.25,Low Risk
1217,69.0,High Risk
1217,47.5,Medium Risk
1217,65.25,High Risk
1217,32.5,Medium Risk
1217,27.25,Medium Risk
1217,42.25,Medium Risk
1217,67.0,High Risk
1217,39.5,Medium Risk
1217,65.5,High Risk
1217,31.75,Medium Risk
1217,44.0,Medium Risk
1217,74.0,High Risk
1217,24.25,Low Risk
1218,49.0,Medium Risk
1218,46.75,Medium Risk
1218,39.25,Medium Risk
1218,39.75,Medium Risk
1218,40.0,Medium Risk
1218,27.5,Medium Risk
1218,74.0,High Risk
1218,56.75,High Risk
1218,69.5,High Risk
1218,32.5,Medium Risk
1218,60.5,High Risk
1218,42.25,Medium Risk
1219,43.0,Medium Risk
1219,29.5,Medium Risk
1219,32.5,Medium Risk
1219,49.75,Medium Risk
1219,19.25,Low Risk
1219,27.25,Medium Risk
1219,20.0,Low Risk
1219,40.0,Medium Risk
1219,41.5,Medium Risk
1219,69.0,High Risk
1219,74.0,High Risk
1219,39.25,Medium Risk
1219,21.25,Low Risk
1219,40.5,Medium Risk
1219,47.5,Medium Risk
1219,35.0,Medium Risk
1220,32.5,Medium Risk
1220,22.25,Low Risk
1220,29.75,Medium Risk
1220,20.0,Low Risk
1220,28.0,Medium Risk
1220,19.25,Low Risk
1220,41.5,Medium Risk
1220,31.75,Medium Risk
1220,36.5,Medium Risk
1220,57.0,High Risk
1220,29.0,Medium Risk
1221,19.25,Low Risk
1221,31.75,Medium Risk
1221,38.0,Medium Risk
1221,40.5,Medium Risk
1221,29.0,Medium Risk
1221,20.0,Low Risk
1221,32.5,Medium Risk
1221,27.5,Medium Risk
1221,37.25,Medium Risk
1221,27.25,Medium Risk
1221,22.25,Low Risk
1221,51.75,High Risk
1221,39.25,Medium Risk
1221,57.5,High Risk
1222,49.0,Medium Risk
1222,40.0,Medium Risk
1222,20.0,Low Risk
1222,41.5,Medium Risk
1222,61.5,High Risk
1222,74.0,High Risk
1222,29.0,Medium Risk
1222,64.0,High Risk
1222,27.25,Medium Risk
1222,72.0,High Risk
1223,74.0,High Risk
1223,19.25,Low Risk
1223,73.5,High Risk
1223,34.75,Medium Risk
1223,77.0,Critical Risk
1223,58.0,High Risk
1223,22.25,Low Risk
1223,27.5,Medium Risk
1223,56.5,High Risk
1224,31.75,Medium Risk
1224,19.25,Low Risk
1224,20.0,Low Risk
1224,39.25,Medium Risk
1224,41.5,Medium Risk
1224,40.5,Medium Risk
1224,54.5,High Risk
1224,40.0,Medium Risk
1224,28.0,Medium Risk
1224,27.5,Medium Risk
1224,29.75,Medium Risk
1224,57.25,High Risk
1224,44.5,Medium Risk
1224,51.75,High Risk
1224,59.75,High Risk
1224,74.0,High Risk
1225,19.25,Low Risk
1225,20.0,Low Risk
1225,51.75,High Risk
1225,92.0,Critical Risk
1225,22.0,Low Risk
1225,23.0,Low Risk
1225,38.0,Medium Risk
1225,64.0,High Risk
1225,87.0,Critical Risk
1225,37.25,Medium Risk
1225,56.5,High Risk
1225,47.5,Medium Risk
1225,35.0,Medium Risk
1226,28.0,Medium Risk
1226,19.25,Low Risk
1226,33.0,Medium Risk
1226,20.0,Low Risk
1226,26.75,Medium Risk
1226,29.0,Medium Risk
1226,74.0,High Risk
1226,27.25,Medium Risk
1226,22.25,Low Risk
1226,40.0,Medium Risk
1227,19.25,Low Risk
1227,20.0,Low Risk
1227,40.0,Medium Risk
1227,32.5,Medium Risk
1227,21.25,Low Risk
1227,39.25,Medium Risk
1227,32.0,Medium Risk
1227,34.75,Medium Risk
1227,31.75,Medium Risk
1227,28.75,Medium Risk
1227,27.5,Medium Risk
1228,26.75,Medium Risk
1228,29.0,Medium Risk
1228,45.5,Medium Risk
1228,19.25,Low Risk
1228,20.0,Low Risk
1228,27.25,Medium Risk
1228,32.5,Medium Risk
1228,64.0,High Risk
1228,34.75,Medium Risk
1228,30.5,Medium Risk
1228,40.0,Medium Risk
1228,33.75,Medium Risk
1228,47.25,Medium Risk
1229,40.5,Medium Risk
1229,20.0,Low Risk
1229,34.75,Medium Risk
1229,72.0,High Risk
1229,29.0,Medium Risk
1229,19.25,Low Risk
1229,74.0,High Risk
1229,77.0,Critical Risk
1229,26.75,Medium Risk
1229,22.25,Low Risk
1229,35.0,Medium Risk
1229,25.0,Low Risk
1229,27.5,Medium Risk
1229,30.5,Medium Risk
1229,27.25,Medium Risk
1229,32.5,Medium Risk
1229,28.0,Medium Risk
1230,46.75,Medium Risk
1230,19.25,Low Risk
1230,28.0,Medium Risk
1230,42.25,Medium Risk
1230,39.25,Medium Risk
1230,20.0,Low Risk
1230,56.5,High Risk
1230,47.5,Medium Risk
1230,35.0,Medium Risk
1230,65.5,High Risk
1230,23.0,Low Risk
1230,43.0,Medium Risk
1231,57.5,High Risk
1231,20.0,Low Risk
1231,50.5,High Risk
1231,67.75,High Risk
1231,29.0,Medium Risk
1231,47.5,Medium Risk
1231,72.75,High Risk
1231,19.25,Low Risk
1231,66.5,High Risk
1231,22.25,Low Risk
1231,35.0,Medium Risk
1231,27.25,Medium Risk
1231,52.5,High Risk
1231,31.75,Medium Risk
1231,34.25,Medium Risk
1231,51.75,High Risk
1232,45.5,Medium Risk
1232,40.0,Medium Risk
1232,19.25,Low Risk
1232,39.25,Medium Risk
1232,35.0,Medium Risk
1232,31.75,Medium Risk
1232,52.5,High Risk
1232,37.25,Medium Risk
1232,43.0,Medium Risk
1232,29.0,Medium Risk
1232,27.25,Medium Risk
1232,47.5,Medium Risk
1232,34.25,Medium Risk
1232,20.0,Low Risk
1232,52.0,High Risk
1233,37.25,Medium Risk
1233,45.5,Medium Risk
1233,39.25,Medium Risk
1233,34.75,Medium Risk
1233,37.0,Medium Risk
1233,21.25,Low Risk
1233,29.0,Medium Risk
1233,35.0,Medium Risk
1233,22.0,Low Risk
1233,23.0,Low Risk
1233,56.75,High Risk
1233,46.75,Medium Risk
1233,74.0,High Risk
1233,59.75,High Risk
1233,72.0,High Risk
1233,41.5,Medium Risk
1233,20.0,Low Risk
1233,50.5,High Risk
1233,19.25,Low Risk
1233,31.75,Medium Risk
1233,42.25,Medium Risk
1234,69.0,High Risk
1234,52.5,High Risk
1234,39.25,Medium Risk
1234,19.25,Low Risk
1234,47.5,Medium Risk
1234,27.25,Medium Risk
1234,22.25,Low Risk
1234,20.0,Low Risk
1234,25.0,Low Risk
1234,40.0,Medium Risk
1234,51.75,High Risk
1234,29.0,Medium Risk
1234,57.5,High Risk
1234,47.25,Medium Risk
1234,38.0,Medium Risk
1234,32.5,Medium Risk
1234,37.0,Medium Risk
1234,28.0,Medium Risk
1235,37.25,Medium Risk
1235,27.25,Medium Risk
1235,20.0,Low Risk
1235,51.75,High Risk
1235,19.25,Low Risk
1235,22.25,Low Risk
1235,32.5,Medium Risk
1235,31.75,Medium Risk
1235,41.5,Medium Risk
1235,35.0,Medium Risk
1235,27.5,Medium Risk
1235,35.5,Medium Risk
1235,26.75,Medium Risk
1235,34.25,Medium Risk
1235,29.0,Medium Risk
1235,47.25,Medium Risk
1235,58.0,High Risk
1236,19.25,Low Risk
1236,69.0,High Risk
1236,40.0,Medium Risk
1236,31.75,Medium Risk
1236,44.75,Medium Risk
1236,26.75,Medium Risk
1236,57.25,High Risk
1236,27.5,Medium Risk
1237,20.0,Low Risk
1237,49.5,Medium Risk
1237,27.5,Medium Risk
1237,31.75,Medium Risk
1237,65.5,High Risk
1237,29.0,Medium Risk
1237,19.25,Low Risk
1237,35.0,Medium Risk
1237,42.25,Medium Risk
1237,51.75,High Risk
1237,22.25,Low Risk
1238,33.75,Medium Risk
1238,20.0,Low Risk
1238,39.75,Medium Risk
1238,31.75,Medium Risk
1238,27.25,Medium Risk
1238,40.0,Medium Risk
1238,37.25,Medium Risk
1238,19.25,Low Risk
1238,32.5,Medium Risk
1238,69.0,High Risk
1238,27.5,Medium Risk
1238,92.0,Critical Risk
1238,56.5,High Risk
1239,20.0,Low Risk
1239,19.25,Low Risk
1239,26.75,Medium Risk
1239,48.0,Medium Risk
1239,52.5,High Risk
1239,23.0,Low Risk
1239,46.75,Medium Risk
1239,44.5,Medium Risk
1239,90.0,Critical Risk
1239,37.25,Medium Risk
1239,40.0,Medium Risk
1239,57.5,High Risk
1239,39.25,Medium Risk
1239,44.0,Medium Risk
1239,60.5,High Risk
1239,35.0,Medium Risk
1239,27.25,Medium Risk
1239,32.5,Medium Risk
1239,31.75,Medium Risk
1239,22.25,Low Risk
1240,31.75,Medium Risk
1240,37.25,Medium Risk
1240,20.0,Low Risk
1240,41.5,Medium Risk
1240,29.0,Medium Risk
1240,19.25,Low Risk
1240,40.0,Medium Risk
1240,32.5,Medium Risk
1240,21.25,Low Risk
1240,57.25,High Risk
1240,22.25,Low Risk
1240,35.0,Medium Risk
1240,30.5,Medium Risk
1240,37.0,Medium Risk
1241,19.25,Low Risk
1241,32.5,Medium Risk
1241,27.25,Medium Risk
1241,57.0,High Risk
1241,37.25,Medium Risk
1241,29.0,Medium Risk
1241,31.75,Medium Risk
1241,44.5,Medium Risk
1241,20.0,Low Risk
1241,41.5,Medium Risk
1241,39.25,Medium Risk
1241,35.5,Medium Risk
1241,52.5,High Risk
1241,27.5,Medium Risk
1242,19.25,Low Risk
1242,20.0,Low Risk
1242,29.0,Medium Risk
1242,69.0,High Risk
1242,27.25,Medium Risk
1242,49.0,Medium Risk
1242,22.25,Low Risk
1242,39.25,Medium Risk
1242,44.75,Medium Risk
1243,77.0,Critical Risk
1243,46.75,Medium Risk
1243,22.25,Low Risk
1243,27.25,Medium Risk
1243,28.0,Medium Risk
1243,19.25,Low Risk
1243,20.0,Low Risk
1243,48.0,Medium Risk
1243,64.0,High Risk
1243,74.0,High Risk
1243,40.0,Medium Risk
1243,44.5,Medium Risk
1243,69.0,High Risk
1243,51.5,High Risk
1244,20.0,Low Risk
1244,28.0,Medium Risk
1244,27.5,Medium Risk
1244,27.25,Medium Risk
1244,56.75,High Risk
1244,32.5,Medium Risk
1244,50.0,Medium Risk
1244,65.5,High Risk
1244,52.5,High Risk
1244,44.0,Medium Risk
1244,46.0,Medium Risk
1244,19.25,Low Risk
1244,29.0,Medium Risk
1244,39.25,Medium Risk
1245,20.0,Low Risk
1245,19.25,Low Risk
1245,47.0,Medium Risk
1245,47.25,Medium Risk
1245,22.25,Low Risk
1245,56.75,High Risk
1245,65.5,High Risk
1245,39.25,Medium Risk
1245,41.25,Medium Risk
1245,35.0,Medium Risk
1245,30.5,Medium Risk
1245,32.5,Medium Risk
1245,29.0,Medium Risk
1245,27.5,Medium Risk
1245,64.0,High Risk
1245,57.5,High Risk
1246,20.0,Low Risk
1246,34.75,Medium Risk
1246,35.0,Medium Risk
1246,36.5,Medium Risk
1246,31.75,Medium Risk
1246,27.25,Medium Risk
1246,19.25,Low Risk
1246,32.5,Medium Risk
1246,47.5,Medium Risk
1246,41.5,Medium Risk
1246,54.75,High Risk
1247,28.0,Medium Risk
1247,19.25,Low Risk
1247,46.75,Medium Risk
1247,20.0,Low Risk
1247,59.75,High Risk
1247,35.5,Medium Risk
1247,22.25,Low Risk
1247,26.75,Medium Risk
1247,27.5,Medium Risk
1247,43.0,Medium Risk
1247,56.75,High Risk
1247,31.75,Medium Risk
1247,54.5,High Risk
1247,35.0,Medium Risk
1247,52.25,High Risk
1248,19.25,Low Risk
1248,26.75,Medium Risk
1248,51.75,High Risk
1248,47.5,Medium Risk
1248,20.0,Low Risk
1248,27.25,Medium Risk
1248,74.0,High Risk
1248,29.0,Medium Risk
1248,59.5,High Risk
1248,47.25,Medium Risk
1249,19.25,Low Risk
1249,28.0,Medium Risk
1249,38.0,Medium Risk
1249,22.25,Low Risk
1249,51.75,High Risk
1249,57.5,High Risk
1249,58.0,High Risk
1249,69.5,High Risk
1249,23.0,Low Risk
1249,35.0,Medium Risk
1249,20.0,Low Risk
1249,50.5,High Risk
1249,45.25,Medium Risk
1249,39.25,Medium Risk
1249,59.5,High Risk
1249,27.25,Medium Risk
1249,46.75,Medium Risk
1249,52.5,High Risk
1250,19.25,Low Risk
1250,74.0,High Risk
1250,23.0,Low Risk
1250,56.5,High Risk
1250,22.25,Low Risk
1250,32.5,Medium Risk
1250,27.5,Medium Risk
1250,69.0,High Risk
1250,40.0,Medium Risk
1250,21.25,Low Risk
1250,26.75,Medium Risk
1250,20.0,Low Risk
1250,51.75,High Risk
1250,41.5,Medium Risk
1250,35.5,Medium Risk
1251,64.0,High Risk
1251,77.0,Critical Risk
1251,20.0,Low Risk
1251,32.5,Medium Risk
1251,48.0,Medium Risk
1251,31.75,Medium Risk
1251,19.25,Low Risk
1251,42.25,Medium Risk
1251,35.5,Medium Risk
1251,46.75,Medium Risk
1251,27.5,Medium Risk
1251,47.5,Medium Risk
1251,54.75,High Risk
1251,41.5,Medium Risk
1251,34.75,Medium Risk
1252,47.0,Medium Risk
1252,82.0,Critical Risk
1252,19.25,Low Risk
1252,74.0,High Risk
1252,72.0,High Risk
1252,20.0,Low Risk
1252,27.25,Medium Risk
1252,34.75,Medium Risk
1252,38.0,Medium Risk
1252,40.25,Medium Risk
1252,28.0,Medium Risk
1252,31.75,Medium Risk
1252,29.0,Medium Risk
1252,52.5,High Risk
1252,67.0,High Risk
1252,28.75,Medium Risk
1253,26.75,Medium Risk
1253,74.0,High Risk
1253,34.75,Medium Risk
1253,71.0,High Risk
1253,46.75,Medium Risk
1253,64.0,High Risk
1253,20.0,Low Risk
1253,67.0,High Risk
1253,19.25,Low Risk
1253,34.25,Medium Risk
1253,35.5,Medium Risk
1253,69.0,High Risk
1253,36.5,Medium Risk
1253,27.25,Medium Risk
1253,22.25,Low Risk
1253,51.5,High Risk
1253,21.25,Low Risk
1253,30.5,Medium Risk
1253,72.0,High Risk
1254,20.0,Low Risk
1254,19.25,Low Risk
1254,27.5,Medium Risk
1254,72.0,High Risk
1254,74.0,High Risk
1254,58.0,High Risk
1254,39.5,Medium Risk
1254,22.25,Low Risk
1254,49.5,Medium Risk
1254,37.0,Medium Risk
1254,92.0,Critical Risk
1254,32.0,Medium Risk
1254,27.25,Medium Risk
1254,41.5,Medium Risk
1254,28.0,Medium Risk
1255,23.0,Low Risk
1255,19.25,Low Risk
1255,59.5,High Risk
1255,74.0,High Risk
1255,22.25,Low Risk
1255,69.0,High Risk
1255,20.0,Low Risk
1255,26.75,Medium Risk
1255,35.0,Medium Risk
1255,45.25,Medium Risk
1255,64.0,High Risk
1255,31.75,Medium Risk
1255,38.0,Medium Risk
1256,23.0,Low Risk
1256,19.25,Low Risk
1256,20.0,Low Risk
1256,28.0,Medium Risk
1256,21.25,Low Risk
1256,38.0,Medium Risk
1256,38.5,Medium Risk
1256,29.0,Medium Risk
1257,20.0,Low Risk
1257,74.0,High Risk
1257,19.25,Low Risk
1257,27.5,Medium Risk
1257,34.25,Medium Risk
1257,42.25,Medium Risk
1257,28.0,Medium Risk
1257,46.75,Medium Risk
1257,35.0,Medium Risk
1257,54.75,High Risk
1257,40.0,Medium Risk
1258,19.25,Low Risk
1258,32.0,Medium Risk
1258,31.75,Medium Risk
1258,29.0,Medium Risk
1258,35.0,Medium Risk
1258,20.0,Low Risk
1258,22.25,Low Risk
1258,37.25,Medium Risk
1258,77.0,Critical Risk
1258,38.0,Medium Risk
1258,40.0,Medium Risk
1258,26.75,Medium Risk
1258,34.25,Medium Risk
1258,39.75,Medium Risk
1259,19.25,Low Risk
1259,74.0,High Risk
1259,77.0,Critical Risk
1259,20.0,Low Risk
1259,64.0,High Risk
1259,44.0,Medium Risk
1259,41.5,Medium Risk
1259,34.25,Medium Risk
1259,76.0,Critical Risk
1259,38.0,Medium Risk
1259,35.0,Medium Risk
1259,29.0,Medium Risk
1259,69.0,High Risk
1259,48.0,Medium Risk
1260,38.0,Medium Risk
1260,20.0,Low Risk
1260,22.25,Low Risk
1260,19.25,Low Risk
1260,28.0,Medium Risk
1260,23.0,Low Risk
1260,26.75,Medium Risk
1260,29.0,Medium Risk
1260,37.25,Medium Risk
1260,74.0,High Risk
1260,40.0,Medium Risk
1260,27.25,Medium Risk
1260,69.0,High Risk
1261,34.75,Medium Risk
1261,47.25,Medium Risk
1261,20.0,Low Risk
1261,19.25,Low Risk
1261,40.0,Medium Risk
1261,39.25,Medium Risk
1261,26.75,Medium Risk
1261,59.5,High Risk
1261,58.0,High Risk
1261,35.0,Medium Risk
1261,69.0,High Risk
1261,28.0,Medium Risk
1261,27.25,Medium Risk
1261,47.5,Medium Risk
1261,57.0,High Risk
1261,36.25,Medium Risk
1261,56.5,High Risk
1262,35.5,Medium Risk
1262,46.75,Medium Risk
1262,47.0,Medium Risk
1262,23.0,Low Risk
1262,32.5,Medium Risk
1262,35.0,Medium Risk
1262,56.5,High Risk
1262,31.75,Medium Risk
1262,28.0,Medium Risk
1262,74.0,High Risk
1262,42.25,Medium Risk
1262,26.75,Medium Risk
1262,20.0,Low Risk
1262,69.0,High Risk
1262,59.5,High Risk
1262,40.0,Medium Risk
1262,29.0,Medium Risk
1262,27.25,Medium Risk
1263,77.0,Critical Risk
1263,61.5,High Risk
1263,27.25,Medium Risk
1263,64.0,High Risk
1263,26.75,Medium Risk
1263,20.0,Low Risk
1263,19.25,Low Risk
1263,64.75,High Risk
1263,37.25,Medium Risk
1263,40.0,Medium Risk
1263,74.0,High Risk
1263,42.25,Medium Risk
1263,31.75,Medium Risk
1263,34.25,Medium Risk
1263,64.5,High Risk
1263,28.0,Medium Risk
1264,20.0,Low Risk
1264,61.5,High Risk
1264,26.75,Medium Risk
1264,40.0,Medium Risk
1264,22.25,Low Risk
1264,57.25,High Risk
1264,19.25,Low Risk
1264,32.5,Medium Risk
1264,37.25,Medium Risk
1264,56.75,High Risk
1264,46.75,Medium Risk
1264,39.25,Medium Risk
1265,31.75,Medium Risk
1265,19.25,Low Risk
1265,34.25,Medium Risk
1265,32.5,Medium Risk
1265,42.25,Medium Risk
1265,27.25,Medium Risk
1265,27.5,Medium Risk
1265,39.25,Medium Risk
1265,29.0,Medium Risk
1265,49.0,Medium Risk
1265,64.0,High Risk
1265,22.25,Low Risk
1265,52.5,High Risk
1265,36.5,Medium Risk
1265,59.5,High Risk
1265,40.0,Medium Risk
1265,30.5,Medium Risk
1265,47.25,Medium Risk
1265,40.25,Medium Risk
1266,33.75,Medium Risk
1266,51.75,High Risk
1266,54.75,High Risk
1266,20.0,Low Risk
1266,35.0,Medium Risk
1266,58.0,High Risk
1266,64.5,High Risk
1266,19.25,Low Risk
1266,40.0,Medium Risk
1266,49.0,Medium Risk
1266,23.0,Low Risk
1266,41.5,Medium Risk
1266,27.5,Medium Risk
1267,69.0,High Risk
1267,34.75,Medium Risk
1267,19.25,Low Risk
1267,39.25,Medium Risk
1267,74.0,High Risk
1267,38.0,Medium Risk
1267,50.5,High Risk
1267,43.0,Medium Risk
1267,35.0,Medium Risk
1267,36.5,Medium Risk
1267,77.0,Critical Risk
1267,30.5,Medium Risk
1267,52.0,High Risk
1267,37.25,Medium Risk
1267,20.0,Low Risk
1267,32.5,Medium Risk
1268,39.25,Medium Risk
1268,29.0,Medium Risk
1268,20.0,Low Risk
1268,61.5,High Risk
1268,19.25,Low Risk
1268,54.75,High Risk
1268,22.25,Low Risk
1268,31.75,Medium Risk
1268,55.5,High Risk
1268,46.75,Medium Risk
1268,34.25,Medium Risk
1268,32.5,Medium Risk
1268,30.5,Medium Risk
1268,41.5,Medium Risk
1269,26.75,Medium Risk
1269,39.75,Medium Risk
1269,27.5,Medium Risk
1269,34.25,Medium Risk
1269,51.5,High Risk
1269,19.25,Low Risk
1269,20.0,Low Risk
1269,77.0,Critical Risk
1269,27.25,Medium Risk
1269,56.5,High Risk
1269,34.75,Medium Risk
1269,69.0,High Risk
1269,31.75,Medium Risk
1270,51.75,High Risk
1270,41.5,Medium Risk
1270,44.0,Medium Risk
1270,23.0,Low Risk
1270,28.0,Medium Risk
1270,19.25,Low Risk
1270,20.0,Low Risk
1270,27.25,Medium Risk
1270,69.0,High Risk
1270,39.25,Medium Risk
1270,32.5,Medium Risk
1270,32.0,Medium Risk
1270,56.75,High Risk
1270,47.0,Medium Risk
1270,37.25,Medium Risk
1270,27.5,Medium Risk
1270,50.5,High Risk
1270,57.5,High Risk
1271,23.0,Low Risk
1271,19.25,Low Risk
1271,37.25,Medium Risk
1271,27.25,Medium Risk
1271,53.0,High Risk
1271,20.0,Low Risk
1271,64.0,High Risk
1271,22.25,Low Risk
1271,67.0,High Risk
1272,20.0,Low Risk
1272,19.25,Low Risk
1272,29.0,Medium Risk
1272,52.0,High Risk
1272,52.5,High Risk
1272,27.25,Medium Risk
1272,42.25,Medium Risk
1272,64.5,High Risk
1272,66.5,High Risk
1272,51.75,High Risk
1272,35.0,Medium Risk
1272,34.25,Medium Risk
1273,35.5,Medium Risk
1273,29.0,Medium Risk
1273,26.75,Medium Risk
1273,19.25,Low Risk
1273,69.5,High Risk
1273,31.75,Medium Risk
1273,27.25,Medium Risk
1273,46.0,Medium Risk
1273,40.5,Medium Risk
1273,42.25,Medium Risk
1273,47.25,Medium Risk
1273,39.25,Medium Risk
1273,32.5,Medium Risk
1274,32.5,Medium Risk
1274,35.0,Medium Risk
1274,56.75,High Risk
1274,49.0,Medium Risk
1274,64.0,High Risk
1274,20.0,Low Risk
1274,41.5,Medium Risk
1274,19.25,Low Risk
1274,74.0,High Risk
1274,27.5,Medium Risk
1274,46.75,Medium Risk
1274,55.5,High Risk
1274,22.25,Low Risk
1274,26.75,Medium Risk
1274,56.5,High Risk
1274,28.0,Medium Risk
1275,29.0,Medium Risk
1275,19.25,Low Risk
1275,34.75,Medium Risk
1275,40.5,Medium Risk
1275,52.5,High Risk
1275,56.75,High Risk
1275,34.25,Medium Risk
1275,43.0,Medium Risk
1275,47.0,Medium Risk
1275,20.0,Low Risk
1275,30.5,Medium Risk
1275,27.25,Medium Risk
1275,39.25,Medium Risk
1275,46.75,Medium Risk
1275,27.5,Medium Risk
1275,37.25,Medium Risk
1275,23.0,Low Risk
1276,20.0,Low Risk
1276,27.5,Medium Risk
1276,43.0,Medium Risk
1276,19.25,Low Risk
1276,34.75,Medium Risk
1276,21.25,Low Risk
1276,47.0,Medium Risk
1276,46.75,Medium Risk
1276,34.25,Medium Risk
1276,49.0,Medium Risk
1276,77.0,Critical Risk
1276,39.75,Medium Risk
1276,41.5,Medium Risk
1276,31.75,Medium Risk
1277,20.0,Low Risk
1277,32.0,Medium Risk
1277,19.25,Low Risk
1277,56.5,High Risk
1277,25.0,Low Risk
1277,43.0,Medium Risk
1277,33.75,Medium Risk
1277,37.25,Medium Risk
1277,50.0,Medium Risk
1277,47.5,Medium Risk
1277,51.75,High Risk
1277,54.75,High Risk
1277,40.0,Medium Risk
1277,56.75,High Risk
1277,56.0,High Risk
1278,29.0,Medium Risk
1278,20.0,Low Risk
1278,19.25,Low Risk
1278,56.5,High Risk
1278,69.0,High Risk
1278,51.75,High Risk
1278,34.25,Medium Risk
1278,28.0,Medium Risk
1278,46.75,Medium Risk
1278,32.5,Medium Risk
1278,40.5,Medium Risk
1278,47.5,Medium Risk
1278,22.25,Low Risk
1278,72.0,High Risk
1278,35.0,Medium Risk
1278,74.0,High Risk
1279,46.75,Medium Risk
1279,77.75,Critical Risk
1279,35.5,Medium Risk
1279,20.0,Low Risk
1279,19.25,Low Risk
1279,29.0,Medium Risk
1279,82.0,Critical Risk
1279,39.25,Medium Risk
1279,22.25,Low Risk
1279,56.5,High Risk
1279,31.75,Medium Risk
1279,35.0,Medium Risk
1280,64.0,High Risk
1280,34.75,Medium Risk
1280,34.0,Medium Risk
1280,34.25,Medium Risk
1280,52.5,High Risk
1280,56.5,High Risk
1280,68.5,High Risk
1280,65.5,High Risk
1280,35.5,Medium Risk
1280,82.0,Critical Risk
1280,27.5,Medium Risk
1280,22.25,Low Risk
1280,19.25,Low Risk
1280,37.25,Medium Risk
1280,55.5,High Risk
1280,31.75,Medium Risk
1280,26.75,Medium Risk
1280,50.5,High Risk
1280,69.0,High Risk
1281,29.0,Medium Risk
1281,44.75,Medium Risk
1281,23.0,Low Risk
1281,20.0,Low Risk
1281,27.25,Medium Risk
1281,40.25,Medium Risk
1281,28.0,Medium Risk
1281,26.75,Medium Risk
1281,54.5,High Risk
1281,19.25,Low Risk
1281,54.75,High Risk
1281,31.75,Medium Risk
1281,39.75,Medium Risk
1281,22.25,Low Risk
1282,31.75,Medium Risk
1282,41.5,Medium Risk
1282,19.25,Low Risk
1282,32.5,Medium Risk
1282,92.0,Critical Risk
1282,56.75,High Risk
1282,52.0,High Risk
1282,69.0,High Risk
1282,20.0,Low Risk
1282,27.5,Medium Risk
1282,64.0,High Risk
1282,72.0,High Risk
1282,74.0,High Risk
1282,22.25,Low Risk
1283,47.5,Medium Risk
1283,23.0,Low Risk
1283,26.75,Medium Risk
1283,50.5,High Risk
1283,20.0,Low Risk
1283,66.5,High Risk
1283,57.5,High Risk
1283,27.25,Medium Risk
1283,29.0,Medium Risk
1283,41.5,Medium Risk
1283,46.75,Medium Risk
1283,19.25,Low Risk
1283,43.0,Medium Risk
1283,60.5,High Risk
1283,34.25,Medium Risk
1284,31.75,Medium Risk
1284,34.25,Medium Risk
1284,51.0,High Risk
1284,37.0,Medium Risk
1284,35.0,Medium Risk
1284,20.0,Low Risk
1284,42.25,Medium Risk
1284,19.25,Low Risk
1284,47.5,Medium Risk
1284,32.0,Medium Risk
1284,29.0,Medium Risk
1284,61.5,High Risk
1284,28.0,Medium Risk
1285,56.5,High Risk
1285,41.5,Medium Risk
1285,47.5,Medium Risk
1285,30.5,Medium Risk
1285,20.0,Low Risk
1285,22.25,Low Risk
1285,77.0,Critical Risk
1285,34.75,Medium Risk
1285,74.0,High Risk
1285,32.5,Medium Risk
1285,28.0,Medium Risk
1285,26.75,Medium Risk
1285,39.25,Medium Risk
1286,19.25,Low Risk
1286,46.75,Medium Risk
1286,70.5,High Risk
1286,32.5,Medium Risk
1286,52.5,High Risk
1286,38.0,Medium Risk
1286,51.75,High Risk
1286,40.0,Medium Risk
1286,56.75,High Risk
1286,20.0,Low Risk
1286,42.25,Medium Risk
1286,47.5,Medium Risk
1286,29.0,Medium Risk
1286,39.25,Medium Risk
1286,31.75,Medium Risk
1286,47.25,Medium Risk
1286,40.25,Medium Risk
1286,22.25,Low Risk
1287,27.25,Medium Risk
1287,42.25,Medium Risk
1287,35.0,Medium Risk
1287,40.25,Medium Risk
1287,74.0,High Risk
1287,19.25,Low Risk
1287,31.75,Medium Risk
1287,61.0,High Risk
1287,43.0,Medium Risk
1287,51.75,High Risk
1287,23.0,Low Risk
1287,20.0,Low Risk
1287,32.5,Medium Risk
1287,29.0,Medium Risk
1287,46.0,Medium Risk
1288,44.0,Medium Risk
1288,40.0,Medium Risk
1288,29.0,Medium Risk
1288,19.25,Low Risk
1288,31.75,Medium Risk
1288,46.75,Medium Risk
1288,20.0,Low Risk
1288,39.25,Medium Risk
1288,28.0,Medium Risk
1288,57.5,High Risk
1288,27.25,Medium Risk
1288,47.5,Medium Risk
1288,43.0,Medium Risk
1289,51.5,High Risk
1289,19.25,Low Risk
1289,72.0,High Risk
1289,64.0,High Risk
1289,69.0,High Risk
1289,35.5,Medium Risk
1289,22.25,Low Risk
1289,74.0,High Risk
1289,20.0,Low Risk
1289,31.75,Medium Risk
1289,26.75,Medium Risk
1289,28.0,Medium Risk
1289,92.0,Critical Risk
1290,27.5,Medium Risk
1290,74.0,High Risk
1290,27.25,Medium Risk
1290,19.25,Low Risk
1290,26.75,Medium Risk
1290,40.0,Medium Risk
1290,32.5,Medium Risk
1290,28.0,Medium Risk
1290,34.75,Medium Risk
1290,51.75,High Risk
1290,20.0,Low Risk
1290,47.25,Medium Risk
1290,31.75,Medium Risk
1291,35.0,Medium Risk
1291,20.0,Low Risk
1291,47.5,Medium Risk
1291,52.5,High Risk
1291,34.25,Medium Risk
1291,39.25,Medium Risk
1291,61.5,High Risk
1291,56.75,High Risk
1291,40.0,Medium Risk
1291,27.5,Medium Risk
1291,31.75,Medium Risk
1291,43.0,Medium Risk
1291,29.0,Medium Risk
1291,48.0,Medium Risk
1291,57.5,High Risk
1291,49.0,Medium Risk
1292,49.0,Medium Risk
1292,44.0,Medium Risk
1292,20.0,Low Risk
1292,64.0,High Risk
1292,39.25,Medium Risk
1292,31.75,Medium Risk
1292,23.0,Low Risk
1292,27.25,Medium Risk
1292,56.5,High Risk
1292,19.25,Low Risk
1292,34.25,Medium Risk
1292,26.75,Medium Risk
1292,40.0,Medium Risk
1292,43.0,Medium Risk
1292,74.0,High Risk
1292,22.25,Low Risk
1292,39.75,Medium Risk
1292,38.0,Medium Risk
1292,40.5,Medium Risk
1292,77.0,Critical Risk
1292,51.75,High Risk
1293,57.5,High Risk
1293,26.75,Medium Risk
1293,19.25,Low Risk
1293,27.5,Medium Risk
1293,22.25,Low Risk
1293,34.25,Medium Risk
1293,46.75,Medium Risk
1293,56.5,High Risk
1293,64.0,High Risk
1293,66.5,High Risk
1293,37.25,Medium Risk
1293,56.0,High Risk
1293,79.5,Critical Risk
1293,49.5,Medium Risk
1293,44.0,Medium Risk
1293,34.75,Medium Risk
1293,39.25,Medium Risk
1293,41.5,Medium Risk
1293,35.0,Medium Risk
1293,40.0,Medium Risk
1294,20.0,Low Risk
1294,49.5,Medium Risk
1294,19.25,Low Risk
1294,64.5,High Risk
1294,52.0,High Risk
1294,26.75,Medium Risk
1294,69.5,High Risk
1294,47.25,Medium Risk
1294,34.25,Medium Risk
1294,31.75,Medium Risk
1295,45.5,Medium Risk
1295,31.75,Medium Risk
1295,51.5,High Risk
1295,40.0,Medium Risk
1295,39.25,Medium Risk
1295,35.0,Medium Risk
1295,47.5,Medium Risk
1295,49.5,Medium Risk
1295,27.5,Medium Risk
1295,32.5,Medium Risk
1295,19.25,Low Risk
1295,38.0,Medium Risk
1295,42.25,Medium Risk
1295,34.75,Medium Risk
1295,26.75,Medium Risk
1295,46.75,Medium Risk
1295,34.25,Medium Risk
1295,44.75,Medium Risk
1295,41.5,Medium Risk
1295,38.5,Medium Risk
1296,20.0,Low Risk
1296,27.25,Medium Risk
1296,47.5,Medium Risk
1296,56.5,High Risk
1296,19.25,Low Risk
1296,43.0,Medium Risk
1296,34.5,Medium Risk
1296,29.0,Medium Risk
1296,47.0,Medium Risk
1296,41.5,Medium Risk
1296,23.0,Low Risk
1296,59.5,High Risk
1296,39.25,Medium Risk
1296,52.5,High Risk
1297,56.5,High Risk
1297,19.25,Low Risk
1297,69.0,High Risk
1297,20.0,Low Risk
1297,22.25,Low Risk
1297,27.25,Medium Risk
1297,69.75,High Risk
1297,28.0,Medium Risk
1297,29.0,Medium Risk
1297,77.0,Critical Risk
1297,57.5,High Risk
1297,65.5,High Risk
1298,40.0,Medium Risk
1298,32.5,Medium Risk
1298,48.0,Medium Risk
1298,31.75,Medium Risk
1298,26.75,Medium Risk
1298,30.5,Medium Risk
1298,29.0,Medium Risk
1298,22.25,Low Risk
1298,56.75,High Risk
1298,20.0,Low Risk
1298,19.25,Low Risk
1298,34.75,Medium Risk
1298,27.25,Medium Risk
1298,27.5,Medium Risk
1298,41.5,Medium Risk
1298,52.0,High Risk
1298,72.0,High Risk
1298,34.25,Medium Risk
1298,35.0,Medium Risk
1298,45.25,Medium Risk
1298,39.25,Medium Risk
1299,19.25,Low Risk
1299,51.0,High Risk
1299,52.25,High Risk
1299,20.0,Low Risk
1299,74.0,High Risk
1299,35.0,Medium Risk
1299,27.25,Medium Risk
1299,22.25,Low Risk
1299,32.5,Medium Risk
1299,40.0,Medium Risk
1299,69.75,High Risk
1299,72.0,High Risk
1300,34.25,Medium Risk
1300,19.25,Low Risk
1300,20.0,Low Risk
1300,36.5,Medium Risk
1300,39.75,Medium Risk
1300,37.0,Medium Risk
1300,28.0,Medium Risk
1300,35.0,Medium Risk
1300,32.5,Medium Risk
1300,52.5,High Risk
1300,57.0,High Risk
1300,38.0,Medium Risk
1300,27.5,Medium Risk
1300,47.25,Medium Risk
1300,47.5,Medium Risk
1300,35.5,Medium Risk
1300,52.25,High Risk
1300,26.75,Medium Risk
1300,44.75,Medium Risk
1300,31.75,Medium Risk
1301,44.0,Medium Risk
1301,64.75,High Risk
1301,22.25,Low Risk
1301,32.5,Medium Risk
1301,29.0,Medium Risk
1301,20.0,Low Risk
1301,59.75,High Risk
1301,71.0,High Risk
1301,56.5,High Risk
1301,26.75,Medium Risk
1301,69.0,High Risk
1301,31.75,Medium Risk
1301,34.25,Medium Risk
1301,27.25,Medium Risk
1301,19.25,Low Risk
1301,54.75,High Risk
1301,64.0,High Risk
1301,35.5,Medium Risk
1301,39.75,Medium Risk
1302,31.75,Medium Risk
1302,29.0,Medium Risk
1302,22.25,Low Risk
1302,19.25,Low Risk
1302,34.75,Medium Risk
1302,27.25,Medium Risk
1302,20.0,Low Risk
1302,56.75,High Risk
1302,28.0,Medium Risk
1302,39.25,Medium Risk
1302,26.75,Medium Risk
1302,32.5,Medium Risk
1302,64.0,High Risk
1302,60.5,High Risk
1302,38.0,Medium Risk
1303,19.25,Low Risk
1303,49.75,Medium Risk
1303,52.0,High Risk
1303,42.25,Medium Risk
1303,49.0,Medium Risk
1303,20.0,Low Risk
1303,43.0,Medium Risk
1303,64.0,High Risk
1304,57.25,High Risk
1304,49.0,Medium Risk
1304,64.0,High Risk
1304,34.5,Medium Risk
1304,74.0,High Risk
1304,100.0,Critical Risk
1304,40.0,Medium Risk
1304,69.0,High Risk
1304,48.0,Medium Risk
1304,32.5,Medium Risk
1304,31.75,Medium Risk
1304,19.25,Low Risk
1304,67.0,High Risk
1305,37.0,Medium Risk
1305,31.75,Medium Risk
1305,55.5,High Risk
1305,32.5,Medium Risk
1305,59.5,High Risk
1305,26.75,Medium Risk
1305,39.25,Medium Risk
1305,51.75,High Risk
1305,23.0,Low Risk
1305,34.25,Medium Risk
1305,48.0,Medium Risk
1305,46.75,Medium Risk
1305,61.5,High Risk
1305,52.5,High Risk
1305,29.0,Medium Risk
1305,53.5,High Risk
1305,27.25,Medium Risk
1305,49.5,Medium Risk
1306,29.0,Medium Risk
1306,31.75,Medium Risk
1306,56.5,High Risk
1306,74.0,High Risk
1306,39.75,Medium Risk
1306,43.0,Medium Risk
1306,22.25,Low Risk
1306,32.0,Medium Risk
1306,40.0,Medium Risk
1306,19.25,Low Risk
1306,64.0,High Risk
1306,69.0,High Risk
1306,40.25,Medium Risk
1306,26.75,Medium Risk
1306,35.0,Medium Risk
1306,20.0,Low Risk
1306,27.5,Medium Risk
1307,22.25,Low Risk
1307,35.5,Medium Risk
1307,20.0,Low Risk
1307,19.25,Low Risk
1307,36.5,Medium Risk
1307,27.25,Medium Risk
1307,49.5,Medium Risk
1307,27.5,Medium Risk
1307,26.75,Medium Risk
1307,32.5,Medium Risk
1307,29.0,Medium Risk
1307,40.0,Medium Risk
1308,63.5,High Risk
1308,46.75,Medium Risk
1308,35.0,Medium Risk
1308,27.5,Medium Risk
1308,32.5,Medium Risk
1308,56.0,High Risk
1308,49.75,Medium Risk
1308,40.0,Medium Risk
1308,45.5,Medium Risk
1308,56.75,High Risk
1308,47.25,Medium Risk
1308,31.75,Medium Risk
1308,49.0,Medium Risk
1308,41.5,Medium Risk
1309,74.0,High Risk
1309,34.25,Medium Risk
1309,28.0,Medium Risk
1309,19.25,Low Risk
1309,72.0,High Risk
1309,82.0,Critical Risk
1309,35.0,Medium Risk
1309,34.75,Medium Risk
1309,47.0,Medium Risk
1309,39.25,Medium Risk
1309,27.5,Medium Risk
1309,44.0,Medium Risk
1310,19.25,Low Risk
1310,37.25,Medium Risk
1310,39.25,Medium Risk
1310,29.0,Medium Risk
1310,35.0,Medium Risk
1310,20.0,Low Risk
1310,27.25,Medium Risk
1310,34.25,Medium Risk
1310,72.0,High Risk
1310,32.5,Medium Risk
1310,52.5,High Risk
1310,37.0,Medium Risk
1310,61.5,High Risk
1310,48.0,Medium Risk
1310,56.5,High Risk
1311,40.0,Medium Risk
1311,19.25,Low Risk
1311,39.25,Medium Risk
1311,41.5,Medium Risk
1311,34.25,Medium Risk
1311,20.0,Low Risk
1311,27.25,Medium Risk
1311,22.25,Low Risk
1311,37.25,Medium Risk
1311,44.0,Medium Risk
1312,47.0,Medium Risk
1312,46.75,Medium Risk
1312,32.5,Medium Risk
1312,39.25,Medium Risk
1312,55.5,High Risk
1312,52.5,High Risk
1312,60.5,High Risk
1312,46.0,Medium Risk
1312,39.5,Medium Risk
1312,49.0,Medium Risk
1312,28.0,Medium Risk
1312,26.75,Medium Risk
1312,47.5,Medium Risk
1312,64.75,High Risk
1312,51.75,High Risk
1312,20.0,Low Risk
1312,54.5,High Risk
1312,40.0,Medium Risk
1312,64.5,High Risk
1312,27.5,Medium Risk
1312,69.5,High Risk
1313,19.25,Low Risk
1313,51.75,High Risk
1313,39.25,Medium Risk
1313,22.25,Low Risk
1313,47.25,Medium Risk
1313,59.75,High Risk
1313,47.5,Medium Risk
1313,40.0,Medium Risk
1313,52.5,High Risk
1313,20.0,Low Risk
1313,44.0,Medium Risk
1313,35.5,Medium Risk
1314,29.75,Medium Risk
1314,46.75,Medium Risk
1314,39.25,Medium Risk
1314,19.25,Low Risk
1314,23.0,Low Risk
1314,44.0,Medium Risk
1314,61.5,High Risk
1314,40.0,Medium Risk
1314,31.75,Medium Risk
1314,29.0,Medium Risk
1314,20.0,Low Risk
1314,43.0,Medium Risk
1314,52.5,High Risk
1314,49.0,Medium Risk
1315,31.75,Medium Risk
1315,20.0,Low Risk
1315,74.0,High Risk
1315,19.25,Low Risk
1315,36.5,Medium Risk
1315,26.75,Medium Risk
1315,42.25,Medium Risk
1315,32.5,Medium Risk
1315,27.5,Medium Risk
1315,41.5,Medium Risk
1315,28.0,Medium Risk
1316,47.5,Medium Risk
1316,74.0,High Risk
1316,29.0,Medium Risk
1316,20.0,Low Risk
1316,26.75,Medium Risk
1316,37.25,Medium Risk
1316,27.25,Medium Risk
1316,51.75,High Risk
1316,43.0,Medium Risk
1316,32.5,Medium Risk
1317,57.0,High Risk
1317,52.5,High Risk
1317,51.75,High Risk
1317,20.0,Low Risk
1317,35.0,Medium Risk
1317,47.5,Medium Risk
1317,36.5,Medium Risk
1317,31.75,Medium Risk
1317,74.0,High Risk
1317,49.0,Medium Risk
1317,60.5,High Risk
1317,57.5,High Risk
1317,39.25,Medium Risk
1317,29.0,Medium Risk
1317,49.5,Medium Risk
1317,42.25,Medium Risk
1317,46.75,Medium Risk
1317,61.5,High Risk
1318,40.0,Medium Risk
1318,29.0,Medium Risk
1318,19.25,Low Risk
1318,74.0,High Risk
1318,46.75,Medium Risk
1318,52.5,High Risk
1318,27.25,Medium Risk
1318,32.5,Medium Risk
1318,34.75,Medium Risk
1318,82.0,Critical Risk
1318,56.5,High Risk
1318,69.0,High Risk
1318,64.0,High Risk
1318,39.25,Medium Risk
1318,72.0,High Risk
1318,35.0,Medium Risk
1318,29.75,Medium Risk
1319,32.5,Medium Risk
1319,40.0,Medium Risk
1319,22.25,Low Risk
1319,37.25,Medium Risk
1319,35.0,Medium Risk
1319,59.75,High Risk
1319,61.5,High Risk
1319,41.5,Medium Risk
1319,27.5,Medium Risk
1319,31.75,Medium Risk
1319,46.75,Medium Risk
1319,19.25,Low Risk
1319,82.0,Critical Risk
1319,56.5,High Risk
1319,55.25,High Risk
1319,52.5,High Risk
1319,39.25,Medium Risk
1319,36.5,Medium Risk
1320,74.0,High Risk
1320,72.0,High Risk
1320,28.0,Medium Risk
1320,55.5,High Risk
1320,47.5,Medium Risk
1320,40.0,Medium Risk
1320,19.25,Low Risk
1320,20.0,Low Risk
1320,26.75,Medium Risk
1320,23.0,Low Risk
1320,22.25,Low Risk
1320,56.5,High Risk
1320,27.25,Medium Risk
1320,45.25,Medium Risk
1320,34.75,Medium Risk
1320,48.0,Medium Risk
1321,43.0,Medium Risk
1321,22.25,Low Risk
1321,40.0,Medium Risk
1321,20.0,Low Risk
1321,27.25,Medium Risk
1321,19.25,Low Risk
1321,32.5,Medium Risk
1321,34.25,Medium Risk
1321,29.75,Medium Risk
1321,48.0,Medium Risk
1321,39.25,Medium Risk
1321,34.75,Medium Risk
1321,56.75,High Risk
1321,52.0,High Risk
1321,44.75,Medium Risk
1321,69.0,High Risk
1322,51.75,High Risk
1322,61.0,High Risk
1322,82.0,Critical Risk
1322,20.0,Low Risk
1322,19.25,Low Risk
1322,36.5,Medium Risk
1322,23.0,Low Risk
1322,43.0,Medium Risk
1322,57.5,High Risk
1322,37.25,Medium Risk
1322,47.5,Medium Risk
1322,56.75,High Risk
1322,22.25,Low Risk
1323,64.0,High Risk
1323,31.75,Medium Risk
1323,20.0,Low Risk
1323,52.5,High Risk
1323,32.5,Medium Risk
1323,26.75,Medium Risk
1323,19.25,Low Risk
1323,37.25,Medium Risk
1323,36.5,Medium Risk
1323,40.5,Medium Risk
1324,19.25,Low Risk
1324,39.25,Medium Risk
1324,31.75,Medium Risk
1324,29.0,Medium Risk
1324,46.75,Medium Risk
1324,32.5,Medium Risk
1324,27.5,Medium Risk
1324,36.5,Medium Risk
1324,74.0,High Risk
1324,20.0,Low Risk
1324,43.0,Medium Risk
1324,22.25,Low Risk
1324,77.0,Critical Risk
1325,29.0,Medium Risk
1325,20.0,Low Risk
1325,19.25,Low Risk
1325,49.0,Medium Risk
1325,32.5,Medium Risk
1325,26.75,Medium Risk
1325,36.5,Medium Risk
1325,22.25,Low Risk
1325,29.75,Medium Risk
1325,34.75,Medium Risk
1325,31.75,Medium Risk
1325,35.0,Medium Risk
1325,48.0,Medium Risk
1325,42.25,Medium Risk
1325,33.75,Medium Risk
1325,39.25,Medium Risk
1325,44.0,Medium Risk
1326,37.25,Medium Risk
1326,34.25,Medium Risk
1326,39.25,Medium Risk
1326,35.0,Medium Risk
1326,20.0,Low Risk
1326,74.0,High Risk
1326,32.5,Medium Risk
1326,31.75,Medium Risk
1326,47.5,Medium Risk
1326,41.5,Medium Risk
1326,43.0,Medium Risk
1327,27.5,Medium Risk
1327,65.5,High Risk
1327,48.0,Medium Risk
1327,51.5,High Risk
1327,69.0,High Risk
1327,28.0,Medium Risk
1327,67.0,High Risk
1327,49.5,Medium Risk
1327,74.0,High Risk
1327,26.75,Medium Risk
1327,39.25,Medium Risk
1327,25.0,Low Risk
1327,55.5,High Risk
1327,40.0,Medium Risk
1327,40.5,Medium Risk
1327,52.5,High Risk
1328,27.25,Medium Risk
1328,26.75,Medium Risk
1328,27.5,Medium Risk
1328,37.0,Medium Risk
1328,50.5,High Risk
1328,19.25,Low Risk
1328,20.0,Low Risk
1328,32.5,Medium Risk
1328,37.25,Medium Risk
1328,35.5,Medium Risk
1328,54.75,High Risk
1328,29.0,Medium Risk
1328,64.75,High Risk
1328,31.75,Medium Risk
1329,27.5,Medium Risk
1329,32.5,Medium Risk
1329,20.0,Low Risk
1329,23.0,Low Risk
1329,27.25,Medium Risk
1329,19.25,Low Risk
1329,41.5,Medium Risk
1329,37.0,Medium Risk
1329,40.5,Medium Risk
1329,40.0,Medium Risk
1329,37.25,Medium Risk
1329,60.5,High Risk
1329,31.75,Medium Risk
1329,49.0,Medium Risk
1329,39.25,Medium Risk
1329,38.0,Medium Risk
1330,31.75,Medium Risk
1330,57.5,High Risk
1330,27.25,Medium Risk
1330,19.25,Low Risk
1330,34.75,Medium Risk
1330,26.75,Medium Risk
1330,27.5,Medium Risk
1330,40.0,Medium Risk
1330,39.75,Medium Risk
1330,32.5,Medium Risk
1330,37.0,Medium Risk
1330,38.0,Medium Risk
1330,32.0,Medium Risk
1331,74.0,High Risk
1331,56.5,High Risk
1331,32.5,Medium Risk
1331,19.25,Low Risk
1331,39.25,Medium Risk
1331,22.0,Low Risk
1331,38.0,Medium Risk
1331,20.0,Low Risk
1331,69.0,High Risk
1331,29.0,Medium Risk
1332,19.25,Low Risk
1332,52.0,High Risk
1332,39.25,Medium Risk
1332,51.75,High Risk
1332,26.75,Medium Risk
1332,27.25,Medium Risk
1332,41.5,Medium Risk
1332,31.75,Medium Risk
1332,28.0,Medium Risk
1332,34.75,Medium Risk
1332,36.5,Medium Risk
1332,39.75,Medium Risk
1333,19.25,Low Risk
1333,27.5,Medium Risk
1333,27.25,Medium Risk
1333,32.5,Medium Risk
1333,57.5,High Risk
1333,36.5,Medium Risk
1333,56.5,High Risk
1333,64.0,High Risk
1333,31.75,Medium Risk
1333,51.75,High Risk
1333,20.0,Low Risk
1333,39.25,Medium Risk
1333,35.5,Medium Risk
1333,57.0,High Risk
1333,34.25,Medium Risk
1333,69.0,High Risk
1334,19.25,Low Risk
1334,20.0,Low Risk
1334,32.5,Medium Risk
1334,40.0,Medium Risk
1334,74.0,High Risk
1334,28.0,Medium Risk
1334,34.75,Medium Risk
1334,27.25,Medium Risk
1334,23.0,Low Risk
1335,19.25,Low Risk
1335,32.5,Medium Risk
1335,74.0,High Risk
1335,20.0,Low Risk
1335,35.5,Medium Risk
1335,51.75,High Risk
1335,40.0,Medium Risk
1335,36.5,Medium Risk
1336,46.75,Medium Risk
1336,19.25,Low Risk
1336,27.25,Medium Risk
1336,20.0,Low Risk
1336,34.75,Medium Risk
1336,52.5,High Risk
1336,31.75,Medium Risk
1336,34.25,Medium Risk
1336,45.25,Medium Risk
1336,49.5,Medium Risk
1336,37.0,Medium Risk
1336,49.0,Medium Risk
1336,52.0,High Risk
1336,32.5,Medium Risk
1336,56.75,High Risk
1336,40.0,Medium Risk
1336,61.5,High Risk
1336,57.5,High Risk
1336,35.0,Medium Risk
1337,74.0,High Risk
1337,29.0,Medium Risk
1337,66.5,High Risk
1337,27.5,Medium Risk
1337,20.0,Low Risk
1337,31.75,Medium Risk
1337,40.5,Medium Risk
1337,56.75,High Risk
1337,69.0,High Risk
1337,35.5,Medium Risk
1337,46.75,Medium Risk
1337,19.25,Low Risk
1337,77.0,Critical Risk
1337,32.5,Medium Risk
1337,40.0,Medium Risk
1337,77.5,Critical Risk
1337,26.75,Medium Risk
1337,59.5,High Risk
1337,56.5,High Risk
1338,31.75,Medium Risk
1338,56.75,High Risk
1338,20.0,Low Risk
1338,19.25,Low Risk
1338,45.25,Medium Risk
1338,29.75,Medium Risk
1338,26.75,Medium Risk
1338,84.5,Critical Risk
1338,28.0,Medium Risk
1338,27.25,Medium Risk
1338,74.0,High Risk
1338,100.0,Critical Risk
1338,64.5,High Risk
1338,22.25,Low Risk
1338,51.75,High Risk
1338,64.0,High Risk
1339,39.25,Medium Risk
1339,19.25,Low Risk
1339,49.0,Medium Risk
1339,32.5,Medium Risk
1339,27.25,Medium Risk
1339,31.75,Medium Risk
1339,20.0,Low Risk
1339,40.25,Medium Risk
1339,29.0,Medium Risk
1339,46.75,Medium Risk
1339,37.25,Medium Risk
1339,57.5,High Risk
1339,28.0,Medium Risk
1339,37.0,Medium Risk
1339,26.75,Medium Risk
1339,40.0,Medium Risk
1340,19.25,Low Risk
1340,20.0,Low Risk
1340,57.25,High Risk
1340,44.0,Medium Risk
1340,52.25,High Risk
1340,31.75,Medium Risk
1340,52.75,High Risk
1340,43.0,Medium Risk
1340,37.25,Medium Risk
1340,27.5,Medium Risk
1340,35.0,Medium Risk
1340,21.25,Low Risk
1340,22.25,Low Risk
1340,37.0,Medium Risk
1340,56.0,High Risk
1340,28.0,Medium Risk
1341,31.75,Medium Risk
1341,47.25,Medium Risk
1341,37.25,Medium Risk
1341,34.75,Medium Risk
1341,29.0,Medium Risk
1341,56.5,High Risk
1341,57.25,High Risk
1341,56.75,High Risk
1341,39.25,Medium Risk
1341,20.0,Low Risk
1341,46.75,Medium Risk
1341,32.5,Medium Risk
1341,52.5,High Risk
1341,35.0,Medium Risk
1341,40.0,Medium Risk
1341,54.75,High Risk
1341,49.0,Medium Risk
1341,69.0,High Risk
1341,64.0,High Risk
1341,19.25,Low Risk
1341,55.5,High Risk
1342,38.0,Medium Risk
1342,44.0,Medium Risk
1342,19.25,Low Risk
1342,29.0,Medium Risk
1342,27.5,Medium Risk
1342,57.25,High Risk
1342,37.25,Medium Risk
1342,34.25,Medium Risk
1342,20.0,Low Risk
1342,22.25,Low Risk
1342,39.25,Medium Risk
1342,37.0,Medium Risk
1343,26.75,Medium Risk
1343,19.25,Low Risk
1343,74.0,High Risk
1343,39.75,Medium Risk
1343,34.75,Medium Risk
1343,28.0,Medium Risk
1343,64.5,High Risk
1343,22.25,Low Risk
1343,20.0,Low Risk
1343,27.5,Medium Risk
1343,39.5,Medium Risk
1343,31.75,Medium Risk
1343,82.0,Critical Risk
1344,40.5,Medium Risk
1344,56.75,High Risk
1344,39.25,Medium Risk
1344,20.0,Low Risk
1344,31.75,Medium Risk
1344,49.0,Medium Risk
1344,19.25,Low Risk
1344,32.0,Medium Risk
1344,29.75,Medium Risk
1344,56.5,High Risk
1344,29.0,Medium Risk
1344,29.5,Medium Risk
1344,27.5,Medium Risk
1344,37.25,Medium Risk
1344,34.75,Medium Risk
1344,41.5,Medium Risk
1345,35.5,Medium Risk
1345,41.5,Medium Risk
1345,39.25,Medium Risk
1345,19.25,Low Risk
1345,20.0,Low Risk
1345,31.75,Medium Risk
1345,28.0,Medium Risk
1345,51.75,High Risk
1345,46.75,Medium Risk
1345,38.0,Medium Risk
1345,32.5,Medium Risk
1345,36.5,Medium Risk
1345,23.0,Low Risk
1345,26.75,Medium Risk
1346,28.0,Medium Risk
1346,34.25,Medium Risk
1346,20.0,Low Risk
1346,19.25,Low Risk
1346,35.0,Medium Risk
1346,41.5,Medium Risk
1346,27.5,Medium Risk
1346,32.0,Medium Risk
1346,29.0,Medium Risk
1346,26.75,Medium Risk
1346,37.0,Medium Risk
1346,23.0,Low Risk
1346,32.5,Medium Risk
1346,39.75,Medium Risk
1346,59.5,High Risk
1346,46.0,Medium Risk
1346,22.25,Low Risk
1346,24.25,Low Risk
1346,44.75,Medium Risk
1346,52.5,High Risk
1346,31.75,Medium Risk
1346,44.0,Medium Risk
1347,19.25,Low Risk
1347,27.5,Medium Risk
1347,61.5,High Risk
1347,20.0,Low Risk
1347,22.25,Low Risk
1347,47.0,Medium Risk
1347,40.0,Medium Risk
1347,51.75,High Risk
1347,32.5,Medium Risk
1347,57.5,High Risk
1347,31.0,Medium Risk
1347,34.25,Medium Risk
1347,37.25,Medium Risk
1347,56.75,High Risk
1347,23.0,Low Risk
1347,28.0,Medium Risk
1348,30.5,Medium Risk
1348,28.0,Medium Risk
1348,26.75,Medium Risk
1348,39.25,Medium Risk
1348,22.25,Low Risk
1348,27.25,Medium Risk
1348,19.25,Low Risk
1348,20.0,Low Risk
1348,64.0,High Risk
1348,46.75,Medium Risk
1348,41.5,Medium Risk
1348,51.75,High Risk
1348,48.0,Medium Risk
1348,47.5,Medium Risk
1348,32.5,Medium Risk
1348,74.0,High Risk
1348,37.0,Medium Risk
1349,39.75,Medium Risk
1349,57.75,High Risk
1349,27.25,Medium Risk
1349,32.5,Medium Risk
1349,41.5,Medium Risk
1349,39.25,Medium Risk
1349,37.25,Medium Risk
1349,31.75,Medium Risk
1349,40.5,Medium Risk
1350,20.0,Low Risk
1350,22.25,Low Risk
1350,39.25,Medium Risk
1350,31.75,Medium Risk
1350,51.75,High Risk
1350,56.75,High Risk
1350,22.0,Low Risk
1350,61.5,High Risk
1350,37.25,Medium Risk
1350,57.25,High Risk
1350,40.0,Medium Risk
1350,28.0,Medium Risk
1350,49.0,Medium Risk
1350,27.25,Medium Risk
1350,29.0,Medium Risk
1350,74.0,High Risk
1350,19.25,Low Risk
1350,26.75,Medium Risk
1351,22.25,Low Risk
1351,92.0,Critical Risk
1351,19.25,Low Risk
1351,34.25,Medium Risk
1351,64.5,High Risk
1351,37.25,Medium Risk
1351,51.5,High Risk
1351,52.5,High Risk
1351,74.0,High Risk
1351,39.25,Medium Risk
1351,82.0,Critical Risk
1351,32.5,Medium Risk
1352,49.75,Medium Risk
1352,44.0,Medium Risk
1352,61.5,High Risk
1352,29.0,Medium Risk
1352,54.5,High Risk
1352,27.5,Medium Risk
1352,40.0,Medium Risk
1352,64.5,High Risk
1352,47.5,Medium Risk
1352,19.25,Low Risk
1352,20.0,Low Risk
1352,32.5,Medium Risk
1352,26.75,Medium Risk
1352,71.0,High Risk
1352,22.25,Low Risk
1353,20.0,Low Risk
1353,29.75,Medium Risk
1353,56.5,High Risk
1353,34.75,Medium Risk
1353,19.25,Low Risk
1353,29.0,Medium Risk
1353,52.25,High Risk
1353,28.0,Medium Risk
1353,60.5,High Risk
1353,27.5,Medium Risk
1353,55.5,High Risk
1353,34.25,Medium Risk
1353,32.5,Medium Risk
1354,41.5,Medium Risk
1354,19.25,Low Risk
1354,20.0,Low Risk
1354,46.75,Medium Risk
1354,24.25,Low Risk
1354,42.0,Medium Risk
1354,27.25,Medium Risk
1354,37.25,Medium Risk
1354,69.0,High Risk
1354,42.25,Medium Risk
1354,82.0,Critical Risk
1354,74.0,High Risk
1354,56.75,High Risk
1354,23.0,Low Risk
1354,28.0,Medium Risk
1354,50.5,High Risk
1355,46.75,Medium Risk
1355,34.25,Medium Risk
1355,40.0,Medium Risk
1355,32.5,Medium Risk
1355,19.25,Low Risk
1355,69.0,High Risk
1355,74.0,High Risk
1355,31.75,Medium Risk
1355,37.25,Medium Risk
1355,38.0,Medium Risk
1355,27.5,Medium Risk
1355,35.0,Medium Risk
1356,35.5,Medium Risk
1356,19.25,Low Risk
1356,39.25,Medium Risk
1356,27.5,Medium Risk
1356,34.25,Medium Risk
1356,20.0,Low Risk
1356,49.0,Medium Risk
1356,32.5,Medium Risk
1356,35.0,Medium Risk
1356,40.0,Medium Risk
1356,47.5,Medium Risk
1356,44.0,Medium Risk
1356,23.0,Low Risk
1356,29.0,Medium Risk
1356,28.0,Medium Risk
1357,19.25,Low Risk
1357,22.25,Low Risk
1357,31.75,Medium Risk
1357,20.0,Low Risk
1357,39.25,Medium Risk
1357,29.75,Medium Risk
1357,26.75,Medium Risk
1357,40.0,Medium Risk
1357,35.5,Medium Risk
1357,47.5,Medium Risk
1357,27.5,Medium Risk
1357,30.5,Medium Risk
1358,20.0,Low Risk
1358,31.75,Medium Risk
1358,23.0,Low Risk
1358,19.25,Low Risk
1358,47.5,Medium Risk
1358,49.75,Medium Risk
1358,39.25,Medium Risk
1358,66.5,High Risk
1358,46.75,Medium Risk
1358,64.0,High Risk
1358,58.5,High Risk
1358,41.5,Medium Risk
1358,27.25,Medium Risk
1359,19.25,Low Risk
1359,31.75,Medium Risk
1359,35.0,Medium Risk
1359,20.0,Low Risk
1359,44.0,Medium Risk
1359,40.25,Medium Risk
1359,23.0,Low Risk
1359,47.5,Medium Risk
1359,57.0,High Risk
1359,36.5,Medium Risk
1360,35.0,Medium Risk
1360,20.0,Low Risk
1360,40.0,Medium Risk
1360,23.0,Low Risk
1360,19.25,Low Risk
1360,27.25,Medium Risk
1360,32.5,Medium Risk
1360,28.0,Medium Risk
1360,40.5,Medium Risk
1360,55.5,High Risk
1360,31.75,Medium Risk
1360,64.5,High Risk
1360,46.75,Medium Risk
1361,44.0,Medium Risk
1361,49.0,Medium Risk
1361,19.25,Low Risk
1361,39.75,Medium Risk
1361,31.75,Medium Risk
1361,22.25,Low Risk
1361,27.5,Medium Risk
1361,47.25,Medium Risk
1361,20.0,Low Risk
1361,35.5,Medium Risk
1361,32.5,Medium Risk
1361,64.0,High Risk
1362,44.0,Medium Risk
1362,34.25,Medium Risk
1362,54.75,High Risk
1362,40.0,Medium Risk
1362,60.5,High Risk
1362,39.25,Medium Risk
1362,39.5,Medium Risk
1362,52.0,High Risk
1362,19.25,Low Risk
1362,27.25,Medium Risk
1362,42.25,Medium Risk
1362,26.75,Medium Risk
1362,43.0,Medium Risk
1363,64.0,High Risk
1363,27.5,Medium Risk
1363,74.0,High Risk
1363,22.25,Low Risk
1363,20.0,Low Risk
1363,35.0,Medium Risk
1363,26.75,Medium Risk
1363,37.0,Medium Risk
1363,39.75,Medium Risk
1363,40.5,Medium Risk
1363,32.0,Medium Risk
1363,19.25,Low Risk
1364,32.5,Medium Risk
1364,28.0,Medium Risk
1364,34.75,Medium Risk
1364,26.75,Medium Risk
1364,19.25,Low Risk
1364,67.5,High Risk
1364,27.5,Medium Risk
1364,35.0,Medium Risk
1364,40.5,Medium Risk
1364,27.25,Medium Risk
1364,20.0,Low Risk
1364,31.75,Medium Risk
1364,29.0,Medium Risk
1364,42.25,Medium Risk
1365,49.0,Medium Risk
1365,19.25,Low Risk
1365,34.25,Medium Risk
1365,69.0,High Risk
1365,22.25,Low Risk
1365,20.0,Low Risk
1365,40.0,Medium Risk
1365,64.0,High Risk
1365,35.0,Medium Risk
1365,74.0,High Risk
1365,37.25,Medium Risk
1365,51.5,High Risk
1366,19.25,Low Risk
1366,39.25,Medium Risk
1366,56.5,High Risk
1366,26.75,Medium Risk
1366,20.0,Low Risk
1366,23.0,Low Risk
1366,46.75,Medium Risk
1366,36.5,Medium Risk
1366,31.75,Medium Risk
1366,37.0,Medium Risk
1366,40.5,Medium Risk
1366,25.0,Low Risk
1366,32.5,Medium Risk
1366,28.0,Medium Risk
1366,29.0,Medium Risk
1366,40.0,Medium Risk
1366,27.5,Medium Risk
1366,22.0,Low Risk
1366,35.5,Medium Risk
1366,29.5,Medium Risk
1367,64.0,High Risk
1367,19.25,Low Risk
1367,32.0,Medium Risk
1367,74.0,High Risk
1367,23.0,Low Risk
1367,22.25,Low Risk
1367,20.0,Low Risk
1367,67.0,High Risk
1367,49.0,Medium Risk
1367,60.5,High Risk
1367,29.0,Medium Risk
1368,64.0,High Risk
1368,39.75,Medium Risk
1368,20.0,Low Risk
1368,72.0,High Risk
1368,56.5,High Risk
1368,40.0,Medium Risk
1368,19.25,Low Risk
1368,28.0,Medium Risk
1368,32.5,Medium Risk
1368,69.0,High Risk
1368,52.5,High Risk
1368,27.5,Medium Risk
1368,41.25,Medium Risk
1368,31.75,Medium Risk
1369,31.75,Medium Risk
1369,20.0,Low Risk
1369,19.25,Low Risk
1369,40.0,Medium Risk
1369,53.75,High Risk
1369,43.0,Medium Risk
1369,49.5,Medium Risk
1369,54.5,High Risk
1369,69.0,High Risk
1369,27.5,Medium Risk
1369,74.0,High Risk
1369,78.5,Critical Risk
1369,27.25,Medium Risk
1370,32.5,Medium Risk
1370,38.0,Medium Risk
1370,29.0,Medium Risk
1370,26.75,Medium Risk
1370,20.0,Low Risk
1370,19.25,Low Risk
1370,57.5,High Risk
1370,22.0,Low Risk
1370,54.5,High Risk
1370,46.75,Medium Risk
1370,40.0,Medium Risk
1370,42.25,Medium Risk
1370,27.25,Medium Risk
1370,56.75,High Risk
1371,35.0,Medium Risk
1371,38.0,Medium Risk
1371,49.0,Medium Risk
1371,39.25,Medium Risk
1371,32.5,Medium Risk
1371,58.0,High Risk
1371,46.75,Medium Risk
1371,19.25,Low Risk
1371,22.25,Low Risk
1371,55.5,High Risk
1371,58.5,High Risk
1371,61.5,High Risk
1371,51.75,High Risk
1371,43.0,Medium Risk
1371,47.5,Medium Risk
1372,19.25,Low Risk
1372,30.5,Medium Risk
1372,20.0,Low Risk
1372,39.25,Medium Risk
1372,29.0,Medium Risk
1372,57.5,High Risk
1372,32.5,Medium Risk
1372,23.0,Low Risk
1373,34.75,Medium Risk
1373,26.75,Medium Risk
1373,32.5,Medium Risk
1373,37.0,Medium Risk
1373,47.5,Medium Risk
1373,27.5,Medium Risk
1373,46.75,Medium Risk
1373,68.5,High Risk
1373,34.25,Medium Risk
1373,36.5,Medium Risk
1373,33.75,Medium Risk
1373,41.5,Medium Risk
1374,40.0,Medium Risk
1374,36.5,Medium Risk
1374,22.25,Low Risk
1374,19.25,Low Risk
1374,32.5,Medium Risk
1374,27.5,Medium Risk
1374,44.75,Medium Risk
1374,47.5,Medium Risk
1374,56.5,High Risk
1374,61.5,High Risk
1374,39.75,Medium Risk
1374,43.0,Medium Risk
1374,54.75,High Risk
1374,31.75,Medium Risk
1374,39.25,Medium Risk
1374,41.5,Medium Risk
1374,26.75,Medium Risk
1375,34.25,Medium Risk
1375,19.25,Low Risk
1375,46.75,Medium Risk
1375,28.0,Medium Risk
1375,35.5,Medium Risk
1375,22.0,Low Risk
1375,20.0,Low Risk
1375,26.75,Medium Risk
1375,32.5,Medium Risk
1375,40.0,Medium Risk
1375,59.5,High Risk
1375,36.5,Medium Risk
1375,31.75,Medium Risk
1376,19.25,Low Risk
1376,34.75,Medium Risk
1376,31.75,Medium Risk
1376,20.0,Low Risk
1376,34.25,Medium Risk
1376,28.0,Medium Risk
1376,41.5,Medium Risk
1376,47.25,Medium Risk
1376,51.75,High Risk
1376,23.0,Low Risk
1376,39.25,Medium Risk
1376,47.5,Medium Risk
1377,31.75,Medium Risk
1377,19.25,Low Risk
1377,22.0,Low Risk
1377,42.25,Medium Risk
1377,35.0,Medium Risk
1377,40.0,Medium Risk
1377,29.75,Medium Risk
1377,82.75,Critical Risk
1377,20.0,Low Risk
1377,33.75,Medium Risk
1377,44.5,Medium Risk
1377,46.0,Medium Risk
1377,39.75,Medium Risk
1377,39.25,Medium Risk
1378,41.5,Medium Risk
1378,34.25,Medium Risk
1378,44.0,Medium Risk
1378,49.0,Medium Risk
1378,72.0,High Risk
1378,74.0,High Risk
1378,64.0,High Risk
1378,40.0,Medium Risk
1378,32.5,Medium Risk
1378,20.0,Low Risk
1378,39.25,Medium Risk
1378,62.0,High Risk
1378,29.75,Medium Risk
1378,69.0,High Risk
1378,31.75,Medium Risk
1378,53.0,High Risk
1378,27.5,Medium Risk
1378,49.75,Medium Risk
1378,35.0,Medium Risk
1379,20.0,Low Risk
1379,26.75,Medium Risk
1379,47.5,Medium Risk
1379,50.5,High Risk
1379,39.25,Medium Risk
1379,44.0,Medium Risk
1379,45.5,Medium Risk
1379,22.25,Low Risk
1379,31.75,Medium Risk
1379,34.25,Medium Risk
1379,48.0,Medium Risk
1379,74.0,High Risk
1379,51.75,High Risk
1379,35.0,Medium Risk
1379,27.5,Medium Risk
1379,32.5,Medium Risk
1379,60.5,High Risk
1379,59.75,High Risk
1380,38.0,Medium Risk
1380,29.75,Medium Risk
1380,22.0,Low Risk
1380,22.25,Low Risk
1380,37.25,Medium Risk
1380,20.0,Low Risk
1380,19.25,Low Risk
1380,31.75,Medium Risk
1380,32.0,Medium Risk
1380,40.5,Medium Risk
1380,69.0,High Risk
1380,56.5,High Risk
1380,28.0,Medium Risk
1381,20.0,Low Risk
1381,26.75,Medium Risk
1381,37.0,Medium Risk
1381,24.25,Low Risk
1381,19.25,Low Risk
1381,31.75,Medium Risk
1381,40.0,Medium Risk
1381,72.0,High Risk
1381,27.25,Medium Risk
1381,36.5,Medium Risk
1381,28.0,Medium Risk
1381,34.25,Medium Risk
1382,20.0,Low Risk
1382,19.25,Low Risk
1382,42.25,Medium Risk
1382,44.0,Medium Risk
1382,40.0,Medium Risk
1382,54.5,High Risk
1382,34.75,Medium Risk
1382,46.75,Medium Risk
1382,35.5,Medium Risk
1382,35.0,Medium Risk
1383,57.25,High Risk
1383,57.5,High Risk
1383,52.5,High Risk
1383,32.5,Medium Risk
1383,40.0,Medium Risk
1383,20.0,Low Risk
1383,19.25,Low Risk
1383,26.75,Medium Risk
1383,47.0,Medium Risk
1383,69.0,High Risk
1383,35.0,Medium Risk
1383,31.75,Medium Risk
1383,29.0,Medium Risk
1383,64.0,High Risk
1384,35.5,Medium Risk
1384,19.25,Low Risk
1384,39.75,Medium Risk
1384,51.75,High Risk
1384,22.25,Low Risk
1384,35.0,Medium Risk
1384,20.0,Low Risk
1384,29.0,Medium Risk
1384,49.0,Medium Risk
1384,22.0,Low Risk
1384,43.0,Medium Risk
1384,41.5,Medium Risk
1384,74.0,High Risk
1384,32.5,Medium Risk
1384,27.5,Medium Risk
1384,27.25,Medium Risk
1385,19.25,Low Risk
1385,41.5,Medium Risk
1385,20.0,Low Risk
1385,34.25,Medium Risk
1385,27.5,Medium Risk
1385,40.0,Medium Risk
1385,39.25,Medium Risk
1385,22.25,Low Risk
1385,59.5,High Risk
1385,47.5,Medium Risk
1386,27.5,Medium Risk
1386,19.25,Low Risk
1386,43.0,Medium Risk
1386,38.0,Medium Risk
1386,20.0,Low Risk
1386,28.0,Medium Risk
1386,56.5,High Risk
1386,70.5,High Risk
1386,35.0,Medium Risk
1386,74.0,High Risk
1386,32.5,Medium Risk
1386,82.0,Critical Risk
1386,45.5,Medium Risk
1386,41.5,Medium Risk
1386,27.25,Medium Risk
1386,31.75,Medium Risk
1386,69.0,High Risk
1387,27.25,Medium Risk
1387,19.25,Low Risk
1387,26.75,Medium Risk
1387,28.0,Medium Risk
1387,40.0,Medium Risk
1387,45.25,Medium Risk
1387,27.5,Medium Risk
1387,20.0,Low Risk
1387,29.0,Medium Risk
1387,30.5,Medium Risk
1387,23.0,Low Risk
1387,35.5,Medium Risk
1387,56.5,High Risk
1388,19.25,Low Risk
1388,29.0,Medium Risk
1388,38.0,Medium Risk
1388,27.25,Medium Risk
1388,72.0,High Risk
1388,69.0,High Risk
1388,64.0,High Risk
1388,74.0,High Risk
1388,28.0,Medium Risk
1388,20.0,Low Risk
1389,28.0,Medium Risk
1389,52.5,High Risk
1389,57.5,High Risk
1389,35.0,Medium Risk
1389,53.75,High Risk
1389,57.25,High Risk
1389,40.0,Medium Risk
1389,69.0,High Risk
1389,19.25,Low Risk
1389,39.75,Medium Risk
1389,27.5,Medium Risk
1389,44.0,Medium Risk
1389,39.25,Medium Risk
1389,34.25,Medium Risk
1389,23.0,Low Risk
1389,35.5,Medium Risk
1389,64.0,High Risk
1390,34.25,Medium Risk
1390,51.75,High Risk
1390,74.0,High Risk
1390,41.5,Medium Risk
1390,26.75,Medium Risk
1390,40.0,Medium Risk
1390,32.5,Medium Risk
1390,19.25,Low Risk
1390,55.25,High Risk
1390,39.25,Medium Risk
1390,27.5,Medium Risk
1390,37.0,Medium Risk
1390,75.5,Critical Risk
1390,54.75,High Risk
1390,20.0,Low Risk
1390,47.5,Medium Risk
1390,64.0,High Risk
1390,64.5,High Risk
1391,19.25,Low Risk
1391,20.0,Low Risk
1391,39.25,Medium Risk
1391,27.5,Medium Risk
1391,36.5,Medium Risk
1391,38.0,Medium Risk
1391,74.0,High Risk
1391,31.75,Medium Risk
1391,65.25,High Risk
1391,40.5,Medium Risk
1391,32.5,Medium Risk
1391,30.5,Medium Risk
1391,23.0,Low Risk
1392,29.0,Medium Risk
1392,74.0,High Risk
1392,22.25,Low Risk
1392,20.0,Low Risk
1392,32.0,Medium Risk
1392,77.0,Critical Risk
1392,47.5,Medium Risk
1392,19.25,Low Risk
1392,69.0,High Risk
1392,39.75,Medium Risk
1392,42.25,Medium Risk
1392,55.5,High Risk
1392,51.5,High Risk
1393,23.0,Low Risk
1393,19.25,Low Risk
1393,47.5,Medium Risk
1393,51.5,High Risk
1393,34.25,Medium Risk
1393,60.5,High Risk
1393,46.75,Medium Risk
1393,48.0,Medium Risk
1393,20.0,Low Risk
1393,40.0,Medium Risk
1393,55.5,High Risk
1393,74.0,High Risk
1393,69.0,High Risk
1394,19.25,Low Risk
1394,47.5,Medium Risk
1394,31.75,Medium Risk
1394,20.0,Low Risk
1394,28.0,Medium Risk
1394,29.75,Medium Risk
1394,67.0,High Risk
1394,49.75,Medium Risk
1394,77.0,Critical Risk
1395,48.0,Medium Risk
1395,46.75,Medium Risk
1395,20.0,Low Risk
1395,67.0,High Risk
1395,19.25,Low Risk
1395,39.25,Medium Risk
1395,57.0,High Risk
1395,42.0,Medium Risk
1395,31.75,Medium Risk
1395,36.5,Medium Risk
1395,23.0,Low Risk
1395,35.0,Medium Risk
1395,49.0,Medium Risk
1395,37.25,Medium Risk
1395,52.5,High Risk
1395,47.5,Medium Risk
1395,49.5,Medium Risk
1395,40.0,Medium Risk
1395,27.25,Medium Risk
1395,56.5,High Risk
1396,19.25,Low Risk
1396,47.25,Medium Risk
1396,22.25,Low Risk
1396,74.0,High Risk
1396,26.75,Medium Risk
1396,20.0,Low Risk
1396,75.5,Critical Risk
1396,34.25,Medium Risk
1396,64.0,High Risk
1396,69.0,High Risk
1396,37.0,Medium Risk
1396,40.0,Medium Risk
1396,36.5,Medium Risk
1396,27.5,Medium Risk
1396,52.5,High Risk
1396,38.0,Medium Risk
1396,49.5,Medium Risk
1396,31.75,Medium Risk
1397,34.25,Medium Risk
1397,34.75,Medium Risk
1397,38.0,Medium Risk
1397,51.5,High Risk
1397,22.25,Low Risk
1397,23.0,Low Risk
1397,47.5,Medium Risk
1397,35.0,Medium Risk
1397,20.0,Low Risk
1397,56.5,High Risk
1397,29.0,Medium Risk
1397,48.0,Medium Risk
1397,56.75,High Risk
1398,64.5,High Risk
1398,20.0,Low Risk
1398,46.75,Medium Risk
1398,39.25,Medium Risk
1398,19.25,Low Risk
1398,31.75,Medium Risk
1398,23.0,Low Risk
1398,74.0,High Risk
1398,46.0,Medium Risk
1398,64.0,High Risk
1398,27.5,Medium Risk
1398,26.75,Medium Risk
1398,51.5,High Risk
1398,28.0,Medium Risk
1398,52.5,High Risk
1398,51.75,High Risk
1399,19.25,Low Risk
1399,49.0,Medium Risk
1399,74.0,High Risk
1399,20.0,Low Risk
1399,28.0,Medium Risk
1399,34.25,Medium Risk
1399,56.5,High Risk
1399,77.0,Critical Risk
1399,69.0,High Risk
1399,51.5,High Risk
1399,64.0,High Risk
1399,27.25,Medium Risk
1399,72.0,High Risk
1399,59.25,High Risk
1399,57.75,High Risk
1399,39.25,Medium Risk
1399,24.25,Low Risk
1399,29.0,Medium Risk
1399,22.25,Low Risk
1400,19.25,Low Risk
1400,49.75,Medium Risk
1400,27.5,Medium Risk
1400,62.5,High Risk
1400,28.0,Medium Risk
1400,47.5,Medium Risk
1400,40.0,Medium Risk
1400,50.5,High Risk
1400,52.5,High Risk
1400,41.5,Medium Risk
1400,59.75,High Risk
1400,20.0,Low Risk
1400,44.0,Medium Risk
1400,35.5,Medium Risk
1400,37.25,Medium Risk
1400,31.75,Medium Risk
1400,36.5,Medium Risk
1400,32.5,Medium Risk
1400,46.75,Medium Risk
1401,19.25,Low Risk
1401,20.0,Low Risk
1401,23.0,Low Risk
1401,51.75,High Risk
1401,35.5,Medium Risk
1401,32.5,Medium Risk
1401,31.75,Medium Risk
1401,29.0,Medium Risk
1401,55.0,High Risk
1401,41.5,Medium Risk
1401,49.0,Medium Risk
1401,39.75,Medium Risk
1401,43.0,Medium Risk
1401,21.25,Low Risk
1401,70.5,High Risk
1401,22.25,Low Risk
1401,27.5,Medium Risk
1401,27.25,Medium Risk
1401,47.25,Medium Risk
1401,36.5,Medium Risk
1402,19.25,Low Risk
1402,27.5,Medium Risk
1402,58.0,High Risk
1402,48.75,Medium Risk
1402,50.5,High Risk
1402,52.25,High Risk
1402,26.75,Medium Risk
1402,51.75,High Risk
1402,43.0,Medium Risk
1402,60.25,High Risk
1402,56.5,High Risk
1402,44.0,Medium Risk
1402,20.0,Low Risk
1402,47.5,Medium Risk
1402,37.25,Medium Risk
1402,27.25,Medium Risk
1402,35.5,Medium Risk
1402,29.0,Medium Risk
1402,22.25,Low Risk
1402,40.0,Medium Risk
1402,45.25,Medium Risk
1403,49.0,Medium Risk
1403,19.25,Low Risk
1403,39.25,Medium Risk
1403,31.75,Medium Risk
1403,23.0,Low Risk
1403,43.0,Medium Risk
1403,40.0,Medium Risk
1403,20.0,Low Risk
1403,46.75,Medium Risk
1403,34.25,Medium Risk
1403,21.25,Low Risk
1403,26.75,Medium Risk
1403,27.25,Medium Risk
1403,37.25,Medium Risk
1403,56.75,High Risk
1403,22.25,Low Risk
1404,20.0,Low Risk
1404,19.25,Low Risk
1404,74.0,High Risk
1404,39.25,Medium Risk
1404,22.25,Low Risk
1404,31.75,Medium Risk
1404,51.75,High Risk
1404,26.75,Medium Risk
1404,35.0,Medium Risk
1404,49.0,Medium Risk
1405,19.25,Low Risk
1405,30.5,Medium Risk
1405,31.75,Medium Risk
1405,69.0,High Risk
1405,34.5,Medium Risk
1405,20.0,Low Risk
1405,41.5,Medium Risk
1405,27.5,Medium Risk
1405,26.75,Medium Risk
1405,25.0,Low Risk
1405,72.0,High Risk
1405,27.25,Medium Risk
1405,76.0,Critical Risk
1405,39.75,Medium Risk
1405,29.0,Medium Risk
1405,74.0,High Risk
1405,64.0,High Risk
1406,27.25,Medium Risk
1406,28.0,Medium Risk
1406,22.25,Low Risk
1406,47.5,Medium Risk
1406,19.25,Low Risk
1406,56.75,High Risk
1406,74.0,High Risk
1406,20.0,Low Risk
1406,54.75,High Risk
1406,22.0,Low Risk
1406,66.0,High Risk
1406,26.75,Medium Risk
1406,29.0,Medium Risk
1406,35.0,Medium Risk
1406,40.0,Medium Risk
1406,37.0,Medium Risk
1406,59.75,High Risk
1406,51.75,High Risk
1406,55.5,High Risk
1407,29.0,Medium Risk
1407,43.0,Medium Risk
1407,19.25,Low Risk
1407,24.25,Low Risk
1407,20.0,Low Risk
1407,32.5,Medium Risk
1407,82.0,Critical Risk
1407,35.0,Medium Risk
1407,34.0,Medium Risk
1407,26.75,Medium Risk
1407,28.0,Medium Risk
1407,40.0,Medium Risk
1407,34.75,Medium Risk
1407,31.75,Medium Risk
1407,37.25,Medium Risk
1407,36.5,Medium Risk
1407,44.75,Medium Risk
1407,23.0,Low Risk
1407,57.5,High Risk
1408,20.0,Low Risk
1408,19.25,Low Risk
1408,40.0,Medium Risk
1408,22.0,Low Risk
1408,56.5,High Risk
1408,22.25,Low Risk
1408,29.0,Medium Risk
1408,56.75,High Risk
1408,49.75,Medium Risk
1408,28.0,Medium Risk
1408,46.75,Medium Risk
1408,27.25,Medium Risk
1408,50.5,High Risk
1408,82.0,Critical Risk
1408,34.75,Medium Risk
1408,32.5,Medium Risk
1409,39.25,Medium Risk
1409,66.5,High Risk
1409,51.75,High Risk
1409,22.0,Low Risk
1409,20.0,Low Risk
1409,29.0,Medium Risk
1409,49.0,Medium Risk
1409,45.5,Medium Risk
1409,34.75,Medium Risk
1409,68.5,High Risk
1409,27.25,Medium Risk
1409,41.5,Medium Risk
1409,39.75,Medium Risk
1409,52.5,High Risk
1409,36.5,Medium Risk
1409,19.25,Low Risk
1409,64.75,High Risk
1409,28.0,Medium Risk
1409,31.75,Medium Risk
1409,29.75,Medium Risk
1409,32.5,Medium Risk
1409,37.25,Medium Risk
1409,27.5,Medium Risk
1409,59.5,High Risk
1409,47.5,Medium Risk
1410,57.0,High Risk
1410,39.25,Medium Risk
1410,19.25,Low Risk
1410,34.25,Medium Risk
1410,77.0,Critical Risk
1410,64.0,High Risk
1410,31.75,Medium Risk
1410,27.5,Medium Risk
1410,20.0,Low Risk
1410,27.25,Medium Risk
1410,34.75,Medium Risk
1410,43.0,Medium Risk
1410,37.25,Medium Risk
1410,40.0,Medium Risk
1410,30.5,Medium Risk
1410,46.75,Medium Risk
1410,32.5,Medium Risk
1410,56.5,High Risk
1411,31.75,Medium Risk
1411,74.0,High Risk
1411,19.25,Low Risk
1411,20.0,Low Risk
1411,22.25,Low Risk
1411,27.25,Medium Risk
1411,29.0,Medium Risk
1411,35.5,Medium Risk
1411,69.0,High Risk
1411,23.0,Low Risk
1411,22.0,Low Risk
1412,19.25,Low Risk
1412,55.0,High Risk
1412,20.0,Low Risk
1412,48.0,Medium Risk
1412,39.25,Medium Risk
1412,27.5,Medium Risk
1412,61.5,High Risk
1412,74.0,High Risk
1412,42.25,Medium Risk
1412,22.25,Low Risk
1413,19.25,Low Risk
1413,34.75,Medium Risk
1413,31.75,Medium Risk
1413,20.0,Low Risk
1413,44.0,Medium Risk
1413,39.25,Medium Risk
1413,46.75,Medium Risk
1413,56.5,High Risk
1413,37.25,Medium Risk
1413,61.5,High Risk
1413,74.0,High Risk
1413,40.0,Medium Risk
1413,41.5,Medium Risk
1413,26.75,Medium Risk
1413,22.25,Low Risk
1414,74.0,High Risk
1414,64.0,High Risk
1414,49.0,Medium Risk
1414,47.25,Medium Risk
1414,39.25,Medium Risk
1414,31.75,Medium Risk
1414,19.25,Low Risk
1414,32.5,Medium Risk
1414,34.25,Medium Risk
1414,54.75,High Risk
1414,20.0,Low Risk
1414,56.75,High Risk
1414,34.75,Medium Risk
1414,44.0,Medium Risk
1414,43.0,Medium Risk
1414,69.0,High Risk
1414,29.0,Medium Risk
1414,64.75,High Risk
1414,42.25,Medium Risk
1414,39.5,Medium Risk
1415,49.75,Medium Risk
1415,20.0,Low Risk
1415,47.5,Medium Risk
1415,19.25,Low Risk
1415,27.5,Medium Risk
1415,37.0,Medium Risk
1415,40.0,Medium Risk
1415,64.5,High Risk
1415,31.75,Medium Risk
1415,35.0,Medium Risk
1415,57.5,High Risk
1415,43.0,Medium Risk
1415,56.75,High Risk
1415,27.25,Medium Risk
1415,49.5,Medium Risk
1415,51.75,High Risk
1415,21.25,Low Risk
1415,46.75,Medium Risk
1415,34.25,Medium Risk
1415,42.25,Medium Risk
1416,59.5,High Risk
1416,19.25,Low Risk
1416,26.75,Medium Risk
1416,27.5,Medium Risk
1416,33.75,Medium Risk
1416,29.75,Medium Risk
1416,21.25,Low Risk
1416,27.25,Medium Risk
1416,64.0,High Risk
1416,74.0,High Risk
1416,87.0,Critical Risk
1416,20.0,Low Risk
1416,69.0,High Risk
1416,31.75,Medium Risk
1416,40.0,Medium Risk
1416,35.0,Medium Risk
1416,39.75,Medium Risk
1417,28.0,Medium Risk
1417,72.0,High Risk
1417,44.5,Medium Risk
1417,39.25,Medium Risk
1417,27.25,Medium Risk
1417,74.0,High Risk
1417,25.0,Low Risk
1417,39.75,Medium Risk
1417,32.5,Medium Risk
1417,41.5,Medium Risk
1417,20.0,Low Risk
1417,30.5,Medium Risk
1417,19.25,Low Risk
1417,69.0,High Risk
1417,59.75,High Risk
1417,87.0,Critical Risk
1417,31.75,Medium Risk
1417,56.5,High Risk
1417,29.0,Medium Risk
1417,40.0,Medium Risk
1417,44.0,Medium Risk
1417,64.5,High Risk
1418,56.5,High Risk
1418,20.0,Low Risk
1418,26.75,Medium Risk
1418,34.25,Medium Risk
1418,40.0,Medium Risk
1418,36.5,Medium Risk
1418,47.5,Medium Risk
1418,31.75,Medium Risk
1418,22.25,Low Risk
1418,48.0,Medium Risk
1418,35.0,Medium Risk
1418,27.25,Medium Risk
1418,51.75,High Risk
1418,47.0,Medium Risk
1418,19.25,Low Risk
1419,67.0,High Risk
1419,35.0,Medium Risk
1419,19.25,Low Risk
1419,20.0,Low Risk
1419,26.25,Medium Risk
1419,51.5,High Risk
1419,23.0,Low Risk
1419,42.25,Medium Risk
1419,77.0,Critical Risk
1419,54.75,High Risk
1419,40.0,Medium Risk
1419,39.25,Medium Risk
1419,69.0,High Risk
1419,47.5,Medium Risk
1420,32.5,Medium Risk
1420,20.0,Low Risk
1420,74.0,High Risk
1420,56.5,High Risk
1420,27.5,Medium Risk
1420,23.0,Low Risk
1420,19.25,Low Risk
1420,29.0,Medium Risk
1420,35.5,Medium Risk
1420,56.75,High Risk
1420,65.5,High Risk
1420,28.0,Medium Risk
1420,69.0,High Risk
1421,27.25,Medium Risk
1421,19.25,Low Risk
1421,20.0,Low Risk
1421,21.25,Low Risk
1421,52.5,High Risk
1421,54.5,High Risk
1421,40.0,Medium Risk
1421,51.75,High Risk
1421,40.5,Medium Risk
1421,41.5,Medium Risk
1421,25.0,Low Risk
1422,38.0,Medium Risk
1422,19.25,Low Risk
1422,35.0,Medium Risk
1422,39.25,Medium Risk
1422,56.5,High Risk
1422,22.0,Low Risk
1422,44.5,Medium Risk
1422,28.0,Medium Risk
1422,40.0,Medium Risk
1422,21.25,Low Risk
1422,20.0,Low Risk
1423,31.75,Medium Risk
1423,34.75,Medium Risk
1423,41.5,Medium Risk
1423,19.25,Low Risk
1423,28.0,Medium Risk
1423,22.0,Low Risk
1423,26.75,Medium Risk
1423,47.0,Medium Risk
1423,32.5,Medium Risk
1423,40.0,Medium Risk
1423,20.0,Low Risk
1423,27.25,Medium Risk
1423,39.75,Medium Risk
1423,47.25,Medium Risk
1423,44.75,Medium Risk
1423,37.0,Medium Risk
1424,19.25,Low Risk
1424,31.75,Medium Risk
1424,20.0,Low Risk
1424,41.5,Medium Risk
1424,47.5,Medium Risk
1424,51.5,High Risk
1424,34.25,Medium Risk
1424,32.5,Medium Risk
1424,39.25,Medium Risk
1424,72.0,High Risk
1424,45.5,Medium Risk
1424,29.0,Medium Risk
1424,36.5,Medium Risk
1424,52.5,High Risk
1424,39.75,Medium Risk
1425,49.75,Medium Risk
1425,19.25,Low Risk
1425,20.0,Low Risk
1425,27.25,Medium Risk
1425,74.0,High Risk
1425,56.75,High Risk
1425,64.0,High Risk
1425,41.0,Medium Risk
1425,29.0,Medium Risk
1425,47.5,Medium Risk
1426,64.0,High Risk
1426,20.0,Low Risk
1426,74.5,High Risk
1426,72.0,High Risk
1426,74.0,High Risk
1426,31.75,Medium Risk
1426,22.25,Low Risk
1426,19.25,Low Risk
1426,40.0,Medium Risk
1426,46.75,Medium Risk
1426,35.5,Medium Risk
1426,30.5,Medium Risk
1426,47.5,Medium Risk
1426,41.5,Medium Risk
1426,54.75,High Risk
1426,26.75,Medium Risk
1426,34.25,Medium Risk
1426,51.75,High Risk
1426,58.0,High Risk
1426,39.5,Medium Risk
1427,28.0,Medium Risk
1427,82.0,Critical Risk
1427,74.0,High Risk
1427,26.75,Medium Risk
1427,52.0,High Risk
1427,19.25,Low Risk
1427,20.0,Low Risk
1427,27.25,Medium Risk
1427,32.5,Medium Risk
1427,27.5,Medium Risk
1427,69.0,High Risk
1428,74.0,High Risk
1428,58.0,High Risk
1428,19.25,Low Risk
1428,31.75,Medium Risk
1428,20.0,Low Risk
1428,39.25,Medium Risk
1428,28.0,Medium Risk
1428,32.5,Medium Risk
1429,20.0,Low Risk
1429,31.75,Medium Risk
1429,34.75,Medium Risk
1429,57.5,High Risk
1429,40.0,Medium Risk
1429,41.25,Medium Risk
1429,47.5,Medium Risk
1429,23.0,Low Risk
1429,47.25,Medium Risk
1429,19.25,Low Risk
1429,38.0,Medium Risk
1429,64.5,High Risk
1429,41.5,Medium Risk
1430,19.25,Low Risk
1430,38.0,Medium Risk
1430,52.5,High Risk
1430,29.75,Medium Risk
1430,20.0,Low Risk
1430,32.5,Medium Risk
1430,40.0,Medium Risk
1430,29.0,Medium Risk
1430,27.25,Medium Risk
1430,39.25,Medium Risk
1430,56.75,High Risk
1430,23.0,Low Risk
1430,22.25,Low Risk
1431,19.25,Low Risk
1431,40.0,Medium Risk
1431,74.0,High Risk
1431,20.0,Low Risk
1431,49.75,Medium Risk
1431,82.0,Critical Risk
1431,22.25,Low Risk
1431,52.25,High Risk
1431,35.0,Medium Risk
1431,27.25,Medium Risk
1431,37.0,Medium Risk
1431,39.25,Medium Risk
1431,22.0,Low Risk
1432,69.0,High Risk
1432,26.75,Medium Risk
1432,32.0,Medium Risk
1432,35.0,Medium Risk
1432,32.5,Medium Risk
1432,36.5,Medium Risk
1432,52.25,High Risk
1432,40.0,Medium Risk
1432,42.25,Medium Risk
1432,34.25,Medium Risk
1432,44.5,Medium Risk
1432,34.75,Medium Risk
1432,31.75,Medium Risk
1432,38.0,Medium Risk
1432,27.5,Medium Risk
1432,41.5,Medium Risk
1432,20.0,Low Risk
1433,20.0,Low Risk
1433,19.25,Low Risk
1433,28.0,Medium Risk
1433,39.25,Medium Risk
1433,40.0,Medium Risk
1433,49.0,Medium Risk
1433,36.5,Medium Risk
1433,32.5,Medium Risk
1433,29.0,Medium Risk
1433,46.75,Medium Risk
1433,30.5,Medium Risk
1433,41.5,Medium Risk
1433,27.25,Medium Risk
1433,42.25,Medium Risk
1433,39.75,Medium Risk
1433,35.0,Medium Risk
1434,23.0,Low Risk
1434,38.0,Medium Risk
1434,50.0,Medium Risk
1434,35.0,Medium Risk
1434,32.5,Medium Risk
1434,48.0,Medium Risk
1434,29.0,Medium Risk
1434,34.75,Medium Risk
1434,47.0,Medium Risk
1434,52.5,High Risk
1434,79.5,Critical Risk
1434,26.75,Medium Risk
1434,69.5,High Risk
1434,65.5,High Risk
1434,47.25,Medium Risk
1434,31.75,Medium Risk
1434,44.0,Medium Risk
1434,34.25,Medium Risk
1435,20.0,Low Risk
1435,22.25,Low Risk
1435,51.5,High Risk
1435,19.25,Low Risk
1435,41.5,Medium Risk
1435,42.0,Medium Risk
1435,64.0,High Risk
1435,22.0,Low Risk
1435,61.5,High Risk
1435,40.0,Medium Risk
1435,23.0,Low Risk
1435,29.75,Medium Risk
1435,37.25,Medium Risk
1436,32.5,Medium Risk
1436,52.25,High Risk
1436,51.75,High Risk
1436,36.5,Medium Risk
1436,19.25,Low Risk
1436,40.5,Medium Risk
1436,38.0,Medium Risk
1436,28.0,Medium Risk
1436,64.5,High Risk
1436,64.75,High Risk
1436,39.25,Medium Risk
1436,31.75,Medium Risk
1436,70.5,High Risk
1436,44.75,Medium Risk
1436,20.0,Low Risk
1436,29.75,Medium Risk
1437,58.0,High Risk
1437,20.0,Low Risk
1437,46.75,Medium Risk
1437,51.75,High Risk
1437,38.0,Medium Risk
1437,19.25,Low Risk
1437,52.5,High Risk
1437,39.25,Medium Risk
1437,22.25,Low Risk
1437,74.0,High Risk
1437,44.0,Medium Risk
1438,65.5,High Risk
1438,39.25,Medium Risk
1438,19.25,Low Risk
1438,74.0,High Risk
1438,40.5,Medium Risk
1438,34.25,Medium Risk
1438,46.75,Medium Risk
1438,40.0,Medium Risk
1438,47.5,Medium Risk
1438,57.5,High Risk
1438,32.5,Medium Risk
1439,67.0,High Risk
1439,40.0,Medium Risk
1439,69.0,High Risk
1439,27.25,Medium Risk
1439,74.0,High Risk
1439,19.25,Low Risk
1439,64.0,High Risk
1439,28.0,Medium Risk
1439,57.5,High Risk
1439,31.75,Medium Risk
1439,41.5,Medium Risk
1439,26.75,Medium Risk
1439,23.0,Low Risk
1439,20.0,Low Risk
1439,52.5,High Risk
1440,39.25,Medium Risk
1440,31.75,Medium Risk
1440,19.25,Low Risk
1440,40.5,Medium Risk
1440,40.0,Medium Risk
1440,48.0,Medium Risk
1440,26.75,Medium Risk
1440,27.5,Medium Risk
1440,20.0,Low Risk
1440,52.0,High Risk
1440,32.5,Medium Risk
1440,35.0,Medium Risk
1440,22.25,Low Risk
1440,35.5,Medium Risk
1440,49.5,Medium Risk
1441,40.0,Medium Risk
1441,19.25,Low Risk
1441,46.75,Medium Risk
1441,20.0,Low Risk
1441,26.75,Medium Risk
1441,44.0,Medium Risk
1441,23.0,Low Risk
1441,74.0,High Risk
1441,32.5,Medium Risk
1441,41.5,Medium Risk
1441,51.75,High Risk
1441,28.0,Medium Risk
1441,35.0,Medium Risk
1441,31.75,Medium Risk
1441,46.0,Medium Risk
1441,30.5,Medium Risk
1441,34.75,Medium Risk
1441,61.5,High Risk
1441,25.0,Low Risk
1441,38.0,Medium Risk
1441,36.25,Medium Risk
1441,47.5,Medium Risk
1442,47.25,Medium Risk
1442,51.75,High Risk
1442,52.5,High Risk
1442,19.25,Low Risk
1442,47.5,Medium Risk
1442,49.5,Medium Risk
1442,39.25,Medium Risk
1442,50.5,High Risk
1442,28.0,Medium Risk
1442,20.0,Low Risk
1442,31.75,Medium Risk
1442,46.75,Medium Risk
1442,27.5,Medium Risk
1442,69.0,High Risk
1442,34.5,Medium Risk
1442,27.25,Medium Risk
1443,20.0,Low Risk
1443,59.5,High Risk
1443,19.25,Low Risk
1443,38.0,Medium Risk
1443,39.25,Medium Risk
1443,74.0,High Risk
1443,46.0,Medium Risk
1443,52.5,High Risk
1443,54.75,High Risk
1443,65.5,High Risk
1443,32.5,Medium Risk
1443,49.0,Medium Risk
1443,29.0,Medium Risk
1443,64.0,High Risk
1443,28.0,Medium Risk
1443,77.0,Critical Risk
1443,47.0,Medium Risk
1443,21.25,Low Risk
1443,55.5,High Risk
1444,39.25,Medium Risk
1444,74.0,High Risk
1444,51.75,High Risk
1444,27.25,Medium Risk
1444,44.0,Medium Risk
1444,19.25,Low Risk
1444,20.0,Low Risk
1444,47.0,Medium Risk
1445,26.75,Medium Risk
1445,49.0,Medium Risk
1445,20.0,Low Risk
1445,64.0,High Risk
1445,50.5,High Risk
1445,19.25,Low Risk
1445,39.25,Medium Risk
1445,34.25,Medium Risk
1445,27.25,Medium Risk
1445,47.5,Medium Risk
1445,35.0,Medium Risk
1446,52.5,High Risk
1446,54.75,High Risk
1446,28.0,Medium Risk
1446,22.25,Low Risk
1446,19.25,Low Risk
1446,40.0,Medium Risk
1446,31.75,Medium Risk
1446,64.0,High Risk
1446,69.0,High Risk
1446,29.0,Medium Risk
1446,20.0,Low Risk
1446,27.5,Medium Risk
1447,32.5,Medium Risk
1447,32.0,Medium Risk
1447,28.0,Medium Risk
1447,35.0,Medium Risk
1447,23.0,Low Risk
1447,34.25,Medium Risk
1447,19.25,Low Risk
1447,70.5,High Risk
1447,67.0,High Risk
1447,31.75,Medium Risk
1447,20.0,Low Risk
1447,40.5,Medium Risk
1447,29.0,Medium Risk
1447,43.0,Medium Risk
1448,32.5,Medium Risk
1448,20.0,Low Risk
1448,47.5,Medium Risk
1448,27.5,Medium Risk
1448,56.75,High Risk
1448,19.25,Low Risk
1448,26.75,Medium Risk
1448,54.75,High Risk
1448,39.25,Medium Risk
1448,31.75,Medium Risk
1448,70.5,High Risk
1448,40.0,Medium Risk
1449,39.75,Medium Risk
1449,19.25,Low Risk
1449,29.0,Medium Risk
1449,20.0,Low Risk
1449,66.5,High Risk
1449,31.75,Medium Risk
1449,51.75,High Risk
1449,57.25,High Risk
1449,72.0,High Risk
1449,32.5,Medium Risk
1449,61.5,High Risk
1449,26.75,Medium Risk
1449,76.0,Critical Risk
1450,40.0,Medium Risk
1450,37.25,Medium Risk
1450,28.0,Medium Risk
1450,74.0,High Risk
1450,32.5,Medium Risk
1450,34.25,Medium Risk
1450,19.25,Low Risk
1450,39.25,Medium Risk
1450,74.5,High Risk
1450,69.0,High Risk
1450,77.0,Critical Risk
1450,51.75,High Risk
1450,64.0,High Risk
1450,58.0,High Risk
1450,51.5,High Risk
1451,19.25,Low Risk
1451,56.5,High Risk
1451,39.25,Medium Risk
1451,52.25,High Risk
1451,59.75,High Risk
1451,39.75,Medium Risk
1451,20.0,Low Risk
1451,52.5,High Risk
1451,41.5,Medium Risk
1451,27.5,Medium Risk
1451,49.5,Medium Risk
1451,29.0,Medium Risk
1451,54.75,High Risk
1451,32.5,Medium Risk
1451,40.0,Medium Risk
1451,27.25,Medium Risk
1451,34.25,Medium Risk
1452,56.5,High Risk
1452,19.25,Low Risk
1452,27.25,Medium Risk
1452,20.0,Low Risk
1452,28.0,Medium Risk
1452,74.0,High Risk
1452,64.0,High Risk
1452,51.5,High Risk
1452,34.25,Medium Risk
1452,22.25,Low Risk
1452,40.0,Medium Risk
1452,56.75,High Risk
1452,35.5,Medium Risk
1453,29.0,Medium Risk
1453,56.75,High Risk
1453,20.0,Low Risk
1453,19.25,Low Risk
1453,49.0,Medium Risk
1453,44.0,Medium Risk
1453,37.25,Medium Risk
1453,32.0,Medium Risk
1453,27.25,Medium Risk
1453,22.25,Low Risk
1453,31.75,Medium Risk
1453,35.0,Medium Risk
1454,19.25,Low Risk
1454,40.5,Medium Risk
1454,67.75,High Risk
1454,20.0,Low Risk
1454,41.5,Medium Risk
1454,35.5,Medium Risk
1454,30.5,Medium Risk
1454,31.75,Medium Risk
1454,39.25,Medium Risk
1454,50.5,High Risk
1454,32.5,Medium Risk
1454,22.25,Low Risk
1454,26.75,Medium Risk
1454,57.0,High Risk
1454,35.0,Medium Risk
1454,38.0,Medium Risk
1454,23.0,Low Risk
1454,44.0,Medium Risk
1455,57.0,High Risk
1455,42.25,Medium Risk
1455,19.25,Low Risk
1455,36.5,Medium Risk
1455,34.75,Medium Risk
1455,27.25,Medium Risk
1455,33.75,Medium Risk
1455,41.5,Medium Risk
1455,35.5,Medium Risk
1455,51.0,High Risk
1455,32.0,Medium Risk
1455,48.0,Medium Risk
1455,29.0,Medium Risk
1455,22.25,Low Risk
1455,40.0,Medium Risk
1455,32.5,Medium Risk
1455,37.25,Medium Risk
1455,27.5,Medium Risk
1456,41.5,Medium Risk
1456,32.5,Medium Risk
1456,19.25,Low Risk
1456,52.5,High Risk
1456,40.5,Medium Risk
1456,69.0,High Risk
1456,35.0,Medium Risk
1456,56.5,High Risk
1456,47.5,Medium Risk
1456,56.75,High Risk
1456,39.25,Medium Risk
1456,49.75,Medium Risk
1456,48.0,Medium Risk
1456,61.5,High Risk
1456,64.5,High Risk
1456,31.75,Medium Risk
1456,51.75,High Risk
1456,74.0,High Risk
1457,37.25,Medium Risk
1457,56.5,High Risk
1457,22.25,Low Risk
1457,20.0,Low Risk
1457,19.25,Low Risk
1457,65.5,High Risk
1457,29.0,Medium Risk
1457,27.5,Medium Risk
1457,34.75,Medium Risk
1458,20.0,Low Risk
1458,32.5,Medium Risk
1458,29.0,Medium Risk
1458,40.0,Medium Risk
1458,39.25,Medium Risk
1458,19.25,Low Risk
1458,26.75,Medium Risk
1458,31.75,Medium Risk
1458,22.25,Low Risk
1458,50.5,High Risk
1458,27.5,Medium Risk
1458,44.5,Medium Risk
1458,36.5,Medium Risk
1458,51.5,High Risk
1458,40.5,Medium Risk
1459,31.75,Medium Risk
1459,66.5,High Risk
1459,47.5,Medium Risk
1459,43.0,Medium Risk
1459,56.75,High Risk
1459,19.25,Low Risk
1459,35.0,Medium Risk
1459,32.5,Medium Risk
1459,27.5,Medium Risk
1459,57.0,High Risk
1459,56.5,High Risk
1459,22.0,Low Risk
1459,64.75,High Risk
1459,40.0,Medium Risk
1459,42.25,Medium Risk
1459,23.0,Low Risk
1459,38.0,Medium Risk
1459,36.5,Medium Risk
1460,27.25,Medium Risk
1460,40.0,Medium Risk
1460,20.0,Low Risk
1460,19.25,Low Risk
1460,31.75,Medium Risk
1460,44.0,Medium Risk
1460,46.75,Medium Risk
1460,29.0,Medium Risk
1461,20.0,Low Risk
1461,35.0,Medium Risk
1461,19.25,Low Risk
1461,49.0,Medium Risk
1461,83.5,Critical Risk
1461,56.75,High Risk
1461,57.5,High Risk
1461,51.75,High Risk
1461,38.0,Medium Risk
1461,29.0,Medium Risk
1462,29.0,Medium Risk
1462,23.0,Low Risk
1462,20.0,Low Risk
1462,31.75,Medium Risk
1462,19.25,Low Risk
1462,64.5,High Risk
1462,46.75,Medium Risk
1462,39.25,Medium Risk
1462,52.5,High Risk
1462,38.0,Medium Risk
1462,26.75,Medium Risk
1462,47.5,Medium Risk
1462,40.0,Medium Risk
1462,42.25,Medium Risk
1462,22.25,Low Risk
1462,48.0,Medium Risk
1463,44.0,Medium Risk
1463,60.5,High Risk
1463,19.25,Low Risk
1463,47.5,Medium Risk
1463,40.5,Medium Risk
1463,59.75,High Risk
1463,20.0,Low Risk
1463,55.5,High Risk
1463,29.75,Medium Risk
1463,35.0,Medium Risk
1463,39.25,Medium Risk
1463,26.75,Medium Risk
1463,32.5,Medium Risk
1463,46.75,Medium Risk
1463,41.0,Medium Risk
1463,34.25,Medium Risk
1463,38.0,Medium Risk
1463,40.0,Medium Risk
1463,64.75,High Risk
1463,42.25,Medium Risk
1463,38.5,Medium Risk
1463,56.5,High Risk
1464,19.25,Low Risk
1464,48.0,Medium Risk
1464,59.75,High Risk
1464,27.25,Medium Risk
1464,69.75,High Risk
1464,74.0,High Risk
1464,39.75,Medium Risk
1464,36.5,Medium Risk
1464,20.0,Low Risk
1464,35.0,Medium Risk
1464,54.75,High Risk
1464,22.0,Low Risk
1464,22.25,Low Risk
1465,20.0,Low Risk
1465,19.25,Low Risk
1465,26.75,Medium Risk
1465,37.0,Medium Risk
1465,36.5,Medium Risk
1465,28.0,Medium Risk
1465,74.0,High Risk
1465,82.0,Critical Risk
1465,92.0,Critical Risk
1465,22.25,Low Risk
1465,27.5,Medium Risk
1465,21.25,Low Risk
1466,29.0,Medium Risk
1466,40.0,Medium Risk
1466,19.25,Low Risk
1466,31.75,Medium Risk
1466,26.75,Medium Risk
1466,49.0,Medium Risk
1466,64.0,High Risk
1466,34.75,Medium Risk
1466,40.5,Medium Risk
1466,52.5,High Risk
1466,32.5,Medium Risk
1466,32.0,Medium Risk
1466,42.0,Medium Risk
1466,28.0,Medium Risk
1466,74.0,High Risk
1466,67.0,High Risk
1466,20.0,Low Risk
1467,19.25,Low Risk
1467,26.75,Medium Risk
1467,39.25,Medium Risk
1467,32.5,Medium Risk
1467,34.25,Medium Risk
1467,54.75,High Risk
1467,46.75,Medium Risk
1467,31.75,Medium Risk
1467,40.0,Medium Risk
1467,57.5,High Risk
1467,23.0,Low Risk
1467,36.5,Medium Risk
1467,39.75,Medium Risk
1467,42.25,Medium Risk
1467,20.0,Low Risk
1467,49.5,Medium Risk
1467,27.25,Medium Risk
1467,74.0,High Risk
1468,19.25,Low Risk
1468,20.0,Low Risk
1468,26.75,Medium Risk
1468,37.0,Medium Risk
1468,21.25,Low Risk
1468,64.0,High Risk
1468,74.0,High Risk
1468,40.0,Medium Risk
1468,66.0,High Risk
1468,61.5,High Risk
1468,39.25,Medium Risk
1468,72.0,High Risk
1469,67.5,High Risk
1469,19.25,Low Risk
1469,70.5,High Risk
1469,39.25,Medium Risk
1469,35.5,Medium Risk
1469,20.0,Low Risk
1469,42.25,Medium Risk
1469,48.0,Medium Risk
1469,40.0,Medium Risk
1469,32.5,Medium Risk
1469,66.5,High Risk
1469,82.0,Critical Risk
1469,36.5,Medium Risk
1469,49.0,Medium Risk
1469,34.25,Medium Risk
1469,51.75,High Risk
1469,74.0,High Risk
1469,29.0,Medium Risk
1469,31.75,Medium Risk
1470,31.75,Medium Risk
1470,64.0,High Risk
1470,82.0,Critical Risk
1470,28.75,Medium Risk
1470,27.5,Medium Risk
1470,28.0,Medium Risk
1470,74.0,High Risk
1470,46.75,Medium Risk
1470,77.0,Critical Risk
1470,26.75,Medium Risk
1470,40.0,Medium Risk
1470,35.5,Medium Risk
1470,38.0,Medium Risk
1470,19.25,Low Risk
1470,40.5,Medium Risk
1470,57.5,High Risk
1471,19.25,Low Risk
1471,27.25,Medium Risk
1471,64.5,High Risk
1471,35.0,Medium Risk
1471,46.75,Medium Risk
1471,20.0,Low Risk
1471,52.25,High Risk
1471,41.5,Medium Risk
1471,29.0,Medium Risk
1471,44.0,Medium Risk
1472,39.25,Medium Risk
1472,19.25,Low Risk
1472,52.5,High Risk
1472,58.0,High Risk
1472,46.75,Medium Risk
1472,27.5,Medium Risk
1472,28.0,Medium Risk
1472,49.0,Medium Risk
1472,34.25,Medium Risk
1472,39.75,Medium Risk
1472,29.0,Medium Risk
1472,42.0,Medium Risk
1472,41.5,Medium Risk
1472,26.75,Medium Risk
1472,48.0,Medium Risk
1473,37.25,Medium Risk
1473,77.0,Critical Risk
1473,56.5,High Risk
1473,20.0,Low Risk
1473,27.25,Medium Risk
1473,19.25,Low Risk
1473,46.75,Medium Risk
1473,22.0,Low Risk
1473,22.25,Low Risk
1473,49.75,Medium Risk
1473,43.0,Medium Risk
1473,51.75,High Risk
1473,74.0,High Risk
1473,29.0,Medium Risk
1473,44.0,Medium Risk
1473,82.5,Critical Risk
1474,57.0,High Risk
1474,49.75,Medium Risk
1474,20.0,Low Risk
1474,19.25,Low Risk
1474,31.75,Medium Risk
1474,26.75,Medium Risk
1474,52.5,High Risk
1474,55.5,High Risk
1474,23.0,Low Risk
1474,40.0,Medium Risk
1474,22.25,Low Risk
1474,39.25,Medium Risk
1474,47.25,Medium Risk
1475,34.25,Medium Risk
1475,40.0,Medium Risk
1475,51.75,High Risk
1475,65.5,High Risk
1475,82.0,Critical Risk
1475,35.0,Medium Risk
1475,32.5,Medium Risk
1475,19.25,Low Risk
1475,55.5,High Risk
1475,26.75,Medium Risk
1475,28.0,Medium Risk
1475,60.5,High Risk
1475,34.75,Medium Risk
1475,58.0,High Risk
1475,49.75,Medium Risk
1475,52.25,High Risk
1475,42.25,Medium Risk
1475,44.0,Medium Risk
1475,23.0,Low Risk
1475,46.75,Medium Risk
1475,41.5,Medium Risk
1476,26.75,Medium Risk
1476,65.5,High Risk
1476,74.0,High Risk
1476,49.75,Medium Risk
1476,50.5,High Risk
1476,32.5,Medium Risk
1476,64.0,High Risk
1476,20.0,Low Risk
1476,31.75,Medium Risk
1476,34.75,Medium Risk
1477,20.0,Low Risk
1477,47.5,Medium Risk
1477,34.25,Medium Risk
1477,45.25,Medium Risk
1477,19.25,Low Risk
1477,66.0,High Risk
1477,46.75,Medium Risk
1477,27.5,Medium Risk
1477,57.5,High Risk
1477,32.0,Medium Risk
1477,40.0,Medium Risk
1477,52.0,High Risk
1477,49.75,Medium Risk
1477,62.0,High Risk
1477,51.75,High Risk
1477,35.0,Medium Risk
1477,27.25,Medium Risk
1477,42.25,Medium Risk
1478,41.5,Medium Risk
1478,29.0,Medium Risk
1478,19.25,Low Risk
1478,34.75,Medium Risk
1478,31.75,Medium Risk
1478,20.0,Low Risk
1478,40.0,Medium Risk
1478,36.5,Medium Risk
1478,32.5,Medium Risk
1478,26.75,Medium Risk
1478,47.25,Medium Risk
1478,39.75,Medium Risk
1478,57.5,High Risk
1478,56.75,High Risk
1479,35.0,Medium Risk
1479,21.25,Low Risk
1479,27.25,Medium Risk
1479,19.25,Low Risk
1479,56.75,High Risk
1479,52.25,High Risk
1479,38.0,Medium Risk
1479,40.0,Medium Risk
1479,20.0,Low Risk
1479,34.25,Medium Risk
1479,47.25,Medium Risk
1479,29.0,Medium Risk
1479,37.25,Medium Risk
1479,32.5,Medium Risk
1479,22.25,Low Risk
1479,47.0,Medium Risk
1479,46.75,Medium Risk
1480,40.0,Medium Risk
1480,19.25,Low Risk
1480,29.0,Medium Risk
1480,29.75,Medium Risk
1480,36.5,Medium Risk
1480,56.5,High Risk
1480,26.75,Medium Risk
1480,23.0,Low Risk
1480,74.0,High Risk
1480,56.75,High Risk
1480,52.5,High Risk
1480,57.0,High Risk
1480,22.25,Low Risk
1480,39.25,Medium Risk
1480,55.5,High Risk
1481,34.25,Medium Risk
1481,32.5,Medium Risk
1481,64.0,High Risk
1481,26.75,Medium Risk
1481,34.75,Medium Risk
1481,35.5,Medium Risk
1481,35.0,Medium Risk
1481,74.0,High Risk
1481,77.0,Critical Risk
1481,69.0,High Risk
1481,47.25,Medium Risk
1481,27.5,Medium Risk
1481,39.25,Medium Risk
1481,29.0,Medium Risk
1481,56.5,High Risk
1482,20.0,Low Risk
1482,26.75,Medium Risk
1482,43.5,Medium Risk
1482,34.25,Medium Risk
1482,19.25,Low Risk
1482,40.0,Medium Risk
1482,47.25,Medium Risk
1482,31.75,Medium Risk
1482,35.0,Medium Risk
1482,48.0,Medium Risk
1482,32.5,Medium Risk
1482,28.0,Medium Risk
1482,27.5,Medium Risk
1482,27.25,Medium Risk
1482,34.75,Medium Risk
1482,44.0,Medium Risk
1482,73.5,High Risk
1482,37.0,Medium Risk
1482,52.0,High Risk
1483,56.75,High Risk
1483,41.5,Medium Risk
1483,38.0,Medium Risk
1483,28.0,Medium Risk
1483,31.75,Medium Risk
1483,20.0,Low Risk
1483,35.0,Medium Risk
1483,34.25,Medium Risk
1483,64.75,High Risk
1483,60.5,High Risk
1483,19.25,Low Risk
1483,47.5,Medium Risk
1483,49.5,Medium Risk
1483,56.5,High Risk
1483,32.5,Medium Risk
1483,39.75,Medium Risk
1483,24.25,Low Risk
1483,65.5,High Risk
1483,39.5,Medium Risk
1483,27.5,Medium Risk
1484,19.25,Low Risk
1484,40.0,Medium Risk
1484,36.5,Medium Risk
1484,20.0,Low Risk
1484,27.25,Medium Risk
1484,47.5,Medium Risk
1484,38.0,Medium Risk
1484,69.0,High Risk
1484,29.5,Medium Risk
1484,43.0,Medium Risk
1484,49.75,Medium Risk
1484,26.75,Medium Risk
1484,40.5,Medium Risk
1484,40.25,Medium Risk
1484,59.75,High Risk
1485,34.25,Medium Risk
1485,19.25,Low Risk
1485,27.5,Medium Risk
1485,82.0,Critical Risk
1485,74.0,High Risk
1485,31.75,Medium Risk
1485,37.25,Medium Risk
1485,46.75,Medium Risk
1485,51.5,High Risk
1485,21.25,Low Risk
1485,69.0,High Risk
1485,56.5,High Risk
1485,51.75,High Risk
1485,32.5,Medium Risk
1485,20.0,Low Risk
1486,39.25,Medium Risk
1486,45.5,Medium Risk
1486,40.0,Medium Risk
1486,52.5,High Risk
1486,27.25,Medium Risk
1486,28.0,Medium Risk
1486,19.25,Low Risk
1486,35.5,Medium Risk
1486,29.0,Medium Risk
1486,31.75,Medium Risk
1486,40.25,Medium Risk
1486,21.25,Low Risk
1486,20.0,Low Risk
1486,49.0,Medium Risk
1486,46.75,Medium Risk
1486,22.25,Low Risk
1486,49.75,Medium Risk
1487,41.5,Medium Risk
1487,27.5,Medium Risk
1487,74.0,High Risk
1487,19.25,Low Risk
1487,29.0,Medium Risk
1487,22.25,Low Risk
1487,37.25,Medium Risk
1487,54.75,High Risk
1487,39.25,Medium Risk
1487,49.0,Medium Risk
1487,31.75,Medium Risk
1487,46.75,Medium Risk
1487,58.0,High Risk
1487,20.0,Low Risk
1487,52.0,High Risk
1487,32.5,Medium Risk
1488,39.25,Medium Risk
1488,23.0,Low Risk
1488,44.0,Medium Risk
1488,51.75,High Risk
1488,28.0,Medium Risk
1488,56.75,High Risk
1488,20.0,Low Risk
1488,19.25,Low Risk
1488,34.25,Medium Risk
1488,27.5,Medium Risk
1488,39.75,Medium Risk
1488,41.5,Medium Risk
1488,35.0,Medium Risk
1488,47.5,Medium Risk
1489,39.25,Medium Risk
1489,31.75,Medium Risk
1489,28.0,Medium Risk
1489,64.0,High Risk
1489,74.0,High Risk
1489,29.75,Medium Risk
1489,19.25,Low Risk
1489,26.75,Medium Risk
1489,27.25,Medium Risk
1489,23.0,Low Risk
1489,56.5,High Risk
1489,57.5,High Risk
1489,29.0,Medium Risk
1489,46.75,Medium Risk
1489,52.5,High Risk
1489,32.5,Medium Risk
1490,55.5,High Risk
1490,21.25,Low Risk
1490,70.5,High Risk
1490,35.5,Medium Risk
1490,69.0,High Risk
1490,82.0,Critical Risk
1490,20.0,Low Risk
1490,29.0,Medium Risk
1490,44.75,Medium Risk
1490,46.75,Medium Risk
1490,37.25,Medium Risk
1490,40.0,Medium Risk
1490,35.0,Medium Risk
1490,67.0,High Risk
1490,19.25,Low Risk
1490,74.0,High Risk
1490,39.25,Medium Risk
1490,29.75,Medium Risk
1491,27.25,Medium Risk
1491,82.0,Critical Risk
1491,40.0,Medium Risk
1491,26.75,Medium Risk
1491,51.5,High Risk
1491,56.5,High Risk
1491,29.75,Medium Risk
1491,74.0,High Risk
1491,20.0,Low Risk
1491,31.75,Medium Risk
1491,46.75,Medium Risk
1491,41.5,Medium Risk
1491,50.5,High Risk
1491,19.25,Low Risk
1492,54.5,High Risk
1492,49.0,Medium Risk
1492,41.5,Medium Risk
1492,59.75,High Risk
1492,28.0,Medium Risk
1492,69.0,High Risk
1492,74.0,High Risk
1492,34.25,Medium Risk
1492,22.25,Low Risk
1492,23.0,Low Risk
1492,64.0,High Risk
1492,35.0,Medium Risk
1492,57.5,High Risk
1492,26.75,Medium Risk
1492,32.5,Medium Risk
1492,40.0,Medium Risk
1493,27.5,Medium Risk
1493,32.5,Medium Risk
1493,20.0,Low Risk
1493,19.25,Low Risk
1493,74.0,High Risk
1493,54.5,High Risk
1493,37.25,Medium Risk
1493,40.0,Medium Risk
1493,28.0,Medium Risk
1493,34.75,Medium Risk
1493,32.0,Medium Risk
1493,27.25,Medium Risk
1493,44.0,Medium Risk
1493,45.25,Medium Risk
1493,29.0,Medium Risk
1493,49.5,Medium Risk
1493,52.5,High Risk
1493,31.75,Medium Risk
1493,44.5,Medium Risk
1493,57.25,High Risk
1494,35.0,Medium Risk
1494,57.5,High Risk
1494,22.25,Low Risk
1494,27.5,Medium Risk
1494,47.5,Medium Risk
1494,29.0,Medium Risk
1494,26.75,Medium Risk
1494,77.0,Critical Risk
1494,49.0,Medium Risk
1494,39.25,Medium Risk
1494,34.25,Medium Risk
1494,40.0,Medium Risk
1494,31.75,Medium Risk
1494,32.5,Medium Risk
1494,51.75,High Risk
1494,19.25,Low Risk
1495,26.75,Medium Risk
1495,35.0,Medium Risk
1495,37.25,Medium Risk
1495,40.0,Medium Risk
1495,57.5,High Risk
1495,22.25,Low Risk
1495,39.25,Medium Risk
1495,55.5,High Risk
1495,32.5,Medium Risk
1495,52.5,High Risk
1495,31.75,Medium Risk
1495,19.25,Low Risk
1496,74.0,High Risk
1496,31.75,Medium Risk
1496,28.0,Medium Risk
1496,56.5,High Risk
1496,54.75,High Risk
1496,26.75,Medium Risk
1496,51.5,High Risk
1496,34.75,Medium Risk
1496,32.5,Medium Risk
1496,58.0,High Risk
1496,37.25,Medium Risk
1496,47.5,Medium Risk
1496,20.0,Low Risk
1496,40.25,Medium Risk
1496,64.0,High Risk
1496,27.5,Medium Risk
1496,69.0,High Risk
1496,39.25,Medium Risk
1496,35.0,Medium Risk
1496,45.5,Medium Risk
1497,39.25,Medium Risk
1497,31.75,Medium Risk
1497,33.75,Medium Risk
1497,32.5,Medium Risk
1497,36.5,Medium Risk
1497,19.25,Low Risk
1497,49.0,Medium Risk
1497,26.75,Medium Risk
1497,41.5,Medium Risk
1497,27.5,Medium Risk
1497,44.75,Medium Risk
1497,64.0,High Risk
1497,35.0,Medium Risk
1498,27.25,Medium Risk
1498,20.0,Low Risk
1498,19.25,Low Risk
1498,22.25,Low Risk
1498,74.0,High Risk
1498,56.75,High Risk
1498,40.0,Medium Risk
1498,36.5,Medium Risk
1498,56.5,High Risk
1498,31.75,Medium Risk
1498,35.0,Medium Risk
1499,19.25,Low Risk
1499,51.75,High Risk
1499,64.0,High Risk
1499,39.25,Medium Risk
1499,20.0,Low Risk
1499,74.0,High Risk
1499,50.5,High Risk
1499,27.5,Medium Risk
1499,43.0,Medium Risk
1499,31.75,Medium Risk
1499,56.5,High Risk
1499,41.5,Medium Risk
1499,23.0,Low Risk
1499,77.0,Critical Risk
1499,48.0,Medium Risk
1500,41.5,Medium Risk
1500,61.5,High Risk
1500,44.5,Medium Risk
1500,19.25,Low Risk
1500,27.5,Medium Risk
1500,40.0,Medium Risk
1500,47.25,Medium Risk
1500,39.25,Medium Risk
1500,20.0,Low Risk
1500,31.75,Medium Risk
1500,46.75,Medium Risk
1500,37.25,Medium Risk
1500,27.25,Medium Risk
1500,30.5,Medium Risk
1500,49.0,Medium Risk
1500,51.75,High Risk
1500,43.0,Medium Risk
1500,35.0,Medium Risk
1500,47.5,Medium Risk
1500,22.25,Low Risk
1500,42.25,Medium Risk
1501,74.0,High Risk
1501,52.5,High Risk
1501,75.5,Critical Risk
1501,39.25,Medium Risk
1501,19.25,Low Risk
1501,35.0,Medium Risk
1501,20.0,Low Risk
1501,37.25,Medium Risk
1501,32.5,Medium Risk
1501,27.25,Medium Risk
1501,46.75,Medium Risk
1501,26.75,Medium Risk
1501,31.75,Medium Risk
1501,56.75,High Risk
1501,29.5,Medium Risk
1501,49.75,Medium Risk
1501,49.0,Medium Risk
1501,66.5,High Risk
1501,56.5,High Risk
1502,39.25,Medium Risk
1502,26.75,Medium Risk
1502,39.75,Medium Risk
1502,34.25,Medium Risk
1502,27.5,Medium Risk
1502,19.25,Low Risk
1502,31.75,Medium Risk
1502,35.0,Medium Risk
1502,20.0,Low Risk
1502,47.5,Medium Risk
1502,51.75,High Risk
1502,32.5,Medium Risk
1502,41.5,Medium Risk
1502,40.0,Medium Risk
1502,28.0,Medium Risk
1502,52.5,High Risk
1502,40.5,Medium Risk
1503,27.25,Medium Risk
1503,20.0,Low Risk
1503,31.75,Medium Risk
1503,39.75,Medium Risk
1503,19.25,Low Risk
1503,22.25,Low Risk
1503,37.25,Medium Risk
1503,32.5,Medium Risk
1503,23.0,Low Risk
1503,29.0,Medium Risk
1504,19.25,Low Risk
1504,31.75,Medium Risk
1504,39.25,Medium Risk
1504,51.75,High Risk
1504,60.5,High Risk
1504,22.25,Low Risk
1504,49.0,Medium Risk
1504,35.5,Medium Risk
1504,56.75,High Risk
1504,46.75,Medium Risk
1504,26.75,Medium Risk
1504,20.0,Low Risk
1505,48.0,Medium Risk
1505,19.25,Low Risk
1505,22.25,Low Risk
1505,34.25,Medium Risk
1505,47.5,Medium Risk
1505,49.5,Medium Risk
1505,20.0,Low Risk
1505,26.75,Medium Risk
1505,34.5,Medium Risk
1505,27.25,Medium Risk
1505,39.25,Medium Risk
1505,51.75,High Risk
1506,19.25,Low Risk
1506,41.5,Medium Risk
1506,20.0,Low Risk
1506,22.25,Low Risk
1506,37.25,Medium Risk
1506,56.75,High Risk
1506,27.5,Medium Risk
1506,25.0,Low Risk
1506,35.5,Medium Risk
1506,27.25,Medium Risk
1507,27.5,Medium Risk
1507,59.5,High Risk
1507,43.0,Medium Risk
1507,19.25,Low Risk
1507,31.75,Medium Risk
1507,37.25,Medium Risk
1507,66.5,High Risk
1507,76.0,Critical Risk
1507,74.0,High Risk
1507,40.0,Medium Risk
1507,52.5,High Risk
1507,56.5,High Risk
1507,34.75,Medium Risk
1507,35.5,Medium Risk
1507,72.0,High Risk
1507,30.5,Medium Risk
1507,20.0,Low Risk
1507,32.5,Medium Risk
1508,56.5,High Risk
1508,40.0,Medium Risk
1508,58.5,High Risk
1508,82.0,Critical Risk
1508,74.0,High Risk
1508,64.0,High Risk
1508,34.75,Medium Risk
1508,26.75,Medium Risk
1508,56.75,High Risk
1508,19.25,Low Risk
1508,43.0,Medium Risk
1508,51.75,High Risk
1508,65.25,High Risk
1508,37.25,Medium Risk
1508,44.5,Medium Risk
1509,77.0,Critical Risk
1509,31.75,Medium Risk
1509,42.25,Medium Risk
1509,23.0,Low Risk
1509,74.0,High Risk
1509,34.75,Medium Risk
1509,40.0,Medium Risk
1509,64.0,High Risk
1509,40.25,Medium Risk
1509,52.5,High Risk
1509,57.25,High Risk
1509,35.0,Medium Risk
1509,32.5,Medium Risk
1509,51.5,High Risk
1510,31.75,Medium Risk
1510,19.25,Low Risk
1510,27.5,Medium Risk
1510,23.0,Low Risk
1510,29.75,Medium Risk
1510,69.0,High Risk
1510,36.5,Medium Risk
1510,20.0,Low Risk
1510,27.25,Medium Risk
1510,22.25,Low Risk
1511,39.25,Medium Risk
1511,27.5,Medium Risk
1511,31.75,Medium Risk
1511,19.25,Low Risk
1511,29.75,Medium Risk
1511,56.75,High Risk
1511,34.75,Medium Risk
1511,41.5,Medium Risk
1511,26.75,Medium Risk
1511,35.5,Medium Risk
1511,20.0,Low Risk
1511,74.0,High Risk
1511,50.5,High Risk
1511,56.5,High Risk
1511,36.5,Medium Risk
1512,32.5,Medium Risk
1512,19.25,Low Risk
1512,36.5,Medium Risk
1512,31.75,Medium Risk
1512,28.0,Medium Risk
1512,29.0,Medium Risk
1512,27.5,Medium Risk
1512,47.5,Medium Risk
1512,39.25,Medium Risk
1512,69.75,High Risk
1512,56.5,High Risk
1512,65.5,High Risk
1512,74.0,High Risk
1512,34.75,Medium Risk
1512,20.0,Low Risk
1512,56.75,High Risk
1512,69.0,High Risk
1513,39.25,Medium Risk
1513,26.75,Medium Risk
1513,46.75,Medium Risk
1513,38.0,Medium Risk
1513,20.0,Low Risk
1513,40.0,Medium Risk
1513,43.0,Medium Risk
1513,22.0,Low Risk
1513,19.25,Low Risk
1513,31.75,Medium Risk
1513,32.5,Medium Risk
1513,39.75,Medium Risk
1514,40.0,Medium Risk
1514,51.5,High Risk
1514,19.25,Low Risk
1514,64.0,High Risk
1514,22.25,Low Risk
1514,20.0,Low Risk
1514,31.75,Medium Risk
1514,36.5,Medium Risk
1514,39.25,Medium Risk
1514,43.0,Medium Risk
1514,52.0,High Risk
1514,26.75,Medium Risk
1514,29.0,Medium Risk
1514,74.0,High Risk
1514,27.5,Medium Risk
1514,41.5,Medium Risk
1514,47.25,Medium Risk
1514,35.0,Medium Risk
1515,35.0,Medium Risk
1515,27.5,Medium Risk
1515,31.75,Medium Risk
1515,60.5,High Risk
1515,40.25,Medium Risk
1515,47.25,Medium Risk
1515,34.25,Medium Risk
1515,29.0,Medium Risk
1515,32.5,Medium Risk
1515,20.0,Low Risk
1515,59.75,High Risk
1515,61.5,High Risk
1515,39.25,Medium Risk
1515,19.25,Low Risk
1515,37.25,Medium Risk
1515,56.5,High Risk
1515,26.75,Medium Risk
1515,51.75,High Risk
1516,47.5,Medium Risk
1516,19.25,Low Risk
1516,20.0,Low Risk
1516,22.25,Low Risk
1516,61.5,High Risk
1516,27.5,Medium Risk
1516,51.75,High Risk
1516,23.0,Low Risk
1516,21.25,Low Risk
1517,57.0,High Risk
1517,19.25,Low Risk
1517,34.25,Medium Risk
1517,29.75,Medium Risk
1517,37.25,Medium Risk
1517,20.0,Low Risk
1517,51.75,High Risk
1517,32.5,Medium Risk
1517,39.25,Medium Risk
1517,31.75,Medium Risk
1517,27.5,Medium Risk
1517,34.75,Medium Risk
1518,29.0,Medium Risk
1518,22.25,Low Risk
1518,61.5,High Risk
1518,56.5,High Risk
1518,19.25,Low Risk
1518,37.25,Medium Risk
1518,28.0,Medium Risk
1518,20.0,Low Risk
1518,47.5,Medium Risk
1518,51.0,High Risk
1518,40.25,Medium Risk
1518,48.5,Medium Risk
1519,19.25,Low Risk
1519,35.0,Medium Risk
1519,32.5,Medium Risk
1519,20.0,Low Risk
1519,54.75,High Risk
1519,82.0,Critical Risk
1519,46.75,Medium Risk
1519,34.25,Medium Risk
1519,69.0,High Risk
1519,22.25,Low Risk
1519,29.0,Medium Risk
1519,27.25,Medium Risk
1519,52.5,High Risk
1519,40.0,Medium Risk
1519,23.0,Low Risk
1519,42.0,Medium Risk
1519,57.5,High Risk
1519,92.0,Critical Risk
1520,32.5,Medium Risk
1520,19.25,Low Risk
1520,47.5,Medium Risk
1520,36.5,Medium Risk
1520,20.0,Low Risk
1520,29.0,Medium Risk
1520,54.5,High Risk
1520,57.5,High Risk
1520,37.0,Medium Risk
1520,61.5,High Risk
1521,35.0,Medium Risk
1521,52.25,High Risk
1521,20.0,Low Risk
1521,31.75,Medium Risk
1521,21.25,Low Risk
1521,19.25,Low Risk
1521,26.75,Medium Risk
1521,41.5,Medium Risk
1521,56.5,High Risk
1521,34.75,Medium Risk
1521,23.0,Low Risk
1521,28.0,Medium Risk
1521,44.0,Medium Risk
1522,55.5,High Risk
1522,19.25,Low Risk
1522,39.25,Medium Risk
1522,28.0,Medium Risk
1522,31.75,Medium Risk
1522,34.0,Medium Risk
1522,61.5,High Risk
1522,40.0,Medium Risk
1522,27.25,Medium Risk
1522,47.25,Medium Risk
1522,44.0,Medium Risk
1522,32.5,Medium Risk
1522,20.0,Low Risk
1522,52.5,High Risk
1522,26.75,Medium Risk
1522,46.75,Medium Risk
1522,52.0,High Risk
1522,32.0,Medium Risk
1523,22.25,Low Risk
1523,28.0,Medium Risk
1523,19.25,Low Risk
1523,23.0,Low Risk
1523,40.0,Medium Risk
1523,20.0,Low Risk
1523,32.5,Medium Risk
1523,37.25,Medium Risk
1523,39.25,Medium Risk
1523,38.0,Medium Risk
1523,27.25,Medium Risk
1523,34.75,Medium Risk
1524,74.0,High Risk
1524,47.5,Medium Risk
1524,72.75,High Risk
1524,22.25,Low Risk
1524,35.5,Medium Risk
1524,37.25,Medium Risk
1524,27.5,Medium Risk
1524,39.25,Medium Risk
1524,35.0,Medium Risk
1524,67.0,High Risk
1524,61.5,High Risk
1524,46.75,Medium Risk
1524,52.5,High Risk
1524,32.5,Medium Risk
1524,56.5,High Risk
1524,26.75,Medium Risk
1525,20.0,Low Risk
1525,27.25,Medium Risk
1525,32.5,Medium Risk
1525,26.75,Medium Risk
1525,31.75,Medium Risk
1525,19.25,Low Risk
1525,74.0,High Risk
1525,28.0,Medium Risk
1525,29.0,Medium Risk
1525,35.5,Medium Risk
1525,22.25,Low Risk
1525,46.75,Medium Risk
1526,51.5,High Risk
1526,36.5,Medium Risk
1526,26.75,Medium Risk
1526,27.5,Medium Risk
1526,74.0,High Risk
1526,19.25,Low Risk
1526,39.25,Medium Risk
1526,40.0,Medium Risk
1526,52.5,High Risk
1526,31.75,Medium Risk
1526,32.5,Medium Risk
1526,27.25,Medium Risk
1526,51.75,High Risk
1526,56.75,High Risk
1526,41.5,Medium Risk
1526,40.5,Medium Risk
1527,19.25,Low Risk
1527,20.0,Low Risk
1527,56.5,High Risk
1527,28.0,Medium Risk
1527,34.25,Medium Risk
1527,40.5,Medium Risk
1527,39.25,Medium Risk
1527,21.25,Low Risk
1527,42.25,Medium Risk
1527,40.0,Medium Risk
1528,64.0,High Risk
1528,34.25,Medium Risk
1528,69.0,High Risk
1528,29.0,Medium Risk
1528,56.5,High Risk
1528,19.25,Low Risk
1528,47.25,Medium Risk
1528,24.25,Low Risk
1528,55.5,High Risk
1528,22.25,Low Risk
1528,32.5,Medium Risk
1528,26.75,Medium Risk
1528,46.75,Medium Risk
1528,56.75,High Risk
1528,28.0,Medium Risk
1528,35.0,Medium Risk
1528,28.75,Medium Risk
1528,23.0,Low Risk
1528,41.5,Medium Risk
1528,74.0,High Risk
1529,34.25,Medium Risk
1529,19.25,Low Risk
1529,51.75,High Risk
1529,29.0,Medium Risk
1529,29.5,Medium Risk
1529,44.75,Medium Risk
1529,39.75,Medium Risk
1529,22.25,Low Risk
1529,27.5,Medium Risk
1529,32.5,Medium Risk
1529,20.0,Low Risk
1529,41.5,Medium Risk
1530,35.5,Medium Risk
1530,31.75,Medium Risk
1530,39.25,Medium Risk
1530,74.0,High Risk
1530,54.75,High Risk
1530,49.0,Medium Risk
1530,26.75,Medium Risk
1530,49.5,Medium Risk
1530,69.0,High Risk
1530,43.0,Medium Risk
1530,49.75,Medium Risk
1530,28.75,Medium Risk
1530,57.25,High Risk
1530,44.5,Medium Risk
1530,40.0,Medium Risk
1530,47.25,Medium Risk
1530,32.5,Medium Risk
1530,51.75,High Risk
1530,36.5,Medium Risk
1530,56.75,High Risk
1530,57.5,High Risk
1530,51.5,High Risk
1531,22.25,Low Risk
1531,19.25,Low Risk
1531,20.0,Low Risk
1531,35.5,Medium Risk
1531,46.75,Medium Risk
1531,29.0,Medium Risk
1531,64.5,High Risk
1531,51.75,High Risk
1531,34.75,Medium Risk
1531,47.5,Medium Risk
1531,56.75,High Risk
1531,43.0,Medium Risk
1531,52.5,High Risk
1531,34.25,Medium Risk
1531,82.0,Critical Risk
1532,29.0,Medium Risk
1532,64.5,High Risk
1532,58.5,High Risk
1532,39.25,Medium Risk
1532,38.0,Medium Risk
1532,19.25,Low Risk
1532,20.0,Low Risk
1532,22.25,Low Risk
1532,40.5,Medium Risk
1532,37.25,Medium Risk
1532,49.0,Medium Risk
1532,34.25,Medium Risk
1532,74.0,High Risk
1532,27.25,Medium Risk
1532,28.0,Medium Risk
1532,31.75,Medium Risk
1533,29.5,Medium Risk
1533,40.5,Medium Risk
1533,19.25,Low Risk
1533,31.75,Medium Risk
1533,23.0,Low Risk
1533,44.0,Medium Risk
1533,26.75,Medium Risk
1533,40.0,Medium Risk
1533,20.0,Low Risk
1533,32.5,Medium Risk
1533,27.5,Medium Risk
1533,27.25,Medium Risk
1533,35.5,Medium Risk
1533,28.0,Medium Risk
1533,35.0,Medium Risk
1533,22.0,Low Risk
1534,22.0,Low Risk
1534,19.25,Low Risk
1534,31.75,Medium Risk
1534,32.5,Medium Risk
1534,20.0,Low Risk
1534,39.25,Medium Risk
1534,52.5,High Risk
1534,74.0,High Risk
1534,36.5,Medium Risk
1534,23.0,Low Risk
1534,34.75,Medium Risk
1534,46.75,Medium Risk
1534,29.0,Medium Risk
1534,38.0,Medium Risk
1534,35.5,Medium Risk
1535,35.5,Medium Risk
1535,32.5,Medium Risk
1535,74.5,High Risk
1535,31.75,Medium Risk
1535,44.75,Medium Risk
1535,48.0,Medium Risk
1535,27.25,Medium Risk
1535,26.75,Medium Risk
1535,35.0,Medium Risk
1535,47.0,Medium Risk
1535,27.5,Medium Risk
1535,19.25,Low Risk
1535,34.25,Medium Risk
1535,38.0,Medium Risk
1535,44.0,Medium Risk
1535,39.25,Medium Risk
1535,57.25,High Risk
1536,20.0,Low Risk
1536,35.0,Medium Risk
1536,19.25,Low Risk
1536,47.25,Medium Risk
1536,30.5,Medium Risk
1536,92.0,Critical Risk
1536,27.25,Medium Risk
1536,22.25,Low Risk
1536,34.25,Medium Risk
1536,28.0,Medium Risk
1536,69.0,High Risk
1536,64.0,High Risk
1536,26.75,Medium Risk
1536,66.5,High Risk
1537,38.0,Medium Risk
1537,40.0,Medium Risk
1537,32.5,Medium Risk
1537,56.5,High Risk
1537,74.0,High Risk
1537,19.25,Low Risk
1537,51.75,High Risk
1537,77.0,Critical Risk
1537,27.25,Medium Risk
1537,22.25,Low Risk
1537,34.25,Medium Risk
1538,20.0,Low Risk
1538,28.0,Medium Risk
1538,34.25,Medium Risk
1538,27.5,Medium Risk
1538,61.0,High Risk
1538,27.25,Medium Risk
1538,39.25,Medium Risk
1538,19.25,Low Risk
1538,43.0,Medium Risk
1538,42.25,Medium Risk
1538,23.0,Low Risk
1539,19.25,Low Risk
1539,28.0,Medium Risk
1539,20.0,Low Risk
1539,35.0,Medium Risk
1539,64.0,High Risk
1539,26.75,Medium Risk
1539,32.5,Medium Risk
1539,35.5,Medium Risk
1539,69.0,High Risk
1539,54.5,High Risk
1539,40.5,Medium Risk
1539,49.5,Medium Risk
1540,54.75,High Risk
1540,74.0,High Risk
1540,92.0,Critical Risk
1540,19.25,Low Risk
1540,32.5,Medium Risk
1540,72.0,High Risk
1540,27.25,Medium Risk
1540,40.25,Medium Risk
1540,20.0,Low Risk
1540,37.25,Medium Risk
1540,35.5,Medium Risk
1540,66.5,High Risk
1540,47.25,Medium Risk
1541,19.25,Low Risk
1541,74.0,High Risk
1541,32.5,Medium Risk
1541,23.0,Low Risk
1541,39.25,Medium Risk
1541,20.0,Low Risk
1541,64.5,High Risk
1541,27.5,Medium Risk
1541,36.5,Medium Risk
1541,40.0,Medium Risk
1541,57.5,High Risk
1541,26.75,Medium Risk
1542,49.0,Medium Risk
1542,28.0,Medium Risk
1542,20.0,Low Risk
1542,19.25,Low Risk
1542,26.75,Medium Risk
1542,32.0,Medium Risk
1542,37.0,Medium Risk
1542,23.0,Low Risk
1542,52.0,High Risk
1542,33.75,Medium Risk
1542,27.25,Medium Risk
1542,39.25,Medium Risk
1542,31.75,Medium Risk
1542,27.5,Medium Risk
1543,31.75,Medium Risk
1543,20.0,Low Risk
1543,38.0,Medium Risk
1543,27.5,Medium Risk
1543,29.0,Medium Risk
1543,19.25,Low Risk
1543,39.25,Medium Risk
1543,32.5,Medium Risk
1543,26.75,Medium Risk
1543,71.0,High Risk
1544,46.75,Medium Risk
1544,19.25,Low Risk
1544,20.0,Low Risk
1544,27.5,Medium Risk
1544,21.25,Low Risk
1544,40.0,Medium Risk
1544,64.0,High Risk
1544,34.75,Medium Risk
1544,43.0,Medium Risk
1544,74.0,High Risk
1544,22.25,Low Risk
1545,19.25,Low Risk
1545,40.0,Medium Risk
1545,26.75,Medium Risk
1545,57.25,High Risk
1545,20.0,Low Risk
1545,51.75,High Risk
1545,35.0,Medium Risk
1545,45.25,Medium Risk
1545,47.25,Medium Risk
1545,56.75,High Risk
1545,50.5,High Risk
1545,27.25,Medium Risk
1545,37.25,Medium Risk
1545,39.25,Medium Risk
1545,29.0,Medium Risk
1546,22.0,Low Risk
1546,27.5,Medium Risk
1546,29.0,Medium Risk
1546,74.0,High Risk
1546,20.0,Low Risk
1546,47.5,Medium Risk
1546,19.25,Low Risk
1546,26.75,Medium Risk
1546,40.5,Medium Risk
1546,56.5,High Risk
1546,37.25,Medium Risk
1546,52.5,High Risk
1546,35.0,Medium Risk
1546,42.25,Medium Risk
1546,60.5,High Risk
1546,59.75,High Risk
1547,35.5,Medium Risk
1547,19.25,Low Risk
1547,29.0,Medium Risk
1547,40.0,Medium Risk
1547,23.0,Low Risk
1547,20.0,Low Risk
1547,37.25,Medium Risk
1547,42.25,Medium Risk
1547,31.75,Medium Risk
1547,27.25,Medium Risk
1547,50.5,High Risk
1548,19.25,Low Risk
1548,52.5,High Risk
1548,47.5,Medium Risk
1548,37.25,Medium Risk
1548,41.5,Medium Risk
1548,20.0,Low Risk
1548,29.0,Medium Risk
1548,49.75,Medium Risk
1548,34.25,Medium Risk
1548,46.75,Medium Risk
1548,27.5,Medium Risk
1548,49.0,Medium Risk
1548,56.5,High Risk
1548,64.5,High Risk
1548,27.25,Medium Risk
1549,19.25,Low Risk
1549,28.0,Medium Risk
1549,20.0,Low Risk
1549,31.75,Medium Risk
1549,29.0,Medium Risk
1549,57.5,High Risk
1549,27.25,Medium Risk
1549,22.25,Low Risk
1549,69.5,High Risk
1549,34.25,Medium Risk
1549,32.5,Medium Risk
1550,74.0,High Risk
1550,34.75,Medium Risk
1550,31.75,Medium Risk
1550,55.25,High Risk
1550,39.25,Medium Risk
1550,41.5,Medium Risk
1550,26.75,Medium Risk
1550,49.5,Medium Risk
1550,46.75,Medium Risk
1550,60.5,High Risk
1550,40.0,Medium Risk
1550,54.75,High Risk
1550,19.25,Low Risk
1550,51.75,High Risk
1550,20.0,Low Risk
1550,64.5,High Risk
1550,70.5,High Risk
1550,52.5,High Risk
1550,47.5,Medium Risk
1550,53.5,High Risk
1550,55.5,High Risk
1551,19.25,Low Risk
1551,64.0,High Risk
1551,23.0,Low Risk
1551,74.0,High Risk
1551,35.0,Medium Risk
1551,20.0,Low Risk
1551,29.0,Medium Risk
1551,27.25,Medium Risk
1551,22.25,Low Risk
1551,40.0,Medium Risk
1551,39.25,Medium Risk
1552,27.5,Medium Risk
1552,20.0,Low Risk
1552,35.0,Medium Risk
1552,19.25,Low Risk
1552,49.75,Medium Risk
1552,74.0,High Risk
1552,26.75,Medium Risk
1552,23.0,Low Risk
1552,29.0,Medium Risk
1552,22.0,Low Risk
1552,22.25,Low Risk
1552,30.5,Medium Risk
1552,32.5,Medium Risk
1552,42.25,Medium Risk
1552,29.75,Medium Risk
1553,19.25,Low Risk
1553,31.75,Medium Risk
1553,38.0,Medium Risk
1553,20.0,Low Risk
1553,22.25,Low Risk
1553,64.5,High Risk
1553,32.5,Medium Risk
1553,32.0,Medium Risk
1553,23.0,Low Risk
1554,38.0,Medium Risk
1554,29.75,Medium Risk
1554,19.25,Low Risk
1554,27.5,Medium Risk
1554,57.0,High Risk
1554,34.25,Medium Risk
1554,31.75,Medium Risk
1554,37.25,Medium Risk
1554,34.75,Medium Risk
1554,26.75,Medium Risk
1554,35.0,Medium Risk
1554,32.5,Medium Risk
1554,35.5,Medium Risk
1554,29.5,Medium Risk
1554,20.0,Low Risk
1554,49.0,Medium Risk
1555,27.25,Medium Risk
1555,19.25,Low Risk
1555,65.5,High Risk
1555,26.75,Medium Risk
1555,56.75,High Risk
1555,56.5,High Risk
1555,37.25,Medium Risk
1555,27.5,Medium Risk
1555,20.0,Low Risk
1555,49.5,Medium Risk
1555,31.75,Medium Risk
1555,32.5,Medium Risk
1555,48.75,Medium Risk
1555,34.5,Medium Risk
1555,74.0,High Risk
1555,40.0,Medium Risk
1555,34.75,Medium Risk
1555,39.25,Medium Risk
1556,19.25,Low Risk
1556,46.0,Medium Risk
1556,28.0,Medium Risk
1556,20.0,Low Risk
1556,26.75,Medium Risk
1556,40.0,Medium Risk
1556,31.75,Medium Risk
1556,29.0,Medium Risk
1556,23.0,Low Risk
1557,19.25,Low Risk
1557,42.25,Medium Risk
1557,56.5,High Risk
1557,56.75,High Risk
1557,68.5,High Risk
1557,49.0,Medium Risk
1557,37.0,Medium Risk
1557,36.5,Medium Risk
1557,35.0,Medium Risk
1557,47.25,Medium Risk
1557,39.25,Medium Risk
1557,23.0,Low Risk
1557,47.5,Medium Risk
1557,20.0,Low Risk
1558,27.5,Medium Risk
1558,27.25,Medium Risk
1558,19.25,Low Risk
1558,20.0,Low Risk
1558,46.75,Medium Risk
1558,40.0,Medium Risk
1558,39.25,Medium Risk
1558,57.5,High Risk
1558,52.5,High Risk
1558,26.75,Medium Risk
1558,44.0,Medium Risk
1558,21.25,Low Risk
1558,47.25,Medium Risk
1558,34.25,Medium Risk
1558,73.5,High Risk
1558,31.75,Medium Risk
1558,29.0,Medium Risk
1558,37.25,Medium Risk
1558,51.75,High Risk
1558,49.0,Medium Risk
1559,52.25,High Risk
1559,35.5,Medium Risk
1559,19.25,Low Risk
1559,31.75,Medium Risk
1559,20.0,Low Risk
1559,47.25,Medium Risk
1559,40.0,Medium Risk
1559,36.5,Medium Risk
1559,32.5,Medium Risk
1559,44.5,Medium Risk
1559,36.25,Medium Risk
1559,39.75,Medium Risk
1559,41.5,Medium Risk
1559,42.25,Medium Risk
1559,27.5,Medium Risk
1559,26.75,Medium Risk
1559,34.25,Medium Risk
1559,22.25,Low Risk
1560,19.25,Low Risk
1560,77.0,Critical Risk
1560,45.5,Medium Risk
1560,29.0,Medium Risk
1560,74.0,High Risk
1560,46.75,Medium Risk
1560,20.0,Low Risk
1560,56.5,High Risk
1560,52.5,High Risk
1560,23.0,Low Risk
1560,72.0,High Risk
1560,38.0,Medium Risk
1560,57.5,High Risk
1560,47.25,Medium Risk
1560,49.0,Medium Risk
1560,22.25,Low Risk
1560,34.25,Medium Risk
1561,66.0,High Risk
1561,74.0,High Risk
1561,39.75,Medium Risk
1561,19.25,Low Risk
1561,26.75,Medium Risk
1561,35.5,Medium Risk
1561,20.0,Low Risk
1561,28.0,Medium Risk
1561,34.25,Medium Risk
1561,40.0,Medium Risk
1561,92.0,Critical Risk
1561,56.5,High Risk
1561,27.5,Medium Risk
1561,47.5,Medium Risk
1562,19.25,Low Risk
1562,37.25,Medium Risk
1562,29.0,Medium Risk
1562,20.0,Low Risk
1562,49.5,Medium Risk
1562,35.0,Medium Risk
1562,46.75,Medium Risk
1562,28.0,Medium Risk
1562,50.5,High Risk
1562,38.0,Medium Risk
1562,74.0,High Risk
1562,39.75,Medium Risk
1562,41.5,Medium Risk
1562,39.25,Medium Risk
1563,31.75,Medium Risk
1563,34.75,Medium Risk
1563,40.0,Medium Risk
1563,39.75,Medium Risk
1563,19.25,Low Risk
1563,27.25,Medium Risk
1563,48.0,Medium Risk
1563,56.5,High Risk
1563,61.5,High Risk
1563,40.5,Medium Risk
1563,46.75,Medium Risk
1563,47.25,Medium Risk
1563,57.25,High Risk
1563,28.0,Medium Risk
1563,60.5,High Risk
1563,32.5,Medium Risk
1563,39.25,Medium Risk
1563,38.5,Medium Risk
1563,34.25,Medium Risk
1564,61.5,High Risk
1564,56.5,High Risk
1564,27.5,Medium Risk
1564,42.25,Medium Risk
1564,56.0,High Risk
1564,28.0,Medium Risk
1564,60.25,High Risk
1564,41.5,Medium Risk
1564,20.0,Low Risk
1564,39.25,Medium Risk
1564,64.5,High Risk
1564,56.75,High Risk
1564,95.0,Critical Risk
1564,39.75,Medium Risk
1564,52.25,High Risk
1564,19.25,Low Risk
1564,74.0,High Risk
1564,32.5,Medium Risk
1564,31.75,Medium Risk
1565,20.0,Low Risk
1565,32.5,Medium Risk
1565,21.25,Low Risk
1565,44.0,Medium Risk
1565,52.5,High Risk
1565,19.25,Low Risk
1565,34.75,Medium Risk
1565,35.0,Medium Risk
1565,43.0,Medium Risk
1565,40.0,Medium Risk
1565,52.75,High Risk
1565,23.0,Low Risk
1565,27.5,Medium Risk
1565,39.25,Medium Risk
1565,40.25,Medium Risk
1565,31.75,Medium Risk
1566,19.25,Low Risk
1566,29.0,Medium Risk
1566,20.0,Low Risk
1566,23.0,Low Risk
1566,32.0,Medium Risk
1566,51.75,High Risk
1566,35.0,Medium Risk
1566,22.25,Low Risk
1566,37.0,Medium Risk
1566,57.5,High Risk
1566,34.25,Medium Risk
1566,38.0,Medium Risk
1566,27.5,Medium Risk
1566,30.5,Medium Risk
1567,46.75,Medium Risk
1567,40.0,Medium Risk
1567,19.25,Low Risk
1567,54.75,High Risk
1567,20.0,Low Risk
1567,22.25,Low Risk
1567,37.0,Medium Risk
1567,51.75,High Risk
1567,28.0,Medium Risk
1567,58.75,High Risk
1567,32.5,Medium Risk
1568,47.5,Medium Risk
1568,42.25,Medium Risk
1568,37.0,Medium Risk
1568,29.5,Medium Risk
1568,38.0,Medium Risk
1568,60.25,High Risk
1568,35.5,Medium Risk
1568,20.0,Low Risk
1568,19.25,Low Risk
1568,52.0,High Risk
1568,39.25,Medium Risk
1569,39.25,Medium Risk
1569,57.5,High Risk
1569,23.0,Low Risk
1569,20.0,Low Risk
1569,29.0,Medium Risk
1569,37.25,Medium Risk
1569,34.25,Medium Risk
1569,28.0,Medium Risk
1569,61.5,High Risk
1569,19.25,Low Risk
1569,27.25,Medium Risk
1569,74.0,High Risk
1569,49.75,Medium Risk
1570,20.0,Low Risk
1570,56.75,High Risk
1570,29.0,Medium Risk
1570,39.25,Medium Risk
1570,23.0,Low Risk
1570,28.0,Medium Risk
1570,27.25,Medium Risk
1570,34.25,Medium Risk
1570,21.25,Low Risk
1570,19.25,Low Risk
1570,35.0,Medium Risk
1570,22.25,Low Risk
1571,32.5,Medium Risk
1571,35.5,Medium Risk
1571,22.25,Low Risk
1571,57.5,High Risk
1571,19.25,Low Risk
1571,20.0,Low Risk
1571,26.75,Medium Risk
1571,39.25,Medium Risk
1571,23.0,Low Risk
1571,45.5,Medium Risk
1572,22.25,Low Risk
1572,57.5,High Risk
1572,19.25,Low Risk
1572,29.0,Medium Risk
1572,75.5,Critical Risk
1572,34.25,Medium Risk
1572,39.25,Medium Risk
1572,34.75,Medium Risk
1572,22.0,Low Risk
1572,20.0,Low Risk
1572,26.75,Medium Risk
1572,35.5,Medium Risk
1572,40.0,Medium Risk
1572,77.0,Critical Risk
1572,37.25,Medium Risk
1572,49.0,Medium Risk
1572,35.0,Medium Risk
1572,51.75,High Risk
1573,42.0,Medium Risk
1573,41.5,Medium Risk
1573,32.5,Medium Risk
1573,40.0,Medium Risk
1573,23.0,Low Risk
1573,20.0,Low Risk
1573,19.25,Low Risk
1573,33.75,Medium Risk
1573,29.0,Medium Risk
1573,25.0,Low Risk
1573,27.5,Medium Risk
1573,26.75,Medium Risk
1573,39.25,Medium Risk
1574,27.25,Medium Risk
1574,34.75,Medium Risk
1574,56.75,High Risk
1574,31.75,Medium Risk
1574,23.0,Low Risk
1574,45.25,Medium Risk
1574,20.0,Low Risk
1574,48.0,Medium Risk
1574,28.0,Medium Risk
1574,32.0,Medium Risk
1574,51.75,High Risk
1574,36.5,Medium Risk
1574,35.5,Medium Risk
1574,39.25,Medium Risk
1574,19.25,Low Risk
1574,46.75,Medium Risk
1574,22.0,Low Risk
1575,52.5,High Risk
1575,51.75,High Risk
1575,36.5,Medium Risk
1575,49.0,Medium Risk
1575,35.0,Medium Risk
1575,32.5,Medium Risk
1575,69.0,High Risk
1575,64.5,High Risk
1575,75.5,Critical Risk
1575,39.75,Medium Risk
1575,19.25,Low Risk
1575,39.25,Medium Risk
1575,54.75,High Risk
1575,40.5,Medium Risk
1575,42.25,Medium Risk
1575,43.0,Medium Risk
1575,27.25,Medium Risk
1575,21.25,Low Risk
1575,44.0,Medium Risk
1575,31.75,Medium Risk
1575,37.0,Medium Risk
1576,19.25,Low Risk
1576,40.0,Medium Risk
1576,69.0,High Risk
1576,61.5,High Risk
1576,49.0,Medium Risk
1576,72.0,High Risk
1576,27.25,Medium Risk
1576,74.0,High Risk
1576,20.0,Low Risk
1576,66.5,High Risk
1576,37.25,Medium Risk
1576,57.5,High Risk
1576,32.5,Medium Risk
1576,28.0,Medium Risk
1576,34.25,Medium Risk
1576,82.0,Critical Risk
1576,22.25,Low Risk
1576,64.0,High Risk
1577,19.25,Low Risk
1577,74.5,High Risk
1577,40.0,Medium Risk
1577,58.0,High Risk
1577,47.25,Medium Risk
1577,37.25,Medium Risk
1577,32.5,Medium Risk
1577,29.0,Medium Risk
1577,20.0,Low Risk
1577,35.0,Medium Risk
1577,29.75,Medium Risk
1577,56.75,High Risk
1577,57.5,High Risk
1578,19.25,Low Risk
1578,74.0,High Risk
1578,20.0,Low Risk
1578,28.0,Medium Risk
1578,31.75,Medium Risk
1578,34.25,Medium Risk
1578,27.25,Medium Risk
1578,76.0,Critical Risk
1578,25.0,Low Risk
1578,69.0,High Risk
1578,64.0,High Risk
1579,20.0,Low Risk
1579,19.25,Low Risk
1579,28.0,Medium Risk
1579,32.5,Medium Risk
1579,41.5,Medium Risk
1579,69.0,High Risk
1579,22.25,Low Risk
1579,29.0,Medium Risk
1579,54.75,High Risk
1579,45.25,Medium Risk
1579,27.5,Medium Risk
1580,47.25,Medium Risk
1580,19.25,Low Risk
1580,34.25,Medium Risk
1580,43.5,Medium Risk
1580,20.0,Low Risk
1580,52.0,High Risk
1580,28.0,Medium Risk
1580,31.75,Medium Risk
1580,27.5,Medium Risk
1580,35.0,Medium Risk
1580,39.25,Medium Risk
1580,26.75,Medium Risk
1580,29.0,Medium Risk
1580,23.0,Low Risk
1580,47.5,Medium Risk
1580,34.75,Medium Risk
1581,67.0,High Risk
1581,46.75,Medium Risk
1581,19.25,Low Risk
1581,52.5,High Risk
1581,74.0,High Risk
1581,47.25,Medium Risk
1581,41.5,Medium Risk
1581,26.75,Medium Risk
1581,77.0,Critical Risk
1581,64.0,High Risk
1581,51.0,High Risk
1581,20.0,Low Risk
1581,35.0,Medium Risk
1582,19.25,Low Risk
1582,36.5,Medium Risk
1582,28.0,Medium Risk
1582,40.0,Medium Risk
1582,20.0,Low Risk
1582,59.75,High Risk
1582,66.5,High Risk
1582,23.0,Low Risk
1582,32.5,Medium Risk
1582,60.5,High Risk
1582,22.25,Low Risk
1582,31.75,Medium Risk
1582,56.75,High Risk
1583,39.25,Medium Risk
1583,74.0,High Risk
1583,35.0,Medium Risk
1583,40.0,Medium Risk
1583,29.0,Medium Risk
1583,19.25,Low Risk
1583,64.0,High Risk
1583,20.0,Low Risk
1583,59.75,High Risk
1583,23.0,Low Risk
1583,51.75,High Risk
1583,38.0,Medium Risk
1584,19.25,Low Risk
1584,40.5,Medium Risk
1584,26.75,Medium Risk
1584,20.0,Low Risk
1584,72.0,High Risk
1584,35.0,Medium Risk
1584,22.25,Low Risk
1584,57.5,High Risk
1584,34.25,Medium Risk
1584,32.5,Medium Risk
1584,58.0,High Risk
1584,61.5,High Risk
1585,35.5,Medium Risk
1585,52.5,High Risk
1585,20.0,Low Risk
1585,22.25,Low Risk
1585,27.25,Medium Risk
1585,19.25,Low Risk
1585,43.0,Medium Risk
1585,52.0,High Risk
1585,58.0,High Risk
1585,49.0,Medium Risk
1585,77.75,Critical Risk
1585,46.75,Medium Risk
1585,28.0,Medium Risk
1585,39.25,Medium Risk
1585,27.5,Medium Risk
1586,34.25,Medium Risk
1586,20.0,Low Risk
1586,19.25,Low Risk
1586,50.5,High Risk
1586,23.0,Low Risk
1586,92.0,Critical Risk
1586,34.75,Medium Risk
1586,41.5,Medium Risk
1586,31.75,Medium Risk
1586,27.25,Medium Risk
1586,49.5,Medium Risk
1586,26.75,Medium Risk
1586,37.25,Medium Risk
1586,47.5,Medium Risk
1586,29.0,Medium Risk
1586,40.0,Medium Risk
1586,29.75,Medium Risk
1586,35.5,Medium Risk
1587,19.25,Low Risk
1587,47.5,Medium Risk
1587,59.5,High Risk
1587,34.25,Medium Risk
1587,40.0,Medium Risk
1587,20.0,Low Risk
1587,32.5,Medium Risk
1587,22.25,Low Risk
1587,51.5,High Risk
1587,52.5,High Risk
1587,35.0,Medium Risk
1587,39.25,Medium Risk
1587,46.75,Medium Risk
1588,19.25,Low Risk
1588,27.25,Medium Risk
1588,57.5,High Risk
1588,77.0,Critical Risk
1588,52.5,High Risk
1588,74.0,High Risk
1588,28.0,Medium Risk
1588,20.0,Low Risk
1588,95.0,Critical Risk
1588,69.5,High Risk
1588,39.25,Medium Risk
1588,47.0,Medium Risk
1588,34.25,Medium Risk
1588,56.75,High Risk
1589,35.0,Medium Risk
1589,19.25,Low Risk
1589,20.0,Low Risk
1589,37.25,Medium Risk
1589,52.5,High Risk
1589,46.75,Medium Risk
1589,38.0,Medium Risk
1589,51.75,High Risk
1589,22.25,Low Risk
1589,34.25,Medium Risk
1589,72.0,High Risk
1590,82.0,Critical Risk
1590,27.5,Medium Risk
1590,20.0,Low Risk
1590,54.5,High Risk
1590,22.25,Low Risk
1590,49.0,Medium Risk
1590,19.25,Low Risk
1590,40.5,Medium Risk
1590,66.0,High Risk
1590,72.0,High Risk
1590,34.25,Medium Risk
1590,27.25,Medium Risk
1590,31.75,Medium Risk
1590,56.75,High Risk
1590,34.75,Medium Risk
1590,37.25,Medium Risk
1591,19.25,Low Risk
1591,40.0,Medium Risk
1591,26.75,Medium Risk
1591,20.0,Low Risk
1591,21.25,Low Risk
1591,47.0,Medium Risk
1591,27.5,Medium Risk
1591,31.75,Medium Risk
1591,57.5,High Risk
1591,48.0,Medium Risk
1591,74.0,High Risk
1591,32.5,Medium Risk
1591,56.5,High Risk
1591,60.5,High Risk
1591,27.25,Medium Risk
1591,35.0,Medium Risk
1591,42.25,Medium Risk
1591,34.25,Medium Risk
1591,51.75,High Risk
1592,20.0,Low Risk
1592,74.0,High Risk
1592,19.25,Low Risk
1592,26.75,Medium Risk
1592,31.75,Medium Risk
1592,27.5,Medium Risk
1592,29.0,Medium Risk
1592,77.0,Critical Risk
1592,51.5,High Risk
1592,38.0,Medium Risk
1592,32.5,Medium Risk
1592,36.5,Medium Risk
1592,64.0,High Risk
1592,27.25,Medium Risk
1592,44.5,Medium Risk
1592,82.0,Critical Risk
1593,26.75,Medium Risk
1593,20.0,Low Risk
1593,19.25,Low Risk
1593,35.0,Medium Risk
1593,77.0,Critical Risk
1593,29.0,Medium Risk
1593,43.0,Medium Risk
1593,64.5,High Risk
1593,49.0,Medium Risk
1593,31.75,Medium Risk
1593,74.0,High Risk
1593,42.25,Medium Risk
1593,51.5,High Risk
1593,32.5,Medium Risk
1593,40.0,Medium Risk
1593,37.25,Medium Risk
1593,64.75,High Risk
1593,44.0,Medium Risk
1594,44.0,Medium Risk
1594,41.5,Medium Risk
1594,35.5,Medium Risk
1594,77.0,Critical Risk
1594,31.75,Medium Risk
1594,49.0,Medium Risk
1594,20.0,Low Risk
1594,27.5,Medium Risk
1594,64.5,High Risk
1594,61.5,High Risk
1594,64.0,High Risk
1594,28.75,Medium Risk
1594,48.0,Medium Risk
1594,57.5,High Risk
1594,39.25,Medium Risk
1594,21.25,Low Risk
1594,51.75,High Risk
1594,49.5,Medium Risk
1594,56.75,High Risk
1594,19.25,Low Risk
1595,23.0,Low Risk
1595,20.0,Low Risk
1595,19.25,Low Risk
1595,44.0,Medium Risk
1595,44.5,Medium Risk
1595,35.0,Medium Risk
1595,49.0,Medium Risk
1595,26.75,Medium Risk
1595,40.0,Medium Risk
1595,39.25,Medium Risk
1595,61.5,High Risk
1595,29.75,Medium Risk
1595,27.25,Medium Risk
1595,64.0,High Risk
1595,28.0,Medium Risk
1595,32.5,Medium Risk
1596,52.0,High Risk
1596,33.75,Medium Risk
1596,23.0,Low Risk
1596,19.25,Low Risk
1596,40.0,Medium Risk
1596,43.0,Medium Risk
1596,36.5,Medium Risk
1596,47.25,Medium Risk
1596,35.0,Medium Risk
1596,47.5,Medium Risk
1596,64.75,High Risk
1596,26.75,Medium Risk
1596,22.25,Low Risk
1596,27.5,Medium Risk
1596,39.25,Medium Risk
1596,42.25,Medium Risk
1596,52.5,High Risk
1596,48.75,Medium Risk
1596,65.5,High Risk
1596,20.0,Low Risk
1597,19.25,Low Risk
1597,74.0,High Risk
1597,29.0,Medium Risk
1597,39.75,Medium Risk
1597,47.25,Medium Risk
1597,76.0,Critical Risk
1597,20.0,Low Risk
1597,22.25,Low Risk
1597,27.25,Medium Risk
1597,23.0,Low Risk
1597,71.0,High Risk
1597,37.25,Medium Risk
1597,69.5,High Risk
1597,34.25,Medium Risk
1597,42.25,Medium Risk
1597,35.0,Medium Risk
1597,46.75,Medium Risk
1597,51.75,High Risk
1598,27.25,Medium Risk
1598,20.0,Low Risk
1598,19.25,Low Risk
1598,32.5,Medium Risk
1598,77.0,Critical Risk
1598,23.0,Low Risk
1598,74.0,High Risk
1598,39.25,Medium Risk
1598,64.0,High Risk
1598,34.25,Medium Risk
1598,41.5,Medium Risk
1598,47.25,Medium Risk
1598,51.5,High Risk
1598,22.25,Low Risk
1598,26.75,Medium Risk
1599,19.25,Low Risk
1599,20.0,Low Risk
1599,34.25,Medium Risk
1599,28.0,Medium Risk
1599,34.75,Medium Risk
1599,39.25,Medium Risk
1599,41.5,Medium Risk
1599,31.75,Medium Risk
1599,32.5,Medium Risk
1599,22.25,Low Risk
1599,52.5,High Risk
1599,40.0,Medium Risk
1599,37.0,Medium Risk
1600,20.0,Low Risk
1600,27.25,Medium Risk
1600,38.0,Medium Risk
1600,19.25,Low Risk
1600,69.0,High Risk
1600,92.0,Critical Risk
1600,28.0,Medium Risk
1600,56.5,High Risk
1600,22.25,Low Risk
1600,47.25,Medium Risk
1600,66.5,High Risk
1600,37.25,Medium Risk
1600,31.75,Medium Risk
1600,46.75,Medium Risk
1601,20.0,Low Risk
1601,51.75,High Risk
1601,35.0,Medium Risk
1601,44.0,Medium Risk
1601,55.5,High Risk
1601,27.25,Medium Risk
1601,39.25,Medium Risk
1601,56.75,High Risk
1601,52.5,High Risk
1601,47.5,Medium Risk
1601,29.0,Medium Risk
1601,74.0,High Risk
1601,34.25,Medium Risk
1601,52.0,High Risk
1601,19.25,Low Risk
1601,42.25,Medium Risk
1601,50.5,High Risk
1601,40.0,Medium Risk
1601,46.75,Medium Risk
1602,40.0,Medium Risk
1602,20.0,Low Risk
1602,39.25,Medium Risk
1602,31.75,Medium Risk
1602,42.25,Medium Risk
1602,41.5,Medium Risk
1602,19.25,Low Risk
1602,52.0,High Risk
1602,37.0,Medium Risk
1602,26.75,Medium Risk
1602,27.25,Medium Risk
1602,34.25,Medium Risk
1602,22.25,Low Risk
1602,56.5,High Risk
1602,27.5,Medium Risk
1603,19.25,Low Risk
1603,32.5,Medium Risk
1603,47.5,Medium Risk
1603,58.0,High Risk
1603,34.25,Medium Risk
1603,26.75,Medium Risk
1603,38.0,Medium Risk
1603,29.75,Medium Risk
1603,20.0,Low Risk
1603,35.0,Medium Risk
1603,39.25,Medium Risk
1603,43.0,Medium Risk
1603,28.75,Medium Risk
1603,22.25,Low Risk
1603,34.75,Medium Risk
1603,52.25,High Risk
1603,27.5,Medium Risk
1604,37.25,Medium Risk
1604,19.25,Low Risk
1604,49.75,Medium Risk
1604,40.0,Medium Risk
1604,39.25,Medium Risk
1604,74.0,High Risk
1604,20.0,Low Risk
1604,46.75,Medium Risk
1604,35.5,Medium Risk
1604,69.0,High Risk
1604,50.5,High Risk
1604,48.0,Medium Risk
1604,32.5,Medium Risk
1604,55.5,High Risk
1605,27.25,Medium Risk
1605,19.25,Low Risk
1605,74.0,High Risk
1605,55.5,High Risk
1605,57.5,High Risk
1605,49.0,Medium Risk
1605,56.5,High Risk
1605,20.0,Low Risk
1605,29.0,Medium Risk
1605,48.0,Medium Risk
1606,19.25,Low Risk
1606,22.25,Low Risk
1606,34.75,Medium Risk
1606,42.25,Medium Risk
1606,32.5,Medium Risk
1606,27.5,Medium Risk
1606,26.75,Medium Risk
1606,28.0,Medium Risk
1606,39.25,Medium Risk
1606,29.0,Medium Risk
1606,44.75,Medium Risk
1607,19.25,Low Risk
1607,36.5,Medium Risk
1607,20.0,Low Risk
1607,31.75,Medium Risk
1607,46.75,Medium Risk
1607,38.0,Medium Risk
1607,28.0,Medium Risk
1607,27.5,Medium Risk
1607,29.0,Medium Risk
1607,74.5,High Risk
1607,49.0,Medium Risk
1608,19.25,Low Risk
1608,56.0,High Risk
1608,27.25,Medium Risk
1608,22.25,Low Risk
1608,31.75,Medium Risk
1608,50.5,High Risk
1608,49.0,Medium Risk
1608,35.0,Medium Risk
1608,20.0,Low Risk
1608,57.5,High Risk
1608,27.5,Medium Risk
1608,34.25,Medium Risk
1608,54.75,High Risk
1609,39.25,Medium Risk
1609,27.25,Medium Risk
1609,38.0,Medium Risk
1609,22.25,Low Risk
1609,40.0,Medium Risk
1609,74.0,High Risk
1609,20.0,Low Risk
1609,27.5,Medium Risk
1609,46.75,Medium Risk
1609,19.25,Low Risk
1609,49.0,Medium Risk
1609,26.75,Medium Risk
1609,32.5,Medium Risk
1609,30.5,Medium Risk
1609,64.75,High Risk
1609,35.0,Medium Risk
1610,49.0,Medium Risk
1610,19.25,Low Risk
1610,20.0,Low Risk
1610,34.75,Medium Risk
1610,64.0,High Risk
1610,29.0,Medium Risk
1610,34.25,Medium Risk
1610,42.25,Medium Risk
1610,39.25,Medium Risk
1610,51.75,High Risk
1610,41.5,Medium Risk
1610,48.0,Medium Risk
1610,27.5,Medium Risk
1610,77.0,Critical Risk
1610,40.0,Medium Risk
1610,32.5,Medium Risk
1610,26.75,Medium Risk
1610,74.0,High Risk
1610,67.0,High Risk
1610,45.5,Medium Risk
1611,20.0,Low Risk
1611,26.75,Medium Risk
1611,35.0,Medium Risk
1611,29.0,Medium Risk
1611,22.25,Low Risk
1611,19.25,Low Risk
1611,44.5,Medium Risk
1611,54.75,High Risk
1611,40.0,Medium Risk
1611,31.75,Medium Risk
1611,47.5,Medium Risk
1611,74.0,High Risk
1611,41.0,Medium Risk
1612,29.0,Medium Risk
1612,20.0,Low Risk
1612,26.75,Medium Risk
1612,54.75,High Risk
1612,66.5,High Risk
1612,59.5,High Risk
1612,51.75,High Risk
1612,27.25,Medium Risk
1612,23.0,Low Risk
1612,19.25,Low Risk
1612,32.5,Medium Risk
1612,48.0,Medium Risk
1612,32.0,Medium Risk
1612,35.0,Medium Risk
1612,24.25,Low Risk
1612,64.0,High Risk
1613,19.25,Low Risk
1613,39.25,Medium Risk
1613,31.75,Medium Risk
1613,22.25,Low Risk
1613,23.0,Low Risk
1613,20.0,Low Risk
1613,39.5,Medium Risk
1613,27.25,Medium Risk
1613,36.5,Medium Risk
1613,44.75,Medium Risk
1613,64.0,High Risk
1613,29.0,Medium Risk
1613,35.5,Medium Risk
1613,74.0,High Risk
1614,32.5,Medium Risk
1614,37.25,Medium Risk
1614,39.25,Medium Risk
1614,20.0,Low Risk
1614,27.5,Medium Risk
1614,44.0,Medium Risk
1614,26.75,Medium Risk
1614,34.25,Medium Risk
1614,31.75,Medium Risk
1614,46.75,Medium Risk
1614,52.5,High Risk
1614,59.75,High Risk
1614,28.0,Medium Risk
1614,19.25,Low Risk
1614,35.0,Medium Risk
1615,19.25,Low Risk
1615,56.5,High Risk
1615,39.25,Medium Risk
1615,40.0,Medium Risk
1615,39.75,Medium Risk
1615,31.75,Medium Risk
1615,26.75,Medium Risk
1615,29.0,Medium Risk
1615,27.5,Medium Risk
1615,44.0,Medium Risk
1615,48.0,Medium Risk
1615,51.75,High Risk
1615,27.25,Medium Risk
1615,47.5,Medium Risk
1616,82.0,Critical Risk
1616,40.0,Medium Risk
1616,23.0,Low Risk
1616,19.25,Low Risk
1616,20.0,Low Risk
1616,31.75,Medium Risk
1616,44.0,Medium Risk
1616,72.0,High Risk
1616,60.5,High Risk
1616,37.25,Medium Risk
1616,27.5,Medium Risk
1616,54.75,High Risk
1616,34.25,Medium Risk
1616,41.5,Medium Risk
1616,32.5,Medium Risk
1616,26.75,Medium Risk
1616,29.5,Medium Risk
1616,44.5,Medium Risk
1616,69.0,High Risk
1617,59.75,High Risk
1617,35.0,Medium Risk
1617,20.0,Low Risk
1617,19.25,Low Risk
1617,64.0,High Risk
1617,34.25,Medium Risk
1617,39.25,Medium Risk
1617,48.0,Medium Risk
1617,42.25,Medium Risk
1617,74.0,High Risk
1617,52.5,High Risk
1618,57.5,High Risk
1618,19.25,Low Risk
1618,47.25,Medium Risk
1618,32.5,Medium Risk
1618,20.0,Low Risk
1618,64.5,High Risk
1618,51.75,High Risk
1618,50.5,High Risk
1618,26.75,Medium Risk
1618,31.75,Medium Risk
1618,40.0,Medium Risk
1619,19.25,Low Risk
1619,31.75,Medium Risk
1619,44.5,Medium Risk
1619,32.5,Medium Risk
1619,52.25,High Risk
1619,35.5,Medium Risk
1619,34.25,Medium Risk
1619,95.0,Critical Risk
1619,26.75,Medium Risk
1619,27.25,Medium Risk
1619,60.25,High Risk
1619,100.0,Critical Risk
1619,74.0,High Risk
1619,51.5,High Risk
1619,35.0,Medium Risk
1619,37.25,Medium Risk
1619,40.25,Medium Risk
1620,19.25,Low Risk
1620,59.75,High Risk
1620,49.75,Medium Risk
1620,32.5,Medium Risk
1620,29.0,Medium Risk
1620,27.5,Medium Risk
1620,23.0,Low Risk
1620,42.25,Medium Risk
1620,20.0,Low Risk
1620,27.25,Medium Risk
1620,26.75,Medium Risk
1621,47.25,Medium Risk
1621,60.5,High Risk
1621,59.75,High Risk
1621,35.5,Medium Risk
1621,32.5,Medium Risk
1621,20.0,Low Risk
1621,19.25,Low Risk
1621,31.75,Medium Risk
1621,36.5,Medium Risk
1621,37.25,Medium Risk
1621,27.25,Medium Risk
1621,38.0,Medium Risk
1621,27.5,Medium Risk
1622,20.0,Low Risk
1622,49.75,Medium Risk
1622,82.0,Critical Risk
1622,19.25,Low Risk
1622,36.5,Medium Risk
1622,22.25,Low Risk
1622,31.75,Medium Risk
1622,30.5,Medium Risk
1622,74.0,High Risk
1622,27.25,Medium Risk
1622,39.25,Medium Risk
1622,87.0,Critical Risk
1623,54.75,High Risk
1623,35.0,Medium Risk
1623,62.0,High Risk
1623,34.25,Medium Risk
1623,19.25,Low Risk
1623,46.75,Medium Risk
1623,59.5,High Risk
1623,39.25,Medium Risk
1623,34.75,Medium Risk
1623,27.5,Medium Risk
1623,56.5,High Risk
1623,64.75,High Risk
1623,40.0,Medium Risk
1623,62.5,High Risk
1623,26.75,Medium Risk
1623,52.5,High Risk
1623,39.75,Medium Risk
1624,31.75,Medium Risk
1624,20.0,Low Risk
1624,26.75,Medium Risk
1624,19.25,Low Risk
1624,76.0,Critical Risk
1624,51.5,High Risk
1624,34.25,Medium Risk
1624,28.0,Medium Risk
1624,59.75,High Risk
1624,48.0,Medium Risk
1624,74.0,High Risk
1624,40.0,Medium Risk
1624,27.5,Medium Risk
1624,69.0,High Risk
1624,51.75,High Risk
1625,92.0,Critical Risk
1625,34.25,Medium Risk
1625,76.0,Critical Risk
1625,32.5,Medium Risk
1625,19.25,Low Risk
1625,39.25,Medium Risk
1625,35.0,Medium Risk
1625,20.0,Low Risk
1625,44.0,Medium Risk
1625,48.0,Medium Risk
1625,35.5,Medium Risk
1625,34.75,Medium Risk
1625,39.75,Medium Risk
1625,40.0,Medium Risk
1625,52.5,High Risk
1625,46.75,Medium Risk
1625,22.25,Low Risk
1626,82.0,Critical Risk
1626,54.75,High Risk
1626,64.0,High Risk
1626,27.25,Medium Risk
1626,26.75,Medium Risk
1626,76.5,Critical Risk
1626,40.0,Medium Risk
1626,57.5,High Risk
1626,20.0,Low Risk
1626,69.0,High Risk
1626,19.25,Low Risk
1626,35.5,Medium Risk
1626,31.75,Medium Risk
1626,52.25,High Risk
1626,50.5,High Risk
1626,51.75,High Risk
1626,32.5,Medium Risk
1626,35.0,Medium Risk
1626,41.5,Medium Risk
1626,66.5,High Risk
1626,55.5,High Risk
1626,43.0,Medium Risk
1626,34.25,Medium Risk
1626,39.25,Medium Risk
1626,47.0,Medium Risk
1627,25.0,Low Risk
1627,31.75,Medium Risk
1627,69.0,High Risk
1627,56.5,High Risk
1627,23.0,Low Risk
1627,43.0,Medium Risk
1627,34.75,Medium Risk
1627,28.0,Medium Risk
1627,44.0,Medium Risk
1627,54.75,High Risk
1627,48.0,Medium Risk
1627,20.0,Low Risk
1627,27.5,Medium Risk
1627,27.25,Medium Risk
1627,40.0,Medium Risk
1627,19.25,Low Risk
1627,74.5,High Risk
1628,52.5,High Risk
1628,35.0,Medium Risk
1628,27.5,Medium Risk
1628,19.25,Low Risk
1628,40.5,Medium Risk
1628,39.25,Medium Risk
1628,56.75,High Risk
1628,32.5,Medium Risk
1628,51.75,High Risk
1628,20.0,Low Risk
1628,74.0,High Risk
1628,57.0,High Risk
1628,42.25,Medium Risk
1628,40.0,Medium Risk
1628,49.75,Medium Risk
1628,43.0,Medium Risk
1628,22.25,Low Risk
1628,25.0,Low Risk
1628,55.5,High Risk
1629,47.5,Medium Risk
1629,35.0,Medium Risk
1629,46.75,Medium Risk
1629,19.25,Low Risk
1629,69.0,High Risk
1629,74.0,High Risk
1629,20.0,Low Risk
1629,34.25,Medium Risk
1629,55.5,High Risk
1629,47.0,Medium Risk
1629,41.5,Medium Risk
1629,67.0,High Risk
1630,27.5,Medium Risk
1630,19.25,Low Risk
1630,47.25,Medium Risk
1630,49.0,Medium Risk
1630,20.0,Low Risk
1630,26.75,Medium Risk
1630,39.25,Medium Risk
1630,22.0,Low Risk
1630,21.25,Low Risk
1630,32.0,Medium Risk
1630,37.25,Medium Risk
1630,28.0,Medium Risk
1630,52.5,High Risk
1631,49.0,Medium Risk
1631,19.25,Low Risk
1631,52.0,High Risk
1631,40.0,Medium Risk
1631,27.5,Medium Risk
1631,31.75,Medium Risk
1631,22.25,Low Risk
1631,20.0,Low Risk
1631,28.0,Medium Risk
1631,34.25,Medium Risk
1631,37.25,Medium Risk
1631,39.25,Medium Risk
1631,57.0,High Risk
1631,60.25,High Risk
1632,20.0,Low Risk
1632,36.5,Medium Risk
1632,19.25,Low Risk
1632,22.25,Low Risk
1632,47.25,Medium Risk
1632,34.25,Medium Risk
1632,52.0,High Risk
1632,49.0,Medium Risk
1632,35.5,Medium Risk
1632,32.5,Medium Risk
1632,44.0,Medium Risk
1632,27.5,Medium Risk
1632,59.5,High Risk
1632,26.75,Medium Risk
1632,53.0,High Risk
1632,57.25,High Risk
1632,74.0,High Risk
1633,20.0,Low Risk
1633,61.5,High Risk
1633,65.5,High Risk
1633,59.75,High Risk
1633,19.25,Low Risk
1633,22.0,Low Risk
1633,56.5,High Risk
1633,35.0,Medium Risk
1633,23.0,Low Risk
1633,39.25,Medium Risk
1633,46.75,Medium Risk
1633,21.25,Low Risk
1634,29.0,Medium Risk
1634,46.75,Medium Risk
1634,19.25,Low Risk
1634,35.0,Medium Risk
1634,41.5,Medium Risk
1634,20.0,Low Risk
1634,27.25,Medium Risk
1634,39.25,Medium Risk
1635,39.25,Medium Risk
1635,19.25,Low Risk
1635,54.75,High Risk
1635,74.0,High Risk
1635,20.0,Low Risk
1635,61.5,High Risk
1635,27.25,Medium Risk
1635,46.75,Medium Risk
1635,57.5,High Risk
1635,31.75,Medium Risk
1635,41.5,Medium Risk
1635,40.0,Medium Risk
1635,29.0,Medium Risk
1636,39.25,Medium Risk
1636,40.0,Medium Risk
1636,20.0,Low Risk
1636,22.0,Low Risk
1636,74.0,High Risk
1636,47.5,Medium Risk
1636,34.75,Medium Risk
1636,19.25,Low Risk
1636,22.25,Low Risk
1636,72.0,High Risk
1636,31.75,Medium Risk
1636,49.0,Medium Risk
1636,34.25,Medium Risk
1636,47.25,Medium Risk
1636,27.5,Medium Risk
1636,27.25,Medium Risk
1637,32.5,Medium Risk
1637,31.75,Medium Risk
1637,69.0,High Risk
1637,20.0,Low Risk
1637,40.0,Medium Risk
1637,36.5,Medium Risk
1637,51.75,High Risk
1637,55.5,High Risk
1637,50.5,High Risk
1637,74.0,High Risk
1637,69.5,High Risk
1637,56.5,High Risk
1637,46.75,Medium Risk
1637,45.5,Medium Risk
1638,20.0,Low Risk
1638,22.25,Low Risk
1638,39.25,Medium Risk
1638,47.0,Medium Risk
1638,29.0,Medium Risk
1638,37.25,Medium Risk
1638,19.25,Low Risk
1638,28.0,Medium Risk
1638,34.75,Medium Risk
1638,22.0,Low Risk
1638,37.0,Medium Risk
1639,41.5,Medium Risk
1639,19.25,Low Risk
1639,28.0,Medium Risk
1639,20.0,Low Risk
1639,56.5,High Risk
1639,32.5,Medium Risk
1639,23.0,Low Risk
1639,29.0,Medium Risk
1639,26.75,Medium Risk
1639,31.75,Medium Risk
1639,39.75,Medium Risk
1639,40.0,Medium Risk
1639,27.5,Medium Risk
1639,44.0,Medium Risk
1639,29.75,Medium Risk
1640,27.25,Medium Risk
1640,51.75,High Risk
1640,19.25,Low Risk
1640,23.0,Low Risk
1640,20.0,Low Risk
1640,27.5,Medium Risk
1640,49.0,Medium Risk
1640,32.5,Medium Risk
1640,47.5,Medium Risk
1640,66.5,High Risk
1640,69.0,High Risk
1640,26.75,Medium Risk
1640,40.0,Medium Risk
1640,48.0,Medium Risk
1640,31.0,Medium Risk
1641,42.25,Medium Risk
1641,32.0,Medium Risk
1641,20.0,Low Risk
1641,29.0,Medium Risk
1641,19.25,Low Risk
1641,47.5,Medium Risk
1641,22.25,Low Risk
1641,82.0,Critical Risk
1641,28.0,Medium Risk
1641,43.0,Medium Risk
1641,53.0,High Risk
1641,27.25,Medium Risk
1641,41.5,Medium Risk
1641,34.25,Medium Risk
1642,20.0,Low Risk
1642,44.5,Medium Risk
1642,19.25,Low Risk
1642,21.25,Low Risk
1642,23.0,Low Risk
1642,42.25,Medium Risk
1642,47.5,Medium Risk
1642,26.75,Medium Risk
1642,29.0,Medium Risk
1642,22.0,Low Risk
1642,28.0,Medium Risk
1643,41.5,Medium Risk
1643,20.0,Low Risk
1643,30.5,Medium Risk
1643,28.0,Medium Risk
1643,26.75,Medium Risk
1643,31.75,Medium Risk
1643,32.5,Medium Risk
1643,19.25,Low Risk
1643,47.25,Medium Risk
1643,32.0,Medium Risk
1644,57.0,High Risk
1644,52.5,High Risk
1644,19.25,Low Risk
1644,20.0,Low Risk
1644,64.0,High Risk
1644,51.75,High Risk
1644,47.5,Medium Risk
1644,92.0,Critical Risk
1644,44.5,Medium Risk
1644,74.0,High Risk
1644,69.0,High Risk
1644,46.75,Medium Risk
1644,39.25,Medium Risk
1644,27.25,Medium Risk
1645,67.75,High Risk
1645,32.0,Medium Risk
1645,56.5,High Risk
1645,39.25,Medium Risk
1645,20.0,Low Risk
1645,32.5,Medium Risk
1645,27.25,Medium Risk
1645,21.25,Low Risk
1645,52.5,High Risk
1645,19.25,Low Risk
1645,27.5,Medium Risk
1645,46.75,Medium Risk
1645,28.75,Medium Risk
1645,47.5,Medium Risk
1645,34.25,Medium Risk
1645,40.0,Medium Risk
1645,77.0,Critical Risk
1645,49.5,Medium Risk
1646,20.0,Low Risk
1646,39.25,Medium Risk
1646,27.5,Medium Risk
1646,46.75,Medium Risk
1646,40.0,Medium Risk
1646,60.5,High Risk
1646,19.25,Low Risk
1646,35.0,Medium Risk
1646,50.0,Medium Risk
1646,32.5,Medium Risk
1646,42.25,Medium Risk
1646,37.25,Medium Risk
1646,39.75,Medium Risk
1646,28.0,Medium Risk
1647,47.25,Medium Risk
1647,27.25,Medium Risk
1647,19.25,Low Risk
1647,22.25,Low Risk
1647,42.25,Medium Risk
1647,38.0,Medium Risk
1647,41.0,Medium Risk
1647,56.75,High Risk
1647,51.75,High Risk
1647,37.25,Medium Risk
1647,39.25,Medium Risk
1648,19.25,Low Risk
1648,20.0,Low Risk
1648,22.25,Low Risk
1648,52.5,High Risk
1648,41.5,Medium Risk
1648,23.0,Low Risk
1648,31.75,Medium Risk
1648,35.0,Medium Risk
1648,37.25,Medium Risk
1648,69.0,High Risk
1648,57.0,High Risk
1649,39.25,Medium Risk
1649,28.0,Medium Risk
1649,77.0,Critical Risk
1649,20.0,Low Risk
1649,43.0,Medium Risk
1649,74.5,High Risk
1649,27.5,Medium Risk
1649,21.25,Low Risk
1649,36.5,Medium Risk
1649,19.25,Low Risk
1649,74.0,High Risk
1649,31.75,Medium Risk
1649,32.5,Medium Risk
1649,27.25,Medium Risk
1649,44.5,Medium Risk
1650,20.0,Low Risk
1650,27.5,Medium Risk
1650,92.0,Critical Risk
1650,31.75,Medium Risk
1650,56.5,High Risk
1650,19.25,Low Risk
1650,74.0,High Risk
1650,21.25,Low Risk
1650,27.25,Medium Risk
1650,22.25,Low Risk
1650,41.0,Medium Risk
1650,64.5,High Risk
1650,35.0,Medium Risk
1651,74.0,High Risk
1651,35.0,Medium Risk
1651,49.75,Medium Risk
1651,19.25,Low Risk
1651,32.5,Medium Risk
1651,22.25,Low Risk
1651,69.0,High Risk
1651,59.5,High Risk
1651,64.0,High Risk
1651,27.25,Medium Risk
1651,31.75,Medium Risk
1651,39.25,Medium Risk
1651,49.0,Medium Risk
1652,20.0,Low Risk
1652,19.25,Low Risk
1652,22.25,Low Risk
1652,74.0,High Risk
1652,23.0,Low Risk
1652,56.75,High Risk
1652,64.0,High Risk
1652,40.0,Medium Risk
1652,35.0,Medium Risk
1652,49.0,Medium Risk
1652,46.75,Medium Risk
1653,32.5,Medium Risk
1653,20.0,Low Risk
1653,69.0,High Risk
1653,39.75,Medium Risk
1653,74.0,High Risk
1653,22.25,Low Risk
1653,19.25,Low Risk
1653,52.5,High Risk
1653,36.5,Medium Risk
1653,27.5,Medium Risk
1653,33.75,Medium Risk
1653,22.0,Low Risk
1654,28.0,Medium Risk
1654,31.75,Medium Risk
1654,35.5,Medium Risk
1654,42.0,Medium Risk
1654,49.75,Medium Risk
1654,36.5,Medium Risk
1654,22.25,Low Risk
1654,57.5,High Risk
1654,20.0,Low Risk
1654,49.0,Medium Risk
1654,19.25,Low Risk
1654,64.0,High Risk
1654,34.75,Medium Risk
1654,69.0,High Risk
1654,32.5,Medium Risk
1655,39.25,Medium Risk
1655,46.75,Medium Risk
1655,26.75,Medium Risk
1655,56.75,High Risk
1655,58.0,High Risk
1655,29.0,Medium Risk
1655,31.75,Medium Risk
1655,51.75,High Risk
1655,74.0,High Risk
1655,20.0,Low Risk
1655,19.25,Low Risk
1655,32.5,Medium Risk
1655,67.0,High Risk
1655,36.5,Medium Risk
1656,52.0,High Risk
1656,27.5,Medium Risk
1656,43.0,Medium Risk
1656,34.25,Medium Risk
1656,26.75,Medium Risk
1656,35.0,Medium Risk
1656,29.0,Medium Risk
1656,82.0,Critical Risk
1656,20.0,Low Risk
1656,37.25,Medium Risk
1656,22.25,Low Risk
1656,19.25,Low Risk
1656,87.0,Critical Risk
1656,27.25,Medium Risk
1656,23.0,Low Risk
1656,64.5,High Risk
1656,38.0,Medium Risk
1657,59.75,High Risk
1657,41.5,Medium Risk
1657,56.5,High Risk
1657,27.5,Medium Risk
1657,27.25,Medium Risk
1657,39.75,Medium Risk
1657,64.0,High Risk
1657,19.25,Low Risk
1657,31.75,Medium Risk
1657,22.25,Low Risk
1657,40.0,Medium Risk
1657,20.0,Low Risk
1657,56.75,High Risk
1657,43.0,Medium Risk
1657,24.25,Low Risk
1657,35.5,Medium Risk
1657,52.5,High Risk
1657,60.5,High Risk
1657,36.5,Medium Risk
1658,19.25,Low Risk
1658,20.0,Low Risk
1658,32.5,Medium Risk
1658,40.5,Medium Risk
1658,29.0,Medium Risk
1658,22.25,Low Risk
1658,26.75,Medium Risk
1658,40.0,Medium Risk
1658,77.0,Critical Risk
1658,49.5,Medium Risk
1658,46.75,Medium Risk
1658,35.5,Medium Risk
1658,39.75,Medium Risk
1658,27.25,Medium Risk
1658,41.5,Medium Risk
1659,31.75,Medium Risk
1659,51.5,High Risk
1659,32.5,Medium Risk
1659,74.0,High Risk
1659,20.0,Low Risk
1659,19.25,Low Risk
1659,34.75,Medium Risk
1659,22.25,Low Risk
1659,37.0,Medium Risk
1659,95.0,Critical Risk
1659,39.25,Medium Risk
1659,92.0,Critical Risk
1659,42.0,Medium Risk
1660,29.0,Medium Risk
1660,19.25,Low Risk
1660,26.75,Medium Risk
1660,74.0,High Risk
1660,20.0,Low Risk
1660,35.0,Medium Risk
1660,34.75,Medium Risk
1660,74.75,High Risk
1660,54.75,High Risk
1660,56.75,High Risk
1660,47.5,Medium Risk
1660,35.5,Medium Risk
1660,69.75,High Risk
1660,39.25,Medium Risk
1660,59.75,High Risk
1660,67.0,High Risk
1660,21.25,Low Risk
1660,29.75,Medium Risk
1661,29.0,Medium Risk
1661,27.5,Medium Risk
1661,27.25,Medium Risk
1661,35.5,Medium Risk
1661,47.5,Medium Risk
1661,82.0,Critical Risk
1661,57.5,High Risk
1661,56.75,High Risk
1661,55.5,High Risk
1661,20.0,Low Risk
1661,31.75,Medium Risk
1661,19.25,Low Risk
1661,26.75,Medium Risk
1661,49.5,Medium Risk
1661,69.0,High Risk
1661,92.0,Critical Risk
1661,77.0,Critical Risk
1662,48.0,Medium Risk
1662,69.0,High Risk
1662,41.25,Medium Risk
1662,54.5,High Risk
1662,41.5,Medium Risk
1662,26.75,Medium Risk
1662,68.5,High Risk
1662,40.0,Medium Risk
1662,35.0,Medium Risk
1662,74.0,High Risk
1662,20.0,Low Risk
1662,32.5,Medium Risk
1662,27.5,Medium Risk
1662,77.0,Critical Risk
1663,29.0,Medium Risk
1663,31.75,Medium Risk
1663,77.0,Critical Risk
1663,48.5,Medium Risk
1663,50.5,High Risk
1663,26.75,Medium Risk
1663,22.25,Low Risk
1663,32.5,Medium Risk
1663,35.0,Medium Risk
1663,64.0,High Risk
1663,19.25,Low Risk
1663,46.75,Medium Risk
1663,27.25,Medium Risk
1664,51.75,High Risk
1664,19.25,Low Risk
1664,42.0,Medium Risk
1664,43.0,Medium Risk
1664,20.0,Low Risk
1664,77.0,Critical Risk
1664,32.0,Medium Risk
1664,27.5,Medium Risk
1664,29.0,Medium Risk
1664,57.0,High Risk
1665,26.75,Medium Risk
1665,19.25,Low Risk
1665,29.5,Medium Risk
1665,35.0,Medium Risk
1665,40.0,Medium Risk
1665,54.75,High Risk
1665,60.5,High Risk
1665,23.0,Low Risk
1665,28.0,Medium Risk
1665,31.75,Medium Risk
1665,27.25,Medium Risk
1665,34.25,Medium Risk
1665,56.75,High Risk
1665,56.5,High Risk
1665,42.25,Medium Risk
1665,47.5,Medium Risk
1665,20.0,Low Risk
1665,38.0,Medium Risk
1665,46.75,Medium Risk
1666,32.5,Medium Risk
1666,20.0,Low Risk
1666,34.25,Medium Risk
1666,35.0,Medium Risk
1666,41.5,Medium Risk
1666,26.75,Medium Risk
1666,31.75,Medium Risk
1666,70.0,High Risk
1666,47.25,Medium Risk
1666,28.0,Medium Risk
1666,19.25,Low Risk
1666,56.5,High Risk
1666,74.0,High Risk
1666,29.0,Medium Risk
1666,36.5,Medium Risk
1667,29.0,Medium Risk
1667,34.75,Medium Risk
1667,27.5,Medium Risk
1667,42.25,Medium Risk
1667,41.5,Medium Risk
1667,39.25,Medium Risk
1667,57.25,High Risk
1667,59.75,High Risk
1667,50.5,High Risk
1667,22.25,Low Risk
1667,32.5,Medium Risk
1667,20.0,Low Risk
1667,66.5,High Risk
1667,40.5,Medium Risk
1667,26.75,Medium Risk
1668,19.25,Low Risk
1668,46.75,Medium Risk
1668,37.25,Medium Risk
1668,29.0,Medium Risk
1668,47.5,Medium Risk
1668,56.75,High Risk
1668,52.5,High Risk
1668,27.25,Medium Risk
1668,61.5,High Risk
1668,20.0,Low Risk
1668,57.5,High Risk
1668,31.0,Medium Risk
1668,58.0,High Risk
1668,40.0,Medium Risk
1668,22.25,Low Risk
1668,51.75,High Risk
1669,19.25,Low Risk
1669,20.0,Low Risk
1669,60.5,High Risk
1669,57.5,High Risk
1669,22.25,Low Risk
1669,47.5,Medium Risk
1669,52.5,High Risk
1669,49.75,Medium Risk
1669,23.0,Low Risk
1669,27.25,Medium Risk
1669,31.75,Medium Risk
1669,56.75,High Risk
1670,19.25,Low Risk
1670,40.0,Medium Risk
1670,51.75,High Risk
1670,74.0,High Risk
1670,34.75,Medium Risk
1670,69.0,High Risk
1670,20.0,Low Risk
1670,39.25,Medium Risk
1670,44.0,Medium Risk
1670,57.5,High Risk
1670,42.25,Medium Risk
1670,28.0,Medium Risk
1670,41.5,Medium Risk
1670,52.5,High Risk
1670,34.25,Medium Risk
1670,27.25,Medium Risk
1670,77.0,Critical Risk
1670,39.5,Medium Risk
1671,20.0,Low Risk
1671,45.5,Medium Risk
1671,51.5,High Risk
1671,19.25,Low Risk
1671,74.0,High Risk
1671,60.25,High Risk
1671,69.0,High Risk
1671,48.0,Medium Risk
1671,22.25,Low Risk
1671,67.0,High Risk
1671,36.5,Medium Risk
1672,22.25,Low Risk
1672,26.75,Medium Risk
1672,77.0,Critical Risk
1672,31.75,Medium Risk
1672,27.25,Medium Risk
1672,19.25,Low Risk
1672,64.5,High Risk
1672,38.0,Medium Risk
1672,40.0,Medium Risk
1672,47.5,Medium Risk
1672,20.0,Low Risk
1672,32.5,Medium Risk
1672,39.25,Medium Risk
1672,61.5,High Risk
1672,49.0,Medium Risk
1672,46.75,Medium Risk
1673,20.0,Low Risk
1673,19.25,Low Risk
1673,57.5,High Risk
1673,48.0,Medium Risk
1673,22.0,Low Risk
1673,39.5,Medium Risk
1673,30.5,Medium Risk
1673,39.25,Medium Risk
1673,28.0,Medium Risk
1674,29.0,Medium Risk
1674,40.0,Medium Risk
1674,20.0,Low Risk
1674,27.5,Medium Risk
1674,22.25,Low Risk
1674,19.25,Low Risk
1674,23.0,Low Risk
1674,49.0,Medium Risk
1674,39.25,Medium Risk
1674,69.0,High Risk
1674,56.5,High Risk
1674,74.0,High Risk
1674,57.5,High Risk
1674,40.5,Medium Risk
1674,30.5,Medium Risk
1674,27.25,Medium Risk
1675,82.0,Critical Risk
1675,41.0,Medium Risk
1675,44.0,Medium Risk
1675,34.25,Medium Risk
1675,64.0,High Risk
1675,20.0,Low Risk
1675,19.25,Low Risk
1675,74.0,High Risk
1675,39.25,Medium Risk
1675,27.25,Medium Risk
1675,48.0,Medium Risk
1675,22.25,Low Risk
1675,32.0,Medium Risk
1675,54.75,High Risk
1676,40.5,Medium Risk
1676,20.0,Low Risk
1676,64.0,High Risk
1676,19.25,Low Risk
1676,27.5,Medium Risk
1676,40.0,Medium Risk
1676,44.5,Medium Risk
1676,46.75,Medium Risk
1676,56.5,High Risk
1676,44.0,Medium Risk
1676,77.0,Critical Risk
1676,21.25,Low Risk
1676,51.75,High Risk
1676,29.0,Medium Risk
1676,74.0,High Risk
1677,19.25,Low Risk
1677,31.75,Medium Risk
1677,40.5,Medium Risk
1677,34.25,Medium Risk
1677,28.0,Medium Risk
1677,44.0,Medium Risk
1677,20.0,Low Risk
1677,49.0,Medium Risk
1677,32.5,Medium Risk
1677,38.0,Medium Risk
1677,22.25,Low Risk
1678,41.5,Medium Risk
1678,44.0,Medium Risk
1678,34.25,Medium Risk
1678,39.25,Medium Risk
1678,19.25,Low Risk
1678,57.25,High Risk
1678,64.0,High Risk
1678,31.75,Medium Risk
1678,27.5,Medium Risk
1678,48.0,Medium Risk
1678,36.5,Medium Risk
1678,36.25,Medium Risk
1678,40.0,Medium Risk
1678,51.75,High Risk
1678,82.0,Critical Risk
1678,52.25,High Risk
1678,38.0,Medium Risk
1678,32.5,Medium Risk
1679,64.0,High Risk
1679,32.5,Medium Risk
1679,34.75,Medium Risk
1679,39.25,Medium Risk
1679,21.25,Low Risk
1679,19.25,Low Risk
1679,20.0,Low Risk
1679,23.0,Low Risk
1679,72.0,High Risk
1679,69.5,High Risk
1679,82.0,Critical Risk
1679,27.25,Medium Risk
1679,28.0,Medium Risk
1679,67.0,High Risk
1680,26.75,Medium Risk
1680,20.0,Low Risk
1680,40.0,Medium Risk
1680,47.5,Medium Risk
1680,50.5,High Risk
1680,19.25,Low Risk
1680,37.25,Medium Risk
1680,39.25,Medium Risk
1681,32.5,Medium Risk
1681,20.0,Low Risk
1681,19.25,Low Risk
1681,27.25,Medium Risk
1681,39.25,Medium Risk
1681,26.75,Medium Risk
1681,37.25,Medium Risk
1681,34.75,Medium Risk
1681,46.75,Medium Risk
1681,31.75,Medium Risk
1681,29.0,Medium Risk
1681,34.25,Medium Risk
1681,53.75,High Risk
1681,74.0,High Risk
1682,38.0,Medium Risk
1682,22.25,Low Risk
1682,41.5,Medium Risk
1682,57.5,High Risk
1682,19.25,Low Risk
1682,49.0,Medium Risk
1682,20.0,Low Risk
1682,43.0,Medium Risk
1682,27.25,Medium Risk
1682,35.0,Medium Risk
1682,36.5,Medium Risk
1682,40.25,Medium Risk
1682,29.0,Medium Risk
1682,37.25,Medium Risk
1682,34.25,Medium Risk
1683,32.5,Medium Risk
1683,69.0,High Risk
1683,34.25,Medium Risk
1683,20.0,Low Risk
1683,19.25,Low Risk
1683,44.0,Medium Risk
1683,43.0,Medium Risk
1683,31.75,Medium Risk
1683,35.5,Medium Risk
1683,23.0,Low Risk
1683,39.25,Medium Risk
1683,74.0,High Risk
1683,46.75,Medium Risk
1683,40.5,Medium Risk
1683,48.0,Medium Risk
1683,37.25,Medium Risk
1683,42.0,Medium Risk
1684,67.0,High Risk
1684,47.0,Medium Risk
1684,64.0,High Risk
1684,51.75,High Risk
1684,41.5,Medium Risk
1684,69.0,High Risk
1684,19.25,Low Risk
1684,82.0,Critical Risk
1684,22.25,Low Risk
1684,65.0,High Risk
1684,34.25,Medium Risk
1684,52.5,High Risk
1684,64.5,High Risk
1684,32.5,Medium Risk
1684,56.5,High Risk
1684,40.0,Medium Risk
1685,39.75,Medium Risk
1685,27.5,Medium Risk
1685,31.75,Medium Risk
1685,19.25,Low Risk
1685,20.0,Low Risk
1685,22.25,Low Risk
1685,47.5,Medium Risk
1685,32.5,Medium Risk
1685,46.75,Medium Risk
1685,37.25,Medium Risk
1685,26.75,Medium Risk
1685,39.5,Medium Risk
1685,40.0,Medium Risk
1685,57.5,High Risk
1685,41.5,Medium Risk
1685,27.25,Medium Risk
1685,40.5,Medium Risk
1685,60.5,High Risk
1686,22.25,Low Risk
1686,19.25,Low Risk
1686,40.25,Medium Risk
1686,37.25,Medium Risk
1686,29.0,Medium Risk
1686,20.0,Low Risk
1686,31.75,Medium Risk
1686,23.0,Low Risk
1686,28.75,Medium Risk
1686,27.5,Medium Risk
1686,28.0,Medium Risk
1687,35.5,Medium Risk
1687,19.25,Low Risk
1687,46.75,Medium Risk
1687,52.5,High Risk
1687,20.0,Low Risk
1687,60.5,High Risk
1687,27.5,Medium Risk
1687,65.5,High Risk
1687,47.5,Medium Risk
1687,37.25,Medium Risk
1687,32.5,Medium Risk
1687,47.25,Medium Risk
1687,39.25,Medium Risk
1687,30.5,Medium Risk
1687,27.25,Medium Risk
1687,23.0,Low Risk
1687,56.5,High Risk
1688,34.25,Medium Risk
1688,47.25,Medium Risk
1688,56.5,High Risk
1688,27.25,Medium Risk
1688,31.75,Medium Risk
1688,52.25,High Risk
1688,69.0,High Risk
1688,72.0,High Risk
1688,26.75,Medium Risk
1688,82.0,Critical Risk
1688,29.0,Medium Risk
1688,19.25,Low Risk
1688,64.0,High Risk
1688,42.25,Medium Risk
1688,28.0,Medium Risk
1688,77.0,Critical Risk
1688,40.0,Medium Risk
1688,32.5,Medium Risk
1688,38.0,Medium Risk
1689,40.0,Medium Risk
1689,27.5,Medium Risk
1689,19.25,Low Risk
1689,46.75,Medium Risk
1689,23.0,Low Risk
1689,41.5,Medium Risk
1689,26.75,Medium Risk
1689,30.5,Medium Risk
1689,69.5,High Risk
1689,54.5,High Risk
1689,28.0,Medium Risk
1689,32.5,Medium Risk
1689,44.0,Medium Risk
1689,27.25,Medium Risk
1689,56.5,High Risk
1689,20.0,Low Risk
1689,31.75,Medium Risk
1689,39.25,Medium Risk
1690,22.25,Low Risk
1690,34.25,Medium Risk
1690,20.0,Low Risk
1690,19.25,Low Risk
1690,64.0,High Risk
1690,27.25,Medium Risk
1690,37.25,Medium Risk
1690,56.75,High Risk
1690,40.5,Medium Risk
1690,23.0,Low Risk
1690,35.0,Medium Risk
1690,56.5,High Risk
1691,31.75,Medium Risk
1691,27.25,Medium Risk
1691,20.0,Low Risk
1691,19.25,Low Risk
1691,52.5,High Risk
1691,26.75,Medium Risk
1691,22.25,Low Risk
1691,41.5,Medium Risk
1691,32.5,Medium Risk
1691,74.0,High Risk
1691,23.0,Low Risk
1691,39.25,Medium Risk
1691,34.75,Medium Risk
1692,19.25,Low Risk
1692,29.0,Medium Risk
1692,46.75,Medium Risk
1692,27.25,Medium Risk
1692,31.75,Medium Risk
1692,52.0,High Risk
1692,34.75,Medium Risk
1692,20.0,Low Risk
1692,32.5,Medium Risk
1692,37.25,Medium Risk
1692,27.5,Medium Risk
1692,26.75,Medium Risk
1692,39.25,Medium Risk
1692,22.0,Low Risk
1693,39.25,Medium Risk
1693,31.75,Medium Risk
1693,32.0,Medium Risk
1693,27.5,Medium Risk
1693,41.5,Medium Risk
1693,29.0,Medium Risk
1693,35.5,Medium Risk
1693,26.75,Medium Risk
1693,29.75,Medium Risk
1693,23.0,Low Risk
1693,20.0,Low Risk
1694,28.0,Medium Risk
1694,19.25,Low Risk
1694,34.75,Medium Risk
1694,40.0,Medium Risk
1694,30.5,Medium Risk
1694,27.25,Medium Risk
1694,20.0,Low Risk
1694,39.25,Medium Risk
1695,47.25,Medium Risk
1695,60.25,High Risk
1695,28.0,Medium Risk
1695,43.0,Medium Risk
1695,26.75,Medium Risk
1695,30.5,Medium Risk
1695,31.75,Medium Risk
1695,20.0,Low Risk
1695,32.5,Medium Risk
1695,23.0,Low Risk
1695,53.5,High Risk
1695,19.25,Low Risk
1695,35.5,Medium Risk
1695,22.25,Low Risk
1695,56.5,High Risk
1695,42.0,Medium Risk
1695,39.25,Medium Risk
1695,49.0,Medium Risk
1695,34.75,Medium Risk
1696,20.0,Low Risk
1696,47.5,Medium Risk
1696,19.25,Low Risk
1696,39.25,Medium Risk
1696,34.75,Medium Risk
1696,69.0,High Risk
1696,74.0,High Risk
1696,51.75,High Risk
1696,43.0,Medium Risk
1697,27.25,Medium Risk
1697,20.0,Low Risk
1697,64.5,High Risk
1697,28.0,Medium Risk
1697,64.0,High Risk
1697,39.25,Medium Risk
1697,19.25,Low Risk
1697,74.0,High Risk
1697,26.75,Medium Risk
1697,46.75,Medium Risk
1697,49.5,Medium Risk
1697,29.0,Medium Risk
1697,25.0,Low Risk
1698,20.0,Low Risk
1698,74.0,High Risk
1698,39.75,Medium Risk
1698,52.5,High Risk
1698,23.0,Low Risk
1698,36.5,Medium Risk
1698,64.5,High Risk
1698,57.25,High Risk
1698,46.75,Medium Risk
1698,49.0,Medium Risk
1698,26.75,Medium Risk
1698,47.5,Medium Risk
1698,77.0,Critical Risk
1698,69.0,High Risk
1698,19.25,Low Risk
1698,55.5,High Risk
1698,51.75,High Risk
1698,27.25,Medium Risk
1698,56.75,High Risk
1699,19.25,Low Risk
1699,35.0,Medium Risk
1699,56.5,High Risk
1699,42.25,Medium Risk
1699,39.25,Medium Risk
1699,20.0,Low Risk
1699,31.75,Medium Risk
1699,40.0,Medium Risk
1699,71.0,High Risk
1699,72.0,High Risk
1699,27.5,Medium Risk
1699,69.0,High Risk
1699,37.0,Medium Risk
1699,34.25,Medium Risk
1699,44.0,Medium Risk
1699,64.0,High Risk
1699,47.25,Medium Risk
1699,74.0,High Risk
1700,19.25,Low Risk
1700,22.25,Low Risk
1700,47.5,Medium Risk
1700,57.5,High Risk
1700,34.25,Medium Risk
1700,64.5,High Risk
1700,74.0,High Risk
1700,22.0,Low Risk
1700,20.0,Low Risk
1700,37.25,Medium Risk
1700,59.75,High Risk
1700,40.0,Medium Risk
1701,64.0,High Risk
1701,26.75,Medium Risk
1701,20.0,Low Risk
1701,57.5,High Risk
1701,19.25,Low Risk
1701,27.25,Medium Risk
1701,29.75,Medium Risk
1701,56.75,High Risk
1701,52.5,High Risk
1701,49.5,Medium Risk
1701,82.0,Critical Risk
1701,46.75,Medium Risk
1701,27.5,Medium Risk
1701,74.0,High Risk
1702,46.75,Medium Risk
1702,40.0,Medium Risk
1702,20.0,Low Risk
1702,35.5,Medium Risk
1702,31.75,Medium Risk
1702,51.75,High Risk
1702,39.25,Medium Risk
1702,35.0,Medium Risk
1702,26.75,Medium Risk
1702,52.0,High Risk
1702,34.25,Medium Risk
1702,32.5,Medium Risk
1702,29.0,Medium Risk
1702,19.25,Low Risk
1702,61.5,High Risk
1703,28.0,Medium Risk
1703,32.5,Medium Risk
1703,19.25,Low Risk
1703,46.75,Medium Risk
1703,32.0,Medium Risk
1703,20.0,Low Risk
1703,27.25,Medium Risk
1703,39.25,Medium Risk
1703,47.25,Medium Risk
1703,37.0,Medium Risk
1703,21.25,Low Risk
1703,36.25,Medium Risk
1703,23.0,Low Risk
1703,35.0,Medium Risk
1704,27.25,Medium Risk
1704,44.0,Medium Risk
1704,49.75,Medium Risk
1704,19.25,Low Risk
1704,31.75,Medium Risk
1704,34.25,Medium Risk
1704,40.0,Medium Risk
1704,35.0,Medium Risk
1704,38.0,Medium Risk
1704,39.25,Medium Risk
1704,28.0,Medium Risk
1704,27.5,Medium Risk
1704,37.25,Medium Risk
1704,43.0,Medium Risk
1704,29.0,Medium Risk
1705,69.0,High Risk
1705,27.25,Medium Risk
1705,31.75,Medium Risk
1705,32.5,Medium Risk
1705,64.0,High Risk
1705,32.0,Medium Risk
1705,74.0,High Risk
1705,37.25,Medium Risk
1705,19.25,Low Risk
1705,26.75,Medium Risk
1705,28.75,Medium Risk
1705,39.25,Medium Risk
1706,26.75,Medium Risk
1706,20.0,Low Risk
1706,42.25,Medium Risk
1706,74.0,High Risk
1706,23.0,Low Risk
1706,55.5,High Risk
1706,56.75,High Risk
1706,41.5,Medium Risk
1706,31.75,Medium Risk
1706,36.5,Medium Risk
1706,56.5,High Risk
1706,44.5,Medium Risk
1706,19.25,Low Risk
1706,52.5,High Risk
1706,28.0,Medium Risk
1706,32.5,Medium Risk
1707,19.25,Low Risk
1707,87.0,Critical Risk
1707,39.25,Medium Risk
1707,31.75,Medium Risk
1707,21.25,Low Risk
1707,74.0,High Risk
1707,52.5,High Risk
1707,35.0,Medium Risk
1707,32.5,Medium Risk
1707,20.0,Low Risk
1707,64.0,High Risk
1707,34.25,Medium Risk
1707,22.25,Low Risk
1707,41.5,Medium Risk
1707,56.75,High Risk
1707,59.75,High Risk
1707,23.0,Low Risk
1708,56.5,High Risk
1708,20.0,Low Risk
1708,69.0,High Risk
1708,44.0,Medium Risk
1708,19.25,Low Risk
1708,39.25,Medium Risk
1708,64.5,High Risk
1708,37.25,Medium Risk
1708,27.25,Medium Risk
1708,46.75,Medium Risk
1708,34.25,Medium Risk
1708,74.0,High Risk
1708,35.0,Medium Risk
1708,26.75,Medium Risk
1708,61.5,High Risk
1708,48.0,Medium Risk
1709,19.25,Low Risk
1709,26.75,Medium Risk
1709,36.5,Medium Risk
1709,20.0,Low Risk
1709,23.0,Low Risk
1709,40.0,Medium Risk
1709,64.0,High Risk
1709,32.5,Medium Risk
1709,27.5,Medium Risk
1709,40.5,Medium Risk
1709,44.0,Medium Risk
1710,22.25,Low Risk
1710,19.25,Low Risk
1710,31.75,Medium Risk
1710,32.5,Medium Risk
1710,28.0,Medium Risk
1710,26.75,Medium Risk
1710,22.0,Low Risk
1710,27.25,Medium Risk
1710,49.0,Medium Risk
1710,20.0,Low Risk
1710,39.25,Medium Risk
1710,64.0,High Risk
1710,36.5,Medium Risk
1710,29.0,Medium Risk
1711,22.25,Low Risk
1711,27.25,Medium Risk
1711,20.0,Low Risk
1711,19.25,Low Risk
1711,48.0,Medium Risk
1711,57.5,High Risk
1711,44.0,Medium Risk
1711,49.75,Medium Risk
1711,46.75,Medium Risk
1711,53.0,High Risk
1711,43.0,Medium Risk
1711,49.0,Medium Risk
1711,29.0,Medium Risk
1711,51.75,High Risk
1712,20.0,Low Risk
1712,82.0,Critical Risk
1712,39.25,Medium Risk
1712,72.0,High Risk
1712,51.75,High Risk
1712,74.0,High Risk
1712,30.5,Medium Risk
1712,47.5,Medium Risk
1712,27.25,Medium Risk
1712,54.75,High Risk
1712,28.0,Medium Risk
1712,40.0,Medium Risk
1712,49.5,Medium Risk
1712,69.0,High Risk
1712,70.5,High Risk
1712,31.75,Medium Risk
1713,20.0,Low Risk
1713,22.25,Low Risk
1713,33.75,Medium Risk
1713,35.5,Medium Risk
1713,32.5,Medium Risk
1713,19.25,Low Risk
1713,29.0,Medium Risk
1713,27.5,Medium Risk
1713,23.0,Low Risk
1713,27.25,Medium Risk
1713,38.0,Medium Risk
1713,74.0,High Risk
1713,31.75,Medium Risk
1714,19.25,Low Risk
1714,20.0,Low Risk
1714,38.0,Medium Risk
1714,43.0,Medium Risk
1714,40.0,Medium Risk
1714,61.5,High Risk
1714,27.25,Medium Risk
1714,28.0,Medium Risk
1714,23.0,Low Risk
1714,35.0,Medium Risk
1714,42.25,Medium Risk
1714,57.25,High Risk
1715,19.25,Low Risk
1715,27.5,Medium Risk
1715,41.5,Medium Risk
1715,51.75,High Risk
1715,34.75,Medium Risk
1715,55.5,High Risk
1715,74.0,High Risk
1715,29.0,Medium Risk
1715,35.0,Medium Risk
1715,82.0,Critical Risk
1715,35.5,Medium Risk
1715,32.5,Medium Risk
1715,37.25,Medium Risk
1715,48.0,Medium Risk
1715,20.0,Low Risk
1715,31.75,Medium Risk
1715,46.75,Medium Risk
1715,64.5,High Risk
1716,22.25,Low Risk
1716,19.25,Low Risk
1716,20.0,Low Risk
1716,35.0,Medium Risk
1716,28.0,Medium Risk
1716,23.0,Low Risk
1716,38.0,Medium Risk
1716,27.25,Medium Risk
1717,35.0,Medium Risk
1717,51.75,High Risk
1717,26.75,Medium Risk
1717,56.5,High Risk
1717,69.0,High Risk
1717,74.0,High Risk
1717,53.75,High Risk
1717,20.0,Low Risk
1717,19.25,Low Risk
1717,39.25,Medium Risk
1717,27.25,Medium Risk
1717,60.5,High Risk
1717,61.5,High Risk
1717,40.0,Medium Risk
1717,53.0,High Risk
1717,67.0,High Risk
1717,31.75,Medium Risk
1717,22.25,Low Risk
1718,44.0,Medium Risk
1718,61.0,High Risk
1718,19.25,Low Risk
1718,51.75,High Risk
1718,22.25,Low Risk
1718,47.5,Medium Risk
1718,37.0,Medium Risk
1718,27.5,Medium Risk
1718,34.25,Medium Risk
1718,31.75,Medium Risk
1718,23.0,Low Risk
1719,54.75,High Risk
1719,27.25,Medium Risk
1719,57.5,High Risk
1719,20.0,Low Risk
1719,78.5,Critical Risk
1719,32.5,Medium Risk
1719,19.25,Low Risk
1719,29.0,Medium Risk
1719,49.0,Medium Risk
1719,69.5,High Risk
1719,51.75,High Risk
1719,37.0,Medium Risk
1719,40.0,Medium Risk
1719,23.0,Low Risk
1719,26.75,Medium Risk
1719,69.0,High Risk
1719,66.5,High Risk
1720,39.25,Medium Risk
1720,46.75,Medium Risk
1720,35.0,Medium Risk
1720,31.75,Medium Risk
1720,20.0,Low Risk
1720,40.5,Medium Risk
1720,27.25,Medium Risk
1720,58.0,High Risk
1720,19.25,Low Risk
1720,22.25,Low Risk
1720,48.0,Medium Risk
1720,29.0,Medium Risk
1720,56.75,High Risk
1720,74.0,High Risk
1720,27.5,Medium Risk
1720,43.0,Medium Risk
1721,20.0,Low Risk
1721,19.25,Low Risk
1721,36.5,Medium Risk
1721,27.25,Medium Risk
1721,31.75,Medium Risk
1721,38.0,Medium Risk
1721,22.25,Low Risk
1721,29.0,Medium Risk
1721,29.75,Medium Risk
1721,23.0,Low Risk
1721,35.5,Medium Risk
1721,49.0,Medium Risk
1721,27.5,Medium Risk
1722,34.75,Medium Risk
1722,57.5,High Risk
1722,59.5,High Risk
1722,64.0,High Risk
1722,29.75,Medium Risk
1722,92.0,Critical Risk
1722,46.75,Medium Risk
1722,19.25,Low Risk
1722,20.0,Low Risk
1722,27.25,Medium Risk
1722,39.25,Medium Risk
1722,32.5,Medium Risk
1722,49.5,Medium Risk
1722,52.5,High Risk
1722,51.75,High Risk
1722,43.0,Medium Risk
1722,50.5,High Risk
1722,40.0,Medium Risk
1722,34.25,Medium Risk
1722,49.0,Medium Risk
1723,28.0,Medium Risk
1723,19.25,Low Risk
1723,27.25,Medium Risk
1723,56.5,High Risk
1723,53.5,High Risk
1723,31.75,Medium Risk
1723,20.0,Low Risk
1723,30.5,Medium Risk
1723,21.25,Low Risk
1723,42.25,Medium Risk
1723,40.0,Medium Risk
1723,35.5,Medium Risk
1723,35.0,Medium Risk
1723,32.5,Medium Risk
1724,28.0,Medium Risk
1724,19.25,Low Risk
1724,56.5,High Risk
1724,20.0,Low Risk
1724,26.75,Medium Risk
1724,34.25,Medium Risk
1724,29.0,Medium Risk
1724,36.5,Medium Risk
1724,32.5,Medium Risk
1724,27.25,Medium Risk
1724,27.5,Medium Risk
1725,19.25,Low Risk
1725,39.75,Medium Risk
1725,38.0,Medium Risk
1725,40.0,Medium Risk
1725,27.25,Medium Risk
1725,35.0,Medium Risk
1725,74.0,High Risk
1725,39.25,Medium Risk
1725,29.5,Medium Risk
1725,34.25,Medium Risk
1725,42.25,Medium Risk
1725,35.5,Medium Risk
1726,54.75,High Risk
1726,47.5,Medium Risk
1726,19.25,Low Risk
1726,52.0,High Risk
1726,59.5,High Risk
1726,20.0,Low Risk
1726,44.0,Medium Risk
1726,35.0,Medium Risk
1726,69.5,High Risk
1726,32.5,Medium Risk
1726,34.25,Medium Risk
1726,31.75,Medium Risk
1726,64.0,High Risk
1726,49.0,Medium Risk
1726,37.25,Medium Risk
1726,22.25,Low Risk
1726,28.0,Medium Risk
1726,44.5,Medium Risk
1726,32.0,Medium Risk
1726,27.0,Medium Risk
1727,34.25,Medium Risk
1727,31.75,Medium Risk
1727,74.0,High Risk
1727,40.0,Medium Risk
1727,57.5,High Risk
1727,51.75,High Risk
1727,56.5,High Risk
1727,29.0,Medium Risk
1727,19.25,Low Risk
1727,32.5,Medium Risk
1727,27.5,Medium Risk
1727,52.5,High Risk
1727,61.5,High Risk
1727,39.25,Medium Risk
1727,56.75,High Risk
1727,69.0,High Risk
1727,47.25,Medium Risk
1727,22.25,Low Risk
1727,58.5,High Risk
1727,27.25,Medium Risk
1727,65.5,High Risk
1727,82.0,Critical Risk
1727,64.0,High Risk
1728,52.5,High Risk
1728,19.25,Low Risk
1728,65.5,High Risk
1728,46.0,Medium Risk
1728,39.25,Medium Risk
1728,54.75,High Risk
1728,20.0,Low Risk
1728,35.0,Medium Risk
1728,34.25,Medium Risk
1728,47.5,Medium Risk
1728,37.25,Medium Risk
1728,53.0,High Risk
1728,27.5,Medium Risk
1728,46.75,Medium Risk
1729,40.5,Medium Risk
1729,27.5,Medium Risk
1729,20.0,Low Risk
1729,56.5,High Risk
1729,19.25,Low Risk
1729,74.0,High Risk
1729,64.0,High Risk
1729,32.5,Medium Risk
1729,31.75,Medium Risk
1729,45.5,Medium Risk
1729,39.25,Medium Risk
1729,41.5,Medium Risk
1729,82.0,Critical Risk
1729,27.25,Medium Risk
1729,72.0,High Risk
1729,36.5,Medium Risk
1730,27.5,Medium Risk
1730,52.5,High Risk
1730,19.25,Low Risk
1730,34.25,Medium Risk
1730,71.0,High Risk
1730,31.75,Medium Risk
1730,39.25,Medium Risk
1730,22.25,Low Risk
1730,20.0,Low Risk
1730,74.0,High Risk
1730,36.5,Medium Risk
1730,26.75,Medium Risk
1731,31.75,Medium Risk
1731,39.25,Medium Risk
1731,27.5,Medium Risk
1731,74.0,High Risk
1731,37.0,Medium Risk
1731,32.5,Medium Risk
1731,36.5,Medium Risk
1731,40.5,Medium Risk
1731,26.75,Medium Risk
1731,29.75,Medium Risk
1731,39.5,Medium Risk
1731,67.0,High Risk
1731,56.5,High Risk
1731,41.5,Medium Risk
1731,19.25,Low Risk
1731,51.75,High Risk
1731,27.25,Medium Risk
1731,59.5,High Risk
1732,19.25,Low Risk
1732,82.0,Critical Risk
1732,23.0,Low Risk
1732,20.0,Low Risk
1732,21.25,Low Risk
1732,56.5,High Risk
1732,74.0,High Risk
1732,69.0,High Risk
1732,27.25,Medium Risk
1732,43.0,Medium Risk
1732,22.25,Low Risk
1732,64.0,High Risk
1733,34.75,Medium Risk
1733,74.0,High Risk
1733,29.0,Medium Risk
1733,56.5,High Risk
1733,39.25,Medium Risk
1733,40.0,Medium Risk
1733,31.75,Medium Risk
1733,27.25,Medium Risk
1733,26.75,Medium Risk
1733,50.5,High Risk
1733,27.5,Medium Risk
1733,20.0,Low Risk
1733,32.5,Medium Risk
1734,27.5,Medium Risk
1734,53.0,High Risk
1734,46.75,Medium Risk
1734,64.0,High Risk
1734,19.25,Low Risk
1734,29.0,Medium Risk
1734,26.75,Medium Risk
1734,31.75,Medium Risk
1734,39.25,Medium Risk
1734,21.25,Low Risk
1734,20.0,Low Risk
1734,69.0,High Risk
1734,74.75,High Risk
1734,28.0,Medium Risk
1734,32.5,Medium Risk
1735,74.0,High Risk
1735,92.0,Critical Risk
1735,42.25,Medium Risk
1735,82.0,Critical Risk
1735,40.0,Medium Risk
1735,51.75,High Risk
1735,56.5,High Risk
1735,54.75,High Risk
1735,31.75,Medium Risk
1735,69.0,High Risk
1735,39.75,Medium Risk
1735,44.0,Medium Risk
1735,35.0,Medium Risk
1735,36.5,Medium Risk
1735,19.25,Low Risk
1735,27.5,Medium Risk
1735,20.0,Low Risk
1735,59.5,High Risk
1735,70.5,High Risk
1736,27.25,Medium Risk
1736,22.25,Low Risk
1736,47.5,Medium Risk
1736,20.0,Low Risk
1736,52.0,High Risk
1736,31.75,Medium Risk
1736,40.0,Medium Risk
1736,19.25,Low Risk
1736,34.25,Medium Risk
1736,51.75,High Risk
1736,46.75,Medium Risk
1736,38.0,Medium Risk
1736,42.25,Medium Risk
1736,35.0,Medium Risk
1736,52.5,High Risk
1737,20.0,Low Risk
1737,27.25,Medium Risk
1737,57.5,High Risk
1737,37.0,Medium Risk
1737,22.25,Low Risk
1737,31.75,Medium Risk
1737,26.75,Medium Risk
1737,19.25,Low Risk
1737,61.5,High Risk
1737,42.25,Medium Risk
1738,39.25,Medium Risk
1738,64.0,High Risk
1738,20.0,Low Risk
1738,31.75,Medium Risk
1738,26.75,Medium Risk
1738,19.25,Low Risk
1738,35.5,Medium Risk
1738,27.25,Medium Risk
1738,29.0,Medium Risk
1738,39.75,Medium Risk
1738,34.75,Medium Risk
1738,47.25,Medium Risk
1738,27.5,Medium Risk
1739,19.25,Low Risk
1739,44.75,Medium Risk
1739,34.25,Medium Risk
1739,20.0,Low Risk
1739,42.25,Medium Risk
1739,64.0,High Risk
1739,36.5,Medium Risk
1739,39.25,Medium Risk
1739,23.0,Low Risk
1739,31.75,Medium Risk
1739,22.25,Low Risk
1739,34.75,Medium Risk
1739,27.25,Medium Risk
1739,29.75,Medium Risk
1740,43.0,Medium Risk
1740,19.25,Low Risk
1740,52.5,High Risk
1740,34.25,Medium Risk
1740,32.5,Medium Risk
1740,39.25,Medium Risk
1740,35.0,Medium Risk
1740,49.5,Medium Risk
1740,47.5,Medium Risk
1740,27.25,Medium Risk
1740,46.75,Medium Risk
1740,22.25,Low Risk
1740,28.0,Medium Risk
1740,29.0,Medium Risk
1740,37.25,Medium Risk
1741,51.75,High Risk
1741,82.0,Critical Risk
1741,48.0,Medium Risk
1741,44.0,Medium Risk
1741,64.5,High Risk
1741,74.0,High Risk
1741,40.0,Medium Risk
1741,56.5,High Risk
1741,27.25,Medium Risk
1741,58.0,High Risk
1741,52.5,High Risk
1741,35.0,Medium Risk
1741,38.0,Medium Risk
1741,19.25,Low Risk
1741,34.75,Medium Risk
1741,40.5,Medium Risk
1742,57.5,High Risk
1742,39.25,Medium Risk
1742,35.5,Medium Risk
1742,35.0,Medium Risk
1742,31.75,Medium Risk
1742,38.0,Medium Risk
1742,40.0,Medium Risk
1742,44.0,Medium Risk
1742,34.25,Medium Risk
1742,46.75,Medium Risk
1742,54.75,High Risk
1742,32.5,Medium Risk
1742,19.25,Low Risk
1742,48.0,Medium Risk
1742,51.75,High Risk
1742,64.0,High Risk
1742,59.75,High Risk
1742,20.0,Low Risk
1742,26.75,Medium Risk
1743,47.5,Medium Risk
1743,51.75,High Risk
1743,82.0,Critical Risk
1743,44.0,Medium Risk
1743,34.25,Medium Risk
1743,59.75,High Risk
1743,20.0,Low Risk
1743,52.5,High Risk
1743,26.75,Medium Risk
1743,92.0,Critical Risk
1743,39.25,Medium Risk
1743,19.25,Low Risk
1743,37.25,Medium Risk
1743,40.0,Medium Risk
1743,48.0,Medium Risk
1743,54.75,High Risk
1743,31.75,Medium Risk
1743,74.0,High Risk
1743,54.5,High Risk
1743,56.5,High Risk
1743,76.75,Critical Risk
1743,38.0,Medium Risk
1744,74.0,High Risk
1744,37.25,Medium Risk
1744,22.25,Low Risk
1744,41.5,Medium Risk
1744,20.0,Low Risk
1744,64.0,High Risk
1744,34.25,Medium Risk
1744,58.5,High Risk
1744,47.0,Medium Risk
1744,46.75,Medium Risk
1744,28.0,Medium Risk
1744,47.5,Medium Risk
1744,27.5,Medium Risk
1744,32.0,Medium Risk
1744,21.25,Low Risk
1744,50.5,High Risk
1744,19.25,Low Risk
1744,54.75,High Risk
1744,31.75,Medium Risk
1744,69.0,High Risk
1744,23.0,Low Risk
1744,27.25,Medium Risk
1744,74.5,High Risk
1744,51.5,High Risk
1745,35.0,Medium Risk
1745,19.25,Low Risk
1745,87.0,Critical Risk
1745,74.0,High Risk
1745,54.75,High Risk
1745,39.25,Medium Risk
1745,37.25,Medium Risk
1745,34.25,Medium Risk
1745,40.0,Medium Risk
1745,38.0,Medium Risk
1745,21.25,Low Risk
1745,32.5,Medium Risk
1745,31.75,Medium Risk
1745,20.0,Low Risk
1745,82.0,Critical Risk
1745,27.5,Medium Risk
1746,19.25,Low Risk
1746,51.75,High Risk
1746,61.5,High Risk
1746,52.25,High Risk
1746,69.5,High Risk
1746,56.5,High Risk
1746,31.75,Medium Risk
1746,74.0,High Risk
1746,20.0,Low Risk
1746,41.25,Medium Risk
1746,47.5,Medium Risk
1746,22.25,Low Risk
1746,39.75,Medium Risk
1746,52.5,High Risk
1746,29.0,Medium Risk
1746,38.0,Medium Risk
1746,28.0,Medium Risk
1747,19.25,Low Risk
1747,34.25,Medium Risk
1747,22.25,Low Risk
1747,54.75,High Risk
1747,60.5,High Risk
1747,74.0,High Risk
1747,56.5,High Risk
1747,29.0,Medium Risk
1747,35.0,Medium Risk
1747,20.0,Low Risk
1747,27.25,Medium Risk
1747,28.0,Medium Risk
1747,43.0,Medium Risk
1747,61.5,High Risk
1748,27.25,Medium Risk
1748,19.25,Low Risk
1748,42.25,Medium Risk
1748,40.0,Medium Risk
1748,56.5,High Risk
1748,52.5,High Risk
1748,31.75,Medium Risk
1748,36.5,Medium Risk
1748,39.25,Medium Risk
1748,34.25,Medium Risk
1748,20.0,Low Risk
1748,26.75,Medium Risk
1748,29.0,Medium Risk
1748,74.5,High Risk
1748,27.5,Medium Risk
1748,41.5,Medium Risk
1748,72.75,High Risk
1749,19.25,Low Risk
1749,22.25,Low Risk
1749,69.5,High Risk
1749,26.75,Medium Risk
1749,32.5,Medium Risk
1749,40.0,Medium Risk
1749,35.0,Medium Risk
1749,27.5,Medium Risk
1749,37.0,Medium Risk
1749,43.0,Medium Risk
1749,34.25,Medium Risk
1749,31.75,Medium Risk
1749,35.5,Medium Risk
1750,41.25,Medium Risk
1750,22.25,Low Risk
1750,34.75,Medium Risk
1750,26.75,Medium Risk
1750,29.0,Medium Risk
1750,74.75,High Risk
1750,32.5,Medium Risk
1750,54.75,High Risk
1750,20.0,Low Risk
1750,39.25,Medium Risk
1750,19.25,Low Risk
1750,40.0,Medium Risk
1750,27.25,Medium Risk
1750,84.5,Critical Risk
1751,26.75,Medium Risk
1751,39.25,Medium Risk
1751,69.0,High Risk
1751,50.5,High Risk
1751,20.0,Low Risk
1751,35.5,Medium Risk
1751,59.75,High Risk
1751,49.75,Medium Risk
1751,19.25,Low Risk
1751,41.25,Medium Risk
1751,41.5,Medium Risk
1751,31.75,Medium Risk
1751,35.0,Medium Risk
1751,32.5,Medium Risk
1751,44.0,Medium Risk
1751,58.5,High Risk
1752,31.75,Medium Risk
1752,19.25,Low Risk
1752,57.25,High Risk
1752,40.0,Medium Risk
1752,35.0,Medium Risk
1752,20.0,Low Risk
1752,50.5,High Risk
1752,42.25,Medium Risk
1752,55.5,High Risk
1752,37.25,Medium Risk
1752,26.75,Medium Risk
1752,52.5,High Risk
1752,41.5,Medium Risk
1752,32.5,Medium Risk
1752,69.0,High Risk
1753,35.0,Medium Risk
1753,34.25,Medium Risk
1753,69.5,High Risk
1753,53.0,High Risk
1753,37.0,Medium Risk
1753,92.0,Critical Risk
1753,72.0,High Risk
1753,20.0,Low Risk
1753,19.25,Low Risk
1753,56.5,High Risk
1753,65.5,High Risk
1753,29.0,Medium Risk
1753,64.0,High Risk
1753,50.5,High Risk
1753,61.5,High Risk
1753,48.0,Medium Risk
1753,74.0,High Risk
1754,32.0,Medium Risk
1754,20.0,Low Risk
1754,19.25,Low Risk
1754,22.25,Low Risk
1754,27.5,Medium Risk
1754,47.5,Medium Risk
1754,56.75,High Risk
1754,52.5,High Risk
1754,51.75,High Risk
1754,31.75,Medium Risk
1754,46.75,Medium Risk
1755,28.0,Medium Risk
1755,19.25,Low Risk
1755,22.25,Low Risk
1755,27.25,Medium Risk
1755,49.75,Medium Risk
1755,20.0,Low Risk
1755,56.5,High Risk
1755,26.75,Medium Risk
1755,39.25,Medium Risk
1755,29.75,Medium Risk
1755,41.5,Medium Risk
1755,29.0,Medium Risk
1755,77.0,Critical Risk
1755,53.5,High Risk
1756,47.5,Medium Risk
1756,39.25,Medium Risk
1756,23.0,Low Risk
1756,43.0,Medium Risk
1756,34.25,Medium Risk
1756,40.0,Medium Risk
1756,19.25,Low Risk
1756,51.75,High Risk
1756,31.75,Medium Risk
1756,42.25,Medium Risk
1756,83.5,Critical Risk
1756,44.0,Medium Risk
1756,20.0,Low Risk
1756,26.75,Medium Risk
1756,27.25,Medium Risk
1756,22.25,Low Risk
1757,32.5,Medium Risk
1757,20.0,Low Risk
1757,19.25,Low Risk
1757,64.5,High Risk
1757,56.5,High Risk
1757,74.0,High Risk
1757,77.0,Critical Risk
1757,58.0,High Risk
1757,40.0,Medium Risk
1757,41.5,Medium Risk
1757,34.25,Medium Risk
1757,51.75,High Risk
1757,82.0,Critical Risk
1757,38.0,Medium Risk
1757,49.5,Medium Risk
1757,35.5,Medium Risk
1757,29.75,Medium Risk
1757,23.0,Low Risk
1757,47.25,Medium Risk
1757,35.0,Medium Risk
1757,31.75,Medium Risk
1757,46.75,Medium Risk
1758,65.5,High Risk
1758,35.5,Medium Risk
1758,28.0,Medium Risk
1758,20.0,Low Risk
1758,82.0,Critical Risk
1758,22.25,Low Risk
1758,29.75,Medium Risk
1758,29.0,Medium Risk
1758,51.75,High Risk
1758,40.0,Medium Risk
1758,39.25,Medium Risk
1758,31.75,Medium Risk
1758,41.5,Medium Risk
1758,74.0,High Risk
1758,49.75,Medium Risk
1758,52.5,High Risk
1758,47.25,Medium Risk
1758,57.5,High Risk
1758,56.5,High Risk
1759,44.75,Medium Risk
1759,27.25,Medium Risk
1759,26.75,Medium Risk
1759,23.0,Low Risk
1759,20.0,Low Risk
1759,27.5,Medium Risk
1759,34.25,Medium Risk
1759,22.0,Low Risk
1759,19.25,Low Risk
1759,35.5,Medium Risk
1759,32.5,Medium Risk
1759,52.0,High Risk
1759,50.5,High Risk
1759,29.0,Medium Risk
1759,38.0,Medium Risk
1759,47.25,Medium Risk
1759,41.5,Medium Risk
1760,57.5,High Risk
1760,56.5,High Risk
1760,39.75,Medium Risk
1760,20.0,Low Risk
1760,19.25,Low Risk
1760,40.0,Medium Risk
1760,47.5,Medium Risk
1760,51.75,High Risk
1760,49.0,Medium Risk
1760,77.0,Critical Risk
1760,35.0,Medium Risk
1760,51.5,High Risk
1760,32.5,Medium Risk
1760,34.25,Medium Risk
1760,69.0,High Risk
1760,27.25,Medium Risk
1760,52.5,High Risk
1760,28.0,Medium Risk
1761,40.0,Medium Risk
1761,20.0,Low Risk
1761,46.75,Medium Risk
1761,19.25,Low Risk
1761,53.75,High Risk
1761,44.0,Medium Risk
1761,29.0,Medium Risk
1761,56.75,High Risk
1761,74.0,High Risk
1761,26.75,Medium Risk
1761,41.5,Medium Risk
1761,57.5,High Risk
1761,32.5,Medium Risk
1761,37.0,Medium Risk
1762,34.25,Medium Risk
1762,20.0,Low Risk
1762,52.0,High Risk
1762,40.25,Medium Risk
1762,19.25,Low Risk
1762,37.25,Medium Risk
1762,51.75,High Risk
1762,29.75,Medium Risk
1762,50.5,High Risk
1762,35.0,Medium Risk
1762,29.0,Medium Risk
1762,39.25,Medium Risk
1762,23.0,Low Risk
1762,46.75,Medium Risk
1763,19.25,Low Risk
1763,20.0,Low Risk
1763,39.75,Medium Risk
1763,31.75,Medium Risk
1763,26.75,Medium Risk
1763,49.5,Medium Risk
1763,23.0,Low Risk
1763,37.0,Medium Risk
1764,37.25,Medium Risk
1764,59.5,High Risk
1764,23.0,Low Risk
1764,56.5,High Risk
1764,27.5,Medium Risk
1764,34.0,Medium Risk
1764,39.25,Medium Risk
1764,41.5,Medium Risk
1764,29.0,Medium Risk
1764,31.75,Medium Risk
1764,19.25,Low Risk
1764,57.0,High Risk
1764,44.75,Medium Risk
1764,47.0,Medium Risk
1764,26.75,Medium Risk
1764,42.25,Medium Risk
1764,47.25,Medium Risk
1764,27.25,Medium Risk
1764,57.5,High Risk
1764,20.0,Low Risk
1764,40.0,Medium Risk
1764,54.75,High Risk
1764,46.75,Medium Risk
1764,34.25,Medium Risk
1764,22.25,Low Risk
1765,44.5,Medium Risk
1765,57.75,High Risk
1765,56.75,High Risk
1765,35.0,Medium Risk
1765,40.0,Medium Risk
1765,19.25,Low Risk
1765,66.75,High Risk
1765,27.25,Medium Risk
1765,46.75,Medium Risk
1765,27.5,Medium Risk
1765,34.25,Medium Risk
1765,52.5,High Risk
1765,55.25,High Risk
1766,66.5,High Risk
1766,39.25,Medium Risk
1766,26.75,Medium Risk
1766,54.5,High Risk
1766,19.25,Low Risk
1766,36.5,Medium Risk
1766,47.5,Medium Risk
1766,35.0,Medium Risk
1766,27.5,Medium Risk
1766,59.5,High Risk
1766,30.5,Medium Risk
1766,29.0,Medium Risk
1766,20.0,Low Risk
1766,35.5,Medium Risk
1766,44.5,Medium Risk
1766,27.25,Medium Risk
1766,22.25,Low Risk
1766,34.25,Medium Risk
1766,34.75,Medium Risk
1767,20.0,Low Risk
1767,19.25,Low Risk
1767,40.25,Medium Risk
1767,23.0,Low Risk
1767,77.0,Critical Risk
1767,34.25,Medium Risk
1767,32.5,Medium Risk
1767,21.25,Low Risk
1767,67.0,High Risk
1767,49.0,Medium Risk
1767,22.25,Low Risk
1767,34.75,Medium Risk
1767,38.0,Medium Risk
1767,28.0,Medium Risk
1768,35.0,Medium Risk
1768,56.5,High Risk
1768,31.75,Medium Risk
1768,29.0,Medium Risk
1768,22.25,Low Risk
1768,23.0,Low Risk
1768,51.75,High Risk
1768,43.0,Medium Risk
1768,39.25,Medium Risk
1768,69.0,High Risk
1768,20.0,Low Risk
1768,19.25,Low Risk
1768,37.0,Medium Risk
1768,52.5,High Risk
1768,46.75,Medium Risk
1768,55.5,High Risk
1768,92.0,Critical Risk
1769,26.75,Medium Risk
1769,19.25,Low Risk
1769,34.75,Medium Risk
1769,47.0,Medium Risk
1769,27.25,Medium Risk
1769,35.5,Medium Risk
1769,29.0,Medium Risk
1769,20.0,Low Risk
1769,42.25,Medium Risk
1769,32.5,Medium Risk
1769,37.25,Medium Risk
1769,44.0,Medium Risk
1769,28.0,Medium Risk
1770,49.0,Medium Risk
1770,29.0,Medium Risk
1770,31.75,Medium Risk
1770,20.0,Low Risk
1770,39.25,Medium Risk
1770,34.25,Medium Risk
1770,35.0,Medium Risk
1770,19.25,Low Risk
1770,40.0,Medium Risk
1770,32.0,Medium Risk
1770,27.25,Medium Risk
1771,34.25,Medium Risk
1771,35.0,Medium Risk
1771,31.75,Medium Risk
1771,40.0,Medium Risk
1771,19.25,Low Risk
1771,29.0,Medium Risk
1771,56.75,High Risk
1771,57.75,High Risk
1771,47.25,Medium Risk
1771,29.5,Medium Risk
1771,46.0,Medium Risk
1771,20.0,Low Risk
1771,27.5,Medium Risk
1771,66.5,High Risk
1771,38.0,Medium Risk
1772,23.0,Low Risk
1772,20.0,Low Risk
1772,31.75,Medium Risk
1772,29.0,Medium Risk
1772,56.5,High Risk
1772,39.75,Medium Risk
1772,27.5,Medium Risk
1772,37.25,Medium Risk
1772,28.0,Medium Risk
1772,36.5,Medium Risk
1772,19.25,Low Risk
1772,32.5,Medium Risk
1772,40.0,Medium Risk
1772,30.5,Medium Risk
1772,26.75,Medium Risk
1773,28.0,Medium Risk
1773,26.75,Medium Risk
1773,19.25,Low Risk
1773,38.0,Medium Risk
1773,22.25,Low Risk
1773,20.0,Low Risk
1773,42.25,Medium Risk
1773,34.25,Medium Risk
1773,51.75,High Risk
1773,29.0,Medium Risk
1773,52.25,High Risk
1773,56.75,High Risk
1773,52.5,High Risk
1773,57.5,High Risk
1773,49.0,Medium Risk
1773,27.25,Medium Risk
1774,27.25,Medium Risk
1774,19.25,Low Risk
1774,69.0,High Risk
1774,51.5,High Risk
1774,36.5,Medium Risk
1774,21.25,Low Risk
1774,74.0,High Risk
1774,52.5,High Risk
1774,20.0,Low Risk
1774,40.0,Medium Risk
1774,35.5,Medium Risk
1774,59.5,High Risk
1775,28.0,Medium Risk
1775,20.0,Low Risk
1775,74.0,High Risk
1775,34.25,Medium Risk
1775,19.25,Low Risk
1775,29.0,Medium Risk
1775,23.0,Low Risk
1775,77.0,Critical Risk
1775,57.5,High Risk
1775,64.0,High Risk
1775,47.5,Medium Risk
1775,51.5,High Risk
1775,51.75,High Risk
1775,32.5,Medium Risk
1775,54.75,High Risk
1775,56.75,High Risk
1775,45.25,Medium Risk
1775,59.5,High Risk
1775,92.0,Critical Risk
1776,39.25,Medium Risk
1776,29.0,Medium Risk
1776,34.25,Medium Risk
1776,35.0,Medium Risk
1776,20.0,Low Risk
1776,19.25,Low Risk
1776,77.0,Critical Risk
1776,36.25,Medium Risk
1776,61.5,High Risk
1776,50.5,High Risk
1776,52.5,High Risk
1777,47.25,Medium Risk
1777,40.5,Medium Risk
1777,36.25,Medium Risk
1777,19.25,Low Risk
1777,49.0,Medium Risk
1777,20.0,Low Risk
1777,39.25,Medium Risk
1777,31.75,Medium Risk
1777,27.5,Medium Risk
1777,39.75,Medium Risk
1777,34.25,Medium Risk
1777,49.5,Medium Risk
1777,40.0,Medium Risk
1777,37.25,Medium Risk
1777,74.0,High Risk
1778,35.0,Medium Risk
1778,59.75,High Risk
1778,47.5,Medium Risk
1778,32.5,Medium Risk
1778,42.25,Medium Risk
1778,52.0,High Risk
1778,39.75,Medium Risk
1778,20.0,Low Risk
1778,19.25,Low Risk
1778,26.75,Medium Risk
1778,29.75,Medium Risk
1778,51.75,High Risk
1778,38.0,Medium Risk
1778,27.25,Medium Risk
1778,28.0,Medium Risk
1779,56.5,High Risk
1779,28.75,Medium Risk
1779,55.5,High Risk
1779,22.25,Low Risk
1779,41.5,Medium Risk
1779,40.0,Medium Risk
1779,26.75,Medium Risk
1779,49.0,Medium Risk
1779,57.5,High Risk
1779,32.5,Medium Risk
1779,51.75,High Risk
1779,19.25,Low Risk
1779,39.25,Medium Risk
1779,47.25,Medium Risk
1779,27.5,Medium Risk
1779,31.75,Medium Risk
1779,47.5,Medium Risk
1779,44.0,Medium Risk
1779,28.0,Medium Risk
1780,20.0,Low Risk
1780,43.0,Medium Risk
1780,39.25,Medium Risk
1780,40.0,Medium Risk
1780,64.0,High Risk
1780,32.5,Medium Risk
1780,77.0,Critical Risk
1780,42.25,Medium Risk
1780,38.0,Medium Risk
1780,26.75,Medium Risk
1780,34.25,Medium Risk
1780,35.0,Medium Risk
1780,49.75,Medium Risk
1780,74.0,High Risk
1780,19.25,Low Risk
1780,69.0,High Risk
1781,37.25,Medium Risk
1781,34.25,Medium Risk
1781,49.0,Medium Risk
1781,39.25,Medium Risk
1781,40.0,Medium Risk
1781,42.25,Medium Risk
1781,41.5,Medium Risk
1781,31.75,Medium Risk
1781,35.5,Medium Risk
1781,46.75,Medium Risk
1781,19.25,Low Risk
1781,48.0,Medium Risk
1781,43.0,Medium Risk
1781,60.25,High Risk
1781,34.75,Medium Risk
1782,57.25,High Risk
1782,19.25,Low Risk
1782,26.75,Medium Risk
1782,56.5,High Risk
1782,40.5,Medium Risk
1782,51.75,High Risk
1782,42.25,Medium Risk
1782,22.25,Low Risk
1782,27.5,Medium Risk
1782,32.5,Medium Risk
1782,27.25,Medium Risk
1782,39.25,Medium Risk
1782,20.0,Low Risk
1782,40.0,Medium Risk
1782,59.5,High Risk
1782,69.0,High Risk
1783,26.75,Medium Risk
1783,20.0,Low Risk
1783,47.0,Medium Risk
1783,35.5,Medium Risk
1783,46.75,Medium Risk
1783,27.25,Medium Risk
1783,74.0,High Risk
1783,36.5,Medium Risk
1783,34.75,Medium Risk
1783,56.5,High Risk
1783,29.0,Medium Risk
1783,77.0,Critical Risk
1783,19.25,Low Risk
1783,44.0,Medium Risk
1783,69.0,High Risk
1783,21.25,Low Risk
1783,27.5,Medium Risk
1783,31.75,Medium Risk
1783,34.25,Medium Risk
1783,29.75,Medium Risk
1784,34.25,Medium Risk
1784,19.25,Low Risk
1784,39.25,Medium Risk
1784,22.25,Low Risk
1784,20.0,Low Risk
1784,64.5,High Risk
1784,34.75,Medium Risk
1784,31.75,Medium Risk
1784,51.75,High Risk
1784,74.0,High Risk
1784,41.5,Medium Risk
1784,38.0,Medium Risk
1785,19.25,Low Risk
1785,20.0,Low Risk
1785,42.25,Medium Risk
1785,32.5,Medium Risk
1785,51.75,High Risk
1785,40.0,Medium Risk
1785,74.0,High Risk
1785,37.25,Medium Risk
1785,29.0,Medium Risk
1785,64.0,High Risk
1785,59.5,High Risk
1785,31.75,Medium Risk
1785,27.25,Medium Risk
1785,30.5,Medium Risk
1786,19.25,Low Risk
1786,41.5,Medium Risk
1786,51.5,High Risk
1786,27.5,Medium Risk
1786,29.0,Medium Risk
1786,87.0,Critical Risk
1786,47.5,Medium Risk
1786,20.0,Low Risk
1786,35.0,Medium Risk
1786,27.25,Medium Risk
1786,39.5,Medium Risk
1786,24.25,Low Risk
1786,32.5,Medium Risk
1786,55.5,High Risk
1786,43.0,Medium Risk
1786,50.5,High Risk
1786,31.75,Medium Risk
1786,38.0,Medium Risk
1786,53.0,High Risk
1786,32.0,Medium Risk
1786,70.5,High Risk
1787,26.75,Medium Risk
1787,46.0,Medium Risk
1787,74.75,High Risk
1787,20.0,Low Risk
1787,28.0,Medium Risk
1787,74.0,High Risk
1787,69.0,High Risk
1787,37.25,Medium Risk
1787,32.5,Medium Risk
1787,22.0,Low Risk
1787,22.25,Low Risk
1787,31.75,Medium Risk
1787,19.25,Low Risk
1788,27.5,Medium Risk
1788,23.0,Low Risk
1788,19.25,Low Risk
1788,47.5,Medium Risk
1788,32.5,Medium Risk
1788,20.0,Low Risk
1788,44.5,Medium Risk
1788,52.5,High Risk
1788,36.5,Medium Risk
1788,37.0,Medium Risk
1788,28.75,Medium Risk
1788,48.0,Medium Risk
1788,28.0,Medium Risk
1788,29.0,Medium Risk
1789,31.75,Medium Risk
1789,39.75,Medium Risk
1789,19.25,Low Risk
1789,23.0,Low Risk
1789,41.5,Medium Risk
1789,29.0,Medium Risk
1789,40.0,Medium Risk
1789,57.5,High Risk
1789,20.0,Low Risk
1789,34.25,Medium Risk
1789,36.5,Medium Risk
1789,29.75,Medium Risk
1789,32.5,Medium Risk
1789,50.5,High Risk
1789,27.5,Medium Risk
1789,22.25,Low Risk
1790,19.25,Low Risk
1790,92.0,Critical Risk
1790,36.5,Medium Risk
1790,27.25,Medium Risk
1790,74.0,High Risk
1790,59.5,High Risk
1790,26.75,Medium Risk
1790,28.0,Medium Risk
1790,69.0,High Risk
1790,41.5,Medium Risk
1790,34.75,Medium Risk
1790,39.25,Medium Risk
1791,32.5,Medium Risk
1791,35.0,Medium Risk
1791,20.0,Low Risk
1791,36.25,Medium Risk
1791,34.75,Medium Risk
1791,19.25,Low Risk
1791,39.25,Medium Risk
1791,40.0,Medium Risk
1791,47.75,Medium Risk
1791,34.25,Medium Risk
1792,31.75,Medium Risk
1792,26.75,Medium Risk
1792,57.5,High Risk
1792,75.5,Critical Risk
1792,56.5,High Risk
1792,39.25,Medium Risk
1792,40.0,Medium Risk
1792,19.25,Low Risk
1792,52.0,High Risk
1792,27.5,Medium Risk
1792,35.5,Medium Risk
1792,20.0,Low Risk
1792,41.5,Medium Risk
1792,29.0,Medium Risk
1792,34.25,Medium Risk
1792,27.25,Medium Risk
1792,55.5,High Risk
1792,59.5,High Risk
1792,64.0,High Risk
1792,47.5,Medium Risk
1792,74.0,High Risk
1793,34.75,Medium Risk
1793,20.0,Low Risk
1793,52.5,High Risk
1793,28.0,Medium Risk
1793,64.0,High Risk
1793,19.25,Low Risk
1793,26.75,Medium Risk
1793,64.5,High Risk
1793,40.0,Medium Risk
1793,39.25,Medium Risk
1793,37.25,Medium Risk
1793,27.5,Medium Risk
1793,47.5,Medium Risk
1793,55.5,High Risk
1793,32.5,Medium Risk
1793,31.0,Medium Risk
1794,51.75,High Risk
1794,74.0,High Risk
1794,19.25,Low Risk
1794,20.0,Low Risk
1794,66.5,High Risk
1794,87.0,Critical Risk
1794,22.25,Low Risk
1794,69.0,High Risk
1794,47.0,Medium Risk
1794,40.0,Medium Risk
1794,50.5,High Risk
1794,29.0,Medium Risk
1794,39.25,Medium Risk
1795,41.5,Medium Risk
1795,69.0,High Risk
1795,35.0,Medium Risk
1795,27.25,Medium Risk
1795,57.5,High Risk
1795,20.0,Low Risk
1795,74.0,High Risk
1795,47.5,Medium Risk
1795,56.5,High Risk
1795,19.25,Low Risk
1795,29.0,Medium Risk
1795,83.5,Critical Risk
1795,64.0,High Risk
1795,39.25,Medium Risk
1795,52.5,High Risk
1795,34.25,Medium Risk
1796,19.25,Low Risk
1796,35.5,Medium Risk
1796,47.25,Medium Risk
1796,32.5,Medium Risk
1796,31.75,Medium Risk
1796,41.5,Medium Risk
1796,20.0,Low Risk
1796,22.25,Low Risk
1796,64.0,High Risk
1796,27.5,Medium Risk
1796,74.0,High Risk
1797,42.25,Medium Risk
1797,47.5,Medium Risk
1797,24.25,Low Risk
1797,31.75,Medium Risk
1797,19.25,Low Risk
1797,23.0,Low Risk
1797,40.0,Medium Risk
1797,44.0,Medium Risk
1797,41.5,Medium Risk
1797,39.75,Medium Risk
1797,38.0,Medium Risk
1797,26.75,Medium Risk
1797,69.0,High Risk
1797,39.25,Medium Risk
1797,34.75,Medium Risk
1797,29.0,Medium Risk
1797,53.0,High Risk
1798,35.5,Medium Risk
1798,40.0,Medium Risk
1798,42.25,Medium Risk
1798,20.0,Low Risk
1798,19.25,Low Risk
1798,35.0,Medium Risk
1798,32.5,Medium Risk
1798,56.5,High Risk
1798,39.25,Medium Risk
1798,51.75,High Risk
1798,29.0,Medium Risk
1798,31.75,Medium Risk
1798,27.25,Medium Risk
1798,34.25,Medium Risk
1799,49.0,Medium Risk
1799,41.5,Medium Risk
1799,19.25,Low Risk
1799,32.5,Medium Risk
1799,23.0,Low Risk
1799,28.0,Medium Risk
1799,56.75,High Risk
1799,20.0,Low Risk
1799,29.75,Medium Risk
1799,40.5,Medium Risk
1799,31.75,Medium Risk
1799,29.0,Medium Risk
1799,54.75,High Risk
1799,35.5,Medium Risk
1799,39.5,Medium Risk
1799,26.75,Medium Risk
1800,39.75,Medium Risk
1800,52.5,High Risk
1800,74.0,High Risk
1800,31.75,Medium Risk
1800,20.0,Low Risk
1800,23.0,Low Risk
1800,67.0,High Risk
1800,34.25,Medium Risk
1800,28.0,Medium Risk
1800,40.5,Medium Risk
1800,60.5,High Risk
1800,34.75,Medium Risk
1800,35.5,Medium Risk
1800,19.25,Low Risk
1800,51.75,High Risk
1800,49.75,Medium Risk
1800,46.75,Medium Risk
1800,32.0,Medium Risk
1800,57.5,High Risk
1801,50.5,High Risk
1801,48.0,Medium Risk
1801,57.5,High Risk
1801,35.5,Medium Risk
1801,31.75,Medium Risk
1801,56.5,High Risk
1801,28.75,Medium Risk
1801,20.0,Low Risk
1801,19.25,Low Risk
1801,34.25,Medium Risk
1801,47.25,Medium Risk
1801,42.25,Medium Risk
1801,40.0,Medium Risk
1801,56.75,High Risk
1801,41.5,Medium Risk
1801,26.75,Medium Risk
1801,38.0,Medium Risk
1801,48.75,Medium Risk
1801,39.25,Medium Risk
1802,36.5,Medium Risk
1802,44.5,Medium Risk
1802,48.0,Medium Risk
1802,26.75,Medium Risk
1802,23.0,Low Risk
1802,32.5,Medium Risk
1802,44.0,Medium Risk
1802,20.0,Low Risk
1802,35.5,Medium Risk
1802,41.25,Medium Risk
1802,19.25,Low Risk
1802,31.75,Medium Risk
1802,40.0,Medium Risk
1802,34.75,Medium Risk
1802,41.5,Medium Risk
1802,27.5,Medium Risk
1802,57.0,High Risk
1802,39.25,Medium Risk
1803,23.0,Low Risk
1803,57.0,High Risk
1803,19.25,Low Risk
1803,49.0,Medium Risk
1803,40.0,Medium Risk
1803,56.75,High Risk
1803,35.0,Medium Risk
1803,39.25,Medium Risk
1803,34.25,Medium Risk
1803,22.25,Low Risk
1803,65.5,High Risk
1804,40.0,Medium Risk
1804,49.5,Medium Risk
1804,52.5,High Risk
1804,20.0,Low Risk
1804,46.75,Medium Risk
1804,57.5,High Risk
1804,22.25,Low Risk
1804,56.5,High Risk
1804,44.0,Medium Risk
1805,22.0,Low Risk
1805,19.25,Low Risk
1805,35.5,Medium Risk
1805,49.0,Medium Risk
1805,32.5,Medium Risk
1805,20.0,Low Risk
1805,27.25,Medium Risk
1805,47.5,Medium Risk
1805,23.0,Low Risk
1805,61.5,High Risk
1805,41.5,Medium Risk
1805,39.5,Medium Risk
1805,48.0,Medium Risk
1806,45.25,Medium Risk
1806,59.5,High Risk
1806,19.25,Low Risk
1806,20.0,Low Risk
1806,41.5,Medium Risk
1806,56.5,High Risk
1806,58.5,High Risk
1806,27.5,Medium Risk
1806,35.0,Medium Risk
1806,25.0,Low Risk
1806,55.5,High Risk
1806,29.0,Medium Risk
1806,28.0,Medium Risk
1806,31.75,Medium Risk
1806,40.0,Medium Risk
1806,44.0,Medium Risk
1806,51.75,High Risk
1807,34.25,Medium Risk
1807,32.5,Medium Risk
1807,74.0,High Risk
1807,19.25,Low Risk
1807,44.0,Medium Risk
1807,50.5,High Risk
1807,49.75,Medium Risk
1807,47.5,Medium Risk
1807,82.0,Critical Risk
1807,51.75,High Risk
1807,46.75,Medium Risk
1807,40.0,Medium Risk
1807,57.5,High Risk
1807,41.5,Medium Risk
1807,26.75,Medium Risk
1807,64.0,High Risk
1807,36.5,Medium Risk
1807,76.0,Critical Risk
1807,31.75,Medium Risk
1808,31.75,Medium Risk
1808,34.25,Medium Risk
1808,56.75,High Risk
1808,19.25,Low Risk
1808,46.75,Medium Risk
1808,20.0,Low Risk
1808,57.25,High Risk
1808,27.25,Medium Risk
1808,57.5,High Risk
1808,52.5,High Risk
1808,32.5,Medium Risk
1808,29.0,Medium Risk
1808,53.0,High Risk
1808,27.5,Medium Risk
1808,26.75,Medium Risk
1808,23.0,Low Risk
1808,51.75,High Risk
1808,22.25,Low Risk
1809,29.0,Medium Risk
1809,56.75,High Risk
1809,31.75,Medium Risk
1809,44.0,Medium Risk
1809,51.75,High Risk
1809,27.25,Medium Risk
1809,19.25,Low Risk
1809,40.0,Medium Risk
1809,52.5,High Risk
1809,34.25,Medium Risk
1809,26.75,Medium Risk
1809,35.5,Medium Risk
1810,19.25,Low Risk
1810,26.75,Medium Risk
1810,28.0,Medium Risk
1810,20.0,Low Risk
1810,38.0,Medium Risk
1810,29.0,Medium Risk
1810,47.25,Medium Risk
1810,31.75,Medium Risk
1810,35.0,Medium Risk
1810,27.25,Medium Risk
1810,74.0,High Risk
1811,34.25,Medium Risk
1811,26.75,Medium Risk
1811,61.5,High Risk
1811,40.5,Medium Risk
1811,39.25,Medium Risk
1811,19.25,Low Risk
1811,27.5,Medium Risk
1811,31.75,Medium Risk
1811,29.0,Medium Risk
1811,49.0,Medium Risk
1811,34.75,Medium Risk
1811,40.0,Medium Risk
1811,35.0,Medium Risk
1811,39.5,Medium Risk
1811,29.75,Medium Risk
1812,35.0,Medium Risk
1812,40.0,Medium Risk
1812,37.0,Medium Risk
1812,19.25,Low Risk
1812,37.25,Medium Risk
1812,43.0,Medium Risk
1812,39.25,Medium Risk
1812,92.0,Critical Risk
1812,42.25,Medium Risk
1812,28.0,Medium Risk
1812,29.0,Medium Risk
1812,27.25,Medium Risk
1812,60.5,High Risk
1812,34.25,Medium Risk
1812,49.75,Medium Risk
1812,55.5,High Risk
1812,44.0,Medium Risk
1812,44.5,Medium Risk
1813,20.0,Low Risk
1813,22.25,Low Risk
1813,27.25,Medium Risk
1813,29.5,Medium Risk
1813,27.5,Medium Risk
1813,32.5,Medium Risk
1813,36.5,Medium Risk
1813,34.75,Medium Risk
1813,19.25,Low Risk
1813,31.75,Medium Risk
1814,74.0,High Risk
1814,26.75,Medium Risk
1814,35.0,Medium Risk
1814,34.75,Medium Risk
1814,40.0,Medium Risk
1814,29.75,Medium Risk
1814,20.0,Low Risk
1814,56.5,High Risk
1814,46.75,Medium Risk
1814,29.0,Medium Risk
1814,27.5,Medium Risk
1814,19.25,Low Risk
1814,55.5,High Risk
1814,73.5,High Risk
1814,40.5,Medium Risk
1814,27.25,Medium Risk
1814,23.0,Low Risk
1814,31.75,Medium Risk
1815,19.25,Low Risk
1815,26.75,Medium Risk
1815,37.25,Medium Risk
1815,54.75,High Risk
1815,38.0,Medium Risk
1815,39.25,Medium Risk
1815,28.75,Medium Risk
1815,40.5,Medium Risk
1815,40.0,Medium Risk
1815,64.0,High Risk
1815,20.0,Low Risk
1815,47.5,Medium Risk
1815,34.25,Medium Risk
1815,32.5,Medium Risk
1815,27.25,Medium Risk
1815,51.75,High Risk
1816,19.25,Low Risk
1816,23.0,Low Risk
1816,29.0,Medium Risk
1816,20.0,Low Risk
1816,32.5,Medium Risk
1816,35.0,Medium Risk
1816,44.0,Medium Risk
1816,34.25,Medium Risk
1816,40.0,Medium Risk
1816,61.5,High Risk
1816,40.5,Medium Risk
1816,59.5,High Risk
1817,57.0,High Risk
1817,20.0,Low Risk
1817,35.5,Medium Risk
1817,38.0,Medium Risk
1817,19.25,Low Risk
1817,51.75,High Risk
1817,32.5,Medium Risk
1817,28.0,Medium Risk
1817,43.0,Medium Risk
1817,29.0,Medium Risk
1817,37.25,Medium Risk
1817,27.5,Medium Risk
1817,40.0,Medium Risk
1817,39.25,Medium Risk
1817,39.75,Medium Risk
1817,27.25,Medium Risk
1817,31.75,Medium Risk
1818,19.25,Low Risk
1818,40.0,Medium Risk
1818,48.75,Medium Risk
1818,38.0,Medium Risk
1818,22.25,Low Risk
1818,39.25,Medium Risk
1818,65.25,High Risk
1818,27.25,Medium Risk
1818,54.75,High Risk
1819,46.0,Medium Risk
1819,27.25,Medium Risk
1819,19.25,Low Risk
1819,20.0,Low Risk
1819,31.75,Medium Risk
1819,23.0,Low Risk
1819,27.5,Medium Risk
1819,35.0,Medium Risk
1819,52.5,High Risk
1819,49.0,Medium Risk
1819,29.0,Medium Risk
1819,37.25,Medium Risk
1819,44.5,Medium Risk
1819,34.25,Medium Risk
1819,22.25,Low Risk
1819,39.25,Medium Risk
1820,45.5,Medium Risk
1820,55.5,High Risk
1820,51.75,High Risk
1820,47.5,Medium Risk
1820,35.0,Medium Risk
1820,19.25,Low Risk
1820,39.25,Medium Risk
1820,52.5,High Risk
1820,48.0,Medium Risk
1820,61.5,High Risk
1820,56.5,High Risk
1820,27.5,Medium Risk
1820,49.0,Medium Risk
1820,34.25,Medium Risk
1820,57.5,High Risk
1820,20.0,Low Risk
1820,60.5,High Risk
1820,42.0,Medium Risk
1821,22.25,Low Risk
1821,20.0,Low Risk
1821,77.0,Critical Risk
1821,34.25,Medium Risk
1821,32.0,Medium Risk
1821,32.5,Medium Risk
1821,52.25,High Risk
1821,37.25,Medium Risk
1821,44.0,Medium Risk
1821,29.0,Medium Risk
1821,35.0,Medium Risk
1821,28.0,Medium Risk
1821,39.25,Medium Risk
1821,19.25,Low Risk
1821,27.25,Medium Risk
1821,21.25,Low Risk
1822,19.25,Low Risk
1822,47.25,Medium Risk
1822,61.5,High Risk
1822,44.0,Medium Risk
1822,20.0,Low Risk
1822,67.0,High Risk
1822,36.5,Medium Risk
1822,27.25,Medium Risk
1822,35.0,Medium Risk
1822,38.0,Medium Risk
1822,32.5,Medium Risk
1823,29.0,Medium Risk
1823,35.0,Medium Risk
1823,40.5,Medium Risk
1823,34.25,Medium Risk
1823,20.0,Low Risk
1823,38.0,Medium Risk
1823,69.0,High Risk
1823,19.25,Low Risk
1823,50.0,Medium Risk
1823,39.25,Medium Risk
1823,52.0,High Risk
1823,40.0,Medium Risk
1823,27.25,Medium Risk
1823,59.75,High Risk
1823,79.5,Critical Risk
1823,57.0,High Risk
1823,47.5,Medium Risk
1823,52.5,High Risk
1824,46.75,Medium Risk
1824,49.0,Medium Risk
1824,47.5,Medium Risk
1824,20.0,Low Risk
1824,23.0,Low Risk
1824,19.25,Low Risk
1824,51.75,High Risk
1824,40.0,Medium Risk
1824,82.0,Critical Risk
1824,69.5,High Risk
1824,39.25,Medium Risk
1824,52.5,High Risk
1824,29.0,Medium Risk
1825,39.25,Medium Risk
1825,20.0,Low Risk
1825,35.0,Medium Risk
1825,31.75,Medium Risk
1825,19.25,Low Risk
1825,23.0,Low Risk
1825,22.25,Low Risk
1825,28.0,Medium Risk
1825,52.25,High Risk
1825,42.25,Medium Risk
1825,27.5,Medium Risk
1825,27.25,Medium Risk
1825,34.25,Medium Risk
1825,45.25,Medium Risk
1825,29.0,Medium Risk
1826,20.0,Low Risk
1826,29.0,Medium Risk
1826,19.25,Low Risk
1826,39.5,Medium Risk
1826,37.25,Medium Risk
1826,30.5,Medium Risk
1826,32.0,Medium Risk
1826,64.0,High Risk
1826,22.25,Low Risk
1826,26.75,Medium Risk
1826,27.5,Medium Risk
1826,74.0,High Risk
1827,22.25,Low Risk
1827,19.25,Low Risk
1827,20.0,Low Risk
1827,22.0,Low Risk
1827,41.5,Medium Risk
1827,21.25,Low Risk
1828,20.0,Low Risk
1828,23.0,Low Risk
1828,19.25,Low Risk
1828,34.25,Medium Risk
1828,35.0,Medium Risk
1828,32.5,Medium Risk
1828,21.25,Low Risk
1828,47.25,Medium Risk
1828,45.5,Medium Risk
1828,44.0,Medium Risk
1828,35.5,Medium Risk
1828,38.5,Medium Risk
1828,74.0,High Risk
1828,27.5,Medium Risk
1828,67.0,High Risk
1829,20.0,Low Risk
1829,35.0,Medium Risk
1829,31.75,Medium Risk
1829,47.5,Medium Risk
1829,27.5,Medium Risk
1829,35.5,Medium Risk
1829,44.0,Medium Risk
1829,52.5,High Risk
1829,19.25,Low Risk
1829,39.25,Medium Risk
1829,28.75,Medium Risk
1829,28.0,Medium Risk
1829,40.0,Medium Risk
1829,34.25,Medium Risk
1829,56.5,High Risk
1829,26.75,Medium Risk
1830,38.0,Medium Risk
1830,39.25,Medium Risk
1830,47.25,Medium Risk
1830,31.75,Medium Risk
1830,82.0,Critical Risk
1830,64.5,High Risk
1830,51.75,High Risk
1830,19.25,Low Risk
1830,52.5,High Risk
1830,36.5,Medium Risk
1830,69.0,High Risk
1830,32.5,Medium Risk
1830,22.25,Low Risk
1830,64.0,High Risk
1830,27.5,Medium Risk
1830,47.0,Medium Risk
1830,50.5,High Risk
1830,22.0,Low Risk
1831,64.0,High Risk
1831,79.5,Critical Risk
1831,35.0,Medium Risk
1831,34.25,Medium Risk
1831,56.75,High Risk
1831,42.25,Medium Risk
1831,20.0,Low Risk
1831,57.5,High Risk
1831,26.75,Medium Risk
1831,19.25,Low Risk
1831,50.5,High Risk
1831,46.75,Medium Risk
1831,43.0,Medium Risk
1831,47.0,Medium Risk
1831,31.75,Medium Risk
1831,29.75,Medium Risk
1831,38.0,Medium Risk
1831,49.5,Medium Risk
1832,77.0,Critical Risk
1832,51.75,High Risk
1832,50.5,High Risk
1832,39.25,Medium Risk
1832,35.5,Medium Risk
1832,34.75,Medium Risk
1832,23.0,Low Risk
1832,52.25,High Risk
1832,52.5,High Risk
1832,32.5,Medium Risk
1832,19.25,Low Risk
1832,56.5,High Risk
1832,20.0,Low Risk
1832,74.0,High Risk
1832,90.0,Critical Risk
1832,26.75,Medium Risk
1833,35.0,Medium Risk
1833,44.5,Medium Risk
1833,27.5,Medium Risk
1833,32.5,Medium Risk
1833,29.75,Medium Risk
1833,39.25,Medium Risk
1833,34.25,Medium Risk
1833,36.5,Medium Risk
1833,31.75,Medium Risk
1833,59.5,High Risk
1834,46.75,Medium Risk
1834,55.5,High Risk
1834,40.0,Medium Risk
1834,31.75,Medium Risk
1834,29.0,Medium Risk
1834,34.75,Medium Risk
1834,28.0,Medium Risk
1834,20.0,Low Risk
1834,22.25,Low Risk
1834,47.5,Medium Risk
1834,56.5,High Risk
1834,19.25,Low Risk
1834,60.5,High Risk
1834,54.75,High Risk
1834,64.0,High Risk
1834,57.5,High Risk
1835,40.0,Medium Risk
1835,58.0,High Risk
1835,74.0,High Risk
1835,29.0,Medium Risk
1835,40.5,Medium Risk
1835,20.0,Low Risk
1835,35.5,Medium Risk
1835,39.25,Medium Risk
1835,67.0,High Risk
1835,34.25,Medium Risk
1835,32.5,Medium Risk
1835,56.75,High Risk
1836,20.0,Low Risk
1836,47.5,Medium Risk
1836,39.25,Medium Risk
1836,36.5,Medium Risk
1836,23.0,Low Risk
1836,28.0,Medium Risk
1836,27.5,Medium Risk
1836,41.5,Medium Risk
1836,29.0,Medium Risk
1836,40.0,Medium Risk
1836,19.25,Low Risk
1836,64.0,High Risk
1836,49.75,Medium Risk
1837,19.25,Low Risk
1837,47.5,Medium Risk
1837,31.75,Medium Risk
1837,21.25,Low Risk
1837,27.25,Medium Risk
1837,20.0,Low Risk
1837,42.25,Medium Risk
1837,23.0,Low Risk
1837,74.0,High Risk
1838,19.25,Low Risk
1838,39.25,Medium Risk
1838,20.0,Low Risk
1838,27.5,Medium Risk
1838,21.25,Low Risk
1838,28.0,Medium Risk
1838,50.5,High Risk
1838,56.5,High Risk
1838,29.0,Medium Risk
1838,47.5,Medium Risk
1838,51.75,High Risk
1838,23.0,Low Risk
1838,32.5,Medium Risk
1839,20.0,Low Risk
1839,19.25,Low Risk
1839,29.0,Medium Risk
1839,34.75,Medium Risk
1839,38.0,Medium Risk
1839,59.5,High Risk
1839,39.75,Medium Risk
1839,34.25,Medium Risk
1839,32.5,Medium Risk
1839,40.0,Medium Risk
1839,29.5,Medium Risk
1839,21.25,Low Risk
1840,35.5,Medium Risk
1840,61.5,High Risk
1840,20.0,Low Risk
1840,37.25,Medium Risk
1840,19.25,Low Risk
1840,41.5,Medium Risk
1840,40.0,Medium Risk
1840,31.75,Medium Risk
1840,50.5,High Risk
1840,36.5,Medium Risk
1840,34.75,Medium Risk
1840,26.75,Medium Risk
1840,49.5,Medium Risk
1840,46.75,Medium Risk
1840,45.5,Medium Risk
1840,52.5,High Risk
1840,57.5,High Risk
1841,28.0,Medium Risk
1841,61.5,High Risk
1841,82.5,Critical Risk
1841,29.0,Medium Risk
1841,20.0,Low Risk
1841,57.25,High Risk
1841,35.5,Medium Risk
1841,44.0,Medium Risk
1841,19.25,Low Risk
1841,57.75,High Risk
1842,43.0,Medium Risk
1842,47.5,Medium Risk
1842,35.0,Medium Risk
1842,29.0,Medium Risk
1842,31.75,Medium Risk
1842,21.25,Low Risk
1842,19.25,Low Risk
1842,40.0,Medium Risk
1842,34.25,Medium Risk
1842,20.0,Low Risk
1842,22.25,Low Risk
1842,40.5,Medium Risk
1842,27.25,Medium Risk
1843,40.25,Medium Risk
1843,22.0,Low Risk
1843,19.25,Low Risk
1843,27.5,Medium Risk
1843,34.25,Medium Risk
1843,29.0,Medium Risk
1843,44.0,Medium Risk
1843,41.5,Medium Risk
1843,30.5,Medium Risk
1843,22.25,Low Risk
1843,32.5,Medium Risk
1843,40.0,Medium Risk
1843,56.0,High Risk
1843,69.0,High Risk
1843,27.25,Medium Risk
1843,48.75,Medium Risk
1843,20.0,Low Risk
1843,36.5,Medium Risk
1843,39.25,Medium Risk
1844,82.0,Critical Risk
1844,19.25,Low Risk
1844,28.0,Medium Risk
1844,34.25,Medium Risk
1844,27.25,Medium Risk
1844,39.25,Medium Risk
1844,43.0,Medium Risk
1844,24.25,Low Risk
1844,40.0,Medium Risk
1844,56.5,High Risk
1844,46.75,Medium Risk
1844,74.0,High Risk
1844,20.0,Low Risk
1844,21.25,Low Risk
1844,22.25,Low Risk
1844,77.0,Critical Risk
1844,44.0,Medium Risk
1844,29.75,Medium Risk
1845,39.25,Medium Risk
1845,19.25,Low Risk
1845,64.0,High Risk
1845,20.0,Low Risk
1845,51.75,High Risk
1845,56.5,High Risk
1845,69.0,High Risk
1845,27.5,Medium Risk
1845,82.0,Critical Risk
1845,26.75,Medium Risk
1845,52.5,High Risk
1845,34.25,Medium Risk
1845,67.0,High Risk
1845,49.0,Medium Risk
1845,23.0,Low Risk
1845,25.0,Low Risk
1846,20.0,Low Risk
1846,36.5,Medium Risk
1846,39.25,Medium Risk
1846,56.5,High Risk
1846,21.25,Low Risk
1846,40.0,Medium Risk
1846,34.25,Medium Risk
1846,29.0,Medium Risk
1846,27.25,Medium Risk
1846,35.0,Medium Risk
1846,41.5,Medium Risk
1846,31.75,Medium Risk
1846,57.5,High Risk
1846,47.5,Medium Risk
1846,32.5,Medium Risk
1846,52.5,High Risk
1846,64.75,High Risk
1847,19.25,Low Risk
1847,26.75,Medium Risk
1847,20.0,Low Risk
1847,34.25,Medium Risk
1847,49.0,Medium Risk
1847,32.25,Medium Risk
1847,65.5,High Risk
1847,22.25,Low Risk
1847,32.0,Medium Risk
1847,40.0,Medium Risk
1847,27.25,Medium Risk
1847,35.0,Medium Risk
1847,56.5,High Risk
1847,29.0,Medium Risk
1848,28.0,Medium Risk
1848,29.0,Medium Risk
1848,77.0,Critical Risk
1848,44.0,Medium Risk
1848,35.0,Medium Risk
1848,56.5,High Risk
1848,64.0,High Risk
1848,54.75,High Risk
1848,52.25,High Risk
1848,67.0,High Risk
1848,74.0,High Risk
1848,40.0,Medium Risk
1848,20.0,Low Risk
1849,22.25,Low Risk
1849,40.0,Medium Risk
1849,20.0,Low Risk
1849,35.0,Medium Risk
1849,19.25,Low Risk
1849,27.25,Medium Risk
1849,39.25,Medium Risk
1850,20.0,Low Risk
1850,55.5,High Risk
1850,28.0,Medium Risk
1850,19.25,Low Risk
1850,41.5,Medium Risk
1850,56.75,High Risk
1850,44.0,Medium Risk
1850,35.0,Medium Risk
1850,100.0,Critical Risk
1850,77.0,Critical Risk
1850,34.25,Medium Risk
1850,27.25,Medium Risk
1850,39.25,Medium Risk
1850,32.5,Medium Risk
1850,54.25,High Risk
1850,26.75,Medium Risk
1851,49.0,Medium Risk
1851,34.75,Medium Risk
1851,54.75,High Risk
1851,34.25,Medium Risk
1851,55.5,High Risk
1851,19.25,Low Risk
1851,35.5,Medium Risk
1851,29.0,Medium Risk
1851,43.0,Medium Risk
1851,32.5,Medium Risk
1851,42.25,Medium Risk
1851,20.0,Low Risk
1851,47.5,Medium Risk
1851,35.0,Medium Risk
1851,51.75,High Risk
1851,26.75,Medium Risk
1852,19.25,Low Risk
1852,35.0,Medium Risk
1852,47.5,Medium Risk
1852,20.0,Low Risk
1852,32.5,Medium Risk
1852,57.5,High Risk
1852,39.25,Medium Risk
1852,56.75,High Risk
1852,74.0,High Risk
1853,34.25,Medium Risk
1853,47.25,Medium Risk
1853,31.75,Medium Risk
1853,57.5,High Risk
1853,19.25,Low Risk
1853,29.0,Medium Risk
1853,46.75,Medium Risk
1853,39.25,Medium Risk
1853,35.0,Medium Risk
1853,32.5,Medium Risk
1853,27.5,Medium Risk
1853,22.25,Low Risk
1853,32.0,Medium Risk
1853,50.5,High Risk
1853,41.5,Medium Risk
1853,65.0,High Risk
1853,48.0,Medium Risk
1853,56.5,High Risk
1853,20.0,Low Risk
1853,57.25,High Risk
1853,28.0,Medium Risk
1853,52.5,High Risk
1854,56.5,High Risk
1854,51.5,High Risk
1854,19.25,Low Risk
1854,27.25,Medium Risk
1854,62.0,High Risk
1854,64.0,High Risk
1854,20.0,Low Risk
1854,41.5,Medium Risk
1854,40.0,Medium Risk
1854,35.0,Medium Risk
1854,34.25,Medium Risk
1854,22.25,Low Risk
1854,67.0,High Risk
1854,44.0,Medium Risk
1854,69.0,High Risk
1854,37.25,Medium Risk
1855,19.25,Low Risk
1855,46.75,Medium Risk
1855,64.0,High Risk
1855,27.5,Medium Risk
1855,20.0,Low Risk
1855,69.0,High Risk
1855,56.5,High Risk
1855,28.0,Medium Risk
1855,22.25,Low Risk
1855,40.0,Medium Risk
1855,31.75,Medium Risk
1855,55.5,High Risk
1855,35.0,Medium Risk
1855,74.0,High Risk
1855,42.25,Medium Risk
1855,27.25,Medium Risk
1856,22.25,Low Risk
1856,61.5,High Risk
1856,37.25,Medium Risk
1856,35.0,Medium Risk
1856,51.75,High Risk
1856,29.0,Medium Risk
1856,19.25,Low Risk
1856,56.75,High Risk
1856,34.25,Medium Risk
1856,40.0,Medium Risk
1856,32.5,Medium Risk
1856,66.75,High Risk
1856,20.0,Low Risk
1857,34.25,Medium Risk
1857,44.0,Medium Risk
1857,19.25,Low Risk
1857,65.5,High Risk
1857,48.0,Medium Risk
1857,21.25,Low Risk
1857,26.75,Medium Risk
1857,56.5,High Risk
1857,46.75,Medium Risk
1857,51.75,High Risk
1857,35.0,Medium Risk
1857,20.0,Low Risk
1857,38.0,Medium Risk
1857,61.5,High Risk
1857,44.5,Medium Risk
1857,47.5,Medium Risk
1858,35.5,Medium Risk
1858,34.25,Medium Risk
1858,20.0,Low Risk
1858,19.25,Low Risk
1858,26.75,Medium Risk
1858,49.0,Medium Risk
1858,35.0,Medium Risk
1858,32.5,Medium Risk
1858,40.0,Medium Risk
1858,58.5,High Risk
1858,22.0,Low Risk
1858,22.25,Low Risk
1858,54.75,High Risk
1858,51.5,High Risk
1858,64.75,High Risk
1858,30.5,Medium Risk
1858,37.25,Medium Risk
1859,47.25,Medium Risk
1859,19.25,Low Risk
1859,29.0,Medium Risk
1859,20.0,Low Risk
1859,32.5,Medium Risk
1859,64.0,High Risk
1859,40.0,Medium Risk
1859,69.0,High Risk
1859,22.25,Low Risk
1859,48.0,Medium Risk
1859,28.0,Medium Risk
1859,35.0,Medium Risk
1859,43.0,Medium Risk
1859,74.0,High Risk
1860,20.0,Low Risk
1860,31.75,Medium Risk
1860,40.0,Medium Risk
1860,37.25,Medium Risk
1860,22.25,Low Risk
1860,44.0,Medium Risk
1860,46.75,Medium Risk
1860,19.25,Low Risk
1860,29.0,Medium Risk
1860,52.0,High Risk
1860,42.25,Medium Risk
1860,49.75,Medium Risk
1860,32.5,Medium Risk
1861,35.5,Medium Risk
1861,29.0,Medium Risk
1861,19.25,Low Risk
1861,56.5,High Risk
1861,20.0,Low Risk
1861,49.0,Medium Risk
1861,31.75,Medium Risk
1861,22.25,Low Risk
1861,35.0,Medium Risk
1861,40.0,Medium Risk
1861,27.25,Medium Risk
1861,25.0,Low Risk
1861,48.0,Medium Risk
1861,26.75,Medium Risk
1862,19.25,Low Risk
1862,77.0,Critical Risk
1862,48.0,Medium Risk
1862,26.75,Medium Risk
1862,31.75,Medium Risk
1862,20.0,Low Risk
1862,40.0,Medium Risk
1862,36.5,Medium Risk
1862,32.5,Medium Risk
1862,49.75,Medium Risk
1862,27.25,Medium Risk
1862,39.25,Medium Risk
1863,27.5,Medium Risk
1863,31.75,Medium Risk
1863,74.0,High Risk
1863,49.0,Medium Risk
1863,56.5,High Risk
1863,19.25,Low Risk
1863,22.25,Low Risk
1863,87.0,Critical Risk
1863,46.75,Medium Risk
1863,72.0,High Risk
1863,28.0,Medium Risk
1863,32.5,Medium Risk
1863,37.25,Medium Risk
1863,64.0,High Risk
1863,26.75,Medium Risk
1863,52.5,High Risk
1863,56.75,High Risk
1863,27.25,Medium Risk
1864,69.0,High Risk
1864,37.0,Medium Risk
1864,19.25,Low Risk
1864,20.0,Low Risk
1864,67.75,High Risk
1864,52.5,High Risk
1864,57.5,High Risk
1864,38.0,Medium Risk
1864,46.75,Medium Risk
1864,35.0,Medium Risk
1864,29.0,Medium Risk
1864,59.75,High Risk
1864,26.75,Medium Risk
1864,40.5,Medium Risk
1864,31.75,Medium Risk
1865,19.25,Low Risk
1865,32.25,Medium Risk
1865,34.25,Medium Risk
1865,56.5,High Risk
1865,64.5,High Risk
1865,27.25,Medium Risk
1865,29.0,Medium Risk
1865,74.0,High Risk
1865,82.0,Critical Risk
1865,20.0,Low Risk
1865,26.75,Medium Risk
1865,59.5,High Risk
1865,35.0,Medium Risk
1865,49.0,Medium Risk
1865,21.25,Low Risk
1866,19.25,Low Risk
1866,37.25,Medium Risk
1866,25.0,Low Risk
1866,34.25,Medium Risk
1866,29.5,Medium Risk
1866,52.5,High Risk
1866,55.0,High Risk
1866,39.25,Medium Risk
1866,92.0,Critical Risk
1866,31.75,Medium Risk
1866,59.5,High Risk
1866,35.5,Medium Risk
1866,74.0,High Risk
1866,41.0,Medium Risk
1866,27.25,Medium Risk
1866,22.25,Low Risk
1866,26.75,Medium Risk
1866,77.0,Critical Risk
1867,42.25,Medium Risk
1867,20.0,Low Risk
1867,47.5,Medium Risk
1867,56.75,High Risk
1867,26.75,Medium Risk
1867,74.0,High Risk
1867,27.5,Medium Risk
1867,22.25,Low Risk
1867,54.75,High Risk
1867,47.0,Medium Risk
1867,31.75,Medium Risk
1867,35.0,Medium Risk
1867,27.25,Medium Risk
1867,19.25,Low Risk
1868,19.25,Low Risk
1868,26.75,Medium Risk
1868,51.75,High Risk
1868,27.5,Medium Risk
1868,44.5,Medium Risk
1868,40.5,Medium Risk
1868,56.5,High Risk
1868,34.25,Medium Risk
1868,31.75,Medium Risk
1868,59.75,High Risk
1868,22.25,Low Risk
1868,60.5,High Risk
1868,39.5,Medium Risk
1868,65.5,High Risk
1868,35.5,Medium Risk
1868,42.25,Medium Risk
1868,52.5,High Risk
1869,29.0,Medium Risk
1869,20.0,Low Risk
1869,51.75,High Risk
1869,49.75,Medium Risk
1869,40.0,Medium Risk
1869,60.5,High Risk
1869,34.25,Medium Risk
1869,52.5,High Risk
1869,24.25,Low Risk
1869,57.5,High Risk
1869,32.5,Medium Risk
1869,29.75,Medium Risk
1869,19.25,Low Risk
1870,35.0,Medium Risk
1870,19.25,Low Risk
1870,39.25,Medium Risk
1870,64.0,High Risk
1870,60.5,High Risk
1870,69.0,High Risk
1870,67.0,High Risk
1870,74.0,High Risk
1870,43.0,Medium Risk
1870,32.5,Medium Risk
1870,34.25,Medium Risk
1871,19.25,Low Risk
1871,74.0,High Risk
1871,32.5,Medium Risk
1871,28.0,Medium Risk
1871,29.0,Medium Risk
1871,20.0,Low Risk
1871,77.0,Critical Risk
1871,27.25,Medium Risk
1872,20.0,Low Risk
1872,32.5,Medium Risk
1872,23.0,Low Risk
1872,22.25,Low Risk
1872,35.0,Medium Risk
1872,29.0,Medium Risk
1872,40.0,Medium Risk
1872,34.25,Medium Risk
1872,31.75,Medium Risk
1872,47.5,Medium Risk
1872,27.25,Medium Risk
1872,37.0,Medium Risk
1872,44.0,Medium Risk
1872,35.5,Medium Risk
1873,54.5,High Risk
1873,19.25,Low Risk
1873,56.5,High Risk
1873,49.0,Medium Risk
1873,35.0,Medium Risk
1873,34.25,Medium Risk
1873,20.0,Low Risk
1873,40.0,Medium Risk
1873,69.0,High Risk
1873,39.25,Medium Risk
1873,27.25,Medium Risk
1874,23.0,Low Risk
1874,19.25,Low Risk
1874,35.0,Medium Risk
1874,34.25,Medium Risk
1874,20.0,Low Risk
1874,64.0,High Risk
1874,28.0,Medium Risk
1874,21.25,Low Risk
1874,47.0,Medium Risk
1874,43.0,Medium Risk
1874,27.25,Medium Risk
1875,29.0,Medium Risk
1875,44.0,Medium Risk
1875,27.5,Medium Risk
1875,52.5,High Risk
1875,51.75,High Risk
1875,19.25,Low Risk
1875,22.25,Low Risk
1875,39.25,Medium Risk
1875,32.0,Medium Risk
1875,74.0,High Risk
1875,56.75,High Risk
1875,54.75,High Risk
1875,64.0,High Risk
1876,92.0,Critical Risk
1876,40.0,Medium Risk
1876,54.75,High Risk
1876,49.5,Medium Risk
1876,52.5,High Risk
1876,39.75,Medium Risk
1876,31.75,Medium Risk
1876,69.5,High Risk
1876,48.0,Medium Risk
1876,47.0,Medium Risk
1876,46.75,Medium Risk
1876,22.25,Low Risk
1877,26.75,Medium Risk
1877,32.5,Medium Risk
1877,19.25,Low Risk
1877,20.0,Low Risk
1877,21.25,Low Risk
1877,31.75,Medium Risk
1877,37.0,Medium Risk
1877,29.0,Medium Risk
1877,27.25,Medium Risk
1878,28.0,Medium Risk
1878,47.5,Medium Risk
1878,46.75,Medium Risk
1878,49.0,Medium Risk
1878,27.5,Medium Risk
1878,48.0,Medium Risk
1878,74.0,High Risk
1878,20.0,Low Risk
1878,19.25,Low Risk
1878,27.25,Medium Risk
1878,52.5,High Risk
1878,42.25,Medium Risk
1878,39.25,Medium Risk
1878,26.75,Medium Risk
1879,51.75,High Risk
1879,74.0,High Risk
1879,52.5,High Risk
1879,74.75,High Risk
1879,48.0,Medium Risk
1879,69.5,High Risk
1879,39.25,Medium Risk
1879,32.5,Medium Risk
1879,40.0,Medium Risk
1879,31.75,Medium Risk
1879,36.5,Medium Risk
1879,72.0,High Risk
1879,20.0,Low Risk
1879,27.5,Medium Risk
1879,35.5,Medium Risk
1880,39.25,Medium Risk
1880,19.25,Low Risk
1880,34.5,Medium Risk
1880,56.5,High Risk
1880,82.0,Critical Risk
1880,64.0,High Risk
1880,27.5,Medium Risk
1880,74.0,High Risk
1880,69.0,High Risk
1880,27.25,Medium Risk
1880,47.5,Medium Risk
1881,19.25,Low Risk
1881,20.0,Low Risk
1881,49.0,Medium Risk
1881,22.25,Low Risk
1881,26.75,Medium Risk
1881,37.25,Medium Risk
1881,70.5,High Risk
1881,46.75,Medium Risk
1881,44.75,Medium Risk
1882,29.0,Medium Risk
1882,26.75,Medium Risk
1882,31.75,Medium Risk
1882,32.5,Medium Risk
1882,41.5,Medium Risk
1882,52.5,High Risk
1882,35.5,Medium Risk
1882,51.75,High Risk
1882,19.25,Low Risk
1882,20.0,Low Risk
1882,27.25,Medium Risk
1882,27.5,Medium Risk
1882,46.75,Medium Risk
1882,60.5,High Risk
1882,28.0,Medium Risk
1883,69.0,High Risk
1883,34.75,Medium Risk
1883,20.0,Low Risk
1883,19.25,Low Risk
1883,44.5,Medium Risk
1883,34.25,Medium Risk
1883,40.0,Medium Risk
1883,74.0,High Risk
1883,52.25,High Risk
1883,26.75,Medium Risk
1883,30.5,Medium Risk
1883,64.0,High Risk
1883,28.0,Medium Risk
1883,82.0,Critical Risk
1883,22.25,Low Risk
1883,35.0,Medium Risk
1883,45.5,Medium Risk
1883,77.0,Critical Risk
1884,61.5,High Risk
1884,39.25,Medium Risk
1884,20.0,Low Risk
1884,19.25,Low Risk
1884,40.5,Medium Risk
1884,56.5,High Risk
1884,35.5,Medium Risk
1884,35.0,Medium Risk
1884,64.0,High Risk
1884,27.25,Medium Risk
1884,60.0,High Risk
1884,49.75,Medium Risk
1884,34.5,Medium Risk
1884,30.5,Medium Risk
1884,22.25,Low Risk
1884,44.0,Medium Risk
1884,47.25,Medium Risk
1885,46.75,Medium Risk
1885,19.25,Low Risk
1885,56.5,High Risk
1885,32.5,Medium Risk
1885,40.0,Medium Risk
1885,49.0,Medium Risk
1885,77.0,Critical Risk
1885,26.75,Medium Risk
1885,52.75,High Risk
1885,29.0,Medium Risk
1886,39.25,Medium Risk
1886,19.25,Low Risk
1886,42.25,Medium Risk
1886,51.75,High Risk
1886,57.5,High Risk
1886,20.0,Low Risk
1886,46.75,Medium Risk
1886,28.0,Medium Risk
1886,59.75,High Risk
1886,26.75,Medium Risk
1886,35.5,Medium Risk
1886,34.25,Medium Risk
1886,65.5,High Risk
1886,44.5,Medium Risk
1886,36.5,Medium Risk
1886,34.75,Medium Risk
1886,32.5,Medium Risk
1887,38.0,Medium Risk
1887,27.25,Medium Risk
1887,19.25,Low Risk
1887,26.75,Medium Risk
1887,20.0,Low Risk
1887,48.0,Medium Risk
1887,40.0,Medium Risk
1887,34.5,Medium Risk
1887,35.0,Medium Risk
1887,31.75,Medium Risk
1887,49.75,Medium Risk
1887,52.5,High Risk
1887,36.5,Medium Risk
1887,51.75,High Risk
1888,29.0,Medium Risk
1888,35.5,Medium Risk
1888,20.0,Low Risk
1888,27.5,Medium Risk
1888,26.75,Medium Risk
1888,19.25,Low Risk
1888,39.25,Medium Risk
1888,49.0,Medium Risk
1888,32.5,Medium Risk
1888,35.0,Medium Risk
1888,27.25,Medium Risk
1888,31.75,Medium Risk
1888,46.0,Medium Risk
1889,22.0,Low Risk
1889,74.0,High Risk
1889,19.25,Low Risk
1889,38.0,Medium Risk
1889,29.0,Medium Risk
1889,41.25,Medium Risk
1889,51.5,High Risk
1889,37.25,Medium Risk
1889,40.0,Medium Risk
1889,20.0,Low Risk
1889,47.5,Medium Risk
1889,39.75,Medium Risk
1889,27.5,Medium Risk
1889,58.0,High Risk
1889,26.75,Medium Risk
1889,32.0,Medium Risk
1890,49.75,Medium Risk
1890,22.25,Low Risk
1890,20.0,Low Risk
1890,42.25,Medium Risk
1890,39.25,Medium Risk
1890,31.75,Medium Risk
1890,19.25,Low Risk
1890,52.25,High Risk
1890,45.5,Medium Risk
1890,27.5,Medium Risk
1890,27.25,Medium Risk
1890,36.25,Medium Risk
1890,41.5,Medium Risk
1890,34.75,Medium Risk
1890,37.0,Medium Risk
1891,74.0,High Risk
1891,19.25,Low Risk
1891,69.0,High Risk
1891,82.5,Critical Risk
1891,27.25,Medium Risk
1891,46.75,Medium Risk
1891,34.75,Medium Risk
1891,20.0,Low Risk
1891,67.0,High Risk
1891,28.0,Medium Risk
1891,64.0,High Risk
1892,19.25,Low Risk
1892,32.0,Medium Risk
1892,49.0,Medium Risk
1892,32.5,Medium Risk
1892,42.25,Medium Risk
1892,22.25,Low Risk
1892,20.0,Low Risk
1892,54.5,High Risk
1892,31.75,Medium Risk
1892,82.0,Critical Risk
1892,27.5,Medium Risk
1892,34.25,Medium Risk
1892,58.0,High Risk
1892,29.75,Medium Risk
1892,40.0,Medium Risk
1892,57.0,High Risk
1892,30.5,Medium Risk
1892,37.25,Medium Risk
1893,19.25,Low Risk
1893,74.0,High Risk
1893,26.75,Medium Risk
1893,39.25,Medium Risk
1893,77.0,Critical Risk
1893,35.0,Medium Risk
1893,56.5,High Risk
1893,20.0,Low Risk
1893,52.5,High Risk
1893,79.5,Critical Risk
1893,48.0,Medium Risk
1893,46.75,Medium Risk
1893,68.5,High Risk
1893,42.25,Medium Risk
1893,44.0,Medium Risk
1893,69.0,High Risk
1893,34.25,Medium Risk
1894,19.25,Low Risk
1894,27.25,Medium Risk
1894,29.0,Medium Risk
1894,31.75,Medium Risk
1894,20.0,Low Risk
1894,23.0,Low Risk
1894,28.0,Medium Risk
1894,22.25,Low Risk
1894,42.25,Medium Risk
1895,27.5,Medium Risk
1895,20.0,Low Risk
1895,19.25,Low Risk
1895,74.0,High Risk
1895,44.0,Medium Risk
1895,40.0,Medium Risk
1895,34.25,Medium Risk
1895,27.25,Medium Risk
1895,35.0,Medium Risk
1895,52.0,High Risk
1896,34.25,Medium Risk
1896,28.0,Medium Risk
1896,39.25,Medium Risk
1896,20.0,Low Risk
1896,19.25,Low Risk
1896,26.75,Medium Risk
1896,52.5,High Risk
1896,46.75,Medium Risk
1896,41.5,Medium Risk
1896,51.75,High Risk
1896,35.0,Medium Risk
1896,31.75,Medium Risk
1896,27.25,Medium Risk
1896,37.25,Medium Risk
1897,37.25,Medium Risk
1897,22.25,Low Risk
1897,40.0,Medium Risk
1897,23.0,Low Risk
1897,19.25,Low Risk
1897,20.0,Low Risk
1897,47.25,Medium Risk
1897,48.75,Medium Risk
1897,27.5,Medium Risk
1897,46.75,Medium Risk
1897,32.5,Medium Risk
1897,47.5,Medium Risk
1897,27.25,Medium Risk
1897,31.75,Medium Risk
1897,29.0,Medium Risk
1897,52.5,High Risk
1898,31.75,Medium Risk
1898,43.0,Medium Risk
1898,27.25,Medium Risk
1898,47.5,Medium Risk
1898,48.0,Medium Risk
1898,50.5,High Risk
1898,26.75,Medium Risk
1898,19.25,Low Risk
1898,34.5,Medium Risk
1898,32.5,Medium Risk
1898,20.0,Low Risk
1898,47.25,Medium Risk
1898,58.0,High Risk
1898,49.75,Medium Risk
1898,52.5,High Risk
1899,51.75,High Risk
1899,74.0,High Risk
1899,56.5,High Risk
1899,20.0,Low Risk
1899,52.5,High Risk
1899,19.25,Low Risk
1899,39.25,Medium Risk
1899,47.5,Medium Risk
1899,46.75,Medium Risk
1899,28.0,Medium Risk
1899,64.0,High Risk
1899,40.0,Medium Risk
1899,29.75,Medium Risk
1899,29.0,Medium Risk
1900,20.0,Low Risk
1900,19.25,Low Risk
1900,56.0,High Risk
1900,27.25,Medium Risk
1900,49.0,Medium Risk
1900,31.75,Medium Risk
1900,27.5,Medium Risk
1900,67.0,High Risk
1900,40.5,Medium Risk
1900,29.0,Medium Risk
1901,42.0,Medium Risk
1901,52.5,High Risk
1901,32.5,Medium Risk
1901,47.5,Medium Risk
1901,35.0,Medium Risk
1901,19.25,Low Risk
1901,34.25,Medium Risk
1901,28.0,Medium Risk
1901,75.5,Critical Risk
1901,48.0,Medium Risk
1901,40.0,Medium Risk
1901,52.0,High Risk
1902,41.5,Medium Risk
1902,20.0,Low Risk
1902,19.25,Low Risk
1902,21.25,Low Risk
1902,46.0,Medium Risk
1902,27.25,Medium Risk
1902,27.5,Medium Risk
1902,45.5,Medium Risk
1902,32.5,Medium Risk
1902,42.25,Medium Risk
1902,26.75,Medium Risk
1902,40.0,Medium Risk
1903,44.0,Medium Risk
1903,42.25,Medium Risk
1903,59.5,High Risk
1903,95.0,Critical Risk
1903,40.0,Medium Risk
1903,74.0,High Risk
1903,22.25,Low Risk
1903,64.0,High Risk
1903,20.0,Low Risk
1903,37.25,Medium Risk
1903,34.25,Medium Risk
1903,47.5,Medium Risk
1903,46.75,Medium Risk
1903,72.0,High Risk
1903,54.75,High Risk
1903,69.0,High Risk
1904,19.25,Low Risk
1904,39.25,Medium Risk
1904,20.0,Low Risk
1904,26.75,Medium Risk
1904,64.0,High Risk
1904,49.0,Medium Risk
1904,52.5,High Risk
1904,47.25,Medium Risk
1904,33.75,Medium Risk
1904,28.0,Medium Risk
1904,51.75,High Risk
1904,23.0,Low Risk
1904,62.0,High Risk
1904,34.25,Medium Risk
1904,44.75,Medium Risk
1904,74.0,High Risk
1904,41.5,Medium Risk
1904,66.5,High Risk
1904,46.75,Medium Risk
1904,27.5,Medium Risk
1904,31.75,Medium Risk
1905,20.0,Low Risk
1905,19.25,Low Risk
1905,31.75,Medium Risk
1905,22.25,Low Risk
1905,43.0,Medium Risk
1905,34.75,Medium Risk
1905,61.5,High Risk
1905,44.0,Medium Risk
1905,74.0,High Risk
1905,37.25,Medium Risk
1905,56.5,High Risk
1905,49.75,Medium Risk
1905,37.0,Medium Risk
1905,39.25,Medium Risk
1905,26.75,Medium Risk
1905,47.25,Medium Risk
1906,46.75,Medium Risk
1906,27.5,Medium Risk
1906,34.25,Medium Risk
1906,35.0,Medium Risk
1906,27.25,Medium Risk
1906,19.25,Low Risk
1906,52.25,High Risk
1906,72.0,High Risk
1906,20.0,Low Risk
1906,26.75,Medium Risk
1906,74.0,High Risk
1906,49.0,Medium Risk
1906,22.0,Low Risk
1906,29.0,Medium Risk
1906,40.0,Medium Risk
1906,41.5,Medium Risk
1906,64.0,High Risk
1907,19.25,Low Risk
1907,34.25,Medium Risk
1907,57.5,High Risk
1907,43.0,Medium Risk
1907,35.0,Medium Risk
1907,52.25,High Risk
1907,31.75,Medium Risk
1907,36.25,Medium Risk
1907,32.5,Medium Risk
1907,49.0,Medium Risk
1907,74.0,High Risk
1907,42.25,Medium Risk
1907,44.0,Medium Risk
1907,64.0,High Risk
1908,35.5,Medium Risk
1908,39.75,Medium Risk
1908,47.25,Medium Risk
1908,34.25,Medium Risk
1908,28.0,Medium Risk
1908,29.75,Medium Risk
1908,32.0,Medium Risk
1908,37.25,Medium Risk
1908,19.25,Low Risk
1908,31.75,Medium Risk
1908,40.0,Medium Risk
1908,57.0,High Risk
1909,21.25,Low Risk
1909,26.75,Medium Risk
1909,27.5,Medium Risk
1909,40.0,Medium Risk
1909,34.75,Medium Risk
1909,32.5,Medium Risk
1909,47.5,Medium Risk
1909,52.5,High Risk
1909,43.0,Medium Risk
1909,58.0,High Risk
1909,44.0,Medium Risk
1909,74.0,High Risk
1909,41.5,Medium Risk
1909,42.25,Medium Risk
1909,49.75,Medium Risk
1910,34.75,Medium Risk
1910,37.25,Medium Risk
1910,38.0,Medium Risk
1910,26.75,Medium Risk
1910,46.75,Medium Risk
1910,36.5,Medium Risk
1910,47.25,Medium Risk
1910,20.0,Low Risk
1910,39.25,Medium Risk
1910,52.25,High Risk
1910,29.0,Medium Risk
1910,21.25,Low Risk
1910,27.25,Medium Risk
1910,34.25,Medium Risk
1910,49.75,Medium Risk
1910,40.0,Medium Risk
1910,49.0,Medium Risk
1910,77.0,Critical Risk
1910,19.25,Low Risk
1910,35.0,Medium Risk
1911,30.5,Medium Risk
1911,49.0,Medium Risk
1911,35.5,Medium Risk
1911,20.0,Low Risk
1911,27.5,Medium Risk
1911,69.0,High Risk
1911,56.5,High Risk
1911,37.25,Medium Risk
1911,19.25,Low Risk
1911,39.75,Medium Risk
1911,31.75,Medium Risk
1911,51.75,High Risk
1911,22.25,Low Risk
1911,26.75,Medium Risk
1912,40.0,Medium Risk
1912,19.25,Low Risk
1912,20.0,Low Risk
1912,37.25,Medium Risk
1912,65.5,High Risk
1912,35.0,Medium Risk
1912,56.5,High Risk
1912,29.0,Medium Risk
1912,47.25,Medium Risk
1912,46.75,Medium Risk
1912,39.25,Medium Risk
1912,47.5,Medium Risk
1912,54.75,High Risk
1912,26.75,Medium Risk
1912,49.0,Medium Risk
1913,55.5,High Risk
1913,29.0,Medium Risk
1913,39.25,Medium Risk
1913,34.5,Medium Risk
1913,19.25,Low Risk
1913,28.0,Medium Risk
1913,22.25,Low Risk
1913,32.5,Medium Risk
1913,23.0,Low Risk
1913,52.5,High Risk
1913,41.0,Medium Risk
1913,47.5,Medium Risk
1913,21.25,Low Risk
1913,37.25,Medium Risk
1913,69.0,High Risk
1913,20.0,Low Risk
1913,51.75,High Risk
1913,46.75,Medium Risk
1914,20.0,Low Risk
1914,22.25,Low Risk
1914,19.25,Low Risk
1914,29.0,Medium Risk
1914,87.0,Critical Risk
1914,47.25,Medium Risk
1914,69.0,High Risk
1914,52.5,High Risk
1914,32.5,Medium Risk
1914,74.0,High Risk
1914,38.0,Medium Risk
1914,49.75,Medium Risk
1914,47.5,Medium Risk
1914,92.0,Critical Risk
1915,35.0,Medium Risk
1915,37.0,Medium Risk
1915,65.5,High Risk
1915,19.25,Low Risk
1915,44.0,Medium Risk
1915,22.25,Low Risk
1915,38.0,Medium Risk
1915,20.0,Low Risk
1915,28.0,Medium Risk
1915,41.5,Medium Risk
1915,40.0,Medium Risk
1915,39.75,Medium Risk
1915,39.25,Medium Risk
1915,37.25,Medium Risk
1915,34.25,Medium Risk
1916,39.25,Medium Risk
1916,32.5,Medium Risk
1916,22.25,Low Risk
1916,19.25,Low Risk
1916,26.75,Medium Risk
1916,27.5,Medium Risk
1916,35.5,Medium Risk
1916,51.75,High Risk
1916,47.5,Medium Risk
1916,31.75,Medium Risk
1916,35.0,Medium Risk
1916,41.5,Medium Risk
1916,20.0,Low Risk
1916,28.0,Medium Risk
1916,29.0,Medium Risk
1916,57.0,High Risk
1916,40.0,Medium Risk
1916,34.25,Medium Risk
1917,31.75,Medium Risk
1917,47.0,Medium Risk
1917,32.5,Medium Risk
1917,59.75,High Risk
1917,39.75,Medium Risk
1917,28.0,Medium Risk
1917,34.25,Medium Risk
1917,47.5,Medium Risk
1917,27.5,Medium Risk
1917,54.75,High Risk
1917,40.0,Medium Risk
1917,43.0,Medium Risk
1917,51.75,High Risk
1917,57.0,High Risk
1917,52.5,High Risk
1917,49.75,Medium Risk
1918,29.0,Medium Risk
1918,39.25,Medium Risk
1918,42.25,Medium Risk
1918,34.25,Medium Risk
1918,20.0,Low Risk
1918,26.75,Medium Risk
1918,36.25,Medium Risk
1918,56.5,High Risk
1918,35.0,Medium Risk
1918,19.25,Low Risk
1918,23.0,Low Risk
1918,43.0,Medium Risk
1918,74.0,High Risk
1918,87.0,Critical Risk
1918,64.0,High Risk
1919,56.5,High Risk
1919,29.75,Medium Risk
1919,19.25,Low Risk
1919,24.25,Low Risk
1919,37.25,Medium Risk
1919,38.0,Medium Risk
1919,64.5,High Risk
1919,34.25,Medium Risk
1919,47.5,Medium Risk
1919,31.75,Medium Risk
1919,64.0,High Risk
1919,56.75,High Risk
1919,37.0,Medium Risk
1919,42.25,Medium Risk
1919,39.25,Medium Risk
1919,32.5,Medium Risk
1919,74.0,High Risk
1919,27.5,Medium Risk
1920,34.75,Medium Risk
1920,52.5,High Risk
1920,31.75,Medium Risk
1920,19.25,Low Risk
1920,20.0,Low Risk
1920,40.0,Medium Risk
1920,59.75,High Risk
1920,37.25,Medium Risk
1920,64.0,High Risk
1920,39.25,Medium Risk
1920,26.75,Medium Risk
1920,51.75,High Risk
1920,41.5,Medium Risk
1920,23.0,Low Risk
1920,35.5,Medium Risk
1920,32.5,Medium Risk
1921,27.25,Medium Risk
1921,52.5,High Risk
1921,56.5,High Risk
1921,40.0,Medium Risk
1921,28.0,Medium Risk
1921,74.0,High Risk
1921,20.0,Low Risk
1921,48.0,Medium Risk
1921,47.25,Medium Risk
1921,46.75,Medium Risk
1921,69.0,High Risk
1921,19.25,Low Risk
1921,57.5,High Risk
1921,82.0,Critical Risk
1921,49.0,Medium Risk
1922,41.5,Medium Risk
1922,19.25,Low Risk
1922,45.5,Medium Risk
1922,28.0,Medium Risk
1922,27.25,Medium Risk
1922,35.0,Medium Risk
1922,51.0,High Risk
1922,31.75,Medium Risk
1922,37.25,Medium Risk
1922,49.0,Medium Risk
1922,27.5,Medium Risk
1922,46.75,Medium Risk
1922,39.25,Medium Risk
1922,23.0,Low Risk
1923,20.0,Low Risk
1923,44.0,Medium Risk
1923,35.0,Medium Risk
1923,19.25,Low Risk
1923,72.0,High Risk
1923,74.0,High Risk
1923,39.25,Medium Risk
1923,69.0,High Risk
1923,51.75,High Risk
1923,46.75,Medium Risk
1923,56.5,High Risk
1923,77.0,Critical Risk
1923,34.25,Medium Risk
1923,32.5,Medium Risk
1923,43.0,Medium Risk
1923,37.25,Medium Risk
1923,51.5,High Risk
1923,76.0,Critical Risk
1923,42.25,Medium Risk
1924,27.25,Medium Risk
1924,40.0,Medium Risk
1924,64.5,High Risk
1924,51.75,High Risk
1924,27.5,Medium Risk
1924,20.0,Low Risk
1924,67.0,High Risk
1924,40.25,Medium Risk
1924,30.5,Medium Risk
1924,41.5,Medium Risk
1924,65.5,High Risk
1924,52.5,High Risk
1924,34.25,Medium Risk
1924,82.0,Critical Risk
1924,56.5,High Risk
1924,28.0,Medium Risk
1924,19.25,Low Risk
1924,32.0,Medium Risk
1924,39.25,Medium Risk
1924,57.5,High Risk
1924,22.25,Low Risk
1925,22.25,Low Risk
1925,19.25,Low Risk
1925,82.0,Critical Risk
1925,51.75,High Risk
1925,20.0,Low Risk
1925,49.0,Medium Risk
1925,38.0,Medium Risk
1925,29.0,Medium Risk
1925,77.0,Critical Risk
1925,74.0,High Risk
1925,49.75,Medium Risk
1925,39.25,Medium Risk
1925,64.0,High Risk
1925,32.0,Medium Risk
1925,31.75,Medium Risk
1925,23.0,Low Risk
1926,46.75,Medium Risk
1926,19.25,Low Risk
1926,40.0,Medium Risk
1926,20.0,Low Risk
1926,29.0,Medium Risk
1926,25.0,Low Risk
1926,35.5,Medium Risk
1926,28.0,Medium Risk
1926,32.0,Medium Risk
1926,38.0,Medium Risk
1926,23.0,Low Risk
1926,32.5,Medium Risk
1927,19.25,Low Risk
1927,20.0,Low Risk
1927,34.75,Medium Risk
1927,31.75,Medium Risk
1927,34.25,Medium Risk
1927,24.25,Low Risk
1927,56.5,High Risk
1927,46.75,Medium Risk
1928,19.25,Low Risk
1928,31.75,Medium Risk
1928,20.0,Low Risk
1928,28.0,Medium Risk
1928,49.0,Medium Risk
1928,38.0,Medium Risk
1928,40.5,Medium Risk
1928,77.0,Critical Risk
1928,37.0,Medium Risk
1928,49.75,Medium Risk
1928,58.0,High Risk
1928,52.5,High Risk
1928,22.25,Low Risk
1928,47.5,Medium Risk
1928,32.5,Medium Risk
1928,27.5,Medium Risk
1928,37.25,Medium Risk
1928,27.25,Medium Risk
1928,23.0,Low Risk
1929,40.0,Medium Risk
1929,46.75,Medium Risk
1929,77.0,Critical Risk
1929,34.75,Medium Risk
1929,72.0,High Risk
1929,39.25,Medium Risk
1929,39.75,Medium Risk
1929,69.0,High Risk
1929,74.0,High Risk
1929,19.25,Low Risk
1929,42.25,Medium Risk
1929,47.5,Medium Risk
1929,82.0,Critical Risk
1929,22.25,Low Risk
1929,20.0,Low Risk
1929,49.75,Medium Risk
1929,27.25,Medium Risk
1929,37.25,Medium Risk
1930,19.25,Low Risk
1930,43.0,Medium Risk
1930,56.75,High Risk
1930,64.0,High Risk
1930,22.0,Low Risk
1930,74.0,High Risk
1930,27.25,Medium Risk
1930,74.5,High Risk
1930,82.0,Critical Risk
1930,22.25,Low Risk
1930,47.25,Medium Risk
1930,35.0,Medium Risk
1930,47.5,Medium Risk
1930,32.0,Medium Risk
1930,39.25,Medium Risk
1930,39.75,Medium Risk
1930,53.75,High Risk
1930,37.25,Medium Risk
1931,27.5,Medium Risk
1931,32.5,Medium Risk
1931,40.0,Medium Risk
1931,54.5,High Risk
1931,31.75,Medium Risk
1931,47.25,Medium Risk
1931,39.25,Medium Risk
1931,52.5,High Risk
1931,20.0,Low Risk
1931,35.0,Medium Risk
1931,23.0,Low Risk
1931,22.25,Low Risk
1932,22.25,Low Risk
1932,40.0,Medium Risk
1932,39.25,Medium Risk
1932,19.25,Low Risk
1932,41.5,Medium Risk
1932,20.0,Low Risk
1932,35.5,Medium Risk
1932,23.0,Low Risk
1932,28.0,Medium Risk
1932,51.75,High Risk
1932,34.25,Medium Risk
1932,49.0,Medium Risk
1932,29.0,Medium Risk
1932,57.5,High Risk
1932,32.5,Medium Risk
1932,42.25,Medium Risk
1933,29.75,Medium Risk
1933,52.5,High Risk
1933,35.0,Medium Risk
1933,47.5,Medium Risk
1933,20.0,Low Risk
1933,19.25,Low Risk
1933,72.0,High Risk
1933,40.0,Medium Risk
1933,37.25,Medium Risk
1933,34.25,Medium Risk
1933,64.75,High Risk
1933,22.25,Low Risk
1933,39.25,Medium Risk
1933,57.5,High Risk
1933,51.75,High Risk
1934,27.25,Medium Risk
1934,56.75,High Risk
1934,74.0,High Risk
1934,20.0,Low Risk
1934,19.25,Low Risk
1934,40.0,Medium Risk
1934,60.5,High Risk
1934,35.5,Medium Risk
1934,52.5,High Risk
1934,40.5,Medium Risk
1935,19.25,Low Risk
1935,67.0,High Risk
1935,36.5,Medium Risk
1935,50.5,High Risk
1935,20.0,Low Risk
1935,69.0,High Risk
1935,56.5,High Risk
1935,74.0,High Risk
1935,35.0,Medium Risk
1935,68.5,High Risk
1936,20.0,Low Risk
1936,27.5,Medium Risk
1936,36.5,Medium Risk
1936,22.25,Low Risk
1936,40.0,Medium Risk
1936,40.5,Medium Risk
1936,29.0,Medium Risk
1936,19.25,Low Risk
1936,41.5,Medium Risk
1936,26.75,Medium Risk
1936,40.25,Medium Risk
1936,34.25,Medium Risk
1936,24.25,Low Risk
1936,31.75,Medium Risk
1936,35.0,Medium Risk
1937,65.5,High Risk
1937,27.25,Medium Risk
1937,61.5,High Risk
1937,52.5,High Risk
1937,74.0,High Risk
1937,19.25,Low Risk
1937,46.75,Medium Risk
1937,40.0,Medium Risk
1937,20.0,Low Risk
1937,56.5,High Risk
1937,52.25,High Risk
1938,34.75,Medium Risk
1938,19.25,Low Risk
1938,32.5,Medium Risk
1938,55.5,High Risk
1938,20.0,Low Risk
1938,74.0,High Risk
1938,40.5,Medium Risk
1938,34.25,Medium Risk
1938,47.5,Medium Risk
1938,56.75,High Risk
1938,46.75,Medium Risk
1938,59.5,High Risk
1938,41.5,Medium Risk
1938,36.5,Medium Risk
1938,82.0,Critical Risk
1938,31.75,Medium Risk
1939,20.0,Low Risk
1939,31.75,Medium Risk
1939,74.0,High Risk
1939,26.75,Medium Risk
1939,39.25,Medium Risk
1939,22.25,Low Risk
1939,32.5,Medium Risk
1939,39.75,Medium Risk
1939,19.25,Low Risk
1939,27.5,Medium Risk
1940,56.5,High Risk
1940,20.0,Low Risk
1940,26.75,Medium Risk
1940,19.25,Low Risk
1940,21.25,Low Risk
1940,27.5,Medium Risk
1940,27.25,Medium Risk
1940,38.0,Medium Risk
1940,23.0,Low Risk
1940,39.25,Medium Risk
1940,31.75,Medium Risk
1940,29.0,Medium Risk
1940,64.0,High Risk
1941,41.5,Medium Risk
1941,20.0,Low Risk
1941,27.5,Medium Risk
1941,28.0,Medium Risk
1941,59.5,High Risk
1941,31.75,Medium Risk
1941,19.25,Low Risk
1941,72.0,High Risk
1941,64.0,High Risk
1941,32.0,Medium Risk
1941,36.5,Medium Risk
1941,87.0,Critical Risk
1941,69.0,High Risk
1941,56.5,High Risk
1941,27.25,Medium Risk
1941,22.25,Low Risk
1941,32.5,Medium Risk
1941,28.75,Medium Risk
1941,74.0,High Risk
1941,39.25,Medium Risk
1941,52.5,High Risk
1942,26.75,Medium Risk
1942,27.5,Medium Risk
1942,49.0,Medium Risk
1942,19.25,Low Risk
1942,42.25,Medium Risk
1942,57.0,High Risk
1942,47.25,Medium Risk
1942,34.75,Medium Risk
1942,29.0,Medium Risk
1942,58.0,High Risk
1942,32.0,Medium Risk
1942,50.5,High Risk
1942,54.75,High Risk
1942,39.25,Medium Risk
1942,31.75,Medium Risk
1942,34.25,Medium Risk
1942,20.0,Low Risk
1943,30.5,Medium Risk
1943,22.25,Low Risk
1943,20.0,Low Risk
1943,27.25,Medium Risk
1943,21.25,Low Risk
1943,19.25,Low Risk
1943,56.5,High Risk
1943,23.0,Low Risk
1943,32.5,Medium Risk
1943,28.0,Medium Risk
1943,57.5,High Risk
1943,61.5,High Risk
1943,37.25,Medium Risk
1944,74.0,High Risk
1944,19.25,Low Risk
1944,67.0,High Risk
1944,47.5,Medium Risk
1944,51.75,High Risk
1944,36.5,Medium Risk
1944,21.25,Low Risk
1944,77.0,Critical Risk
1944,61.5,High Risk
1944,40.0,Medium Risk
1944,64.0,High Risk
1944,20.0,Low Risk
1944,27.5,Medium Risk
1944,56.5,High Risk
1944,39.75,Medium Risk
1944,57.25,High Risk
1944,69.0,High Risk
1944,35.0,Medium Risk
1945,58.5,High Risk
1945,34.75,Medium Risk
1945,19.25,Low Risk
1945,77.0,Critical Risk
1945,51.75,High Risk
1945,28.0,Medium Risk
1945,34.25,Medium Risk
1945,38.0,Medium Risk
1945,64.0,High Risk
1945,27.5,Medium Risk
1945,74.0,High Risk
1945,27.25,Medium Risk
1945,82.0,Critical Risk
1945,52.5,High Risk
1945,22.25,Low Risk
1945,67.0,High Risk
1945,47.5,Medium Risk
1945,20.0,Low Risk
1945,29.0,Medium Risk
1946,20.0,Low Risk
1946,47.25,Medium Risk
1946,37.25,Medium Risk
1946,21.25,Low Risk
1946,35.5,Medium Risk
1946,32.5,Medium Risk
1946,39.25,Medium Risk
1946,27.5,Medium Risk
1946,34.25,Medium Risk
1946,40.0,Medium Risk
1946,38.0,Medium Risk
1946,52.5,High Risk
1946,74.0,High Risk
1946,19.25,Low Risk
1946,39.75,Medium Risk
1946,35.0,Medium Risk
1946,55.5,High Risk
1946,69.0,High Risk
1947,27.25,Medium Risk
1947,20.0,Low Risk
1947,19.25,Low Risk
1947,26.75,Medium Risk
1947,41.0,Medium Risk
1947,37.25,Medium Risk
1947,52.5,High Risk
1947,23.0,Low Risk
1947,57.5,High Risk
1947,29.0,Medium Risk
1947,74.0,High Risk
1947,53.0,High Risk
1948,20.0,Low Risk
1948,19.25,Low Risk
1948,29.0,Medium Risk
1948,56.5,High Risk
1948,27.25,Medium Risk
1948,40.5,Medium Risk
1948,66.5,High Risk
1948,36.5,Medium Risk
1948,49.75,Medium Risk
1948,46.75,Medium Risk
1948,39.25,Medium Risk
1948,47.5,Medium Risk
1949,27.25,Medium Risk
1949,47.0,Medium Risk
1949,44.0,Medium Risk
1949,20.0,Low Risk
1949,39.25,Medium Risk
1949,19.25,Low Risk
1949,29.0,Medium Risk
1949,35.5,Medium Risk
1949,49.0,Medium Risk
1949,41.5,Medium Risk
1950,35.0,Medium Risk
1950,19.25,Low Risk
1950,27.5,Medium Risk
1950,46.75,Medium Risk
1950,40.0,Medium Risk
1950,44.0,Medium Risk
1950,69.0,High Risk
1950,34.75,Medium Risk
1950,49.75,Medium Risk
1950,20.0,Low Risk
1950,29.0,Medium Risk
1950,54.5,High Risk
1950,42.25,Medium Risk
1950,74.0,High Risk
1950,47.5,Medium Risk
1950,39.25,Medium Risk
1951,64.75,High Risk
1951,41.5,Medium Risk
1951,32.5,Medium Risk
1951,53.5,High Risk
1951,45.25,Medium Risk
1951,49.0,Medium Risk
1951,40.0,Medium Risk
1951,32.0,Medium Risk
1951,26.75,Medium Risk
1951,48.0,Medium Risk
1951,20.0,Low Risk
1951,22.25,Low Risk
1951,31.75,Medium Risk
1951,21.25,Low Risk
1951,44.5,Medium Risk
1951,19.25,Low Risk
1952,32.5,Medium Risk
1952,39.25,Medium Risk
1952,53.0,High Risk
1952,47.0,Medium Risk
1952,27.5,Medium Risk
1952,19.25,Low Risk
1952,25.0,Low Risk
1952,20.0,Low Risk
1952,31.75,Medium Risk
1952,29.0,Medium Risk
1952,34.25,Medium Risk
1952,66.5,High Risk
1952,27.25,Medium Risk
1952,22.25,Low Risk
1952,46.0,Medium Risk
1952,44.5,Medium Risk
1952,74.5,High Risk
1952,51.75,High Risk
1952,40.5,Medium Risk
1952,28.0,Medium Risk
1953,40.5,Medium Risk
1953,19.25,Low Risk
1953,49.0,Medium Risk
1953,23.0,Low Risk
1953,32.5,Medium Risk
1953,41.5,Medium Risk
1953,67.0,High Risk
1953,74.0,High Risk
1953,57.5,High Risk
1953,69.0,High Risk
1953,43.0,Medium Risk
1953,35.0,Medium Risk
1953,37.0,Medium Risk
1953,44.0,Medium Risk
1953,39.25,Medium Risk
1954,19.25,Low Risk
1954,40.0,Medium Risk
1954,20.0,Low Risk
1954,74.0,High Risk
1954,32.5,Medium Risk
1954,69.0,High Risk
1954,39.75,Medium Risk
1954,28.0,Medium Risk
1954,27.5,Medium Risk
1954,29.0,Medium Risk
1954,47.5,Medium Risk
1954,27.25,Medium Risk
1954,43.0,Medium Risk
1954,31.75,Medium Risk
1955,27.5,Medium Risk
1955,27.25,Medium Risk
1955,40.0,Medium Risk
1955,35.0,Medium Risk
1955,59.5,High Risk
1955,74.0,High Risk
1955,44.0,Medium Risk
1955,54.75,High Risk
1955,51.75,High Risk
1955,23.0,Low Risk
1955,26.75,Medium Risk
1955,36.5,Medium Risk
1955,46.75,Medium Risk
1955,19.25,Low Risk
1955,39.25,Medium Risk
1955,42.0,Medium Risk
1955,30.5,Medium Risk
1955,32.5,Medium Risk
1956,19.25,Low Risk
1956,52.5,High Risk
1956,57.25,High Risk
1956,31.75,Medium Risk
1956,26.75,Medium Risk
1956,92.0,Critical Risk
1956,20.0,Low Risk
1956,39.25,Medium Risk
1956,34.75,Medium Risk
1956,23.0,Low Risk
1956,64.0,High Risk
1956,47.5,Medium Risk
1956,27.25,Medium Risk
1956,29.75,Medium Risk
1956,36.5,Medium Risk
1956,27.5,Medium Risk
1956,55.5,High Risk
1956,35.0,Medium Risk
1956,79.5,Critical Risk
1957,39.25,Medium Risk
1957,29.0,Medium Risk
1957,77.0,Critical Risk
1957,20.0,Low Risk
1957,35.0,Medium Risk
1957,46.75,Medium Risk
1957,23.0,Low Risk
1957,56.5,High Risk
1957,34.25,Medium Risk
1957,32.0,Medium Risk
1957,19.25,Low Risk
1957,27.25,Medium Risk
1958,31.75,Medium Risk
1958,32.5,Medium Risk
1958,20.0,Low Risk
1958,44.0,Medium Risk
1958,19.25,Low Risk
1958,34.25,Medium Risk
1958,53.0,High Risk
1958,38.0,Medium Risk
1958,49.0,Medium Risk
1958,52.5,High Risk
1958,22.25,Low Risk
1958,39.25,Medium Risk
1958,29.0,Medium Risk
1959,20.0,Low Risk
1959,19.25,Low Risk
1959,43.0,Medium Risk
1959,40.25,Medium Risk
1959,37.25,Medium Risk
1959,26.75,Medium Risk
1959,46.75,Medium Risk
1959,22.25,Low Risk
1960,29.0,Medium Risk
1960,47.5,Medium Risk
1960,26.75,Medium Risk
1960,34.25,Medium Risk
1960,30.5,Medium Risk
1960,56.5,High Risk
1960,51.5,High Risk
1960,64.0,High Risk
1960,39.25,Medium Risk
1960,51.75,High Risk
1960,77.0,Critical Risk
1960,72.0,High Risk
1960,20.0,Low Risk
1960,32.5,Medium Risk
1960,36.5,Medium Risk
1960,22.25,Low Risk
1960,29.75,Medium Risk
1960,19.25,Low Risk
1960,48.75,Medium Risk
1960,74.0,High Risk
1960,75.0,High Risk
1960,37.0,Medium Risk
1961,39.25,Medium Risk
1961,35.0,Medium Risk
1961,39.5,Medium Risk
1961,31.75,Medium Risk
1961,29.0,Medium Risk
1961,77.0,Critical Risk
1961,27.5,Medium Risk
1961,26.75,Medium Risk
1961,20.0,Low Risk
1961,21.25,Low Risk
1961,57.5,High Risk
1961,34.25,Medium Risk
1961,28.0,Medium Risk
1962,40.0,Medium Risk
1962,37.25,Medium Risk
1962,41.5,Medium Risk
1962,20.0,Low Risk
1962,26.75,Medium Risk
1962,31.75,Medium Risk
1962,56.5,High Risk
1962,19.25,Low Risk
1962,43.0,Medium Risk
1962,39.25,Medium Risk
1962,27.25,Medium Risk
1962,49.75,Medium Risk
1962,55.5,High Risk
1962,36.5,Medium Risk
1963,20.0,Low Risk
1963,69.0,High Risk
1963,51.5,High Risk
1963,19.25,Low Risk
1963,29.0,Medium Risk
1963,74.0,High Risk
1963,64.0,High Risk
1963,27.25,Medium Risk
1963,40.0,Medium Risk
1963,34.25,Medium Risk
1963,43.0,Medium Risk
1963,29.75,Medium Risk
1963,35.0,Medium Risk
1963,22.25,Low Risk
1963,45.25,Medium Risk
1964,19.25,Low Risk
1964,50.5,High Risk
1964,49.0,Medium Risk
1964,34.25,Medium Risk
1964,27.5,Medium Risk
1964,39.25,Medium Risk
1964,31.75,Medium Risk
1964,46.75,Medium Risk
1964,47.5,Medium Risk
1964,20.0,Low Risk
1964,32.5,Medium Risk
1964,52.5,High Risk
1964,51.75,High Risk
1964,36.5,Medium Risk
1964,22.25,Low Risk
1965,66.5,High Risk
1965,19.25,Low Risk
1965,20.0,Low Risk
1965,26.75,Medium Risk
1965,31.75,Medium Risk
1965,50.5,High Risk
1965,37.25,Medium Risk
1965,23.0,Low Risk
1965,35.0,Medium Risk
1965,44.0,Medium Risk
1965,74.5,High Risk
1965,34.25,Medium Risk
1965,52.5,High Risk
1965,82.0,Critical Risk
1965,29.0,Medium Risk
1965,46.75,Medium Risk
1965,64.5,High Risk
1965,27.25,Medium Risk
1965,43.0,Medium Risk
1965,57.5,High Risk
1966,34.25,Medium Risk
1966,46.75,Medium Risk
1966,29.0,Medium Risk
1966,41.25,Medium Risk
1966,74.0,High Risk
1966,54.75,High Risk
1966,43.0,Medium Risk
1966,47.5,Medium Risk
1966,74.75,High Risk
1966,35.0,Medium Risk
1966,36.5,Medium Risk
1966,22.25,Low Risk
1966,27.5,Medium Risk
1966,51.75,High Risk
1966,44.0,Medium Risk
1966,82.0,Critical Risk
1966,30.5,Medium Risk
1967,29.0,Medium Risk
1967,47.5,Medium Risk
1967,52.5,High Risk
1967,27.5,Medium Risk
1967,41.5,Medium Risk
1967,19.25,Low Risk
1967,27.25,Medium Risk
1967,38.0,Medium Risk
1967,49.0,Medium Risk
1967,59.5,High Risk
1967,46.75,Medium Risk
1967,20.0,Low Risk
1967,39.25,Medium Risk
1967,56.75,High Risk
1967,22.25,Low Risk
1968,32.5,Medium Risk
1968,29.75,Medium Risk
1968,35.0,Medium Risk
1968,40.5,Medium Risk
1968,19.25,Low Risk
1968,42.25,Medium Risk
1968,28.0,Medium Risk
1968,35.5,Medium Risk
1968,49.75,Medium Risk
1968,46.75,Medium Risk
1968,20.0,Low Risk
1968,48.0,Medium Risk
1968,30.5,Medium Risk
1968,43.0,Medium Risk
1968,31.75,Medium Risk
1968,22.25,Low Risk
1968,47.5,Medium Risk
1969,31.75,Medium Risk
1969,19.25,Low Risk
1969,27.25,Medium Risk
1969,51.75,High Risk
1969,39.75,Medium Risk
1969,47.5,Medium Risk
1969,20.0,Low Risk
1969,74.0,High Risk
1969,29.0,Medium Risk
1969,34.25,Medium Risk
1969,55.5,High Risk
1969,57.0,High Risk
1969,77.0,Critical Risk
1969,32.5,Medium Risk
1969,40.0,Medium Risk
1969,42.25,Medium Risk
1969,69.0,High Risk
1970,28.0,Medium Risk
1970,19.25,Low Risk
1970,29.75,Medium Risk
1970,74.0,High Risk
1970,29.0,Medium Risk
1970,27.25,Medium Risk
1970,40.0,Medium Risk
1970,34.25,Medium Risk
1970,34.0,Medium Risk
1970,46.75,Medium Risk
1970,20.0,Low Risk
1970,37.25,Medium Risk
1970,36.5,Medium Risk
1970,39.25,Medium Risk
1970,56.5,High Risk
1970,27.5,Medium Risk
1971,31.75,Medium Risk
1971,44.5,Medium Risk
1971,41.5,Medium Risk
1971,20.0,Low Risk
1971,52.5,High Risk
1971,44.0,Medium Risk
1971,39.75,Medium Risk
1971,74.0,High Risk
1971,92.0,Critical Risk
1971,35.5,Medium Risk
1971,29.0,Medium Risk
1971,72.0,High Risk
1971,19.25,Low Risk
1971,74.5,High Risk
1971,48.0,Medium Risk
1971,57.5,High Risk
1971,25.0,Low Risk
1971,42.25,Medium Risk
1971,22.25,Low Risk
1971,56.75,High Risk
1971,54.75,High Risk
1971,69.0,High Risk
1971,51.75,High Risk
1971,46.75,Medium Risk
1971,39.25,Medium Risk
1972,31.75,Medium Risk
1972,57.25,High Risk
1972,34.75,Medium Risk
1972,39.25,Medium Risk
1972,32.5,Medium Risk
1972,47.5,Medium Risk
1972,52.5,High Risk
1972,29.0,Medium Risk
1972,61.5,High Risk
1972,26.75,Medium Risk
1972,35.0,Medium Risk
1972,55.5,High Risk
1972,49.5,Medium Risk
1972,20.0,Low Risk
1972,49.0,Medium Risk
1972,27.5,Medium Risk
1973,58.5,High Risk
1973,55.0,High Risk
1973,37.0,Medium Risk
1973,32.5,Medium Risk
1973,29.0,Medium Risk
1973,20.0,Low Risk
1973,43.0,Medium Risk
1973,27.5,Medium Risk
1973,31.75,Medium Risk
1973,19.25,Low Risk
1973,27.25,Medium Risk
1973,29.75,Medium Risk
1973,74.5,High Risk
1974,49.5,Medium Risk
1974,34.25,Medium Risk
1974,26.75,Medium Risk
1974,20.0,Low Risk
1974,40.0,Medium Risk
1974,39.25,Medium Risk
1974,21.25,Low Risk
1974,44.5,Medium Risk
1974,30.5,Medium Risk
1974,36.5,Medium Risk
1974,60.25,High Risk
1974,19.25,Low Risk
1974,35.0,Medium Risk
1975,19.25,Low Risk
1975,26.75,Medium Risk
1975,20.0,Low Risk
1975,74.0,High Risk
1975,66.5,High Risk
1975,27.25,Medium Risk
1975,59.75,High Risk
1975,46.75,Medium Risk
1975,23.0,Low Risk
1975,49.75,Medium Risk
1975,39.75,Medium Risk
1975,31.75,Medium Risk
1975,32.5,Medium Risk
1976,57.5,High Risk
1976,30.5,Medium Risk
1976,64.0,High Risk
1976,82.0,Critical Risk
1976,20.0,Low Risk
1976,74.0,High Risk
1976,31.75,Medium Risk
1976,26.75,Medium Risk
1976,69.0,High Risk
1976,32.5,Medium Risk
1977,31.75,Medium Risk
1977,69.0,High Risk
1977,19.25,Low Risk
1977,20.0,Low Risk
1977,32.5,Medium Risk
1977,22.0,Low Risk
1977,50.5,High Risk
1977,41.5,Medium Risk
1977,74.0,High Risk
1977,49.75,Medium Risk
1977,27.5,Medium Risk
1977,44.0,Medium Risk
1977,39.25,Medium Risk
1977,36.5,Medium Risk
1977,29.75,Medium Risk
1977,64.0,High Risk
1978,39.25,Medium Risk
1978,20.0,Low Risk
1978,19.25,Low Risk
1978,82.0,Critical Risk
1978,49.0,Medium Risk
1978,23.0,Low Risk
1978,56.75,High Risk
1978,74.0,High Risk
1978,72.75,High Risk
1978,35.0,Medium Risk
1978,64.0,High Risk
1978,67.0,High Risk
1978,22.25,Low Risk
1978,58.5,High Risk
1978,52.5,High Risk
1978,38.0,Medium Risk
1978,27.5,Medium Risk
1978,56.5,High Risk
1978,46.75,Medium Risk
1978,41.25,Medium Risk
1978,40.5,Medium Risk
1978,22.0,Low Risk
1978,77.0,Critical Risk
1978,51.75,High Risk
1979,27.5,Medium Risk
1979,20.0,Low Risk
1979,35.0,Medium Risk
1979,55.5,High Risk
1979,23.0,Low Risk
1979,19.25,Low Risk
1979,48.0,Medium Risk
1979,45.25,Medium Risk
1979,61.5,High Risk
1979,47.5,Medium Risk
1979,40.0,Medium Risk
1979,36.5,Medium Risk
1979,28.0,Medium Risk
1979,34.25,Medium Risk
1979,32.5,Medium Risk
1979,46.75,Medium Risk
1980,20.0,Low Risk
1980,22.25,Low Risk
1980,27.25,Medium Risk
1980,19.25,Low Risk
1980,66.5,High Risk
1980,69.0,High Risk
1980,32.5,Medium Risk
1980,39.5,Medium Risk
1980,51.75,High Risk
1980,42.25,Medium Risk
1980,27.5,Medium Risk
1980,39.25,Medium Risk
1980,77.0,Critical Risk
1980,72.0,High Risk
1980,52.5,High Risk
1980,44.5,Medium Risk
1981,47.5,Medium Risk
1981,32.0,Medium Risk
1981,37.25,Medium Risk
1981,19.25,Low Risk
1981,49.0,Medium Risk
1981,27.25,Medium Risk
1981,59.75,High Risk
1981,51.75,High Risk
1981,69.0,High Risk
1981,37.0,Medium Risk
1981,64.0,High Risk
1981,39.25,Medium Risk
1981,35.0,Medium Risk
1981,22.25,Low Risk
1981,46.75,Medium Risk
1981,57.5,High Risk
1982,44.5,Medium Risk
1982,47.5,Medium Risk
1982,26.75,Medium Risk
1982,20.0,Low Risk
1982,47.25,Medium Risk
1982,39.25,Medium Risk
1982,28.0,Medium Risk
1982,69.5,High Risk
1982,29.0,Medium Risk
1982,27.5,Medium Risk
1982,31.75,Medium Risk
1982,19.25,Low Risk
1982,56.75,High Risk
1982,22.25,Low Risk
1983,74.0,High Risk
1983,20.0,Low Risk
1983,56.5,High Risk
1983,47.25,Medium Risk
1983,39.25,Medium Risk
1983,19.25,Low Risk
1983,28.0,Medium Risk
1983,59.75,High Risk
1983,41.5,Medium Risk
1983,32.5,Medium Risk
1983,64.0,High Risk
1983,30.5,Medium Risk
1983,31.75,Medium Risk
1983,35.0,Medium Risk
1983,56.75,High Risk
1984,38.0,Medium Risk
1984,69.0,High Risk
1984,56.75,High Risk
1984,52.5,High Risk
1984,72.0,High Risk
1984,19.25,Low Risk
1984,40.0,Medium Risk
1984,74.0,High Risk
1984,35.0,Medium Risk
1984,77.0,Critical Risk
1984,37.25,Medium Risk
1984,20.0,Low Risk
1984,31.75,Medium Risk
1984,34.25,Medium Risk
1984,64.0,High Risk
1984,53.5,High Risk
1984,31.0,Medium Risk
1984,46.75,Medium Risk
1985,39.25,Medium Risk
1985,27.25,Medium Risk
1985,74.0,High Risk
1985,60.5,High Risk
1985,74.5,High Risk
1985,22.25,Low Risk
1985,19.25,Low Risk
1985,35.0,Medium Risk
1985,29.0,Medium Risk
1985,28.0,Medium Risk
1985,54.75,High Risk
1985,59.75,High Risk
1985,31.75,Medium Risk
1985,41.5,Medium Risk
1985,34.0,Medium Risk
1986,29.0,Medium Risk
1986,32.5,Medium Risk
1986,27.25,Medium Risk
1986,37.25,Medium Risk
1986,19.25,Low Risk
1986,20.0,Low Risk
1986,26.75,Medium Risk
1986,35.5,Medium Risk
1986,22.25,Low Risk
1986,31.75,Medium Risk
1986,41.5,Medium Risk
1987,37.25,Medium Risk
1987,20.0,Low Risk
1987,23.0,Low Risk
1987,30.5,Medium Risk
1987,39.25,Medium Risk
1987,44.0,Medium Risk
1987,31.75,Medium Risk
1987,27.25,Medium Risk
1987,22.25,Low Risk
1987,37.0,Medium Risk
1987,57.25,High Risk
1987,35.0,Medium Risk
1987,40.0,Medium Risk
1987,45.25,Medium Risk
1987,34.25,Medium Risk
1987,19.25,Low Risk
1987,40.25,Medium Risk
1987,74.0,High Risk
1987,43.0,Medium Risk
1987,32.5,Medium Risk
1988,31.75,Medium Risk
1988,19.25,Low Risk
1988,32.5,Medium Risk
1988,39.25,Medium Risk
1988,20.0,Low Risk
1988,74.0,High Risk
1988,40.0,Medium Risk
1988,58.0,High Risk
1988,27.5,Medium Risk
1988,36.5,Medium Risk
1988,26.75,Medium Risk
1988,49.0,Medium Risk
1988,51.75,High Risk
1988,82.0,Critical Risk
1988,22.25,Low Risk
1988,48.0,Medium Risk
1989,22.25,Low Risk
1989,27.25,Medium Risk
1989,32.5,Medium Risk
1989,44.0,Medium Risk
1989,20.0,Low Risk
1989,45.5,Medium Risk
1989,19.25,Low Risk
1989,41.5,Medium Risk
1989,43.0,Medium Risk
1989,27.5,Medium Risk
1989,31.75,Medium Risk
1989,34.75,Medium Risk
1989,35.0,Medium Risk
1989,52.5,High Risk
1989,23.0,Low Risk
1989,34.25,Medium Risk
1990,34.25,Medium Risk
1990,19.25,Low Risk
1990,64.75,High Risk
1990,20.0,Low Risk
1990,35.0,Medium Risk
1990,38.0,Medium Risk
1990,27.25,Medium Risk
1990,26.75,Medium Risk
1990,53.0,High Risk
1990,40.0,Medium Risk
1990,44.0,Medium Risk
1990,22.25,Low Risk
1991,32.5,Medium Risk
1991,31.75,Medium Risk
1991,42.25,Medium Risk
1991,51.75,High Risk
1991,29.0,Medium Risk
1991,20.0,Low Risk
1991,19.25,Low Risk
1991,26.75,Medium Risk
1991,41.25,Medium Risk
1991,27.5,Medium Risk
1991,57.25,High Risk
1991,74.5,High Risk
1992,38.0,Medium Risk
1992,19.25,Low Risk
1992,28.0,Medium Risk
1992,39.25,Medium Risk
1992,27.5,Medium Risk
1992,41.5,Medium Risk
1992,20.0,Low Risk
1992,34.25,Medium Risk
1992,34.75,Medium Risk
1992,26.75,Medium Risk
1992,21.25,Low Risk
1992,52.5,High Risk
1992,35.0,Medium Risk
1993,42.0,Medium Risk
1993,76.0,Critical Risk
1993,64.0,High Risk
1993,34.25,Medium Risk
1993,19.25,Low Risk
1993,56.75,High Risk
1993,71.0,High Risk
1993,31.75,Medium Risk
1993,49.0,Medium Risk
1993,27.5,Medium Risk
1993,39.25,Medium Risk
1993,74.0,High Risk
1993,37.25,Medium Risk
1993,35.0,Medium Risk
1994,20.0,Low Risk
1994,59.5,High Risk
1994,34.75,Medium Risk
1994,47.5,Medium Risk
1994,27.5,Medium Risk
1994,40.5,Medium Risk
1994,39.25,Medium Risk
1994,39.75,Medium Risk
1994,26.75,Medium Risk
1994,28.0,Medium Risk
1994,34.25,Medium Risk
1994,33.75,Medium Risk
1994,61.5,High Risk
1994,55.5,High Risk
1994,35.5,Medium Risk
1994,41.5,Medium Risk
1994,32.5,Medium Risk
1994,19.25,Low Risk
1995,72.0,High Risk
1995,20.0,Low Risk
1995,47.5,Medium Risk
1995,19.25,Low Risk
1995,32.5,Medium Risk
1995,44.0,Medium Risk
1995,46.75,Medium Risk
1995,51.75,High Risk
1995,74.0,High Risk
1995,67.0,High Risk
1995,61.5,High Risk
1995,23.0,Low Risk
1995,28.0,Medium Risk
1995,64.0,High Risk
1996,31.75,Medium Risk
1996,43.0,Medium Risk
1996,34.75,Medium Risk
1996,19.25,Low Risk
1996,39.25,Medium Risk
1996,34.25,Medium Risk
1996,48.5,Medium Risk
1996,40.0,Medium Risk
1996,26.75,Medium Risk
1996,27.5,Medium Risk
1996,35.5,Medium Risk
1996,56.5,High Risk
1996,29.0,Medium Risk
1996,41.5,Medium Risk
1996,52.0,High Risk
1996,52.75,High Risk
1996,47.5,Medium Risk
1996,39.75,Medium Risk
1997,19.25,Low Risk
1997,23.0,Low Risk
1997,74.0,High Risk
1997,35.0,Medium Risk
1997,55.5,High Risk
1997,27.5,Medium Risk
1997,22.25,Low Risk
1997,20.0,Low Risk
1997,29.0,Medium Risk
1997,32.5,Medium Risk
1997,51.5,High Risk
1997,34.25,Medium Risk
1997,52.5,High Risk
1998,20.0,Low Risk
1998,39.25,Medium Risk
1998,56.75,High Risk
1998,19.25,Low Risk
1998,42.25,Medium Risk
1998,66.5,High Risk
1998,35.0,Medium Risk
1998,34.75,Medium Risk
1998,22.25,Low Risk
1998,31.75,Medium Risk
1999,92.0,Critical Risk
1999,19.25,Low Risk
1999,20.0,Low Risk
1999,34.75,Medium Risk
1999,41.5,Medium Risk
1999,32.5,Medium Risk
1999,34.5,Medium Risk
1999,67.0,High Risk
1999,74.0,High Risk
1999,82.0,Critical Risk
1999,31.75,Medium Risk
1999,26.75,Medium Risk
1999,39.25,Medium Risk
2000,20.0,Low Risk
2000,40.0,Medium Risk
2000,72.0,High Risk
2000,64.75,High Risk
2000,47.25,Medium Risk
2000,35.0,Medium Risk
2000,26.75,Medium Risk
2000,46.75,Medium Risk
2000,47.5,Medium Risk
2000,23.0,Low Risk
2000,27.5,Medium Risk
2000,74.0,High Risk
2000,52.5,High Risk
2000,39.25,Medium Risk
2000,37.25,Medium Risk
2000,19.25,Low Risk
2000,66.5,High Risk
2000,29.0,Medium Risk
2000,51.75,High Risk
