actual_fraud,fraud_probability,predicted_fraud,transaction_id,risk_segment,prediction_result
0,0.08348409,0,35764,Low Risk,True Negative
1,0.2836598,0,34809,Medium Risk,False Negative
0,0.16758351,0,18014,Low Risk,True Negative
0,0.16620564,0,13200,Low Risk,True Negative
0,0.074702,0,40152,Low Risk,True Negative
0,0.06779543,0,5417,Low Risk,True Negative
0,0.34925017,0,39484,Medium Risk,True Negative
0,0.14483418,0,30109,Low Risk,True Negative
0,0.18039367,0,42636,Low Risk,True Negative
0,0.068056345,0,5268,Low Risk,True Negative
0,0.12841487,0,5696,Low Risk,True Negative
1,0.7685238,1,25879,Critical Risk,True Positive
0,0.17941882,0,34455,Low Risk,True Negative
0,0.06942262,0,9206,Low Risk,True Negative
0,0.089731,0,4200,Low Risk,True Negative
0,0.030088589,0,8047,Low Risk,True Negative
0,0.23397177,0,24016,Low Risk,True Negative
1,0.78475094,1,6732,Critical Risk,True Positive
0,0.0921244,0,9027,Low Risk,True Negative
0,0.2821604,0,32326,Medium Risk,True Negative
0,0.8508718,1,21130,Critical Risk,False Positive
0,0.5829941,1,34296,High Risk,False Positive
0,0.3133023,0,17002,Medium Risk,True Negative
0,0.16786931,0,8521,Low Risk,True Negative
1,0.75294733,1,2926,Critical Risk,True Positive
0,0.64951104,1,7099,High Risk,False Positive
0,0.14968719,0,17875,Low Risk,True Negative
0,0.13536005,0,2011,Low Risk,True Negative
0,0.12265619,0,22582,Low Risk,True Negative
0,0.1309142,0,10409,Low Risk,True Negative
0,0.18904656,0,23856,Low Risk,True Negative
0,0.22654147,0,9948,Low Risk,True Negative
0,0.044383243,0,6385,Low Risk,True Negative
0,0.071808554,0,22915,Low Risk,True Negative
0,0.8250128,1,29605,Critical Risk,False Positive
0,0.29730794,0,16330,Medium Risk,True Negative
0,0.17464906,0,37735,Low Risk,True Negative
0,0.22407983,0,20682,Low Risk,True Negative
0,0.20299332,0,36358,Low Risk,True Negative
0,0.03924745,0,40580,Low Risk,True Negative
0,0.10026574,0,7023,Low Risk,True Negative
0,0.09119316,0,32144,Low Risk,True Negative
0,0.25384086,0,25219,Medium Risk,True Negative
1,0.54428375,1,8789,High Risk,True Positive
0,0.14061633,0,22818,Low Risk,True Negative
0,0.17227615,0,31446,Low Risk,True Negative
0,0.5047536,1,11600,High Risk,False Positive
0,0.079741575,0,4760,Low Risk,True Negative
0,0.204106,0,9023,Low Risk,True Negative
0,0.099517934,0,4963,Low Risk,True Negative
0,0.13760148,0,36971,Low Risk,True Negative
1,0.75511914,1,43737,Critical Risk,True Positive
0,0.10485899,0,16078,Low Risk,True Negative
0,0.53295827,1,28548,High Risk,False Positive
0,0.05727528,0,38061,Low Risk,True Negative
0,0.080398604,0,1837,Low Risk,True Negative
0,0.4273167,0,10828,Medium Risk,True Negative
0,0.54565376,1,21582,High Risk,False Positive
0,0.100989655,0,30468,Low Risk,True Negative
0,0.16382593,0,40150,Low Risk,True Negative
0,0.07093246,0,22744,Low Risk,True Negative
0,0.12485035,0,41628,Low Risk,True Negative
0,0.157731,0,42844,Low Risk,True Negative
0,0.09952799,0,39993,Low Risk,True Negative
0,0.2732137,0,13733,Medium Risk,True Negative
0,0.5586247,1,27982,High Risk,False Positive
0,0.13757075,0,9619,Low Risk,True Negative
0,0.07532124,0,3123,Low Risk,True Negative
0,0.2665825,0,36935,Medium Risk,True Negative
1,0.43540338,0,20845,Medium Risk,False Negative
0,0.025549699,0,25680,Low Risk,True Negative
0,0.83152556,1,41102,Critical Risk,False Positive
0,0.81867075,1,26631,Critical Risk,False Positive
0,0.78427964,1,37144,Critical Risk,False Positive
0,0.034043364,0,43185,Low Risk,True Negative
0,0.029256627,0,12796,Low Risk,True Negative
0,0.026203703,0,27665,Low Risk,True Negative
0,0.1740981,0,40554,Low Risk,True Negative
0,0.60244304,1,7928,High Risk,False Positive
0,0.05975238,0,6633,Low Risk,True Negative
0,0.26070774,0,33960,Medium Risk,True Negative
1,0.09910942,0,9147,Low Risk,False Negative
0,0.044793073,0,26199,Low Risk,True Negative
0,0.06422172,0,27876,Low Risk,True Negative
0,0.29279462,0,34245,Medium Risk,True Negative
0,0.12665538,0,32681,Low Risk,True Negative
0,0.08696272,0,38259,Low Risk,True Negative
0,0.438917,0,28652,Medium Risk,True Negative
0,0.3763928,0,27969,Medium Risk,True Negative
0,0.09328901,0,39935,Low Risk,True Negative
0,0.28882235,0,36494,Medium Risk,True Negative
1,0.17598929,0,34505,Low Risk,False Negative
0,0.29040644,0,17989,Medium Risk,True Negative
0,0.039031673,0,40606,Low Risk,True Negative
0,0.3964116,0,9150,Medium Risk,True Negative
0,0.33226636,0,29001,Medium Risk,True Negative
0,0.35827473,0,20335,Medium Risk,True Negative
0,0.15256947,0,12807,Low Risk,True Negative
0,0.25273806,0,34940,Medium Risk,True Negative
0,0.37435532,0,36967,Medium Risk,True Negative
0,0.103618175,0,44069,Low Risk,True Negative
0,0.10310394,0,27602,Low Risk,True Negative
0,0.11018305,0,8882,Low Risk,True Negative
0,0.121933155,0,30333,Low Risk,True Negative
1,0.55764085,1,20865,High Risk,True Positive
0,0.12484555,0,10521,Low Risk,True Negative
0,0.20862725,0,38452,Low Risk,True Negative
0,0.2101357,0,31730,Low Risk,True Negative
0,0.16429654,0,18799,Low Risk,True Negative
0,0.9642312,1,40830,Critical Risk,False Positive
0,0.20606914,0,27613,Low Risk,True Negative
0,0.055299338,0,37856,Low Risk,True Negative
1,0.76801217,1,27446,Critical Risk,True Positive
0,0.064787515,0,17040,Low Risk,True Negative
0,0.087435536,0,21111,Low Risk,True Negative
0,0.17906056,0,15134,Low Risk,True Negative
0,0.81278133,1,27406,Critical Risk,False Positive
0,0.2601089,0,19051,Medium Risk,True Negative
0,0.44770953,0,22211,Medium Risk,True Negative
0,0.12068759,0,35611,Low Risk,True Negative
0,0.22620949,0,30199,Low Risk,True Negative
0,0.14832434,0,13006,Low Risk,True Negative
0,0.10087188,0,44066,Low Risk,True Negative
0,0.12747295,0,6595,Low Risk,True Negative
0,0.24623413,0,10009,Low Risk,True Negative
0,0.80162483,1,17846,Critical Risk,False Positive
0,0.23972706,0,42938,Low Risk,True Negative
0,0.42674333,0,43057,Medium Risk,True Negative
0,0.15412466,0,40097,Low Risk,True Negative
0,0.43695647,0,7039,Medium Risk,True Negative
0,0.61721313,1,9163,High Risk,False Positive
0,0.039663106,0,43314,Low Risk,True Negative
1,0.2635726,0,23146,Medium Risk,False Negative
0,0.18107842,0,32116,Low Risk,True Negative
0,0.20595585,0,18191,Low Risk,True Negative
0,0.056729473,0,1122,Low Risk,True Negative
1,0.14074618,0,12011,Low Risk,False Negative
0,0.10853983,0,22541,Low Risk,True Negative
0,0.24524198,0,22568,Low Risk,True Negative
0,0.43646866,0,26007,Medium Risk,True Negative
0,0.28374183,0,20159,Medium Risk,True Negative
0,0.03962951,0,35462,Low Risk,True Negative
0,0.15662438,0,41197,Low Risk,True Negative
0,0.5006158,1,9389,High Risk,False Positive
0,0.1840052,0,31802,Low Risk,True Negative
1,0.632562,1,30985,High Risk,True Positive
0,0.108112656,0,3455,Low Risk,True Negative
0,0.031840462,0,8136,Low Risk,True Negative
0,0.2508996,0,24853,Medium Risk,True Negative
0,0.11075393,0,31500,Low Risk,True Negative
0,0.13762422,0,27797,Low Risk,True Negative
0,0.31184408,0,25696,Medium Risk,True Negative
0,0.13434923,0,39941,Low Risk,True Negative
0,0.3074772,0,34290,Medium Risk,True Negative
0,0.2902069,0,8966,Medium Risk,True Negative
0,0.09159833,0,13201,Low Risk,True Negative
0,0.13480712,0,10431,Low Risk,True Negative
0,0.038975257,0,11640,Low Risk,True Negative
0,0.25012824,0,19253,Medium Risk,True Negative
0,0.0774979,0,14904,Low Risk,True Negative
0,0.17187081,0,6367,Low Risk,True Negative
0,0.41353333,0,3441,Medium Risk,True Negative
0,0.38114774,0,23343,Medium Risk,True Negative
0,0.12712531,0,17505,Low Risk,True Negative
0,0.31936496,0,16876,Medium Risk,True Negative
0,0.115651265,0,26724,Low Risk,True Negative
0,0.16879077,0,36543,Low Risk,True Negative
1,0.9022322,1,34960,Critical Risk,True Positive
0,0.18428007,0,144,Low Risk,True Negative
0,0.73537153,1,23356,High Risk,False Positive
0,0.095392354,0,5108,Low Risk,True Negative
0,0.94993705,1,21658,Critical Risk,False Positive
0,0.27821407,0,5518,Medium Risk,True Negative
0,0.16666839,0,1425,Low Risk,True Negative
0,0.81210595,1,29975,Critical Risk,False Positive
0,0.06838925,0,42966,Low Risk,True Negative
0,0.46028775,0,41553,Medium Risk,True Negative
0,0.08335859,0,13028,Low Risk,True Negative
0,0.08664105,0,11756,Low Risk,True Negative
0,0.33114457,0,20288,Medium Risk,True Negative
0,0.16593261,0,11944,Low Risk,True Negative
1,0.65826607,1,6,High Risk,True Positive
0,0.031732384,0,34495,Low Risk,True Negative
0,0.17392568,0,11174,Low Risk,True Negative
0,0.6093994,1,26241,High Risk,False Positive
0,0.5687699,1,11344,High Risk,False Positive
0,0.41664338,0,8541,Medium Risk,True Negative
0,0.09653897,0,32711,Low Risk,True Negative
0,0.3986642,0,24681,Medium Risk,True Negative
1,0.1415621,0,25421,Low Risk,False Negative
0,0.03566565,0,30,Low Risk,True Negative
0,0.09636631,0,28790,Low Risk,True Negative
0,0.08629671,0,30955,Low Risk,True Negative
0,0.2362437,0,18651,Low Risk,True Negative
0,0.121932276,0,38288,Low Risk,True Negative
0,0.090673625,0,301,Low Risk,True Negative
0,0.07936268,0,1971,Low Risk,True Negative
0,0.13777143,0,19198,Low Risk,True Negative
0,0.044981565,0,22310,Low Risk,True Negative
0,0.53502846,1,33956,High Risk,False Positive
0,0.815799,1,28383,Critical Risk,False Positive
0,0.083119854,0,6810,Low Risk,True Negative
0,0.08705968,0,21496,Low Risk,True Negative
0,0.25385663,0,35148,Medium Risk,True Negative
0,0.057418212,0,24431,Low Risk,True Negative
1,0.77219,1,33076,Critical Risk,True Positive
0,0.8291019,1,31076,Critical Risk,False Positive
0,0.06448833,0,1956,Low Risk,True Negative
0,0.25183013,0,39889,Medium Risk,True Negative
0,0.062282015,0,11453,Low Risk,True Negative
0,0.07641904,0,7060,Low Risk,True Negative
0,0.26036194,0,1408,Medium Risk,True Negative
1,0.25164324,0,12202,Medium Risk,False Negative
0,0.25932124,0,32563,Medium Risk,True Negative
0,0.42946926,0,26212,Medium Risk,True Negative
0,0.19578111,0,38785,Low Risk,True Negative
0,0.8971111,1,2207,Critical Risk,False Positive
1,0.6703403,1,16017,High Risk,True Positive
0,0.063835144,0,33674,Low Risk,True Negative
0,0.053771723,0,9264,Low Risk,True Negative
0,0.31739378,0,29222,Medium Risk,True Negative
0,0.10781784,0,31665,Low Risk,True Negative
0,0.7981638,1,21282,Critical Risk,False Positive
0,0.0462409,0,38312,Low Risk,True Negative
0,0.17631768,0,39422,Low Risk,True Negative
0,0.088750005,0,20586,Low Risk,True Negative
0,0.3523099,0,43286,Medium Risk,True Negative
0,0.12777948,0,32682,Low Risk,True Negative
0,0.11966158,0,15921,Low Risk,True Negative
0,0.3401651,0,10494,Medium Risk,True Negative
0,0.13352266,0,6264,Low Risk,True Negative
0,0.070671596,0,9308,Low Risk,True Negative
0,0.06980112,0,6650,Low Risk,True Negative
0,0.4889011,0,11804,Medium Risk,True Negative
0,0.11476179,0,37902,Low Risk,True Negative
0,0.09401257,0,43599,Low Risk,True Negative
0,0.16554399,0,30703,Low Risk,True Negative
0,0.10942695,0,10229,Low Risk,True Negative
0,0.13956712,0,5439,Low Risk,True Negative
0,0.6209816,1,18259,High Risk,False Positive
0,0.20930505,0,18450,Low Risk,True Negative
0,0.08759103,0,36844,Low Risk,True Negative
0,0.116713196,0,27692,Low Risk,True Negative
0,0.22636545,0,39196,Low Risk,True Negative
0,0.105435595,0,40669,Low Risk,True Negative
0,0.690662,1,39167,High Risk,False Positive
1,0.7695601,1,7166,Critical Risk,True Positive
0,0.1971091,0,27330,Low Risk,True Negative
0,0.032594353,0,20942,Low Risk,True Negative
0,0.124883935,0,31136,Low Risk,True Negative
0,0.21735655,0,2081,Low Risk,True Negative
0,0.6054011,1,3559,High Risk,False Positive
0,0.14759985,0,13797,Low Risk,True Negative
0,0.17343682,0,34909,Low Risk,True Negative
0,0.53849715,1,25272,High Risk,False Positive
0,0.63465846,1,6220,High Risk,False Positive
0,0.6096468,1,17611,High Risk,False Positive
0,0.14169423,0,18818,Low Risk,True Negative
0,0.23305666,0,43116,Low Risk,True Negative
0,0.37805438,0,14448,Medium Risk,True Negative
0,0.19814254,0,22712,Low Risk,True Negative
0,0.09657702,0,6628,Low Risk,True Negative
0,0.09691243,0,23626,Low Risk,True Negative
0,0.076063015,0,3150,Low Risk,True Negative
0,0.32497427,0,41312,Medium Risk,True Negative
0,0.4085249,0,39833,Medium Risk,True Negative
0,0.9524983,1,30599,Critical Risk,False Positive
0,0.052686013,0,10174,Low Risk,True Negative
0,0.062864155,0,12023,Low Risk,True Negative
0,0.07330372,0,22707,Low Risk,True Negative
0,0.29187196,0,25730,Medium Risk,True Negative
0,0.12668373,0,37961,Low Risk,True Negative
0,0.56851196,1,16313,High Risk,False Positive
0,0.5970458,1,17027,High Risk,False Positive
1,0.49390465,0,36673,Medium Risk,False Negative
0,0.14507067,0,22647,Low Risk,True Negative
0,0.18874052,0,10827,Low Risk,True Negative
1,0.686984,1,14445,High Risk,True Positive
0,0.38424867,0,35564,Medium Risk,True Negative
0,0.2921036,0,3172,Medium Risk,True Negative
0,0.56852275,1,3042,High Risk,False Positive
1,0.19227505,0,22897,Low Risk,False Negative
0,0.055640634,0,41716,Low Risk,True Negative
0,0.26571298,0,22206,Medium Risk,True Negative
0,0.6774317,1,34590,High Risk,False Positive
0,0.17273675,0,21623,Low Risk,True Negative
0,0.18211894,0,33882,Low Risk,True Negative
0,0.28637925,0,19446,Medium Risk,True Negative
0,0.08287905,0,13401,Low Risk,True Negative
0,0.2502019,0,19594,Medium Risk,True Negative
0,0.22188558,0,11027,Low Risk,True Negative
0,0.07147011,0,2896,Low Risk,True Negative
0,0.27785316,0,21959,Medium Risk,True Negative
0,0.18683009,0,37406,Low Risk,True Negative
0,0.16849981,0,10321,Low Risk,True Negative
0,0.80046034,1,27619,Critical Risk,False Positive
0,0.0624503,0,16985,Low Risk,True Negative
0,0.025630908,0,30374,Low Risk,True Negative
0,0.18883942,0,13802,Low Risk,True Negative
0,0.08918832,0,29906,Low Risk,True Negative
0,0.21699263,0,38474,Low Risk,True Negative
1,0.97532576,1,21596,Critical Risk,True Positive
0,0.13994117,0,17602,Low Risk,True Negative
0,0.053498093,0,41225,Low Risk,True Negative
0,0.075915776,0,44178,Low Risk,True Negative
0,0.081458636,0,1639,Low Risk,True Negative
1,0.18019314,0,31751,Low Risk,False Negative
0,0.3282237,0,5469,Medium Risk,True Negative
0,0.19474617,0,31887,Low Risk,True Negative
0,0.21614316,0,21245,Low Risk,True Negative
0,0.24702647,0,35024,Low Risk,True Negative
0,0.24949023,0,7919,Low Risk,True Negative
0,0.05594414,0,3361,Low Risk,True Negative
1,0.5076585,1,3270,High Risk,True Positive
0,0.048807435,0,1928,Low Risk,True Negative
0,0.13232894,0,14315,Low Risk,True Negative
1,0.34456265,0,29281,Medium Risk,False Negative
0,0.1470547,0,30642,Low Risk,True Negative
0,0.090060145,0,18303,Low Risk,True Negative
0,0.95968866,1,32294,Critical Risk,False Positive
0,0.3743763,0,32266,Medium Risk,True Negative
0,0.07156581,0,37481,Low Risk,True Negative
0,0.23239191,0,22388,Low Risk,True Negative
0,0.5094605,1,22379,High Risk,False Positive
0,0.072261095,0,27252,Low Risk,True Negative
0,0.59275776,1,26897,High Risk,False Positive
0,0.26899728,0,37098,Medium Risk,True Negative
0,0.086227864,0,7920,Low Risk,True Negative
0,0.566085,1,31861,High Risk,False Positive
0,0.29274452,0,41846,Medium Risk,True Negative
0,0.09136255,0,3813,Low Risk,True Negative
0,0.108556345,0,6741,Low Risk,True Negative
0,0.18662016,0,12477,Low Risk,True Negative
0,0.31634706,0,18573,Medium Risk,True Negative
0,0.046863485,0,23068,Low Risk,True Negative
0,0.5764067,1,11861,High Risk,False Positive
0,0.24959819,0,41240,Low Risk,True Negative
0,0.7739173,1,12271,Critical Risk,False Positive
0,0.7307166,1,24411,High Risk,False Positive
0,0.33104697,0,18558,Medium Risk,True Negative
0,0.34294856,0,37568,Medium Risk,True Negative
0,0.25121647,0,14925,Medium Risk,True Negative
0,0.16572154,0,1627,Low Risk,True Negative
0,0.28103554,0,19223,Medium Risk,True Negative
0,0.44416037,0,42981,Medium Risk,True Negative
0,0.58245826,1,32930,High Risk,False Positive
0,0.072645344,0,26546,Low Risk,True Negative
0,0.14397845,0,39650,Low Risk,True Negative
0,0.15044126,0,10885,Low Risk,True Negative
0,0.104385026,0,13465,Low Risk,True Negative
0,0.34368333,0,1328,Medium Risk,True Negative
0,0.41041574,0,19868,Medium Risk,True Negative
0,0.24670902,0,41576,Low Risk,True Negative
0,0.1011118,0,8487,Low Risk,True Negative
0,0.30349907,0,30271,Medium Risk,True Negative
0,0.32304162,0,42788,Medium Risk,True Negative
0,0.053903874,0,13106,Low Risk,True Negative
0,0.19050756,0,38508,Low Risk,True Negative
0,0.4613954,0,31763,Medium Risk,True Negative
0,0.092431076,0,8437,Low Risk,True Negative
0,0.01986746,0,15038,Low Risk,True Negative
0,0.22026138,0,14179,Low Risk,True Negative
0,0.045076963,0,11266,Low Risk,True Negative
0,0.11145244,0,18852,Low Risk,True Negative
0,0.41876766,0,8581,Medium Risk,True Negative
0,0.15407524,0,35468,Low Risk,True Negative
0,0.37883854,0,17464,Medium Risk,True Negative
1,0.7409576,1,8169,High Risk,True Positive
0,0.9432933,1,185,Critical Risk,False Positive
0,0.36961913,0,28841,Medium Risk,True Negative
0,0.42982954,0,23896,Medium Risk,True Negative
0,0.02936055,0,38510,Low Risk,True Negative
0,0.10660204,0,43110,Low Risk,True Negative
0,0.26998812,0,21113,Medium Risk,True Negative
0,0.18536286,0,19059,Low Risk,True Negative
1,0.82398134,1,41231,Critical Risk,True Positive
0,0.041725025,0,9635,Low Risk,True Negative
0,0.3983007,0,19237,Medium Risk,True Negative
0,0.4946448,0,43898,Medium Risk,True Negative
0,0.5127122,1,22128,High Risk,False Positive
0,0.5224117,1,9890,High Risk,False Positive
1,0.7053914,1,10418,High Risk,True Positive
0,0.2910283,0,30221,Medium Risk,True Negative
0,0.15038408,0,2547,Low Risk,True Negative
0,0.19158374,0,33421,Low Risk,True Negative
1,0.8953912,1,27273,Critical Risk,True Positive
0,0.12796208,0,23485,Low Risk,True Negative
0,0.12297908,0,23335,Low Risk,True Negative
0,0.08679572,0,42665,Low Risk,True Negative
0,0.68171877,1,34916,High Risk,False Positive
0,0.79820174,1,32491,Critical Risk,False Positive
0,0.11152093,0,25195,Low Risk,True Negative
0,0.25773752,0,34694,Medium Risk,True Negative
0,0.06535307,0,30507,Low Risk,True Negative
0,0.23713277,0,20168,Low Risk,True Negative
0,0.22151321,0,6887,Low Risk,True Negative
0,0.056299813,0,14783,Low Risk,True Negative
0,0.28471172,0,30182,Medium Risk,True Negative
0,0.1435652,0,29363,Low Risk,True Negative
0,0.09753962,0,41432,Low Risk,True Negative
0,0.050736062,0,1461,Low Risk,True Negative
1,0.8091894,1,14293,Critical Risk,True Positive
0,0.3480044,0,12197,Medium Risk,True Negative
0,0.080400564,0,25376,Low Risk,True Negative
1,0.512146,1,8830,High Risk,True Positive
0,0.09919552,0,34343,Low Risk,True Negative
0,0.13820831,0,37955,Low Risk,True Negative
0,0.14977625,0,18168,Low Risk,True Negative
0,0.20681173,0,5397,Low Risk,True Negative
0,0.42720205,0,573,Medium Risk,True Negative
0,0.6036474,1,13350,High Risk,False Positive
0,0.11076302,0,34786,Low Risk,True Negative
0,0.19175199,0,3745,Low Risk,True Negative
0,0.12117735,0,7104,Low Risk,True Negative
0,0.3602188,0,10305,Medium Risk,True Negative
0,0.015344601,0,30402,Low Risk,True Negative
0,0.07079995,0,20669,Low Risk,True Negative
0,0.38872582,0,6735,Medium Risk,True Negative
0,0.29168448,0,21416,Medium Risk,True Negative
0,0.25817093,0,2520,Medium Risk,True Negative
0,0.022573765,0,2064,Low Risk,True Negative
0,0.07592613,0,34501,Low Risk,True Negative
1,0.47138482,0,38567,Medium Risk,False Negative
0,0.20281775,0,19073,Low Risk,True Negative
0,0.1134403,0,1031,Low Risk,True Negative
0,0.079612546,0,17036,Low Risk,True Negative
0,0.16301279,0,28634,Low Risk,True Negative
0,0.15908137,0,24977,Low Risk,True Negative
0,0.762742,1,18990,Critical Risk,False Positive
0,0.2895864,0,28377,Medium Risk,True Negative
1,0.9100731,1,21577,Critical Risk,True Positive
0,0.1562194,0,12894,Low Risk,True Negative
0,0.03402903,0,23640,Low Risk,True Negative
0,0.089674555,0,8630,Low Risk,True Negative
0,0.38045686,0,2861,Medium Risk,True Negative
0,0.09384779,0,9577,Low Risk,True Negative
0,0.06420872,0,9272,Low Risk,True Negative
0,0.1552853,0,24137,Low Risk,True Negative
0,0.108168595,0,41835,Low Risk,True Negative
0,0.114320405,0,27370,Low Risk,True Negative
1,0.12765422,0,7273,Low Risk,False Negative
0,0.3475656,0,29600,Medium Risk,True Negative
0,0.24608712,0,24877,Low Risk,True Negative
0,0.11819497,0,17680,Low Risk,True Negative
0,0.4002207,0,23815,Medium Risk,True Negative
0,0.21820195,0,26168,Low Risk,True Negative
0,0.19583777,0,22354,Low Risk,True Negative
0,0.14032584,0,24377,Low Risk,True Negative
1,0.8686252,1,16542,Critical Risk,True Positive
0,0.14303395,0,3975,Low Risk,True Negative
0,0.25950855,0,23443,Medium Risk,True Negative
0,0.2353061,0,25851,Low Risk,True Negative
0,0.09698034,0,32264,Low Risk,True Negative
0,0.085369535,0,15324,Low Risk,True Negative
0,0.18979122,0,21375,Low Risk,True Negative
0,0.053036004,0,11488,Low Risk,True Negative
0,0.11658206,0,3694,Low Risk,True Negative
0,0.6500748,1,7759,High Risk,False Positive
0,0.030341165,0,10819,Low Risk,True Negative
0,0.70447487,1,40351,High Risk,False Positive
0,0.18994093,0,31948,Low Risk,True Negative
0,0.23459661,0,13590,Low Risk,True Negative
0,0.07287287,0,12561,Low Risk,True Negative
0,0.13675895,0,44051,Low Risk,True Negative
0,0.11929027,0,5168,Low Risk,True Negative
0,0.10478482,0,32788,Low Risk,True Negative
0,0.20243666,0,38775,Low Risk,True Negative
0,0.09036403,0,15607,Low Risk,True Negative
0,0.16723296,0,37745,Low Risk,True Negative
0,0.7273215,1,19168,High Risk,False Positive
0,0.118754745,0,34251,Low Risk,True Negative
0,0.1362731,0,24348,Low Risk,True Negative
0,0.36897466,0,43694,Medium Risk,True Negative
0,0.056301244,0,37819,Low Risk,True Negative
0,0.61227214,1,32940,High Risk,False Positive
0,0.16432223,0,31311,Low Risk,True Negative
1,0.5117833,1,14543,High Risk,True Positive
0,0.24311903,0,2375,Low Risk,True Negative
0,0.13665213,0,35255,Low Risk,True Negative
0,0.30194768,0,23302,Medium Risk,True Negative
1,0.9517725,1,12437,Critical Risk,True Positive
0,0.06372723,0,21535,Low Risk,True Negative
0,0.068276994,0,40686,Low Risk,True Negative
0,0.3327487,0,25091,Medium Risk,True Negative
0,0.07129388,0,37266,Low Risk,True Negative
0,0.24614227,0,4787,Low Risk,True Negative
1,0.5675392,1,11996,High Risk,True Positive
0,0.055612504,0,19367,Low Risk,True Negative
0,0.07643119,0,8532,Low Risk,True Negative
0,0.16208483,0,26535,Low Risk,True Negative
0,0.11082886,0,34817,Low Risk,True Negative
0,0.29135722,0,42392,Medium Risk,True Negative
0,0.089684255,0,21824,Low Risk,True Negative
1,0.47942486,0,23238,Medium Risk,False Negative
0,0.07554978,0,22611,Low Risk,True Negative
1,0.38579455,0,15973,Medium Risk,False Negative
0,0.17367667,0,29635,Low Risk,True Negative
0,0.110660225,0,7500,Low Risk,True Negative
0,0.12432738,0,9490,Low Risk,True Negative
0,0.61971617,1,27412,High Risk,False Positive
0,0.04138132,0,36563,Low Risk,True Negative
0,0.111727595,0,42750,Low Risk,True Negative
0,0.09346529,0,33553,Low Risk,True Negative
0,0.43127334,0,38994,Medium Risk,True Negative
1,0.90040416,1,4670,Critical Risk,True Positive
0,0.57796437,1,12329,High Risk,False Positive
0,0.0740638,0,33468,Low Risk,True Negative
0,0.8417528,1,19424,Critical Risk,False Positive
0,0.2538903,0,17487,Medium Risk,True Negative
0,0.38862067,0,26786,Medium Risk,True Negative
0,0.09282339,0,30365,Low Risk,True Negative
0,0.04930203,0,23833,Low Risk,True Negative
0,0.039990332,0,26562,Low Risk,True Negative
0,0.11943012,0,26111,Low Risk,True Negative
0,0.20907249,0,17431,Low Risk,True Negative
1,0.9167542,1,2777,Critical Risk,True Positive
0,0.026492927,0,16847,Low Risk,True Negative
0,0.20034826,0,42354,Low Risk,True Negative
0,0.024202913,0,39131,Low Risk,True Negative
0,0.065302454,0,37885,Low Risk,True Negative
0,0.5028727,1,39323,High Risk,False Positive
0,0.08495353,0,10995,Low Risk,True Negative
0,0.09246793,0,43835,Low Risk,True Negative
0,0.106917955,0,18599,Low Risk,True Negative
0,0.83019143,1,20210,Critical Risk,False Positive
0,0.09422483,0,683,Low Risk,True Negative
0,0.10154261,0,758,Low Risk,True Negative
0,0.26940784,0,1409,Medium Risk,True Negative
0,0.042599577,0,7293,Low Risk,True Negative
0,0.13009551,0,24902,Low Risk,True Negative
0,0.20775957,0,26952,Low Risk,True Negative
1,0.66693914,1,4819,High Risk,True Positive
0,0.17218947,0,12397,Low Risk,True Negative
0,0.38935974,0,29688,Medium Risk,True Negative
0,0.035629217,0,27018,Low Risk,True Negative
0,0.50452185,1,21259,High Risk,False Positive
0,0.3280458,0,22253,Medium Risk,True Negative
0,0.040111914,0,38801,Low Risk,True Negative
0,0.124063805,0,5034,Low Risk,True Negative
0,0.17956685,0,1,Low Risk,True Negative
0,0.10151694,0,31571,Low Risk,True Negative
1,0.8474654,1,21191,Critical Risk,True Positive
0,0.15669976,0,31065,Low Risk,True Negative
0,0.053347677,0,39285,Low Risk,True Negative
0,0.094876565,0,36880,Low Risk,True Negative
0,0.119897,0,43579,Low Risk,True Negative
0,0.13507123,0,38122,Low Risk,True Negative
0,0.050027356,0,15967,Low Risk,True Negative
0,0.37376067,0,35002,Medium Risk,True Negative
0,0.12084459,0,39707,Low Risk,True Negative
0,0.09328806,0,16556,Low Risk,True Negative
0,0.036911014,0,26222,Low Risk,True Negative
0,0.5496604,1,11285,High Risk,False Positive
0,0.062318843,0,22337,Low Risk,True Negative
0,0.057975303,0,25971,Low Risk,True Negative
0,0.18923782,0,30145,Low Risk,True Negative
0,0.841733,1,5633,Critical Risk,False Positive
0,0.10521568,0,1949,Low Risk,True Negative
0,0.18158787,0,30918,Low Risk,True Negative
0,0.32506225,0,11976,Medium Risk,True Negative
0,0.0774254,0,21184,Low Risk,True Negative
0,0.73940504,1,43460,High Risk,False Positive
0,0.026844524,0,20538,Low Risk,True Negative
0,0.18039104,0,20013,Low Risk,True Negative
0,0.2803533,0,20349,Medium Risk,True Negative
0,0.16499777,0,1787,Low Risk,True Negative
0,0.11903755,0,14189,Low Risk,True Negative
1,0.9102851,1,26556,Critical Risk,True Positive
1,0.2922127,0,11298,Medium Risk,False Negative
0,0.19819024,0,27656,Low Risk,True Negative
0,0.050601214,0,40256,Low Risk,True Negative
0,0.35572797,0,40552,Medium Risk,True Negative
0,0.10585519,0,21027,Low Risk,True Negative
0,0.23296434,0,9626,Low Risk,True Negative
1,0.5838935,1,25209,High Risk,True Positive
0,0.13310263,0,1054,Low Risk,True Negative
1,0.8371339,1,25292,Critical Risk,True Positive
0,0.47546953,0,1251,Medium Risk,True Negative
0,0.19071886,0,4366,Low Risk,True Negative
0,0.4486876,0,19180,Medium Risk,True Negative
0,0.30110073,0,21686,Medium Risk,True Negative
0,0.58770335,1,29381,High Risk,False Positive
1,0.765358,1,38160,Critical Risk,True Positive
0,0.11625836,0,39352,Low Risk,True Negative
0,0.21632017,0,10887,Low Risk,True Negative
0,0.117539264,0,25465,Low Risk,True Negative
0,0.45496795,0,14214,Medium Risk,True Negative
0,0.32436186,0,10625,Medium Risk,True Negative
1,0.525457,1,1375,High Risk,True Positive
0,0.031348225,0,39957,Low Risk,True Negative
0,0.12325884,0,15900,Low Risk,True Negative
0,0.123493746,0,6835,Low Risk,True Negative
0,0.14146478,0,6351,Low Risk,True Negative
0,0.57386357,1,2845,High Risk,False Positive
0,0.09291448,0,32807,Low Risk,True Negative
0,0.3248821,0,13177,Medium Risk,True Negative
0,0.2839981,0,14216,Medium Risk,True Negative
0,0.11645319,0,31629,Low Risk,True Negative
0,0.12627529,0,13887,Low Risk,True Negative
0,0.14593649,0,30451,Low Risk,True Negative
0,0.037109885,0,17117,Low Risk,True Negative
0,0.20152475,0,32526,Low Risk,True Negative
0,0.16712731,0,20131,Low Risk,True Negative
0,0.038677353,0,35659,Low Risk,True Negative
0,0.5851324,1,27373,High Risk,False Positive
0,0.032603674,0,33368,Low Risk,True Negative
0,0.113519676,0,4942,Low Risk,True Negative
0,0.5116616,1,7967,High Risk,False Positive
0,0.032252498,0,29698,Low Risk,True Negative
1,0.74273086,1,38624,High Risk,True Positive
0,0.025295347,0,5314,Low Risk,True Negative
0,0.37716362,0,28929,Medium Risk,True Negative
0,0.46086973,0,4041,Medium Risk,True Negative
0,0.30135325,0,8569,Medium Risk,True Negative
0,0.02415316,0,28586,Low Risk,True Negative
0,0.044663165,0,11446,Low Risk,True Negative
0,0.09766059,0,10388,Low Risk,True Negative
0,0.048193317,0,13689,Low Risk,True Negative
0,0.07564179,0,14038,Low Risk,True Negative
0,0.41770312,0,40432,Medium Risk,True Negative
0,0.46232736,0,36914,Medium Risk,True Negative
0,0.1834038,0,22144,Low Risk,True Negative
1,0.7732056,1,42786,Critical Risk,True Positive
0,0.24385831,0,42823,Low Risk,True Negative
0,0.13068886,0,13754,Low Risk,True Negative
0,0.07813956,0,16919,Low Risk,True Negative
0,0.22083297,0,23386,Low Risk,True Negative
0,0.29281,0,39172,Medium Risk,True Negative
0,0.030461678,0,26355,Low Risk,True Negative
0,0.10256895,0,24044,Low Risk,True Negative
0,0.115004316,0,24330,Low Risk,True Negative
0,0.606917,1,36380,High Risk,False Positive
0,0.2876342,0,5025,Medium Risk,True Negative
0,0.04447817,0,11177,Low Risk,True Negative
0,0.1627791,0,4244,Low Risk,True Negative
0,0.23417872,0,15805,Low Risk,True Negative
0,0.4016491,0,39905,Medium Risk,True Negative
0,0.15096207,0,20980,Low Risk,True Negative
0,0.07574155,0,38796,Low Risk,True Negative
0,0.7959157,1,24670,Critical Risk,False Positive
0,0.1459131,0,10574,Low Risk,True Negative
0,0.18710086,0,29040,Low Risk,True Negative
0,0.118736684,0,21497,Low Risk,True Negative
0,0.21448919,0,27114,Low Risk,True Negative
0,0.66439897,1,35003,High Risk,False Positive
0,0.32183197,0,25599,Medium Risk,True Negative
0,0.2910408,0,21290,Medium Risk,True Negative
0,0.25057343,0,15654,Medium Risk,True Negative
0,0.94718504,1,14743,Critical Risk,False Positive
0,0.28448045,0,10989,Medium Risk,True Negative
0,0.6069029,1,847,High Risk,False Positive
1,0.83701825,1,27183,Critical Risk,True Positive
0,0.1603457,0,20120,Low Risk,True Negative
0,0.85210115,1,1842,Critical Risk,False Positive
0,0.25853622,0,31646,Medium Risk,True Negative
0,0.07995604,0,12050,Low Risk,True Negative
0,0.2771249,0,38355,Medium Risk,True Negative
0,0.29371867,0,34470,Medium Risk,True Negative
0,0.2599549,0,8226,Medium Risk,True Negative
0,0.22936253,0,34405,Low Risk,True Negative
0,0.68539745,1,39332,High Risk,False Positive
0,0.07708249,0,29574,Low Risk,True Negative
0,0.44321603,0,17517,Medium Risk,True Negative
0,0.20947242,0,32585,Low Risk,True Negative
1,0.26595408,0,584,Medium Risk,False Negative
0,0.2042701,0,8589,Low Risk,True Negative
0,0.22525771,0,30863,Low Risk,True Negative
0,0.14935201,0,29239,Low Risk,True Negative
0,0.13927864,0,23722,Low Risk,True Negative
0,0.05434067,0,31779,Low Risk,True Negative
0,0.04653023,0,27172,Low Risk,True Negative
1,0.3171862,0,1870,Medium Risk,False Negative
0,0.4703272,0,14436,Medium Risk,True Negative
0,0.08482291,0,3476,Low Risk,True Negative
0,0.30247244,0,17979,Medium Risk,True Negative
0,0.31536636,0,30830,Medium Risk,True Negative
0,0.5805721,1,18357,High Risk,False Positive
0,0.14544395,0,29647,Low Risk,True Negative
0,0.06843811,0,13050,Low Risk,True Negative
0,0.103966,0,32834,Low Risk,True Negative
0,0.24561019,0,2701,Low Risk,True Negative
0,0.06728107,0,13069,Low Risk,True Negative
1,0.260364,0,6286,Medium Risk,False Negative
0,0.03702711,0,17645,Low Risk,True Negative
0,0.2888046,0,17070,Medium Risk,True Negative
0,0.12308988,0,33384,Low Risk,True Negative
0,0.37585,0,11985,Medium Risk,True Negative
0,0.1502313,0,30321,Low Risk,True Negative
0,0.28385672,0,13621,Medium Risk,True Negative
0,0.24721651,0,20424,Low Risk,True Negative
0,0.4431162,0,2973,Medium Risk,True Negative
0,0.20036884,0,7342,Low Risk,True Negative
0,0.18856713,0,5649,Low Risk,True Negative
0,0.099131845,0,31789,Low Risk,True Negative
0,0.04169658,0,23354,Low Risk,True Negative
0,0.0973474,0,34787,Low Risk,True Negative
0,0.046857603,0,3007,Low Risk,True Negative
0,0.19447571,0,11537,Low Risk,True Negative
0,0.7219821,1,12925,High Risk,False Positive
1,0.89018816,1,44050,Critical Risk,True Positive
0,0.12060288,0,26822,Low Risk,True Negative
0,0.13156046,0,43324,Low Risk,True Negative
0,0.6328389,1,24696,High Risk,False Positive
0,0.17010713,0,19201,Low Risk,True Negative
0,0.12705417,0,22692,Low Risk,True Negative
0,0.1096415,0,5433,Low Risk,True Negative
0,0.5015792,1,6194,High Risk,False Positive
0,0.1678615,0,21640,Low Risk,True Negative
0,0.25592726,0,17263,Medium Risk,True Negative
1,0.5505029,1,1421,High Risk,True Positive
0,0.05687459,0,18062,Low Risk,True Negative
0,0.07799468,0,42067,Low Risk,True Negative
1,0.44312707,0,38935,Medium Risk,False Negative
0,0.12620449,0,35830,Low Risk,True Negative
0,0.3942252,0,2904,Medium Risk,True Negative
0,0.0983902,0,38489,Low Risk,True Negative
0,0.39699593,0,19849,Medium Risk,True Negative
0,0.79956126,1,25845,Critical Risk,False Positive
0,0.12931277,0,8829,Low Risk,True Negative
0,0.24361308,0,7755,Low Risk,True Negative
0,0.20910762,0,20383,Low Risk,True Negative
0,0.10468049,0,38451,Low Risk,True Negative
0,0.6113486,1,2120,High Risk,False Positive
0,0.12223459,0,11876,Low Risk,True Negative
0,0.058658298,0,29358,Low Risk,True Negative
0,0.073647186,0,29775,Low Risk,True Negative
0,0.17693493,0,15698,Low Risk,True Negative
0,0.04997884,0,5113,Low Risk,True Negative
0,0.24973218,0,42414,Low Risk,True Negative
0,0.1539158,0,32216,Low Risk,True Negative
0,0.403924,0,9581,Medium Risk,True Negative
0,0.7624888,1,37634,Critical Risk,False Positive
0,0.691546,1,17012,High Risk,False Positive
0,0.06672898,0,931,Low Risk,True Negative
0,0.8254013,1,39940,Critical Risk,False Positive
0,0.070023,0,4177,Low Risk,True Negative
0,0.57456785,1,15782,High Risk,False Positive
0,0.16260111,0,43292,Low Risk,True Negative
0,0.18803781,0,26906,Low Risk,True Negative
0,0.123795986,0,41293,Low Risk,True Negative
0,0.13043566,0,35639,Low Risk,True Negative
0,0.2691036,0,25035,Medium Risk,True Negative
0,0.37170523,0,31760,Medium Risk,True Negative
0,0.06225693,0,35275,Low Risk,True Negative
0,0.44003865,0,14499,Medium Risk,True Negative
0,0.29388544,0,1100,Medium Risk,True Negative
0,0.09022632,0,37164,Low Risk,True Negative
0,0.30398652,0,3673,Medium Risk,True Negative
0,0.077384144,0,145,Low Risk,True Negative
0,0.21525227,0,34158,Low Risk,True Negative
0,0.100670524,0,16617,Low Risk,True Negative
0,0.36785015,0,18531,Medium Risk,True Negative
0,0.32388762,0,30727,Medium Risk,True Negative
0,0.13401942,0,24007,Low Risk,True Negative
1,0.6124884,1,7959,High Risk,True Positive
0,0.15250924,0,1230,Low Risk,True Negative
0,0.19082776,0,2268,Low Risk,True Negative
0,0.036606647,0,8448,Low Risk,True Negative
0,0.19209352,0,39371,Low Risk,True Negative
0,0.21694319,0,19503,Low Risk,True Negative
0,0.3118155,0,33073,Medium Risk,True Negative
0,0.35233915,0,44009,Medium Risk,True Negative
0,0.11480215,0,37102,Low Risk,True Negative
0,0.31425053,0,29696,Medium Risk,True Negative
0,0.22150517,0,111,Low Risk,True Negative
0,0.1097658,0,21303,Low Risk,True Negative
0,0.2560304,0,1577,Medium Risk,True Negative
0,0.086619616,0,13973,Low Risk,True Negative
0,0.3659304,0,21737,Medium Risk,True Negative
0,0.09436666,0,24392,Low Risk,True Negative
0,0.3335854,0,15360,Medium Risk,True Negative
0,0.096165955,0,36614,Low Risk,True Negative
0,0.1408697,0,25814,Low Risk,True Negative
0,0.26151463,0,23579,Medium Risk,True Negative
0,0.14007369,0,33776,Low Risk,True Negative
0,0.16790369,0,32750,Low Risk,True Negative
0,0.18639313,0,41652,Low Risk,True Negative
0,0.1002846,0,42901,Low Risk,True Negative
0,0.30636242,0,6760,Medium Risk,True Negative
0,0.1620654,0,35903,Low Risk,True Negative
0,0.19779532,0,42618,Low Risk,True Negative
0,0.22885108,0,35117,Low Risk,True Negative
1,0.77164966,1,23172,Critical Risk,True Positive
0,0.05222605,0,7068,Low Risk,True Negative
0,0.13382056,0,21664,Low Risk,True Negative
0,0.109737046,0,15498,Low Risk,True Negative
0,0.51068324,1,41090,High Risk,False Positive
0,0.29711208,0,38094,Medium Risk,True Negative
0,0.116903275,0,42554,Low Risk,True Negative
0,0.6961692,1,10426,High Risk,False Positive
0,0.046815116,0,18240,Low Risk,True Negative
0,0.047594972,0,38975,Low Risk,True Negative
0,0.8742122,1,29114,Critical Risk,False Positive
0,0.036395885,0,31228,Low Risk,True Negative
0,0.14122905,0,13354,Low Risk,True Negative
0,0.19442874,0,15473,Low Risk,True Negative
0,0.089035906,0,38209,Low Risk,True Negative
0,0.2914317,0,2502,Medium Risk,True Negative
0,0.11295087,0,14050,Low Risk,True Negative
0,0.04545664,0,13738,Low Risk,True Negative
0,0.8221055,1,43646,Critical Risk,False Positive
0,0.55638117,1,25670,High Risk,False Positive
0,0.5052279,1,10709,High Risk,False Positive
1,0.71912855,1,6545,High Risk,True Positive
0,0.23770767,0,3359,Low Risk,True Negative
0,0.068101324,0,29524,Low Risk,True Negative
1,0.9003885,1,6579,Critical Risk,True Positive
0,0.10273396,0,5892,Low Risk,True Negative
0,0.21240325,0,20064,Low Risk,True Negative
0,0.05665892,0,28732,Low Risk,True Negative
1,0.5335275,1,17547,High Risk,True Positive
1,0.4138702,0,589,Medium Risk,False Negative
0,0.25929645,0,32445,Medium Risk,True Negative
0,0.22179413,0,29549,Low Risk,True Negative
0,0.083609395,0,234,Low Risk,True Negative
0,0.5702237,1,18757,High Risk,False Positive
0,0.5231378,1,35948,High Risk,False Positive
0,0.9317387,1,42831,Critical Risk,False Positive
0,0.019418422,0,4954,Low Risk,True Negative
0,0.39315322,0,33985,Medium Risk,True Negative
0,0.46224982,0,9131,Medium Risk,True Negative
0,0.7609504,1,17656,Critical Risk,False Positive
0,0.46552768,0,10836,Medium Risk,True Negative
0,0.1891715,0,19414,Low Risk,True Negative
0,0.019307034,0,5912,Low Risk,True Negative
0,0.1546334,0,43437,Low Risk,True Negative
0,0.040004946,0,9154,Low Risk,True Negative
0,0.07360436,0,6499,Low Risk,True Negative
0,0.20912242,0,38446,Low Risk,True Negative
0,0.31561378,0,42539,Medium Risk,True Negative
0,0.07821174,0,40538,Low Risk,True Negative
0,0.24788052,0,15020,Low Risk,True Negative
0,0.02535081,0,20469,Low Risk,True Negative
0,0.09962927,0,17228,Low Risk,True Negative
0,0.07143015,0,9848,Low Risk,True Negative
0,0.4463297,0,10445,Medium Risk,True Negative
0,0.33657408,0,4337,Medium Risk,True Negative
0,0.27374017,0,9788,Medium Risk,True Negative
0,0.26250154,0,28412,Medium Risk,True Negative
0,0.14009947,0,34404,Low Risk,True Negative
0,0.15841395,0,11198,Low Risk,True Negative
0,0.1757569,0,18332,Low Risk,True Negative
0,0.20736049,0,3787,Low Risk,True Negative
0,0.07735216,0,3510,Low Risk,True Negative
0,0.4973413,0,4562,Medium Risk,True Negative
0,0.08804361,0,7601,Low Risk,True Negative
1,0.7879158,1,37368,Critical Risk,True Positive
0,0.08521974,0,26073,Low Risk,True Negative
0,0.012255184,0,7407,Low Risk,True Negative
0,0.04812024,0,16771,Low Risk,True Negative
0,0.29709795,0,14502,Medium Risk,True Negative
0,0.064094774,0,10303,Low Risk,True Negative
0,0.26187924,0,33418,Medium Risk,True Negative
0,0.12010561,0,10130,Low Risk,True Negative
0,0.19749829,0,13141,Low Risk,True Negative
0,0.028495416,0,27015,Low Risk,True Negative
0,0.045279853,0,3394,Low Risk,True Negative
0,0.6328452,1,29024,High Risk,False Positive
0,0.17762125,0,38832,Low Risk,True Negative
0,0.9231211,1,17901,Critical Risk,False Positive
0,0.1927174,0,29585,Low Risk,True Negative
0,0.16961883,0,22066,Low Risk,True Negative
0,0.3786253,0,24264,Medium Risk,True Negative
0,0.41231075,0,37668,Medium Risk,True Negative
0,0.5552565,1,39383,High Risk,False Positive
0,0.50566465,1,15186,High Risk,False Positive
0,0.3194636,0,16828,Medium Risk,True Negative
0,0.10596274,0,6048,Low Risk,True Negative
0,0.06255228,0,16272,Low Risk,True Negative
0,0.28130126,0,41648,Medium Risk,True Negative
0,0.05407045,0,8466,Low Risk,True Negative
0,0.56257665,1,8520,High Risk,False Positive
0,0.27040824,0,27203,Medium Risk,True Negative
0,0.22799754,0,31201,Low Risk,True Negative
0,0.039090566,0,35218,Low Risk,True Negative
1,0.81714773,1,36892,Critical Risk,True Positive
0,0.082455024,0,35294,Low Risk,True Negative
0,0.11354894,0,12243,Low Risk,True Negative
0,0.20529315,0,3650,Low Risk,True Negative
0,0.77065504,1,17850,Critical Risk,False Positive
0,0.10360092,0,14494,Low Risk,True Negative
0,0.18656743,0,29217,Low Risk,True Negative
0,0.09980004,0,43402,Low Risk,True Negative
0,0.7876013,1,7519,Critical Risk,False Positive
0,0.15530734,0,32850,Low Risk,True Negative
0,0.09666405,0,28303,Low Risk,True Negative
0,0.16483162,0,13976,Low Risk,True Negative
0,0.8144012,1,4585,Critical Risk,False Positive
0,0.6995056,1,17218,High Risk,False Positive
0,0.2710301,0,31723,Medium Risk,True Negative
0,0.016044565,0,43450,Low Risk,True Negative
0,0.6276017,1,27504,High Risk,False Positive
0,0.47710928,0,41165,Medium Risk,True Negative
0,0.04122766,0,22895,Low Risk,True Negative
0,0.18988918,0,40385,Low Risk,True Negative
0,0.04000608,0,16242,Low Risk,True Negative
1,0.6037024,1,32286,High Risk,True Positive
1,0.5091941,1,12351,High Risk,True Positive
0,0.6618046,1,31341,High Risk,False Positive
1,0.6319985,1,13949,High Risk,True Positive
0,0.046887558,0,9944,Low Risk,True Negative
0,0.11307511,0,15118,Low Risk,True Negative
1,0.6752253,1,27914,High Risk,True Positive
0,0.12618926,0,1993,Low Risk,True Negative
1,0.31338644,0,35395,Medium Risk,False Negative
1,0.43241432,0,16549,Medium Risk,False Negative
0,0.44298095,0,40421,Medium Risk,True Negative
0,0.5024187,1,150,High Risk,False Positive
0,0.12829965,0,37858,Low Risk,True Negative
0,0.8469277,1,22869,Critical Risk,False Positive
0,0.022809267,0,41566,Low Risk,True Negative
1,0.5532522,1,29137,High Risk,True Positive
0,0.0752677,0,1788,Low Risk,True Negative
0,0.27833754,0,6132,Medium Risk,True Negative
0,0.6384795,1,6294,High Risk,False Positive
0,0.32420337,0,17861,Medium Risk,True Negative
0,0.111300826,0,11739,Low Risk,True Negative
0,0.16027227,0,14197,Low Risk,True Negative
1,0.5508591,1,6680,High Risk,True Positive
0,0.03238395,0,38903,Low Risk,True Negative
0,0.08701025,0,10789,Low Risk,True Negative
0,0.093811244,0,3925,Low Risk,True Negative
0,0.3383795,0,44083,Medium Risk,True Negative
0,0.3231073,0,18231,Medium Risk,True Negative
0,0.02923019,0,32364,Low Risk,True Negative
0,0.09664285,0,32659,Low Risk,True Negative
0,0.118591435,0,4462,Low Risk,True Negative
0,0.4912922,0,28707,Medium Risk,True Negative
0,0.125545,0,31414,Low Risk,True Negative
1,0.38755178,0,88,Medium Risk,False Negative
1,0.16566344,0,4971,Low Risk,False Negative
0,0.18342918,0,26919,Low Risk,True Negative
0,0.5083512,1,40028,High Risk,False Positive
0,0.28008056,0,6345,Medium Risk,True Negative
0,0.078401625,0,2730,Low Risk,True Negative
0,0.05414435,0,32011,Low Risk,True Negative
1,0.84888494,1,2141,Critical Risk,True Positive
0,0.14620093,0,6014,Low Risk,True Negative
0,0.68834287,1,32418,High Risk,False Positive
0,0.053276606,0,20055,Low Risk,True Negative
0,0.82934684,1,12787,Critical Risk,False Positive
0,0.23401055,0,12962,Low Risk,True Negative
0,0.18288729,0,40721,Low Risk,True Negative
0,0.0349391,0,8884,Low Risk,True Negative
0,0.10228259,0,27919,Low Risk,True Negative
0,0.06698395,0,9672,Low Risk,True Negative
0,0.24236563,0,22239,Low Risk,True Negative
0,0.10553826,0,26890,Low Risk,True Negative
0,0.5418662,1,39233,High Risk,False Positive
1,0.17759722,0,20693,Low Risk,False Negative
0,0.14838922,0,23946,Low Risk,True Negative
0,0.2383462,0,25287,Low Risk,True Negative
0,0.3514341,0,16321,Medium Risk,True Negative
0,0.14773537,0,5317,Low Risk,True Negative
0,0.07543909,0,30053,Low Risk,True Negative
0,0.84025544,1,24286,Critical Risk,False Positive
0,0.41506788,0,5945,Medium Risk,True Negative
0,0.40670618,0,31423,Medium Risk,True Negative
0,0.81894094,1,42659,Critical Risk,False Positive
0,0.25148037,0,19514,Medium Risk,True Negative
0,0.091937035,0,32371,Low Risk,True Negative
1,0.8653221,1,17560,Critical Risk,True Positive
0,0.5632777,1,5708,High Risk,False Positive
0,0.19398312,0,37688,Low Risk,True Negative
0,0.19590423,0,15684,Low Risk,True Negative
0,0.026815722,0,9842,Low Risk,True Negative
0,0.28609097,0,26750,Medium Risk,True Negative
0,0.23565888,0,16462,Low Risk,True Negative
0,0.40285167,0,30487,Medium Risk,True Negative
0,0.070966735,0,36326,Low Risk,True Negative
1,0.40839604,0,5953,Medium Risk,False Negative
0,0.023691291,0,38310,Low Risk,True Negative
0,0.07707875,0,12045,Low Risk,True Negative
0,0.5669507,1,19744,High Risk,False Positive
0,0.03829642,0,20169,Low Risk,True Negative
1,0.57334465,1,17484,High Risk,True Positive
1,0.8974456,1,27044,Critical Risk,True Positive
0,0.47559014,0,22370,Medium Risk,True Negative
0,0.5037511,1,36334,High Risk,False Positive
0,0.047346428,0,1106,Low Risk,True Negative
0,0.04445987,0,38833,Low Risk,True Negative
0,0.26470324,0,4698,Medium Risk,True Negative
0,0.42946437,0,9323,Medium Risk,True Negative
0,0.0806868,0,3248,Low Risk,True Negative
0,0.36722484,0,5201,Medium Risk,True Negative
1,0.93351555,1,2217,Critical Risk,True Positive
0,0.5334583,1,39535,High Risk,False Positive
0,0.59765404,1,667,High Risk,False Positive
0,0.19916776,0,2941,Low Risk,True Negative
0,0.20263407,0,5843,Low Risk,True Negative
0,0.37726215,0,42187,Medium Risk,True Negative
0,0.109903984,0,29865,Low Risk,True Negative
0,0.24634035,0,19460,Low Risk,True Negative
0,0.32215548,0,9460,Medium Risk,True Negative
0,0.29455402,0,29032,Medium Risk,True Negative
1,0.19535503,0,14254,Low Risk,False Negative
0,0.14524838,0,42542,Low Risk,True Negative
0,0.030434841,0,32519,Low Risk,True Negative
0,0.16329685,0,35633,Low Risk,True Negative
0,0.6349501,1,36164,High Risk,False Positive
0,0.48821253,0,13627,Medium Risk,True Negative
0,0.12905145,0,27635,Low Risk,True Negative
0,0.3126952,0,5894,Medium Risk,True Negative
0,0.43491802,0,16558,Medium Risk,True Negative
0,0.37558666,0,20738,Medium Risk,True Negative
1,0.24111664,0,6977,Low Risk,False Negative
0,0.3242421,0,27469,Medium Risk,True Negative
0,0.8634752,1,4700,Critical Risk,False Positive
0,0.084108196,0,6603,Low Risk,True Negative
0,0.26529816,0,22257,Medium Risk,True Negative
0,0.1724728,0,17423,Low Risk,True Negative
0,0.082357906,0,14658,Low Risk,True Negative
0,0.2916555,0,13443,Medium Risk,True Negative
0,0.29414496,0,19024,Medium Risk,True Negative
0,0.08985873,0,30495,Low Risk,True Negative
0,0.26968986,0,40642,Medium Risk,True Negative
0,0.19037044,0,36992,Low Risk,True Negative
0,0.28924328,0,4856,Medium Risk,True Negative
0,0.29093543,0,8863,Medium Risk,True Negative
0,0.09631429,0,42436,Low Risk,True Negative
0,0.2830311,0,9065,Medium Risk,True Negative
0,0.02354333,0,32122,Low Risk,True Negative
0,0.17239839,0,22436,Low Risk,True Negative
0,0.19656003,0,36439,Low Risk,True Negative
0,0.06417564,0,6625,Low Risk,True Negative
0,0.51141953,1,32701,High Risk,False Positive
1,0.9196911,1,20481,Critical Risk,True Positive
1,0.6130127,1,5783,High Risk,True Positive
0,0.2662437,0,32453,Medium Risk,True Negative
0,0.477671,0,32737,Medium Risk,True Negative
0,0.26646292,0,30514,Medium Risk,True Negative
0,0.12492344,0,20360,Low Risk,True Negative
0,0.21569553,0,20529,Low Risk,True Negative
0,0.07831576,0,1347,Low Risk,True Negative
0,0.19063456,0,38032,Low Risk,True Negative
1,0.2099765,0,12750,Low Risk,False Negative
0,0.14282347,0,386,Low Risk,True Negative
0,0.1158314,0,20319,Low Risk,True Negative
0,0.035469625,0,21874,Low Risk,True Negative
0,0.13322048,0,22471,Low Risk,True Negative
0,0.2901535,0,37521,Medium Risk,True Negative
0,0.32548517,0,22463,Medium Risk,True Negative
0,0.60318154,1,16830,High Risk,False Positive
0,0.18303402,0,35396,Low Risk,True Negative
0,0.5911165,1,19709,High Risk,False Positive
0,0.24270463,0,23050,Low Risk,True Negative
1,0.8338361,1,39697,Critical Risk,True Positive
0,0.39112613,0,21378,Medium Risk,True Negative
0,0.17960617,0,42694,Low Risk,True Negative
0,0.27140382,0,11716,Medium Risk,True Negative
1,0.87120306,1,34345,Critical Risk,True Positive
1,0.6374484,1,1682,High Risk,True Positive
0,0.35272577,0,14231,Medium Risk,True Negative
0,0.08234295,0,43985,Low Risk,True Negative
0,0.04913033,0,8618,Low Risk,True Negative
0,0.24636234,0,31530,Low Risk,True Negative
0,0.8876824,1,3582,Critical Risk,False Positive
0,0.059046403,0,26622,Low Risk,True Negative
0,0.35868263,0,10981,Medium Risk,True Negative
0,0.5541301,1,4858,High Risk,False Positive
0,0.09256773,0,24467,Low Risk,True Negative
1,0.8607002,1,15423,Critical Risk,True Positive
0,0.24559213,0,4314,Low Risk,True Negative
0,0.40656263,0,26021,Medium Risk,True Negative
0,0.050075445,0,10331,Low Risk,True Negative
0,0.34421647,0,12512,Medium Risk,True Negative
1,0.38452965,0,5564,Medium Risk,False Negative
0,0.17103691,0,33788,Low Risk,True Negative
0,0.22122271,0,33485,Low Risk,True Negative
0,0.10862377,0,15621,Low Risk,True Negative
0,0.055045765,0,13813,Low Risk,True Negative
0,0.22331405,0,33224,Low Risk,True Negative
0,0.68970305,1,31450,High Risk,False Positive
0,0.032561973,0,4576,Low Risk,True Negative
0,0.50826627,1,34071,High Risk,False Positive
0,0.14034045,0,23774,Low Risk,True Negative
0,0.22720592,0,17711,Low Risk,True Negative
0,0.3551158,0,28602,Medium Risk,True Negative
0,0.15617245,0,29386,Low Risk,True Negative
0,0.08800667,0,17894,Low Risk,True Negative
1,0.31061715,0,4315,Medium Risk,False Negative
0,0.5066492,1,35532,High Risk,False Positive
0,0.051265843,0,26594,Low Risk,True Negative
0,0.15925683,0,3596,Low Risk,True Negative
0,0.23297407,0,33694,Low Risk,True Negative
1,0.66141546,1,8516,High Risk,True Positive
0,0.21867265,0,9075,Low Risk,True Negative
0,0.114127494,0,39533,Low Risk,True Negative
0,0.29850125,0,2193,Medium Risk,True Negative
0,0.092761286,0,29026,Low Risk,True Negative
0,0.22940524,0,42696,Low Risk,True Negative
0,0.15917559,0,19779,Low Risk,True Negative
0,0.11975883,0,26056,Low Risk,True Negative
0,0.023612874,0,28504,Low Risk,True Negative
0,0.07468579,0,34924,Low Risk,True Negative
1,0.6784658,1,38438,High Risk,True Positive
0,0.82506824,1,8362,Critical Risk,False Positive
0,0.12059011,0,29870,Low Risk,True Negative
0,0.12928885,0,37541,Low Risk,True Negative
0,0.0695496,0,23094,Low Risk,True Negative
0,0.022222703,0,27599,Low Risk,True Negative
0,0.0706842,0,36287,Low Risk,True Negative
0,0.7566963,1,21990,Critical Risk,False Positive
0,0.24214835,0,38612,Low Risk,True Negative
0,0.8883352,1,15029,Critical Risk,False Positive
0,0.11623841,0,13051,Low Risk,True Negative
0,0.8434708,1,7746,Critical Risk,False Positive
0,0.23042332,0,39923,Low Risk,True Negative
0,0.59893364,1,23447,High Risk,False Positive
1,0.36677778,0,880,Medium Risk,False Negative
1,0.59776926,1,5686,High Risk,True Positive
0,0.08377063,0,5930,Low Risk,True Negative
0,0.76354855,1,21555,Critical Risk,False Positive
0,0.12444061,0,41745,Low Risk,True Negative
1,0.75929797,1,14054,Critical Risk,True Positive
0,0.1689043,0,6567,Low Risk,True Negative
0,0.040950544,0,40048,Low Risk,True Negative
0,0.18716973,0,11910,Low Risk,True Negative
0,0.48235214,0,1752,Medium Risk,True Negative
0,0.12139213,0,36966,Low Risk,True Negative
0,0.59118444,1,19696,High Risk,False Positive
0,0.6132373,1,17499,High Risk,False Positive
0,0.16717333,0,30734,Low Risk,True Negative
0,0.05675059,0,22012,Low Risk,True Negative
0,0.21471304,0,2601,Low Risk,True Negative
0,0.13897602,0,12306,Low Risk,True Negative
0,0.039707657,0,42251,Low Risk,True Negative
0,0.7738066,1,37857,Critical Risk,False Positive
0,0.09626033,0,21114,Low Risk,True Negative
0,0.14429778,0,23913,Low Risk,True Negative
0,0.049119685,0,33898,Low Risk,True Negative
0,0.1965081,0,12190,Low Risk,True Negative
0,0.1883038,0,10905,Low Risk,True Negative
0,0.22309169,0,31697,Low Risk,True Negative
0,0.37108368,0,34642,Medium Risk,True Negative
0,0.19531567,0,23853,Low Risk,True Negative
0,0.087994285,0,29274,Low Risk,True Negative
0,0.099386655,0,28405,Low Risk,True Negative
0,0.11777209,0,32865,Low Risk,True Negative
0,0.13461407,0,19286,Low Risk,True Negative
0,0.14667626,0,7758,Low Risk,True Negative
0,0.24401888,0,29952,Low Risk,True Negative
1,0.82554525,1,39308,Critical Risk,True Positive
0,0.092303075,0,14523,Low Risk,True Negative
0,0.06234401,0,33210,Low Risk,True Negative
0,0.24215965,0,1833,Low Risk,True Negative
0,0.43822274,0,19819,Medium Risk,True Negative
0,0.08975116,0,33644,Low Risk,True Negative
0,0.32342952,0,10073,Medium Risk,True Negative
0,0.20179984,0,10355,Low Risk,True Negative
1,0.32518739,0,25852,Medium Risk,False Negative
0,0.3296384,0,7466,Medium Risk,True Negative
0,0.07188927,0,13008,Low Risk,True Negative
1,0.83431625,1,37052,Critical Risk,True Positive
0,0.17542511,0,36218,Low Risk,True Negative
0,0.15695749,0,27014,Low Risk,True Negative
0,0.15937506,0,24897,Low Risk,True Negative
0,0.16773377,0,22889,Low Risk,True Negative
0,0.38595343,0,33736,Medium Risk,True Negative
0,0.31551865,0,964,Medium Risk,True Negative
0,0.074925095,0,28181,Low Risk,True Negative
0,0.078506395,0,29539,Low Risk,True Negative
0,0.2178837,0,11762,Low Risk,True Negative
0,0.4605521,0,7617,Medium Risk,True Negative
1,0.3542399,0,37176,Medium Risk,False Negative
1,0.8628053,1,2182,Critical Risk,True Positive
0,0.34116858,0,39314,Medium Risk,True Negative
0,0.19986667,0,28271,Low Risk,True Negative
0,0.07282123,0,35847,Low Risk,True Negative
0,0.46577227,0,40767,Medium Risk,True Negative
0,0.26867133,0,9480,Medium Risk,True Negative
0,0.65953934,1,38370,High Risk,False Positive
0,0.077033676,0,41296,Low Risk,True Negative
1,0.6490742,1,12493,High Risk,True Positive
0,0.44160768,0,7605,Medium Risk,True Negative
0,0.38568825,0,4379,Medium Risk,True Negative
0,0.7557065,1,31308,Critical Risk,False Positive
0,0.28130946,0,38679,Medium Risk,True Negative
0,0.108918086,0,23580,Low Risk,True Negative
0,0.32605904,0,34637,Medium Risk,True Negative
0,0.15717474,0,32208,Low Risk,True Negative
0,0.20190017,0,2184,Low Risk,True Negative
0,0.21113686,0,43513,Low Risk,True Negative
0,0.10928528,0,27517,Low Risk,True Negative
0,0.1848624,0,32015,Low Risk,True Negative
0,0.35144317,0,39724,Medium Risk,True Negative
0,0.49994326,0,18340,Medium Risk,True Negative
0,0.08500642,0,20308,Low Risk,True Negative
0,0.06644841,0,23064,Low Risk,True Negative
0,0.101996824,0,29458,Low Risk,True Negative
1,0.91769975,1,21649,Critical Risk,True Positive
0,0.06864247,0,30148,Low Risk,True Negative
0,0.14747302,0,3639,Low Risk,True Negative
0,0.6525209,1,24774,High Risk,False Positive
0,0.09725563,0,21093,Low Risk,True Negative
0,0.3479607,0,14908,Medium Risk,True Negative
1,0.92369306,1,42195,Critical Risk,True Positive
0,0.057999264,0,32670,Low Risk,True Negative
0,0.6740047,1,1009,High Risk,False Positive
0,0.12571134,0,37322,Low Risk,True Negative
0,0.38044533,0,13060,Medium Risk,True Negative
0,0.20741728,0,20334,Low Risk,True Negative
0,0.08738943,0,20267,Low Risk,True Negative
1,0.846493,1,2532,Critical Risk,True Positive
0,0.26857018,0,16608,Medium Risk,True Negative
0,0.73842394,1,29307,High Risk,False Positive
1,0.653479,1,38184,High Risk,True Positive
0,0.29062694,0,26527,Medium Risk,True Negative
0,0.14316261,0,12417,Low Risk,True Negative
0,0.26037008,0,20879,Medium Risk,True Negative
0,0.13917884,0,17583,Low Risk,True Negative
0,0.35297152,0,35362,Medium Risk,True Negative
0,0.036413264,0,18620,Low Risk,True Negative
0,0.21658412,0,557,Low Risk,True Negative
0,0.20393662,0,29579,Low Risk,True Negative
0,0.060683545,0,30044,Low Risk,True Negative
0,0.062226832,0,17142,Low Risk,True Negative
0,0.13719171,0,40914,Low Risk,True Negative
0,0.24320336,0,35970,Low Risk,True Negative
1,0.56694883,1,22634,High Risk,True Positive
0,0.65768665,1,35921,High Risk,False Positive
0,0.45475188,0,15066,Medium Risk,True Negative
0,0.56993616,1,16137,High Risk,False Positive
0,0.30528325,0,9999,Medium Risk,True Negative
0,0.25770774,0,11278,Medium Risk,True Negative
0,0.062985286,0,38155,Low Risk,True Negative
0,0.07070388,0,34609,Low Risk,True Negative
0,0.1634141,0,14125,Low Risk,True Negative
0,0.3293082,0,485,Medium Risk,True Negative
0,0.08054769,0,36904,Low Risk,True Negative
0,0.13631208,0,29848,Low Risk,True Negative
0,0.057077747,0,39444,Low Risk,True Negative
0,0.28440177,0,37651,Medium Risk,True Negative
0,0.15292989,0,39269,Low Risk,True Negative
0,0.19601583,0,35537,Low Risk,True Negative
0,0.51447964,1,13011,High Risk,False Positive
0,0.35610533,0,13975,Medium Risk,True Negative
0,0.085710526,0,2894,Low Risk,True Negative
1,0.90421474,1,3711,Critical Risk,True Positive
0,0.066882476,0,18797,Low Risk,True Negative
0,0.03969025,0,35267,Low Risk,True Negative
0,0.80937135,1,3565,Critical Risk,False Positive
1,0.8502206,1,21526,Critical Risk,True Positive
0,0.24810939,0,33548,Low Risk,True Negative
0,0.56366915,1,17822,High Risk,False Positive
0,0.0947594,0,23940,Low Risk,True Negative
0,0.076893166,0,37119,Low Risk,True Negative
0,0.33276364,0,38360,Medium Risk,True Negative
0,0.43948126,0,9003,Medium Risk,True Negative
1,0.16887169,0,40204,Low Risk,False Negative
0,0.18962021,0,35840,Low Risk,True Negative
0,0.41967458,0,26432,Medium Risk,True Negative
0,0.48518702,0,36803,Medium Risk,True Negative
0,0.028069746,0,38468,Low Risk,True Negative
0,0.039693683,0,38066,Low Risk,True Negative
0,0.2567328,0,43154,Medium Risk,True Negative
0,0.04571594,0,911,Low Risk,True Negative
0,0.030592706,0,15447,Low Risk,True Negative
1,0.86865324,1,25436,Critical Risk,True Positive
0,0.39490306,0,11356,Medium Risk,True Negative
0,0.8424759,1,13361,Critical Risk,False Positive
0,0.07968043,0,36689,Low Risk,True Negative
0,0.39144373,0,38248,Medium Risk,True Negative
0,0.067493565,0,8928,Low Risk,True Negative
0,0.077732846,0,14281,Low Risk,True Negative
0,0.047915198,0,36628,Low Risk,True Negative
1,0.82087684,1,7449,Critical Risk,True Positive
1,0.8620503,1,9934,Critical Risk,True Positive
0,0.25908655,0,33954,Medium Risk,True Negative
0,0.021157559,0,33153,Low Risk,True Negative
0,0.06410211,0,7873,Low Risk,True Negative
0,0.06839213,0,40245,Low Risk,True Negative
0,0.2642439,0,43000,Medium Risk,True Negative
1,0.91159934,1,40584,Critical Risk,True Positive
0,0.087927535,0,9912,Low Risk,True Negative
0,0.1722652,0,9197,Low Risk,True Negative
0,0.32909876,0,37003,Medium Risk,True Negative
0,0.32477054,0,21632,Medium Risk,True Negative
0,0.17895867,0,13703,Low Risk,True Negative
1,0.4074758,0,21501,Medium Risk,False Negative
0,0.13372348,0,40708,Low Risk,True Negative
0,0.056502197,0,293,Low Risk,True Negative
0,0.13072553,0,17727,Low Risk,True Negative
1,0.038285054,0,17252,Low Risk,False Negative
1,0.51975554,1,40299,High Risk,True Positive
0,0.2802749,0,41608,Medium Risk,True Negative
0,0.3481451,0,37999,Medium Risk,True Negative
1,0.9066988,1,33704,Critical Risk,True Positive
0,0.042076338,0,31347,Low Risk,True Negative
1,0.72246,1,34545,High Risk,True Positive
0,0.478809,0,16477,Medium Risk,True Negative
0,0.27228475,0,29231,Medium Risk,True Negative
0,0.51568943,1,13175,High Risk,False Positive
0,0.04964905,0,21201,Low Risk,True Negative
0,0.18078193,0,2983,Low Risk,True Negative
0,0.16048707,0,12832,Low Risk,True Negative
0,0.6123289,1,7346,High Risk,False Positive
0,0.100744545,0,41791,Low Risk,True Negative
0,0.17745098,0,27920,Low Risk,True Negative
0,0.20307332,0,2450,Low Risk,True Negative
0,0.34128052,0,18040,Medium Risk,True Negative
0,0.4862174,0,32438,Medium Risk,True Negative
1,0.2753964,0,16937,Medium Risk,False Negative
0,0.452976,0,11573,Medium Risk,True Negative
0,0.2291319,0,42446,Low Risk,True Negative
0,0.12757945,0,5913,Low Risk,True Negative
0,0.8121688,1,23379,Critical Risk,False Positive
0,0.1390252,0,25411,Low Risk,True Negative
0,0.21672606,0,34771,Low Risk,True Negative
1,0.14268474,0,27631,Low Risk,False Negative
0,0.7106493,1,700,High Risk,False Positive
0,0.48920423,0,22751,Medium Risk,True Negative
0,0.05607029,0,20875,Low Risk,True Negative
0,0.05184323,0,31023,Low Risk,True Negative
0,0.1294245,0,25385,Low Risk,True Negative
0,0.2184704,0,22788,Low Risk,True Negative
0,0.033489447,0,979,Low Risk,True Negative
0,0.09444244,0,4525,Low Risk,True Negative
0,0.10336749,0,18862,Low Risk,True Negative
0,0.07503309,0,24329,Low Risk,True Negative
1,0.8632866,1,7743,Critical Risk,True Positive
0,0.100325264,0,28830,Low Risk,True Negative
0,0.03602473,0,42889,Low Risk,True Negative
0,0.12804078,0,41937,Low Risk,True Negative
0,0.08767045,0,994,Low Risk,True Negative
0,0.4707104,0,30965,Medium Risk,True Negative
0,0.09168651,0,33758,Low Risk,True Negative
0,0.08752,0,40154,Low Risk,True Negative
0,0.8256813,1,6687,Critical Risk,False Positive
1,0.1864882,0,4957,Low Risk,False Negative
0,0.02894775,0,28752,Low Risk,True Negative
0,0.39545342,0,23521,Medium Risk,True Negative
0,0.20460808,0,19321,Low Risk,True Negative
0,0.088193916,0,24926,Low Risk,True Negative
1,0.706117,1,4209,High Risk,True Positive
0,0.18391722,0,12737,Low Risk,True Negative
0,0.35955206,0,41943,Medium Risk,True Negative
0,0.14918084,0,29933,Low Risk,True Negative
0,0.56708354,1,35241,High Risk,False Positive
0,0.38992837,0,3311,Medium Risk,True Negative
0,0.33015317,0,4161,Medium Risk,True Negative
0,0.87264556,1,27954,Critical Risk,False Positive
0,0.46829584,0,24009,Medium Risk,True Negative
1,0.37557045,0,7600,Medium Risk,False Negative
0,0.04992066,0,6637,Low Risk,True Negative
0,0.04118961,0,32589,Low Risk,True Negative
0,0.061431386,0,24525,Low Risk,True Negative
0,0.08012571,0,17454,Low Risk,True Negative
0,0.18999389,0,21470,Low Risk,True Negative
0,0.5021455,1,7937,High Risk,False Positive
0,0.20439403,0,30342,Low Risk,True Negative
1,0.19541147,0,10897,Low Risk,False Negative
0,0.04946016,0,8824,Low Risk,True Negative
0,0.060922798,0,3474,Low Risk,True Negative
0,0.10536796,0,13896,Low Risk,True Negative
0,0.38960597,0,15747,Medium Risk,True Negative
0,0.2927307,0,19612,Medium Risk,True Negative
0,0.1822407,0,33232,Low Risk,True Negative
0,0.19853577,0,12568,Low Risk,True Negative
0,0.45687884,0,37421,Medium Risk,True Negative
0,0.40359697,0,12880,Medium Risk,True Negative
0,0.28393266,0,37873,Medium Risk,True Negative
0,0.025045166,0,3552,Low Risk,True Negative
0,0.23271076,0,22387,Low Risk,True Negative
0,0.08228948,0,31271,Low Risk,True Negative
0,0.26812202,0,34776,Medium Risk,True Negative
1,0.22612964,0,11226,Low Risk,False Negative
0,0.057182252,0,11381,Low Risk,True Negative
0,0.33209068,0,4072,Medium Risk,True Negative
0,0.83893967,1,33571,Critical Risk,False Positive
0,0.85850114,1,18404,Critical Risk,False Positive
0,0.07608115,0,19154,Low Risk,True Negative
0,0.28189486,0,43317,Medium Risk,True Negative
0,0.07127517,0,32373,Low Risk,True Negative
0,0.46945995,0,32055,Medium Risk,True Negative
0,0.12866461,0,29303,Low Risk,True Negative
0,0.034044575,0,755,Low Risk,True Negative
0,0.032643292,0,32860,Low Risk,True Negative
0,0.8817969,1,22667,Critical Risk,False Positive
0,0.4573604,0,8001,Medium Risk,True Negative
0,0.16065386,0,1872,Low Risk,True Negative
0,0.12150813,0,23003,Low Risk,True Negative
0,0.17995048,0,41016,Low Risk,True Negative
0,0.40421078,0,1177,Medium Risk,True Negative
0,0.20127536,0,33848,Low Risk,True Negative
0,0.06519518,0,31493,Low Risk,True Negative
0,0.21160765,0,19739,Low Risk,True Negative
1,0.14508682,0,3204,Low Risk,False Negative
1,0.89338267,1,16170,Critical Risk,True Positive
0,0.10080333,0,25742,Low Risk,True Negative
0,0.23409837,0,22638,Low Risk,True Negative
0,0.028226763,0,39612,Low Risk,True Negative
0,0.075441755,0,19601,Low Risk,True Negative
0,0.14889401,0,22131,Low Risk,True Negative
0,0.25331563,0,9660,Medium Risk,True Negative
1,0.5268027,1,7390,High Risk,True Positive
0,0.027102135,0,27349,Low Risk,True Negative
0,0.074435845,0,39399,Low Risk,True Negative
0,0.06146372,0,21562,Low Risk,True Negative
0,0.72247595,1,25383,High Risk,False Positive
0,0.062946506,0,5867,Low Risk,True Negative
0,0.24791047,0,13634,Low Risk,True Negative
0,0.09259102,0,37991,Low Risk,True Negative
0,0.84687847,1,41808,Critical Risk,False Positive
0,0.18430704,0,16279,Low Risk,True Negative
1,0.8200837,1,15894,Critical Risk,True Positive
0,0.0498438,0,41665,Low Risk,True Negative
0,0.5009153,1,9602,High Risk,False Positive
0,0.2773035,0,14810,Medium Risk,True Negative
0,0.35770923,0,2727,Medium Risk,True Negative
0,0.17693074,0,41484,Low Risk,True Negative
0,0.425558,0,33116,Medium Risk,True Negative
0,0.49948424,0,32511,Medium Risk,True Negative
0,0.19046226,0,35855,Low Risk,True Negative
0,0.06637737,0,2230,Low Risk,True Negative
0,0.26381326,0,24403,Medium Risk,True Negative
1,0.38584715,0,44019,Medium Risk,False Negative
0,0.34328425,0,21081,Medium Risk,True Negative
0,0.57156193,1,12941,High Risk,False Positive
0,0.25964218,0,27324,Medium Risk,True Negative
1,0.52039576,1,68,High Risk,True Positive
0,0.005117855,0,874,Low Risk,True Negative
0,0.72142076,1,8777,High Risk,False Positive
0,0.545843,1,43696,High Risk,False Positive
0,0.058104802,0,24252,Low Risk,True Negative
0,0.21118632,0,31991,Low Risk,True Negative
1,0.63734794,1,41685,High Risk,True Positive
0,0.121236786,0,35893,Low Risk,True Negative
0,0.15702425,0,8923,Low Risk,True Negative
0,0.07615425,0,19139,Low Risk,True Negative
0,0.27482685,0,9365,Medium Risk,True Negative
1,0.9027247,1,8817,Critical Risk,True Positive
0,0.18960449,0,11104,Low Risk,True Negative
0,0.30933565,0,38849,Medium Risk,True Negative
0,0.066895425,0,28529,Low Risk,True Negative
1,0.36878353,0,5206,Medium Risk,False Negative
0,0.10066562,0,34533,Low Risk,True Negative
0,0.14167881,0,16453,Low Risk,True Negative
0,0.053334538,0,33593,Low Risk,True Negative
0,0.06312604,0,27942,Low Risk,True Negative
1,0.86200017,1,13751,Critical Risk,True Positive
0,0.2359388,0,26253,Low Risk,True Negative
1,0.5102664,1,40348,High Risk,True Positive
0,0.2158929,0,31356,Low Risk,True Negative
1,0.22129324,0,15463,Low Risk,False Negative
0,0.17603491,0,34457,Low Risk,True Negative
1,0.2526331,0,8957,Medium Risk,False Negative
0,0.19047958,0,21308,Low Risk,True Negative
0,0.06699711,0,43727,Low Risk,True Negative
0,0.025167823,0,16594,Low Risk,True Negative
0,0.0660807,0,37532,Low Risk,True Negative
0,0.2202739,0,10252,Low Risk,True Negative
0,0.5598347,1,25475,High Risk,False Positive
0,0.21115413,0,1419,Low Risk,True Negative
0,0.11092698,0,26596,Low Risk,True Negative
0,0.14347555,0,28878,Low Risk,True Negative
0,0.06519741,0,41348,Low Risk,True Negative
0,0.20827854,0,6090,Low Risk,True Negative
0,0.07285012,0,28659,Low Risk,True Negative
0,0.253448,0,28926,Medium Risk,True Negative
0,0.18614888,0,18505,Low Risk,True Negative
0,0.05293846,0,20054,Low Risk,True Negative
0,0.7976915,1,9704,Critical Risk,False Positive
0,0.3270876,0,335,Medium Risk,True Negative
0,0.6765447,1,8652,High Risk,False Positive
0,0.09789179,0,40066,Low Risk,True Negative
0,0.145036,0,43592,Low Risk,True Negative
0,0.12682062,0,4009,Low Risk,True Negative
0,0.047549,0,17601,Low Risk,True Negative
1,0.9453372,1,22571,Critical Risk,True Positive
0,0.22794102,0,33649,Low Risk,True Negative
0,0.3033563,0,30755,Medium Risk,True Negative
0,0.36176053,0,9283,Medium Risk,True Negative
0,0.36204416,0,40516,Medium Risk,True Negative
0,0.31307074,0,11952,Medium Risk,True Negative
0,0.93198055,1,35302,Critical Risk,False Positive
0,0.6215586,1,31415,High Risk,False Positive
0,0.17258924,0,11255,Low Risk,True Negative
0,0.34129018,0,11636,Medium Risk,True Negative
0,0.15369102,0,30601,Low Risk,True Negative
0,0.07273882,0,20339,Low Risk,True Negative
0,0.24308865,0,30304,Low Risk,True Negative
0,0.14136119,0,27498,Low Risk,True Negative
0,0.104414344,0,19708,Low Risk,True Negative
0,0.76171434,1,4271,Critical Risk,False Positive
0,0.03409098,0,32488,Low Risk,True Negative
0,0.11492423,0,37113,Low Risk,True Negative
0,0.28285745,0,41540,Medium Risk,True Negative
1,0.72766995,1,25774,High Risk,True Positive
0,0.14330745,0,38912,Low Risk,True Negative
0,0.22758909,0,21008,Low Risk,True Negative
1,0.8630113,1,22809,Critical Risk,True Positive
0,0.86068547,1,11195,Critical Risk,False Positive
0,0.794159,1,42641,Critical Risk,False Positive
0,0.13394961,0,17212,Low Risk,True Negative
0,0.7647553,1,6222,Critical Risk,False Positive
0,0.26076078,0,35422,Medium Risk,True Negative
0,0.21147616,0,24435,Low Risk,True Negative
0,0.7029776,1,28599,High Risk,False Positive
0,0.8028962,1,29899,Critical Risk,False Positive
0,0.12061959,0,40611,Low Risk,True Negative
0,0.0880752,0,12069,Low Risk,True Negative
0,0.04631908,0,35278,Low Risk,True Negative
0,0.15821306,0,37752,Low Risk,True Negative
0,0.7756157,1,20581,Critical Risk,False Positive
0,0.022887051,0,34281,Low Risk,True Negative
0,0.061933424,0,1614,Low Risk,True Negative
0,0.74725777,1,37321,High Risk,False Positive
0,0.1468254,0,4687,Low Risk,True Negative
0,0.05177389,0,2696,Low Risk,True Negative
0,0.1552517,0,2235,Low Risk,True Negative
0,0.18885006,0,31877,Low Risk,True Negative
0,0.055623285,0,13381,Low Risk,True Negative
0,0.10270206,0,31399,Low Risk,True Negative
0,0.066404074,0,37128,Low Risk,True Negative
0,0.31001666,0,37109,Medium Risk,True Negative
0,0.67321056,1,1936,High Risk,False Positive
1,0.5938941,1,9172,High Risk,True Positive
0,0.26625884,0,27354,Medium Risk,True Negative
0,0.34299442,0,39350,Medium Risk,True Negative
0,0.05209018,0,41103,Low Risk,True Negative
0,0.07356211,0,21379,Low Risk,True Negative
0,0.035683963,0,28468,Low Risk,True Negative
0,0.4687339,0,8287,Medium Risk,True Negative
1,0.4882847,0,2811,Medium Risk,False Negative
0,0.36479458,0,43155,Medium Risk,True Negative
1,0.27406353,0,266,Medium Risk,False Negative
0,0.19157748,0,34754,Low Risk,True Negative
0,0.16095205,0,29022,Low Risk,True Negative
0,0.06830948,0,24155,Low Risk,True Negative
0,0.24298269,0,11329,Low Risk,True Negative
1,0.60846657,1,32939,High Risk,True Positive
0,0.52323353,1,15540,High Risk,False Positive
0,0.19005843,0,38740,Low Risk,True Negative
0,0.0650393,0,15701,Low Risk,True Negative
0,0.4542496,0,36405,Medium Risk,True Negative
0,0.03835104,0,25673,Low Risk,True Negative
0,0.2244497,0,15489,Low Risk,True Negative
0,0.10983159,0,2263,Low Risk,True Negative
0,0.25014368,0,27967,Medium Risk,True Negative
0,0.5206251,1,34836,High Risk,False Positive
0,0.094902135,0,39284,Low Risk,True Negative
0,0.2627387,0,32950,Medium Risk,True Negative
0,0.38722193,0,14199,Medium Risk,True Negative
0,0.12913938,0,10869,Low Risk,True Negative
0,0.03530146,0,29327,Low Risk,True Negative
0,0.06878252,0,16942,Low Risk,True Negative
0,0.1749281,0,12359,Low Risk,True Negative
0,0.38732895,0,20238,Medium Risk,True Negative
0,0.071135886,0,23675,Low Risk,True Negative
0,0.38740185,0,20819,Medium Risk,True Negative
0,0.29729968,0,11649,Medium Risk,True Negative
0,0.1316755,0,40418,Low Risk,True Negative
0,0.056913394,0,41463,Low Risk,True Negative
0,0.34089765,0,42210,Medium Risk,True Negative
0,0.48642612,0,12895,Medium Risk,True Negative
0,0.038575318,0,10030,Low Risk,True Negative
0,0.8983209,1,38464,Critical Risk,False Positive
0,0.18558492,0,23721,Low Risk,True Negative
0,0.20545615,0,24753,Low Risk,True Negative
0,0.024614438,0,26345,Low Risk,True Negative
0,0.209664,0,15783,Low Risk,True Negative
1,0.74451655,1,10602,High Risk,True Positive
0,0.7395838,1,28619,High Risk,False Positive
1,0.6719399,1,24456,High Risk,True Positive
0,0.51289356,1,29173,High Risk,False Positive
0,0.3243097,0,43077,Medium Risk,True Negative
0,0.16190922,0,7253,Low Risk,True Negative
0,0.034158807,0,44159,Low Risk,True Negative
1,0.6735148,1,6634,High Risk,True Positive
0,0.106987104,0,29041,Low Risk,True Negative
0,0.08853419,0,19934,Low Risk,True Negative
0,0.18213692,0,33471,Low Risk,True Negative
0,0.21606897,0,10764,Low Risk,True Negative
0,0.04064815,0,36215,Low Risk,True Negative
0,0.15088221,0,186,Low Risk,True Negative
0,0.08713501,0,5552,Low Risk,True Negative
0,0.2102459,0,10591,Low Risk,True Negative
0,0.4093958,0,19100,Medium Risk,True Negative
0,0.20809324,0,18844,Low Risk,True Negative
0,0.3164059,0,42322,Medium Risk,True Negative
0,0.81058586,1,9454,Critical Risk,False Positive
0,0.03995926,0,24954,Low Risk,True Negative
0,0.17054392,0,16452,Low Risk,True Negative
0,0.09858819,0,26350,Low Risk,True Negative
0,0.75998074,1,14693,Critical Risk,False Positive
0,0.41744575,0,21588,Medium Risk,True Negative
0,0.13605365,0,31698,Low Risk,True Negative
0,0.24821727,0,36090,Low Risk,True Negative
0,0.24447905,0,16366,Low Risk,True Negative
1,0.5037598,1,12636,High Risk,True Positive
0,0.20377107,0,8924,Low Risk,True Negative
0,0.49384022,0,2155,Medium Risk,True Negative
0,0.2367251,0,27996,Low Risk,True Negative
0,0.13708937,0,16435,Low Risk,True Negative
0,0.3792911,0,33713,Medium Risk,True Negative
1,0.43838614,0,13762,Medium Risk,False Negative
0,0.3311675,0,31482,Medium Risk,True Negative
0,0.32845876,0,29267,Medium Risk,True Negative
0,0.05000462,0,31796,Low Risk,True Negative
0,0.14321207,0,4665,Low Risk,True Negative
0,0.16408369,0,43733,Low Risk,True Negative
0,0.03889478,0,38338,Low Risk,True Negative
0,0.34946272,0,13981,Medium Risk,True Negative
0,0.21055354,0,32012,Low Risk,True Negative
0,0.13211717,0,10583,Low Risk,True Negative
0,0.0522667,0,31157,Low Risk,True Negative
0,0.057476293,0,16927,Low Risk,True Negative
0,0.81424606,1,33103,Critical Risk,False Positive
0,0.18104081,0,32197,Low Risk,True Negative
0,0.36485347,0,11914,Medium Risk,True Negative
0,0.17964056,0,34348,Low Risk,True Negative
0,0.08353689,0,18435,Low Risk,True Negative
0,0.8435234,1,36365,Critical Risk,False Positive
0,0.07392021,0,34998,Low Risk,True Negative
0,0.19145083,0,5055,Low Risk,True Negative
0,0.7821714,1,22761,Critical Risk,False Positive
0,0.14506896,0,30528,Low Risk,True Negative
0,0.40961432,0,7061,Medium Risk,True Negative
0,0.08703469,0,35170,Low Risk,True Negative
0,0.84438604,1,35032,Critical Risk,False Positive
0,0.82658964,1,30616,Critical Risk,False Positive
0,0.13278998,0,41564,Low Risk,True Negative
1,0.3080133,0,6974,Medium Risk,False Negative
0,0.35195133,0,8897,Medium Risk,True Negative
0,0.21609227,0,2294,Low Risk,True Negative
0,0.37760258,0,39306,Medium Risk,True Negative
0,0.4215664,0,16663,Medium Risk,True Negative
0,0.087505914,0,27749,Low Risk,True Negative
0,0.039390046,0,6702,Low Risk,True Negative
0,0.44701466,0,1087,Medium Risk,True Negative
0,0.10183953,0,5129,Low Risk,True Negative
0,0.72905713,1,3498,High Risk,False Positive
0,0.09532142,0,21513,Low Risk,True Negative
0,0.09387549,0,40395,Low Risk,True Negative
0,0.3618583,0,27544,Medium Risk,True Negative
0,0.19247305,0,31241,Low Risk,True Negative
0,0.14969054,0,29872,Low Risk,True Negative
0,0.4075785,0,18002,Medium Risk,True Negative
0,0.065921366,0,10755,Low Risk,True Negative
0,0.3313199,0,44112,Medium Risk,True Negative
0,0.057444323,0,15236,Low Risk,True Negative
0,0.22499478,0,23983,Low Risk,True Negative
0,0.060153425,0,40777,Low Risk,True Negative
0,0.07867839,0,16398,Low Risk,True Negative
0,0.635301,1,38887,High Risk,False Positive
0,0.20191222,0,37576,Low Risk,True Negative
0,0.034424294,0,6070,Low Risk,True Negative
1,0.83123636,1,11120,Critical Risk,True Positive
0,0.05866673,0,39709,Low Risk,True Negative
0,0.25495923,0,15300,Medium Risk,True Negative
0,0.41310975,0,40165,Medium Risk,True Negative
0,0.83528775,1,22631,Critical Risk,False Positive
0,0.03603581,0,38442,Low Risk,True Negative
0,0.12820677,0,38175,Low Risk,True Negative
1,0.36897933,0,14617,Medium Risk,False Negative
0,0.1609041,0,37284,Low Risk,True Negative
0,0.0249697,0,22587,Low Risk,True Negative
0,0.04381498,0,38159,Low Risk,True Negative
0,0.07941825,0,9344,Low Risk,True Negative
1,0.07316868,0,7751,Low Risk,False Negative
0,0.6250848,1,16329,High Risk,False Positive
0,0.52444345,1,2067,High Risk,False Positive
0,0.05442639,0,189,Low Risk,True Negative
0,0.18448897,0,42745,Low Risk,True Negative
0,0.04853666,0,36765,Low Risk,True Negative
1,0.2959487,0,9917,Medium Risk,False Negative
0,0.573137,1,36202,High Risk,False Positive
1,0.20212053,0,12442,Low Risk,False Negative
1,0.59191024,1,13476,High Risk,True Positive
0,0.33765823,0,11623,Medium Risk,True Negative
0,0.62310916,1,29861,High Risk,False Positive
0,0.629897,1,14709,High Risk,False Positive
0,0.22228539,0,1838,Low Risk,True Negative
1,0.3396173,0,31487,Medium Risk,False Negative
1,0.8700809,1,10049,Critical Risk,True Positive
0,0.117668234,0,15474,Low Risk,True Negative
0,0.08894324,0,37720,Low Risk,True Negative
0,0.05760671,0,3653,Low Risk,True Negative
0,0.15476151,0,13344,Low Risk,True Negative
0,0.47637114,0,7974,Medium Risk,True Negative
1,0.77874106,1,13450,Critical Risk,True Positive
0,0.07637234,0,22847,Low Risk,True Negative
0,0.24087603,0,41770,Low Risk,True Negative
0,0.042226836,0,11085,Low Risk,True Negative
1,0.6589965,1,19433,High Risk,True Positive
0,0.41131333,0,6673,Medium Risk,True Negative
0,0.21491452,0,28576,Low Risk,True Negative
0,0.21908988,0,6784,Low Risk,True Negative
0,0.12024218,0,8549,Low Risk,True Negative
0,0.05156236,0,1236,Low Risk,True Negative
1,0.4014736,0,40703,Medium Risk,False Negative
0,0.49615872,0,30093,Medium Risk,True Negative
1,0.9232241,1,32522,Critical Risk,True Positive
0,0.16907784,0,33015,Low Risk,True Negative
0,0.19837365,0,8907,Low Risk,True Negative
0,0.05812089,0,39747,Low Risk,True Negative
0,0.35823533,0,43193,Medium Risk,True Negative
0,0.33064854,0,14551,Medium Risk,True Negative
0,0.4095968,0,22624,Medium Risk,True Negative
0,0.056149375,0,31838,Low Risk,True Negative
0,0.17590107,0,5772,Low Risk,True Negative
0,0.07254711,0,42159,Low Risk,True Negative
1,0.8320702,1,27642,Critical Risk,True Positive
1,0.7548504,1,10772,Critical Risk,True Positive
0,0.24244563,0,3047,Low Risk,True Negative
0,0.25775537,0,28964,Medium Risk,True Negative
0,0.030328542,0,23989,Low Risk,True Negative
0,0.13889849,0,29128,Low Risk,True Negative
0,0.14964879,0,5276,Low Risk,True Negative
0,0.1712199,0,23117,Low Risk,True Negative
0,0.07963984,0,23995,Low Risk,True Negative
0,0.13282974,0,25369,Low Risk,True Negative
0,0.19582853,0,24255,Low Risk,True Negative
1,0.14643183,0,18544,Low Risk,False Negative
0,0.814697,1,29330,Critical Risk,False Positive
0,0.08876427,0,3739,Low Risk,True Negative
0,0.056992732,0,34856,Low Risk,True Negative
0,0.878464,1,36693,Critical Risk,False Positive
0,0.49194497,0,17397,Medium Risk,True Negative
0,0.12458558,0,37756,Low Risk,True Negative
0,0.1532983,0,22375,Low Risk,True Negative
0,0.18054028,0,21292,Low Risk,True Negative
0,0.066015296,0,30933,Low Risk,True Negative
0,0.1632137,0,24819,Low Risk,True Negative
0,0.13572334,0,41619,Low Risk,True Negative
0,0.2914713,0,36320,Medium Risk,True Negative
0,0.43399897,0,7254,Medium Risk,True Negative
0,0.5479097,1,37527,High Risk,False Positive
0,0.06372107,0,7857,Low Risk,True Negative
0,0.11841351,0,3384,Low Risk,True Negative
0,0.06647834,0,6050,Low Risk,True Negative
0,0.21906367,0,6375,Low Risk,True Negative
0,0.06369328,0,17813,Low Risk,True Negative
0,0.32388198,0,40872,Medium Risk,True Negative
0,0.06514488,0,14228,Low Risk,True Negative
0,0.2626963,0,20103,Medium Risk,True Negative
0,0.6276121,1,19371,High Risk,False Positive
0,0.31274068,0,27992,Medium Risk,True Negative
0,0.057952117,0,41365,Low Risk,True Negative
0,0.2672909,0,22417,Medium Risk,True Negative
0,0.092261486,0,17921,Low Risk,True Negative
0,0.55829644,1,11050,High Risk,False Positive
0,0.11524238,0,25103,Low Risk,True Negative
0,0.049632415,0,16365,Low Risk,True Negative
0,0.20183298,0,30314,Low Risk,True Negative
0,0.06358808,0,26705,Low Risk,True Negative
1,0.5562279,1,35798,High Risk,True Positive
0,0.15071808,0,43189,Low Risk,True Negative
0,0.26057404,0,2874,Medium Risk,True Negative
0,0.7353536,1,3538,High Risk,False Positive
0,0.37256467,0,27177,Medium Risk,True Negative
0,0.62864846,1,1777,High Risk,False Positive
0,0.20405294,0,32100,Low Risk,True Negative
0,0.13628584,0,26010,Low Risk,True Negative
1,0.8134863,1,3073,Critical Risk,True Positive
0,0.34800106,0,30248,Medium Risk,True Negative
0,0.734332,1,172,High Risk,False Positive
0,0.108434,0,38327,Low Risk,True Negative
0,0.1049809,0,1759,Low Risk,True Negative
0,0.1927418,0,6855,Low Risk,True Negative
0,0.0812531,0,3876,Low Risk,True Negative
0,0.25374612,0,40283,Medium Risk,True Negative
0,0.11430203,0,7197,Low Risk,True Negative
0,0.036858242,0,14123,Low Risk,True Negative
0,0.18093815,0,18733,Low Risk,True Negative
0,0.19002655,0,20417,Low Risk,True Negative
0,0.17165512,0,26349,Low Risk,True Negative
0,0.30177146,0,33444,Medium Risk,True Negative
0,0.03147636,0,36976,Low Risk,True Negative
0,0.27394047,0,11967,Medium Risk,True Negative
0,0.47931606,0,984,Medium Risk,True Negative
0,0.85301834,1,9399,Critical Risk,False Positive
0,0.5801532,1,17531,High Risk,False Positive
0,0.0864175,0,37700,Low Risk,True Negative
0,0.13070461,0,32742,Low Risk,True Negative
0,0.77648,1,15111,Critical Risk,False Positive
0,0.22832169,0,25952,Low Risk,True Negative
0,0.094741195,0,38784,Low Risk,True Negative
0,0.14888144,0,7487,Low Risk,True Negative
0,0.08632186,0,341,Low Risk,True Negative
0,0.25169104,0,12749,Medium Risk,True Negative
1,0.9495249,1,4070,Critical Risk,True Positive
0,0.36601377,0,36428,Medium Risk,True Negative
0,0.3508299,0,40730,Medium Risk,True Negative
0,0.5647355,1,39405,High Risk,False Positive
0,0.6762422,1,30415,High Risk,False Positive
0,0.2684957,0,15165,Medium Risk,True Negative
0,0.09921821,0,11972,Low Risk,True Negative
0,0.46332988,0,309,Medium Risk,True Negative
0,0.42621177,0,39253,Medium Risk,True Negative
0,0.109453164,0,25938,Low Risk,True Negative
0,0.6087138,1,35049,High Risk,False Positive
0,0.3819268,0,39139,Medium Risk,True Negative
0,0.13438362,0,7463,Low Risk,True Negative
0,0.33014244,0,24724,Medium Risk,True Negative
0,0.12451383,0,33004,Low Risk,True Negative
0,0.7221708,1,9443,High Risk,False Positive
0,0.09953874,0,31472,Low Risk,True Negative
0,0.3863397,0,22072,Medium Risk,True Negative
0,0.1919586,0,27840,Low Risk,True Negative
1,0.9062173,1,8450,Critical Risk,True Positive
0,0.033957925,0,33461,Low Risk,True Negative
0,0.18654466,0,11842,Low Risk,True Negative
0,0.14005718,0,3814,Low Risk,True Negative
0,0.51388633,1,6355,High Risk,False Positive
0,0.33517787,0,37929,Medium Risk,True Negative
0,0.6057323,1,31342,High Risk,False Positive
0,0.7385927,1,4709,High Risk,False Positive
0,0.45271492,0,43430,Medium Risk,True Negative
0,0.13982703,0,1720,Low Risk,True Negative
0,0.2225349,0,4834,Low Risk,True Negative
0,0.15550357,0,19420,Low Risk,True Negative
0,0.8289267,1,24893,Critical Risk,False Positive
0,0.23681001,0,1446,Low Risk,True Negative
0,0.8652129,1,43159,Critical Risk,False Positive
0,0.13137391,0,38381,Low Risk,True Negative
0,0.8641546,1,3103,Critical Risk,False Positive
0,0.171849,0,7676,Low Risk,True Negative
0,0.6090321,1,40335,High Risk,False Positive
0,0.40415347,0,37551,Medium Risk,True Negative
0,0.11302862,0,12912,Low Risk,True Negative
0,0.06515274,0,41601,Low Risk,True Negative
0,0.26009095,0,7329,Medium Risk,True Negative
0,0.11449411,0,1448,Low Risk,True Negative
0,0.2506197,0,2512,Medium Risk,True Negative
0,0.08484042,0,35167,Low Risk,True Negative
0,0.71572506,1,4779,High Risk,False Positive
0,0.256038,0,19278,Medium Risk,True Negative
0,0.7230195,1,8566,High Risk,False Positive
0,0.8563235,1,34023,Critical Risk,False Positive
0,0.09675392,0,36825,Low Risk,True Negative
0,0.101301484,0,42171,Low Risk,True Negative
0,0.027632808,0,32251,Low Risk,True Negative
0,0.12903273,0,21143,Low Risk,True Negative
0,0.11852811,0,24508,Low Risk,True Negative
0,0.07849942,0,32333,Low Risk,True Negative
0,0.21522297,0,13763,Low Risk,True Negative
0,0.26253542,0,7853,Medium Risk,True Negative
0,0.11365974,0,14279,Low Risk,True Negative
0,0.17751779,0,25498,Low Risk,True Negative
0,0.19739892,0,1128,Low Risk,True Negative
0,0.1089878,0,24941,Low Risk,True Negative
0,0.095907174,0,18582,Low Risk,True Negative
0,0.1271593,0,22150,Low Risk,True Negative
0,0.4484248,0,9222,Medium Risk,True Negative
0,0.8692855,1,43380,Critical Risk,False Positive
0,0.21862149,0,1225,Low Risk,True Negative
0,0.41089243,0,18075,Medium Risk,True Negative
0,0.06893243,0,36581,Low Risk,True Negative
0,0.19417973,0,33280,Low Risk,True Negative
0,0.5429238,1,42158,High Risk,False Positive
0,0.14146754,0,43372,Low Risk,True Negative
0,0.815903,1,28872,Critical Risk,False Positive
0,0.02947382,0,14402,Low Risk,True Negative
0,0.3316726,0,32374,Medium Risk,True Negative
0,0.11333678,0,18031,Low Risk,True Negative
0,0.29331815,0,25967,Medium Risk,True Negative
0,0.20401895,0,1234,Low Risk,True Negative
0,0.62546194,1,17009,High Risk,False Positive
0,0.2193753,0,39882,Low Risk,True Negative
0,0.11875844,0,23039,Low Risk,True Negative
0,0.23484877,0,31667,Low Risk,True Negative
0,0.43947384,0,1212,Medium Risk,True Negative
0,0.09954588,0,32250,Low Risk,True Negative
0,0.13142607,0,11330,Low Risk,True Negative
0,0.31795698,0,40985,Medium Risk,True Negative
0,0.26828623,0,23400,Medium Risk,True Negative
0,0.1330341,0,19231,Low Risk,True Negative
0,0.6825916,1,29671,High Risk,False Positive
0,0.50807846,1,23802,High Risk,False Positive
0,0.89609385,1,44208,Critical Risk,False Positive
0,0.7320875,1,1755,High Risk,False Positive
0,0.26418737,0,43981,Medium Risk,True Negative
0,0.18683545,0,36856,Low Risk,True Negative
0,0.057253644,0,9763,Low Risk,True Negative
0,0.114394635,0,11814,Low Risk,True Negative
0,0.3874073,0,41082,Medium Risk,True Negative
0,0.088284895,0,12685,Low Risk,True Negative
0,0.15688898,0,4111,Low Risk,True Negative
0,0.47522128,0,22275,Medium Risk,True Negative
0,0.27140346,0,8600,Medium Risk,True Negative
0,0.34320477,0,35424,Medium Risk,True Negative
1,0.87070906,1,26715,Critical Risk,True Positive
0,0.14449331,0,1261,Low Risk,True Negative
0,0.063272506,0,27979,Low Risk,True Negative
0,0.1623851,0,35508,Low Risk,True Negative
0,0.3472574,0,17181,Medium Risk,True Negative
0,0.31665668,0,38401,Medium Risk,True Negative
0,0.9216466,1,36031,Critical Risk,False Positive
0,0.096245736,0,12342,Low Risk,True Negative
1,0.9167112,1,5501,Critical Risk,True Positive
0,0.61329615,1,18181,High Risk,False Positive
0,0.85693324,1,18549,Critical Risk,False Positive
0,0.11995573,0,26901,Low Risk,True Negative
0,0.012369528,0,41086,Low Risk,True Negative
0,0.7297231,1,33734,High Risk,False Positive
0,0.5254426,1,1437,High Risk,False Positive
0,0.19170934,0,40011,Low Risk,True Negative
1,0.94636536,1,11429,Critical Risk,True Positive
0,0.1057361,0,38037,Low Risk,True Negative
0,0.7341199,1,16759,High Risk,False Positive
0,0.052254137,0,22247,Low Risk,True Negative
0,0.19360818,0,15875,Low Risk,True Negative
0,0.518603,1,12717,High Risk,False Positive
0,0.2793516,0,3900,Medium Risk,True Negative
0,0.107477605,0,15604,Low Risk,True Negative
0,0.45679805,0,1292,Medium Risk,True Negative
0,0.11859936,0,31494,Low Risk,True Negative
0,0.25936598,0,12855,Medium Risk,True Negative
0,0.27472383,0,9836,Medium Risk,True Negative
0,0.112119175,0,2539,Low Risk,True Negative
0,0.17953789,0,17874,Low Risk,True Negative
0,0.3407694,0,19724,Medium Risk,True Negative
0,0.18751079,0,29806,Low Risk,True Negative
0,0.29235193,0,31768,Medium Risk,True Negative
0,0.044846114,0,25068,Low Risk,True Negative
0,0.8213466,1,42650,Critical Risk,False Positive
0,0.22595923,0,14434,Low Risk,True Negative
0,0.9384575,1,15013,Critical Risk,False Positive
0,0.5406871,1,26347,High Risk,False Positive
0,0.019814255,0,25993,Low Risk,True Negative
0,0.20230064,0,43837,Low Risk,True Negative
1,0.26724687,0,5603,Medium Risk,False Negative
0,0.10027517,0,22844,Low Risk,True Negative
0,0.24885413,0,43008,Low Risk,True Negative
1,0.2407252,0,10683,Low Risk,False Negative
0,0.21091348,0,9597,Low Risk,True Negative
0,0.09148423,0,38731,Low Risk,True Negative
0,0.21189359,0,7823,Low Risk,True Negative
0,0.10488217,0,34077,Low Risk,True Negative
0,0.04146249,0,36264,Low Risk,True Negative
0,0.42520687,0,1621,Medium Risk,True Negative
0,0.8381288,1,13501,Critical Risk,False Positive
0,0.51895803,1,35853,High Risk,False Positive
0,0.3232933,0,17238,Medium Risk,True Negative
0,0.09964383,0,33906,Low Risk,True Negative
0,0.10671994,0,18689,Low Risk,True Negative
0,0.09770622,0,26813,Low Risk,True Negative
0,0.08122253,0,20199,Low Risk,True Negative
0,0.17229153,0,3414,Low Risk,True Negative
0,0.053992808,0,41757,Low Risk,True Negative
0,0.22969028,0,7621,Low Risk,True Negative
0,0.37365636,0,30095,Medium Risk,True Negative
1,0.8320345,1,10196,Critical Risk,True Positive
1,0.5091982,1,14362,High Risk,True Positive
1,0.7147106,1,4012,High Risk,True Positive
0,0.47476202,0,12214,Medium Risk,True Negative
0,0.2068164,0,13066,Low Risk,True Negative
0,0.8324809,1,22305,Critical Risk,False Positive
0,0.16378027,0,17386,Low Risk,True Negative
0,0.407591,0,26270,Medium Risk,True Negative
1,0.42035353,0,4095,Medium Risk,False Negative
0,0.112819195,0,5778,Low Risk,True Negative
0,0.12381325,0,4738,Low Risk,True Negative
0,0.6526852,1,24804,High Risk,False Positive
0,0.155214,0,8189,Low Risk,True Negative
0,0.20421575,0,12024,Low Risk,True Negative
0,0.10299354,0,3503,Low Risk,True Negative
0,0.056066584,0,21823,Low Risk,True Negative
0,0.26286638,0,24728,Medium Risk,True Negative
0,0.17824231,0,3957,Low Risk,True Negative
0,0.50021076,1,19089,High Risk,False Positive
0,0.047825176,0,33652,Low Risk,True Negative
0,0.15132554,0,32676,Low Risk,True Negative
0,0.13287207,0,16072,Low Risk,True Negative
0,0.15429455,0,29827,Low Risk,True Negative
0,0.16010433,0,33507,Low Risk,True Negative
0,0.109290615,0,10862,Low Risk,True Negative
0,0.8329563,1,8428,Critical Risk,False Positive
0,0.18077411,0,30484,Low Risk,True Negative
0,0.56613725,1,35216,High Risk,False Positive
0,0.4348778,0,17030,Medium Risk,True Negative
0,0.08346597,0,17298,Low Risk,True Negative
0,0.15468568,0,4026,Low Risk,True Negative
0,0.11257804,0,12587,Low Risk,True Negative
0,0.09866682,0,31533,Low Risk,True Negative
0,0.15596502,0,19,Low Risk,True Negative
0,0.49087334,0,21511,Medium Risk,True Negative
0,0.43626723,0,37274,Medium Risk,True Negative
0,0.4001696,0,19478,Medium Risk,True Negative
0,0.24751839,0,18916,Low Risk,True Negative
0,0.20983535,0,42345,Low Risk,True Negative
0,0.25677344,0,15180,Medium Risk,True Negative
0,0.775723,1,7174,Critical Risk,False Positive
0,0.04881873,0,43939,Low Risk,True Negative
0,0.34307164,0,36611,Medium Risk,True Negative
0,0.24594028,0,12861,Low Risk,True Negative
0,0.03529279,0,15965,Low Risk,True Negative
0,0.15025721,0,29533,Low Risk,True Negative
0,0.19209985,0,38473,Low Risk,True Negative
0,0.51584667,1,3616,High Risk,False Positive
0,0.5118742,1,5575,High Risk,False Positive
0,0.54092944,1,16399,High Risk,False Positive
0,0.24787472,0,37231,Low Risk,True Negative
0,0.11352933,0,34930,Low Risk,True Negative
0,0.06660901,0,25476,Low Risk,True Negative
0,0.06209493,0,1027,Low Risk,True Negative
1,0.37549448,0,10915,Medium Risk,False Negative
0,0.3370516,0,33456,Medium Risk,True Negative
0,0.09260977,0,33054,Low Risk,True Negative
0,0.05825346,0,1498,Low Risk,True Negative
0,0.42790025,0,26272,Medium Risk,True Negative
0,0.25997755,0,5138,Medium Risk,True Negative
0,0.04991821,0,28250,Low Risk,True Negative
0,0.03814266,0,7244,Low Risk,True Negative
1,0.38736066,0,37746,Medium Risk,False Negative
1,0.5737261,1,8597,High Risk,True Positive
0,0.07659661,0,39628,Low Risk,True Negative
0,0.07005528,0,16817,Low Risk,True Negative
0,0.27199352,0,34459,Medium Risk,True Negative
0,0.124637745,0,23841,Low Risk,True Negative
0,0.28553087,0,29726,Medium Risk,True Negative
0,0.08639398,0,26626,Low Risk,True Negative
0,0.230032,0,28888,Low Risk,True Negative
0,0.29525167,0,1453,Medium Risk,True Negative
0,0.063009895,0,34795,Low Risk,True Negative
0,0.12061695,0,10394,Low Risk,True Negative
0,0.04168891,0,515,Low Risk,True Negative
0,0.17686458,0,37191,Low Risk,True Negative
0,0.4290146,0,20,Medium Risk,True Negative
0,0.13151595,0,38688,Low Risk,True Negative
0,0.16372408,0,17364,Low Risk,True Negative
0,0.14654072,0,7897,Low Risk,True Negative
0,0.15944727,0,38762,Low Risk,True Negative
0,0.20878153,0,11957,Low Risk,True Negative
0,0.30836442,0,39210,Medium Risk,True Negative
0,0.34082648,0,39512,Medium Risk,True Negative
1,0.33125162,0,15054,Medium Risk,False Negative
0,0.8708575,1,10007,Critical Risk,False Positive
0,0.69904315,1,6795,High Risk,False Positive
0,0.11168266,0,28091,Low Risk,True Negative
1,0.6603821,1,1496,High Risk,True Positive
0,0.24540214,0,29986,Low Risk,True Negative
0,0.082868345,0,12277,Low Risk,True Negative
0,0.11816426,0,35814,Low Risk,True Negative
0,0.30206695,0,39299,Medium Risk,True Negative
0,0.30641544,0,40117,Medium Risk,True Negative
0,0.3325903,0,29115,Medium Risk,True Negative
0,0.101846814,0,18711,Low Risk,True Negative
1,0.77341276,1,10917,Critical Risk,True Positive
0,0.04148865,0,10926,Low Risk,True Negative
1,0.31818762,0,2594,Medium Risk,False Negative
0,0.11254786,0,9605,Low Risk,True Negative
0,0.39576155,0,19136,Medium Risk,True Negative
0,0.46998167,0,23144,Medium Risk,True Negative
0,0.07241827,0,19775,Low Risk,True Negative
0,0.74472827,1,4597,High Risk,False Positive
0,0.08281679,0,28742,Low Risk,True Negative
0,0.13436435,0,18333,Low Risk,True Negative
0,0.06292507,0,31525,Low Risk,True Negative
0,0.14697298,0,26273,Low Risk,True Negative
0,0.036472496,0,1336,Low Risk,True Negative
0,0.096161716,0,22133,Low Risk,True Negative
0,0.1332075,0,31070,Low Risk,True Negative
0,0.27509913,0,35141,Medium Risk,True Negative
0,0.12134777,0,16388,Low Risk,True Negative
0,0.08580347,0,8440,Low Risk,True Negative
1,0.87302285,1,43265,Critical Risk,True Positive
0,0.3470956,0,35207,Medium Risk,True Negative
0,0.23884268,0,29159,Low Risk,True Negative
0,0.2435651,0,31013,Low Risk,True Negative
0,0.04827044,0,37316,Low Risk,True Negative
0,0.5586422,1,34936,High Risk,False Positive
0,0.027434848,0,16186,Low Risk,True Negative
0,0.12556654,0,18433,Low Risk,True Negative
0,0.21629578,0,38096,Low Risk,True Negative
0,0.12950943,0,40808,Low Risk,True Negative
1,0.8184711,1,39786,Critical Risk,True Positive
0,0.26171163,0,15486,Medium Risk,True Negative
0,0.07463079,0,43029,Low Risk,True Negative
0,0.11886432,0,4323,Low Risk,True Negative
0,0.106060825,0,29181,Low Risk,True Negative
0,0.12909201,0,42141,Low Risk,True Negative
0,0.0275066,0,5995,Low Risk,True Negative
0,0.045223933,0,35253,Low Risk,True Negative
0,0.21874629,0,5515,Low Risk,True Negative
1,0.63141394,1,17354,High Risk,True Positive
0,0.31796578,0,25767,Medium Risk,True Negative
0,0.041727085,0,27146,Low Risk,True Negative
0,0.31929812,0,8050,Medium Risk,True Negative
0,0.28848514,0,28032,Medium Risk,True Negative
0,0.13987774,0,15993,Low Risk,True Negative
0,0.16149701,0,38864,Low Risk,True Negative
0,0.19097486,0,8867,Low Risk,True Negative
0,0.44639748,0,8185,Medium Risk,True Negative
0,0.16752551,0,26314,Low Risk,True Negative
0,0.31921217,0,8964,Medium Risk,True Negative
0,0.13085443,0,10289,Low Risk,True Negative
0,0.07778609,0,18193,Low Risk,True Negative
1,0.8013639,1,1309,Critical Risk,True Positive
0,0.07044262,0,891,Low Risk,True Negative
0,0.047254477,0,16636,Low Risk,True Negative
0,0.0366003,0,32483,Low Risk,True Negative
0,0.42930213,0,39974,Medium Risk,True Negative
0,0.15059909,0,8937,Low Risk,True Negative
0,0.06018356,0,38703,Low Risk,True Negative
0,0.8293085,1,34691,Critical Risk,False Positive
1,0.26642692,0,24265,Medium Risk,False Negative
0,0.5402957,1,35258,High Risk,False Positive
0,0.5328587,1,40371,High Risk,False Positive
0,0.68944794,1,42474,High Risk,False Positive
1,0.92357236,1,1623,Critical Risk,True Positive
1,0.6125107,1,7365,High Risk,True Positive
0,0.11692184,0,34842,Low Risk,True Negative
0,0.12586018,0,6158,Low Risk,True Negative
0,0.25789106,0,7207,Medium Risk,True Negative
0,0.633649,1,25788,High Risk,False Positive
0,0.56191874,1,31293,High Risk,False Positive
0,0.8978917,1,43732,Critical Risk,False Positive
0,0.08841238,0,3508,Low Risk,True Negative
0,0.25959292,0,16857,Medium Risk,True Negative
0,0.6775112,1,14275,High Risk,False Positive
0,0.1794513,0,23157,Low Risk,True Negative
1,0.8813405,1,7433,Critical Risk,True Positive
0,0.5946358,1,40988,High Risk,False Positive
0,0.27266806,0,19776,Medium Risk,True Negative
0,0.07910845,0,43288,Low Risk,True Negative
0,0.37430498,0,24988,Medium Risk,True Negative
1,0.8490245,1,39389,Critical Risk,True Positive
1,0.905392,1,30329,Critical Risk,True Positive
0,0.12850729,0,31419,Low Risk,True Negative
0,0.36445662,0,32156,Medium Risk,True Negative
0,0.08967919,0,11167,Low Risk,True Negative
0,0.16951133,0,3128,Low Risk,True Negative
0,0.16471413,0,18316,Low Risk,True Negative
0,0.35929832,0,39525,Medium Risk,True Negative
0,0.23296367,0,17794,Low Risk,True Negative
0,0.2840333,0,36269,Medium Risk,True Negative
0,0.10255179,0,34122,Low Risk,True Negative
0,0.08561473,0,7899,Low Risk,True Negative
0,0.08438688,0,16707,Low Risk,True Negative
0,0.18356721,0,20675,Low Risk,True Negative
0,0.48727202,0,27386,Medium Risk,True Negative
0,0.03786277,0,22347,Low Risk,True Negative
0,0.2372542,0,8714,Low Risk,True Negative
0,0.4443354,0,13226,Medium Risk,True Negative
0,0.5791792,1,40858,High Risk,False Positive
0,0.07121285,0,21405,Low Risk,True Negative
0,0.13675301,0,25834,Low Risk,True Negative
0,0.49249637,0,11646,Medium Risk,True Negative
0,0.46411604,0,38719,Medium Risk,True Negative
0,0.056044187,0,18522,Low Risk,True Negative
0,0.023009581,0,35114,Low Risk,True Negative
0,0.071538165,0,7218,Low Risk,True Negative
0,0.10952937,0,10911,Low Risk,True Negative
0,0.29389992,0,39475,Medium Risk,True Negative
0,0.16892393,0,7602,Low Risk,True Negative
1,0.27699277,0,9777,Medium Risk,False Negative
0,0.65935385,1,26261,High Risk,False Positive
0,0.10922159,0,36682,Low Risk,True Negative
0,0.3946182,0,25634,Medium Risk,True Negative
0,0.28301194,0,17632,Medium Risk,True Negative
0,0.12367132,0,27281,Low Risk,True Negative
1,0.4875501,0,17811,Medium Risk,False Negative
0,0.18278693,0,26310,Low Risk,True Negative
0,0.7126762,1,26878,High Risk,False Positive
0,0.059913423,0,8296,Low Risk,True Negative
0,0.842482,1,24363,Critical Risk,False Positive
0,0.21217737,0,13313,Low Risk,True Negative
0,0.02300331,0,25274,Low Risk,True Negative
0,0.29195526,0,7234,Medium Risk,True Negative
0,0.5670622,1,41526,High Risk,False Positive
0,0.6655972,1,37143,High Risk,False Positive
0,0.10928969,0,33045,Low Risk,True Negative
0,0.4778148,0,20158,Medium Risk,True Negative
0,0.23947144,0,29066,Low Risk,True Negative
0,0.14613278,0,20100,Low Risk,True Negative
0,0.081776574,0,39577,Low Risk,True Negative
0,0.2137665,0,20412,Low Risk,True Negative
0,0.22863115,0,9037,Low Risk,True Negative
0,0.12797946,0,36463,Low Risk,True Negative
0,0.24455294,0,38972,Low Risk,True Negative
0,0.043500148,0,22423,Low Risk,True Negative
0,0.35386357,0,32316,Medium Risk,True Negative
0,0.07198099,0,4399,Low Risk,True Negative
0,0.105803184,0,33290,Low Risk,True Negative
0,0.22328898,0,33239,Low Risk,True Negative
0,0.09541521,0,6564,Low Risk,True Negative
0,0.2603233,0,122,Medium Risk,True Negative
0,0.30609074,0,30581,Medium Risk,True Negative
0,0.05935455,0,19440,Low Risk,True Negative
0,0.12979308,0,3320,Low Risk,True Negative
0,0.34397158,0,2584,Medium Risk,True Negative
0,0.14147674,0,31755,Low Risk,True Negative
1,0.6552547,1,23297,High Risk,True Positive
0,0.15083916,0,1173,Low Risk,True Negative
1,0.87383425,1,25665,Critical Risk,True Positive
0,0.17440341,0,33657,Low Risk,True Negative
0,0.05552992,0,1663,Low Risk,True Negative
0,0.0698545,0,40148,Low Risk,True Negative
0,0.095632456,0,34031,Low Risk,True Negative
0,0.38769242,0,1560,Medium Risk,True Negative
0,0.12237855,0,18959,Low Risk,True Negative
0,0.15038837,0,24013,Low Risk,True Negative
0,0.38795605,0,22981,Medium Risk,True Negative
0,0.19322638,0,26852,Low Risk,True Negative
0,0.06427366,0,35168,Low Risk,True Negative
0,0.8104561,1,28293,Critical Risk,False Positive
0,0.221416,0,24445,Low Risk,True Negative
0,0.7327575,1,38440,High Risk,False Positive
0,0.21579057,0,40390,Low Risk,True Negative
0,0.19454405,0,22346,Low Risk,True Negative
0,0.46148324,0,25181,Medium Risk,True Negative
0,0.25456688,0,18482,Medium Risk,True Negative
0,0.09647547,0,3076,Low Risk,True Negative
1,0.80350137,1,30735,Critical Risk,True Positive
0,0.65137243,1,30471,High Risk,False Positive
0,0.12708902,0,1749,Low Risk,True Negative
0,0.13153958,0,18464,Low Risk,True Negative
0,0.37012973,0,11884,Medium Risk,True Negative
0,0.57178694,1,21121,High Risk,False Positive
0,0.16340227,0,15461,Low Risk,True Negative
1,0.7310354,1,12051,High Risk,True Positive
0,0.21532184,0,38325,Low Risk,True Negative
0,0.0975293,0,2424,Low Risk,True Negative
0,0.12477719,0,13545,Low Risk,True Negative
0,0.08289348,0,12719,Low Risk,True Negative
0,0.14052594,0,13871,Low Risk,True Negative
1,0.68678087,1,21707,High Risk,True Positive
0,0.05992079,0,24464,Low Risk,True Negative
0,0.08565106,0,17898,Low Risk,True Negative
0,0.35940683,0,37880,Medium Risk,True Negative
1,0.13929938,0,35309,Low Risk,False Negative
0,0.1818049,0,18991,Low Risk,True Negative
0,0.2682532,0,28094,Medium Risk,True Negative
0,0.26574484,0,36666,Medium Risk,True Negative
0,0.09805611,0,20394,Low Risk,True Negative
0,0.5625281,1,7454,High Risk,False Positive
0,0.15290502,0,16311,Low Risk,True Negative
0,0.10140246,0,19303,Low Risk,True Negative
0,0.17864692,0,20221,Low Risk,True Negative
0,0.069107205,0,7801,Low Risk,True Negative
0,0.7540653,1,42241,Critical Risk,False Positive
0,0.14569765,0,15561,Low Risk,True Negative
0,0.09915005,0,22773,Low Risk,True Negative
0,0.032890722,0,36484,Low Risk,True Negative
0,0.05509797,0,10155,Low Risk,True Negative
0,0.22917585,0,17332,Low Risk,True Negative
0,0.86458176,1,33858,Critical Risk,False Positive
0,0.054090783,0,28885,Low Risk,True Negative
0,0.10467095,0,15803,Low Risk,True Negative
0,0.05531115,0,16986,Low Risk,True Negative
0,0.106466,0,2006,Low Risk,True Negative
0,0.1506511,0,27141,Low Risk,True Negative
0,0.054341547,0,8688,Low Risk,True Negative
0,0.18189545,0,37516,Low Risk,True Negative
0,0.103914574,0,31393,Low Risk,True Negative
0,0.20628165,0,19471,Low Risk,True Negative
0,0.31626776,0,4128,Medium Risk,True Negative
0,0.40966108,0,27004,Medium Risk,True Negative
0,0.15596133,0,40539,Low Risk,True Negative
0,0.08767017,0,37431,Low Risk,True Negative
0,0.108985975,0,43867,Low Risk,True Negative
0,0.017797286,0,37641,Low Risk,True Negative
0,0.31988403,0,36986,Medium Risk,True Negative
0,0.33895186,0,31279,Medium Risk,True Negative
0,0.17456295,0,9703,Low Risk,True Negative
0,0.19374791,0,23285,Low Risk,True Negative
0,0.3806156,0,1711,Medium Risk,True Negative
0,0.8180235,1,11282,Critical Risk,False Positive
0,0.15434892,0,35620,Low Risk,True Negative
0,0.34435558,0,5984,Medium Risk,True Negative
0,0.16097234,0,19801,Low Risk,True Negative
0,0.071102925,0,38178,Low Risk,True Negative
1,0.7543441,1,8974,Critical Risk,True Positive
0,0.040317148,0,39462,Low Risk,True Negative
0,0.050947957,0,5860,Low Risk,True Negative
0,0.33330932,0,22155,Medium Risk,True Negative
1,0.43581876,0,6984,Medium Risk,False Negative
1,0.7697873,1,30332,Critical Risk,True Positive
0,0.07843573,0,17945,Low Risk,True Negative
0,0.0403982,0,22094,Low Risk,True Negative
0,0.11650648,0,3360,Low Risk,True Negative
1,0.47486985,0,27449,Medium Risk,False Negative
0,0.73181385,1,17055,High Risk,False Positive
0,0.14580262,0,29272,Low Risk,True Negative
0,0.4208544,0,25728,Medium Risk,True Negative
0,0.42891264,0,7119,Medium Risk,True Negative
0,0.8464683,1,17610,Critical Risk,False Positive
0,0.6221121,1,25861,High Risk,False Positive
0,0.024595557,0,2376,Low Risk,True Negative
0,0.58371705,1,733,High Risk,False Positive
0,0.6916298,1,35623,High Risk,False Positive
0,0.055675536,0,39095,Low Risk,True Negative
0,0.24006768,0,25367,Low Risk,True Negative
0,0.25875112,0,28218,Medium Risk,True Negative
0,0.79072523,1,27978,Critical Risk,False Positive
0,0.52509695,1,37966,High Risk,False Positive
1,0.6261393,1,22422,High Risk,True Positive
0,0.11598073,0,14592,Low Risk,True Negative
0,0.4983864,0,15168,Medium Risk,True Negative
0,0.19179256,0,32495,Low Risk,True Negative
0,0.8198498,1,4185,Critical Risk,False Positive
1,0.84916437,1,35885,Critical Risk,True Positive
0,0.18411078,0,40648,Low Risk,True Negative
0,0.17435332,0,12444,Low Risk,True Negative
0,0.16787674,0,34978,Low Risk,True Negative
1,0.20728092,0,35186,Low Risk,False Negative
0,0.29515162,0,8446,Medium Risk,True Negative
0,0.31686497,0,40561,Medium Risk,True Negative
0,0.12810269,0,15919,Low Risk,True Negative
1,0.48716584,0,35318,Medium Risk,False Negative
0,0.23195058,0,332,Low Risk,True Negative
0,0.15832314,0,1281,Low Risk,True Negative
1,0.7959811,1,36293,Critical Risk,True Positive
0,0.10552644,0,42472,Low Risk,True Negative
1,0.72373706,1,26762,High Risk,True Positive
0,0.19304821,0,13195,Low Risk,True Negative
0,0.6019623,1,16370,High Risk,False Positive
0,0.7206319,1,39743,High Risk,False Positive
1,0.8471701,1,36936,Critical Risk,True Positive
0,0.040548388,0,16130,Low Risk,True Negative
0,0.040714886,0,36026,Low Risk,True Negative
1,0.320695,0,14141,Medium Risk,False Negative
0,0.020799099,0,32685,Low Risk,True Negative
0,0.3206075,0,29375,Medium Risk,True Negative
0,0.037287652,0,40400,Low Risk,True Negative
0,0.1132806,0,25981,Low Risk,True Negative
0,0.09610331,0,11473,Low Risk,True Negative
0,0.35901073,0,28951,Medium Risk,True Negative
0,0.08165875,0,19331,Low Risk,True Negative
0,0.19246694,0,37507,Low Risk,True Negative
0,0.15370964,0,18657,Low Risk,True Negative
0,0.5269442,1,19725,High Risk,False Positive
0,0.08890243,0,28223,Low Risk,True Negative
0,0.0465993,0,28913,Low Risk,True Negative
0,0.544298,1,4763,High Risk,False Positive
0,0.3576436,0,36421,Medium Risk,True Negative
0,0.3258216,0,17457,Medium Risk,True Negative
0,0.4531329,0,25399,Medium Risk,True Negative
0,0.090734735,0,6533,Low Risk,True Negative
0,0.4756425,0,7030,Medium Risk,True Negative
0,0.14081073,0,2878,Low Risk,True Negative
0,0.29759672,0,40196,Medium Risk,True Negative
0,0.051928475,0,5716,Low Risk,True Negative
0,0.093094796,0,35344,Low Risk,True Negative
0,0.08915097,0,28387,Low Risk,True Negative
0,0.14871968,0,26682,Low Risk,True Negative
0,0.44425252,0,31190,Medium Risk,True Negative
0,0.11820465,0,13547,Low Risk,True Negative
0,0.54633343,1,43241,High Risk,False Positive
0,0.68721515,1,3556,High Risk,False Positive
0,0.11756919,0,3050,Low Risk,True Negative
0,0.21074748,0,368,Low Risk,True Negative
0,0.10488654,0,18758,Low Risk,True Negative
0,0.6370374,1,13520,High Risk,False Positive
0,0.24080981,0,11556,Low Risk,True Negative
0,0.4901952,0,15114,Medium Risk,True Negative
0,0.1610439,0,14508,Low Risk,True Negative
0,0.24465616,0,15110,Low Risk,True Negative
1,0.38884115,0,4604,Medium Risk,False Negative
1,0.26744837,0,14430,Medium Risk,False Negative
1,0.66851103,1,968,High Risk,True Positive
0,0.03831174,0,13556,Low Risk,True Negative
0,0.16954207,0,11105,Low Risk,True Negative
0,0.056007195,0,15521,Low Risk,True Negative
0,0.5058054,1,37556,High Risk,False Positive
0,0.18530071,0,33781,Low Risk,True Negative
0,0.1317621,0,11392,Low Risk,True Negative
0,0.2541234,0,11896,Medium Risk,True Negative
0,0.082281254,0,4151,Low Risk,True Negative
0,0.7189348,1,31301,High Risk,False Positive
0,0.40238366,0,38988,Medium Risk,True Negative
0,0.29671213,0,16361,Medium Risk,True Negative
0,0.12195229,0,27173,Low Risk,True Negative
0,0.10376636,0,2704,Low Risk,True Negative
0,0.17328098,0,39363,Low Risk,True Negative
0,0.18105374,0,43794,Low Risk,True Negative
0,0.120161295,0,30676,Low Risk,True Negative
0,0.20616221,0,4404,Low Risk,True Negative
1,0.7963025,1,12549,Critical Risk,True Positive
0,0.07180231,0,19368,Low Risk,True Negative
0,0.19469714,0,33514,Low Risk,True Negative
0,0.059511326,0,6701,Low Risk,True Negative
0,0.036823448,0,41373,Low Risk,True Negative
1,0.5783925,1,36953,High Risk,True Positive
0,0.37469164,0,7085,Medium Risk,True Negative
0,0.35564184,0,4050,Medium Risk,True Negative
0,0.08166656,0,12506,Low Risk,True Negative
0,0.58294225,1,22620,High Risk,False Positive
0,0.039424647,0,38115,Low Risk,True Negative
0,0.16816235,0,42476,Low Risk,True Negative
0,0.08631421,0,18119,Low Risk,True Negative
1,0.519042,1,12217,High Risk,True Positive
0,0.7767922,1,1518,Critical Risk,False Positive
0,0.12997194,0,17990,Low Risk,True Negative
1,0.76926297,1,27399,Critical Risk,True Positive
1,0.21185412,0,3079,Low Risk,False Negative
0,0.14312178,0,26872,Low Risk,True Negative
0,0.15045959,0,36376,Low Risk,True Negative
0,0.24291795,0,6002,Low Risk,True Negative
0,0.7134201,1,23871,High Risk,False Positive
0,0.078469664,0,9846,Low Risk,True Negative
0,0.20840165,0,28893,Low Risk,True Negative
0,0.058049385,0,24561,Low Risk,True Negative
0,0.099028006,0,13064,Low Risk,True Negative
0,0.43974715,0,24723,Medium Risk,True Negative
0,0.20777042,0,13921,Low Risk,True Negative
0,0.112242624,0,16157,Low Risk,True Negative
0,0.1761507,0,8099,Low Risk,True Negative
0,0.09684676,0,9868,Low Risk,True Negative
0,0.20317067,0,37281,Low Risk,True Negative
0,0.52764326,1,39950,High Risk,False Positive
0,0.74214953,1,35907,High Risk,False Positive
1,0.2652111,0,8745,Medium Risk,False Negative
0,0.050302997,0,42609,Low Risk,True Negative
0,0.36279568,0,17639,Medium Risk,True Negative
0,0.23108506,0,24519,Low Risk,True Negative
0,0.13708271,0,5699,Low Risk,True Negative
0,0.31702584,0,8310,Medium Risk,True Negative
0,0.5750249,1,8741,High Risk,False Positive
0,0.06300017,0,15622,Low Risk,True Negative
0,0.17659953,0,33133,Low Risk,True Negative
0,0.11651961,0,27359,Low Risk,True Negative
0,0.59809566,1,8890,High Risk,False Positive
0,0.3228153,0,30923,Medium Risk,True Negative
0,0.20363696,0,34497,Low Risk,True Negative
0,0.09288564,0,8276,Low Risk,True Negative
0,0.13053127,0,41203,Low Risk,True Negative
0,0.87292093,1,4502,Critical Risk,False Positive
0,0.29009625,0,18155,Medium Risk,True Negative
0,0.17132121,0,7856,Low Risk,True Negative
0,0.1196541,0,17363,Low Risk,True Negative
0,0.22510256,0,32703,Low Risk,True Negative
0,0.3084395,0,6402,Medium Risk,True Negative
0,0.19226037,0,42344,Low Risk,True Negative
0,0.04425069,0,11939,Low Risk,True Negative
0,0.2565225,0,36834,Medium Risk,True Negative
0,0.18648306,0,8768,Low Risk,True Negative
0,0.16620862,0,5265,Low Risk,True Negative
0,0.20860724,0,33662,Low Risk,True Negative
0,0.19610475,0,28608,Low Risk,True Negative
0,0.12063263,0,32198,Low Risk,True Negative
0,0.09075703,0,30843,Low Risk,True Negative
0,0.16037284,0,32319,Low Risk,True Negative
0,0.055570383,0,25763,Low Risk,True Negative
0,0.12569553,0,41489,Low Risk,True Negative
0,0.084940545,0,32891,Low Risk,True Negative
0,0.075434096,0,26091,Low Risk,True Negative
0,0.5303506,1,2084,High Risk,False Positive
0,0.40555036,0,31778,Medium Risk,True Negative
0,0.19415708,0,3210,Low Risk,True Negative
0,0.18719164,0,42289,Low Risk,True Negative
0,0.8803305,1,35217,Critical Risk,False Positive
0,0.046988092,0,12658,Low Risk,True Negative
0,0.06233831,0,42726,Low Risk,True Negative
0,0.336125,0,17404,Medium Risk,True Negative
0,0.40520525,0,19525,Medium Risk,True Negative
0,0.24956636,0,31600,Low Risk,True Negative
0,0.4117672,0,33355,Medium Risk,True Negative
0,0.52074784,1,22513,High Risk,False Positive
0,0.19653168,0,9152,Low Risk,True Negative
0,0.15805002,0,30257,Low Risk,True Negative
0,0.18445612,0,35266,Low Risk,True Negative
0,0.26207358,0,31984,Medium Risk,True Negative
0,0.31790674,0,23372,Medium Risk,True Negative
0,0.012228033,0,22944,Low Risk,True Negative
0,0.023660468,0,4897,Low Risk,True Negative
0,0.030398294,0,27980,Low Risk,True Negative
1,0.78196037,1,15429,Critical Risk,True Positive
0,0.07952057,0,1811,Low Risk,True Negative
0,0.3162732,0,28525,Medium Risk,True Negative
0,0.23549294,0,4643,Low Risk,True Negative
0,0.43550465,0,14938,Medium Risk,True Negative
0,0.08519612,0,27456,Low Risk,True Negative
0,0.54001725,1,8020,High Risk,False Positive
0,0.12660635,0,36052,Low Risk,True Negative
0,0.07767889,0,7098,Low Risk,True Negative
0,0.20596689,0,23570,Low Risk,True Negative
0,0.20852825,0,14679,Low Risk,True Negative
0,0.37499797,0,19482,Medium Risk,True Negative
1,0.819006,1,30317,Critical Risk,True Positive
0,0.43935645,0,13072,Medium Risk,True Negative
0,0.18954621,0,20170,Low Risk,True Negative
0,0.86866415,1,35097,Critical Risk,False Positive
0,0.22145413,0,20528,Low Risk,True Negative
0,0.23213577,0,24415,Low Risk,True Negative
0,0.10341579,0,34170,Low Risk,True Negative
0,0.09711893,0,38270,Low Risk,True Negative
0,0.7638555,1,42120,Critical Risk,False Positive
0,0.026864307,0,29153,Low Risk,True Negative
0,0.7393404,1,28780,High Risk,False Positive
0,0.19126186,0,9486,Low Risk,True Negative
0,0.1668272,0,18044,Low Risk,True Negative
0,0.3672305,0,29447,Medium Risk,True Negative
0,0.07373887,0,3269,Low Risk,True Negative
0,0.59890574,1,15819,High Risk,False Positive
0,0.15690362,0,14691,Low Risk,True Negative
0,0.19889143,0,33996,Low Risk,True Negative
0,0.8055551,1,19000,Critical Risk,False Positive
0,0.7803594,1,32086,Critical Risk,False Positive
0,0.4493061,0,31862,Medium Risk,True Negative
0,0.4767609,0,16708,Medium Risk,True Negative
0,0.33110937,0,41847,Medium Risk,True Negative
0,0.22202982,0,24637,Low Risk,True Negative
0,0.030679781,0,42136,Low Risk,True Negative
0,0.62401456,1,24204,High Risk,False Positive
1,0.5446353,1,2513,High Risk,True Positive
0,0.07838998,0,24010,Low Risk,True Negative
0,0.410357,0,30560,Medium Risk,True Negative
0,0.2101164,0,26329,Low Risk,True Negative
0,0.15307276,0,11648,Low Risk,True Negative
1,0.6009276,1,38603,High Risk,True Positive
1,0.728813,1,4360,High Risk,True Positive
0,0.2882247,0,16058,Medium Risk,True Negative
0,0.1707355,0,18242,Low Risk,True Negative
0,0.24133001,0,28991,Low Risk,True Negative
0,0.20491827,0,30836,Low Risk,True Negative
0,0.20253493,0,453,Low Risk,True Negative
0,0.14661127,0,7935,Low Risk,True Negative
0,0.28138152,0,25408,Medium Risk,True Negative
0,0.7084595,1,41476,High Risk,False Positive
0,0.19279224,0,24598,Low Risk,True Negative
0,0.07413543,0,12098,Low Risk,True Negative
0,0.07380769,0,22918,Low Risk,True Negative
0,0.09243352,0,41609,Low Risk,True Negative
0,0.1690652,0,12167,Low Risk,True Negative
0,0.520301,1,29765,High Risk,False Positive
0,0.123210795,0,24039,Low Risk,True Negative
0,0.157173,0,4175,Low Risk,True Negative
0,0.42797443,0,35274,Medium Risk,True Negative
0,0.21506022,0,39933,Low Risk,True Negative
1,0.43680602,0,12878,Medium Risk,False Negative
0,0.053100564,0,2572,Low Risk,True Negative
0,0.8838029,1,20033,Critical Risk,False Positive
0,0.23370174,0,4250,Low Risk,True Negative
0,0.15788321,0,7334,Low Risk,True Negative
0,0.07694046,0,12384,Low Risk,True Negative
0,0.14212069,0,9133,Low Risk,True Negative
0,0.45704004,0,24810,Medium Risk,True Negative
0,0.23364961,0,27338,Low Risk,True Negative
1,0.47910723,0,505,Medium Risk,False Negative
0,0.14264499,0,16897,Low Risk,True Negative
1,0.844875,1,23552,Critical Risk,True Positive
0,0.64969414,1,27094,High Risk,False Positive
0,0.110955775,0,9524,Low Risk,True Negative
0,0.47937644,0,25215,Medium Risk,True Negative
0,0.22288385,0,6609,Low Risk,True Negative
0,0.2916355,0,17092,Medium Risk,True Negative
0,0.35972163,0,28259,Medium Risk,True Negative
0,0.15677175,0,19516,Low Risk,True Negative
0,0.043665394,0,27088,Low Risk,True Negative
0,0.61161965,1,25631,High Risk,False Positive
0,0.29531533,0,25257,Medium Risk,True Negative
0,0.5849987,1,8949,High Risk,False Positive
0,0.414514,0,39790,Medium Risk,True Negative
0,0.1546428,0,445,Low Risk,True Negative
1,0.8726083,1,21104,Critical Risk,True Positive
0,0.39027706,0,38873,Medium Risk,True Negative
0,0.109854735,0,4006,Low Risk,True Negative
0,0.19697216,0,17221,Low Risk,True Negative
0,0.117919445,0,20407,Low Risk,True Negative
0,0.056825884,0,14839,Low Risk,True Negative
0,0.5956419,1,11942,High Risk,False Positive
0,0.05510758,0,38298,Low Risk,True Negative
0,0.12993276,0,2284,Low Risk,True Negative
0,0.47911775,0,43502,Medium Risk,True Negative
0,0.10240262,0,31783,Low Risk,True Negative
0,0.098206595,0,32013,Low Risk,True Negative
0,0.093823,0,23026,Low Risk,True Negative
0,0.44845054,0,42278,Medium Risk,True Negative
0,0.7899998,1,38682,Critical Risk,False Positive
0,0.06399535,0,15611,Low Risk,True Negative
0,0.56463164,1,37085,High Risk,False Positive
0,0.39817578,0,34736,Medium Risk,True Negative
0,0.3904014,0,19557,Medium Risk,True Negative
0,0.21976216,0,38476,Low Risk,True Negative
0,0.070411295,0,42687,Low Risk,True Negative
1,0.93279326,1,39666,Critical Risk,True Positive
0,0.3686572,0,17303,Medium Risk,True Negative
0,0.04561307,0,24554,Low Risk,True Negative
0,0.8093451,1,38596,Critical Risk,False Positive
0,0.20790122,0,33482,Low Risk,True Negative
0,0.06506489,0,6574,Low Risk,True Negative
0,0.4638234,0,20150,Medium Risk,True Negative
0,0.15499234,0,34269,Low Risk,True Negative
1,0.16106015,0,25321,Low Risk,False Negative
0,0.14166592,0,36049,Low Risk,True Negative
0,0.020544032,0,40213,Low Risk,True Negative
1,0.789873,1,42101,Critical Risk,True Positive
0,0.27090976,0,20144,Medium Risk,True Negative
0,0.14407796,0,41112,Low Risk,True Negative
0,0.10909616,0,39280,Low Risk,True Negative
0,0.03999947,0,39733,Low Risk,True Negative
1,0.4421526,0,4475,Medium Risk,False Negative
0,0.18232946,0,27834,Low Risk,True Negative
0,0.11365236,0,38709,Low Risk,True Negative
0,0.20886034,0,23784,Low Risk,True Negative
0,0.014234484,0,34417,Low Risk,True Negative
0,0.41349775,0,17429,Medium Risk,True Negative
0,0.16162902,0,30768,Low Risk,True Negative
0,0.09229336,0,27437,Low Risk,True Negative
0,0.04147167,0,24394,Low Risk,True Negative
0,0.14800577,0,11717,Low Risk,True Negative
0,0.3464459,0,12801,Medium Risk,True Negative
0,0.11592221,0,23174,Low Risk,True Negative
0,0.50042987,1,35837,High Risk,False Positive
0,0.38742727,0,28053,Medium Risk,True Negative
0,0.1898384,0,4733,Low Risk,True Negative
0,0.26759216,0,18594,Medium Risk,True Negative
0,0.027407205,0,32976,Low Risk,True Negative
0,0.123059936,0,25208,Low Risk,True Negative
0,0.21462852,0,25164,Low Risk,True Negative
0,0.26324973,0,4807,Medium Risk,True Negative
0,0.13025466,0,42829,Low Risk,True Negative
1,0.9561245,1,41356,Critical Risk,True Positive
0,0.2557043,0,28015,Medium Risk,True Negative
0,0.09148805,0,23619,Low Risk,True Negative
0,0.27377278,0,22881,Medium Risk,True Negative
0,0.6427353,1,16027,High Risk,False Positive
0,0.07257192,0,22537,Low Risk,True Negative
0,0.4186782,0,11624,Medium Risk,True Negative
0,0.19907479,0,31005,Low Risk,True Negative
0,0.10980103,0,2233,Low Risk,True Negative
0,0.12620477,0,10340,Low Risk,True Negative
1,0.8637728,1,11096,Critical Risk,True Positive
0,0.63008434,1,8981,High Risk,False Positive
0,0.1288998,0,7112,Low Risk,True Negative
0,0.7549256,1,4861,Critical Risk,False Positive
0,0.07835795,0,6172,Low Risk,True Negative
0,0.64126796,1,16586,High Risk,False Positive
0,0.6207402,1,23762,High Risk,False Positive
0,0.041848127,0,7749,Low Risk,True Negative
0,0.06982693,0,16728,Low Risk,True Negative
1,0.5164658,1,25052,High Risk,True Positive
0,0.17268574,0,22318,Low Risk,True Negative
0,0.10952732,0,2536,Low Risk,True Negative
0,0.052772757,0,33622,Low Risk,True Negative
0,0.20619102,0,20167,Low Risk,True Negative
0,0.09499671,0,1035,Low Risk,True Negative
0,0.2553891,0,197,Medium Risk,True Negative
0,0.07189527,0,40699,Low Risk,True Negative
0,0.86928535,1,6966,Critical Risk,False Positive
0,0.9010178,1,43089,Critical Risk,False Positive
0,0.10916988,0,38884,Low Risk,True Negative
0,0.35129657,0,40857,Medium Risk,True Negative
0,0.2605592,0,28739,Medium Risk,True Negative
0,0.124375604,0,24920,Low Risk,True Negative
1,0.53403836,1,10961,High Risk,True Positive
0,0.09741406,0,7096,Low Risk,True Negative
0,0.07133055,0,3376,Low Risk,True Negative
0,0.35272783,0,15166,Medium Risk,True Negative
0,0.16807291,0,22068,Low Risk,True Negative
0,0.08517193,0,15389,Low Risk,True Negative
0,0.14541124,0,11216,Low Risk,True Negative
0,0.3168705,0,37811,Medium Risk,True Negative
0,0.32078543,0,18092,Medium Risk,True Negative
0,0.056917105,0,25226,Low Risk,True Negative
0,0.35268307,0,39532,Medium Risk,True Negative
0,0.29641816,0,526,Medium Risk,True Negative
0,0.21282871,0,20889,Low Risk,True Negative
0,0.31644195,0,26340,Medium Risk,True Negative
0,0.29908916,0,40247,Medium Risk,True Negative
0,0.45374587,0,26710,Medium Risk,True Negative
0,0.21720645,0,25380,Low Risk,True Negative
0,0.43435115,0,41850,Medium Risk,True Negative
0,0.08203608,0,19206,Low Risk,True Negative
0,0.04471238,0,7804,Low Risk,True Negative
0,0.17175901,0,12449,Low Risk,True Negative
1,0.8160633,1,25019,Critical Risk,True Positive
1,0.85690236,1,8586,Critical Risk,True Positive
1,0.5211299,1,40797,High Risk,True Positive
0,0.10975967,0,24116,Low Risk,True Negative
0,0.66974646,1,33466,High Risk,False Positive
1,0.6771717,1,23673,High Risk,True Positive
0,0.07758839,0,12239,Low Risk,True Negative
0,0.034663927,0,11689,Low Risk,True Negative
0,0.46735233,0,37460,Medium Risk,True Negative
0,0.057310592,0,9307,Low Risk,True Negative
0,0.06337771,0,277,Low Risk,True Negative
1,0.86191666,1,13274,Critical Risk,True Positive
1,0.6997107,1,35303,High Risk,True Positive
0,0.6593291,1,5159,High Risk,False Positive
0,0.672866,1,36525,High Risk,False Positive
0,0.14018193,0,42915,Low Risk,True Negative
0,0.39102513,0,30078,Medium Risk,True Negative
0,0.10500324,0,18410,Low Risk,True Negative
0,0.21409206,0,42619,Low Risk,True Negative
0,0.559795,1,11366,High Risk,False Positive
0,0.47550052,0,24101,Medium Risk,True Negative
0,0.036601912,0,42887,Low Risk,True Negative
0,0.025214594,0,6059,Low Risk,True Negative
0,0.15379074,0,8304,Low Risk,True Negative
0,0.2016879,0,30279,Low Risk,True Negative
1,0.50351405,1,40807,High Risk,True Positive
1,0.8070513,1,16930,Critical Risk,True Positive
0,0.064090915,0,14105,Low Risk,True Negative
0,0.016468361,0,16797,Low Risk,True Negative
0,0.15679912,0,428,Low Risk,True Negative
1,0.7639717,1,12415,Critical Risk,True Positive
0,0.072371684,0,6638,Low Risk,True Negative
0,0.036216695,0,14067,Low Risk,True Negative
1,0.27801317,0,6846,Medium Risk,False Negative
0,0.04221464,0,15517,Low Risk,True Negative
0,0.037657663,0,11871,Low Risk,True Negative
0,0.08358154,0,27809,Low Risk,True Negative
0,0.1522665,0,21367,Low Risk,True Negative
0,0.5918738,1,12518,High Risk,False Positive
0,0.036775075,0,16829,Low Risk,True Negative
1,0.8083313,1,37759,Critical Risk,True Positive
0,0.19638184,0,29682,Low Risk,True Negative
0,0.10374989,0,5164,Low Risk,True Negative
0,0.09109517,0,27805,Low Risk,True Negative
0,0.09386475,0,34292,Low Risk,True Negative
0,0.229041,0,5133,Low Risk,True Negative
1,0.83151394,1,16784,Critical Risk,True Positive
0,0.084267184,0,24317,Low Risk,True Negative
0,0.37925553,0,38156,Medium Risk,True Negative
1,0.6211508,1,1964,High Risk,True Positive
0,0.2748095,0,40753,Medium Risk,True Negative
0,0.02167023,0,35993,Low Risk,True Negative
0,0.83816564,1,20859,Critical Risk,False Positive
1,0.87297094,1,38970,Critical Risk,True Positive
0,0.14611311,0,8662,Low Risk,True Negative
0,0.4699958,0,35372,Medium Risk,True Negative
0,0.38215575,0,22937,Medium Risk,True Negative
0,0.20084503,0,387,Low Risk,True Negative
0,0.8331958,1,44060,Critical Risk,False Positive
0,0.12811616,0,6417,Low Risk,True Negative
0,0.26555932,0,29123,Medium Risk,True Negative
0,0.25267586,0,28601,Medium Risk,True Negative
0,0.25631118,0,6781,Medium Risk,True Negative
0,0.3196654,0,15028,Medium Risk,True Negative
0,0.09499241,0,36292,Low Risk,True Negative
0,0.22730827,0,10118,Low Risk,True Negative
1,0.49780172,0,40370,Medium Risk,False Negative
1,0.62403405,1,39887,High Risk,True Positive
0,0.10121495,0,24419,Low Risk,True Negative
0,0.54977864,1,10095,High Risk,False Positive
0,0.4097626,0,27626,Medium Risk,True Negative
0,0.022025812,0,31192,Low Risk,True Negative
0,0.1485701,0,13211,Low Risk,True Negative
0,0.2337374,0,15865,Low Risk,True Negative
0,0.25928664,0,16250,Medium Risk,True Negative
0,0.027095743,0,5623,Low Risk,True Negative
0,0.080298886,0,1317,Low Risk,True Negative
0,0.034137163,0,40372,Low Risk,True Negative
0,0.2039059,0,38054,Low Risk,True Negative
0,0.82495964,1,39862,Critical Risk,False Positive
0,0.83505994,1,28554,Critical Risk,False Positive
0,0.10443024,0,9850,Low Risk,True Negative
0,0.18606578,0,306,Low Risk,True Negative
0,0.30690807,0,36631,Medium Risk,True Negative
0,0.14154516,0,27188,Low Risk,True Negative
0,0.59556586,1,8344,High Risk,False Positive
1,0.84591377,1,8097,Critical Risk,True Positive
0,0.15571217,0,24845,Low Risk,True Negative
0,0.098120436,0,45,Low Risk,True Negative
0,0.36302868,0,8503,Medium Risk,True Negative
0,0.093492016,0,6662,Low Risk,True Negative
0,0.2772386,0,18317,Medium Risk,True Negative
0,0.13033296,0,13063,Low Risk,True Negative
1,0.3604861,0,15030,Medium Risk,False Negative
0,0.06009759,0,30033,Low Risk,True Negative
1,0.76796997,1,43742,Critical Risk,True Positive
0,0.17468889,0,2812,Low Risk,True Negative
0,0.1890367,0,42475,Low Risk,True Negative
0,0.25112993,0,8819,Medium Risk,True Negative
0,0.6249908,1,27307,High Risk,False Positive
0,0.14743158,0,27621,Low Risk,True Negative
0,0.4038362,0,5846,Medium Risk,True Negative
0,0.6370736,1,26870,High Risk,False Positive
0,0.23441418,0,12525,Low Risk,True Negative
0,0.15699337,0,40188,Low Risk,True Negative
0,0.2917137,0,9416,Medium Risk,True Negative
1,0.74787396,1,43004,High Risk,True Positive
0,0.82693774,1,21517,Critical Risk,False Positive
0,0.31698024,0,5801,Medium Risk,True Negative
0,0.27507895,0,16485,Medium Risk,True Negative
0,0.16242443,0,36493,Low Risk,True Negative
0,0.22613187,0,4365,Low Risk,True Negative
1,0.53515035,1,42298,High Risk,True Positive
0,0.023826709,0,33356,Low Risk,True Negative
0,0.0808725,0,29676,Low Risk,True Negative
0,0.2314724,0,5513,Low Risk,True Negative
0,0.26815385,0,24305,Medium Risk,True Negative
0,0.08619342,0,34408,Low Risk,True Negative
0,0.06256945,0,42555,Low Risk,True Negative
0,0.06711882,0,27764,Low Risk,True Negative
0,0.06253159,0,21683,Low Risk,True Negative
0,0.105393134,0,4039,Low Risk,True Negative
0,0.06651996,0,28199,Low Risk,True Negative
0,0.816105,1,22731,Critical Risk,False Positive
0,0.11069596,0,19681,Low Risk,True Negative
0,0.08953761,0,17472,Low Risk,True Negative
0,0.36835063,0,7064,Medium Risk,True Negative
1,0.8006883,1,4417,Critical Risk,True Positive
0,0.79488075,1,35007,Critical Risk,False Positive
0,0.83988565,1,36227,Critical Risk,False Positive
0,0.036579657,0,22911,Low Risk,True Negative
0,0.15247005,0,2852,Low Risk,True Negative
0,0.3316123,0,12245,Medium Risk,True Negative
0,0.11660217,0,3291,Low Risk,True Negative
0,0.3847818,0,15159,Medium Risk,True Negative
0,0.5554997,1,40787,High Risk,False Positive
0,0.71100813,1,7229,High Risk,False Positive
0,0.099986136,0,38676,Low Risk,True Negative
1,0.7833104,1,10741,Critical Risk,True Positive
0,0.259151,0,33439,Medium Risk,True Negative
0,0.21735784,0,27316,Low Risk,True Negative
1,0.8780058,1,12977,Critical Risk,True Positive
0,0.24158739,0,40042,Low Risk,True Negative
0,0.7447561,1,27938,High Risk,False Positive
1,0.8387583,1,37021,Critical Risk,True Positive
0,0.092045985,0,38795,Low Risk,True Negative
0,0.65465105,1,35669,High Risk,False Positive
0,0.060953587,0,10588,Low Risk,True Negative
0,0.49811485,0,35597,Medium Risk,True Negative
0,0.10770511,0,1722,Low Risk,True Negative
0,0.095267355,0,24959,Low Risk,True Negative
0,0.18326084,0,43856,Low Risk,True Negative
0,0.23443434,0,36868,Low Risk,True Negative
0,0.036974203,0,1825,Low Risk,True Negative
0,0.15584156,0,28948,Low Risk,True Negative
0,0.17559484,0,39654,Low Risk,True Negative
0,0.6827694,1,22270,High Risk,False Positive
0,0.13308544,0,21279,Low Risk,True Negative
0,0.13881248,0,2901,Low Risk,True Negative
0,0.10485104,0,25157,Low Risk,True Negative
0,0.13287775,0,22457,Low Risk,True Negative
0,0.41176894,0,31960,Medium Risk,True Negative
0,0.1431203,0,7442,Low Risk,True Negative
0,0.03316365,0,33579,Low Risk,True Negative
0,0.09311338,0,43118,Low Risk,True Negative
0,0.10150235,0,41571,Low Risk,True Negative
0,0.21900591,0,32366,Low Risk,True Negative
0,0.73014736,1,31444,High Risk,False Positive
0,0.04700773,0,42034,Low Risk,True Negative
1,0.41441458,0,35373,Medium Risk,False Negative
0,0.22821116,0,24770,Low Risk,True Negative
1,0.55145127,1,39714,High Risk,True Positive
0,0.37190136,0,13598,Medium Risk,True Negative
0,0.5834909,1,20540,High Risk,False Positive
0,0.55188733,1,20552,High Risk,False Positive
0,0.17953765,0,5601,Low Risk,True Negative
0,0.20484456,0,33477,Low Risk,True Negative
0,0.027979288,0,3589,Low Risk,True Negative
0,0.2587057,0,5459,Medium Risk,True Negative
0,0.4444227,0,21189,Medium Risk,True Negative
0,0.07086608,0,28898,Low Risk,True Negative
0,0.07295911,0,28638,Low Risk,True Negative
0,0.4282081,0,30454,Medium Risk,True Negative
0,0.53059024,1,12447,High Risk,False Positive
0,0.10401107,0,11502,Low Risk,True Negative
0,0.735115,1,32392,High Risk,False Positive
1,0.8228489,1,17556,Critical Risk,True Positive
0,0.8576814,1,859,Critical Risk,False Positive
0,0.31547546,0,34622,Medium Risk,True Negative
0,0.21791096,0,31662,Low Risk,True Negative
0,0.11949189,0,18437,Low Risk,True Negative
0,0.09780665,0,25441,Low Risk,True Negative
1,0.3907474,0,24818,Medium Risk,False Negative
0,0.23051879,0,9,Low Risk,True Negative
0,0.14439017,0,2914,Low Risk,True Negative
1,0.88901275,1,21472,Critical Risk,True Positive
0,0.09785189,0,1721,Low Risk,True Negative
0,0.15190448,0,43557,Low Risk,True Negative
0,0.43740696,0,17988,Medium Risk,True Negative
0,0.12893026,0,28268,Low Risk,True Negative
0,0.22328104,0,6479,Low Risk,True Negative
0,0.14789549,0,27589,Low Risk,True Negative
0,0.08411399,0,21426,Low Risk,True Negative
0,0.18342073,0,6729,Low Risk,True Negative
0,0.3931068,0,4484,Medium Risk,True Negative
0,0.13276836,0,23133,Low Risk,True Negative
0,0.03178279,0,8123,Low Risk,True Negative
0,0.13201055,0,16680,Low Risk,True Negative
0,0.15726873,0,21156,Low Risk,True Negative
0,0.13394262,0,19870,Low Risk,True Negative
0,0.09393114,0,15274,Low Risk,True Negative
0,0.6868101,1,24370,High Risk,False Positive
1,0.7952963,1,4181,Critical Risk,True Positive
0,0.030828575,0,25030,Low Risk,True Negative
0,0.41161883,0,221,Medium Risk,True Negative
0,0.5056564,1,7730,High Risk,False Positive
1,0.09985828,0,13579,Low Risk,False Negative
0,0.12823242,0,389,Low Risk,True Negative
0,0.44843566,0,30866,Medium Risk,True Negative
1,0.20768546,0,7983,Low Risk,False Negative
1,0.9188791,1,5396,Critical Risk,True Positive
0,0.071550354,0,2238,Low Risk,True Negative
1,0.77792346,1,26932,Critical Risk,True Positive
0,0.046879526,0,35818,Low Risk,True Negative
0,0.12522405,0,32378,Low Risk,True Negative
0,0.21274464,0,30498,Low Risk,True Negative
0,0.23878318,0,34902,Low Risk,True Negative
0,0.14387102,0,18108,Low Risk,True Negative
0,0.04943621,0,2776,Low Risk,True Negative
0,0.53834826,1,24963,High Risk,False Positive
1,0.72073233,1,14944,High Risk,True Positive
0,0.17706914,0,19376,Low Risk,True Negative
0,0.12820661,0,12220,Low Risk,True Negative
1,0.83693016,1,7922,Critical Risk,True Positive
0,0.31880525,0,12775,Medium Risk,True Negative
0,0.8018299,1,40062,Critical Risk,False Positive
0,0.49082825,0,34355,Medium Risk,True Negative
0,0.53450924,1,3948,High Risk,False Positive
0,0.26963565,0,32723,Medium Risk,True Negative
1,0.1952641,0,1028,Low Risk,False Negative
0,0.12441506,0,40681,Low Risk,True Negative
0,0.1487045,0,23685,Low Risk,True Negative
1,0.94326115,1,19965,Critical Risk,True Positive
0,0.14139423,0,522,Low Risk,True Negative
0,0.68047863,1,9840,High Risk,False Positive
1,0.52676797,1,21752,High Risk,True Positive
0,0.19177735,0,26098,Low Risk,True Negative
1,0.36261776,0,44160,Medium Risk,False Negative
0,0.0645347,0,4167,Low Risk,True Negative
0,0.8145154,1,18812,Critical Risk,False Positive
0,0.3825664,0,26513,Medium Risk,True Negative
0,0.09421982,0,8721,Low Risk,True Negative
0,0.14291862,0,32053,Low Risk,True Negative
0,0.4947448,0,40250,Medium Risk,True Negative
0,0.21505603,0,43712,Low Risk,True Negative
0,0.71873575,1,33870,High Risk,False Positive
0,0.35066903,0,21773,Medium Risk,True Negative
0,0.06408998,0,40964,Low Risk,True Negative
0,0.2179819,0,8240,Low Risk,True Negative
0,0.10227136,0,30767,Low Risk,True Negative
0,0.09558479,0,36152,Low Risk,True Negative
0,0.013668357,0,35166,Low Risk,True Negative
0,0.16183397,0,36605,Low Risk,True Negative
0,0.24678072,0,23741,Low Risk,True Negative
0,0.6880045,1,27884,High Risk,False Positive
0,0.082456395,0,38029,Low Risk,True Negative
0,0.34109366,0,786,Medium Risk,True Negative
0,0.12552457,0,19188,Low Risk,True Negative
0,0.82679474,1,23190,Critical Risk,False Positive
0,0.1576888,0,15798,Low Risk,True Negative
0,0.092359,0,26795,Low Risk,True Negative
0,0.21244432,0,20613,Low Risk,True Negative
0,0.25345692,0,24834,Medium Risk,True Negative
0,0.750526,1,6823,Critical Risk,False Positive
0,0.20911703,0,32964,Low Risk,True Negative
0,0.17905672,0,31123,Low Risk,True Negative
1,0.41790888,0,32449,Medium Risk,False Negative
0,0.086807,0,18562,Low Risk,True Negative
0,0.0822282,0,12212,Low Risk,True Negative
0,0.20752656,0,25916,Low Risk,True Negative
0,0.5196125,1,23594,High Risk,False Positive
0,0.32716691,0,38957,Medium Risk,True Negative
0,0.2208283,0,35182,Low Risk,True Negative
1,0.77336764,1,6128,Critical Risk,True Positive
0,0.20478494,0,2525,Low Risk,True Negative
0,0.11501451,0,40814,Low Risk,True Negative
0,0.383948,0,26490,Medium Risk,True Negative
0,0.7784208,1,7331,Critical Risk,False Positive
0,0.078370534,0,5171,Low Risk,True Negative
0,0.16704303,0,32292,Low Risk,True Negative
0,0.0874456,0,18381,Low Risk,True Negative
1,0.91396624,1,18912,Critical Risk,True Positive
0,0.17114042,0,28375,Low Risk,True Negative
1,0.21201399,0,7960,Low Risk,False Negative
0,0.15148075,0,5398,Low Risk,True Negative
0,0.18331271,0,39073,Low Risk,True Negative
0,0.056932002,0,16408,Low Risk,True Negative
0,0.25695112,0,33720,Medium Risk,True Negative
0,0.6145633,1,16568,High Risk,False Positive
0,0.15912686,0,36414,Low Risk,True Negative
0,0.31091204,0,6745,Medium Risk,True Negative
0,0.14037955,0,9899,Low Risk,True Negative
0,0.0810868,0,3516,Low Risk,True Negative
0,0.18296498,0,14948,Low Risk,True Negative
0,0.10238731,0,5929,Low Risk,True Negative
1,0.13187683,0,18601,Low Risk,False Negative
0,0.6620595,1,691,High Risk,False Positive
0,0.18863352,0,9189,Low Risk,True Negative
0,0.7713577,1,44162,Critical Risk,False Positive
0,0.20668553,0,31389,Low Risk,True Negative
0,0.6333346,1,37758,High Risk,False Positive
0,0.24147128,0,18064,Low Risk,True Negative
0,0.053972244,0,13929,Low Risk,True Negative
1,0.2316731,0,897,Low Risk,False Negative
0,0.23570211,0,24055,Low Risk,True Negative
1,0.44373518,0,6282,Medium Risk,False Negative
0,0.39862475,0,31677,Medium Risk,True Negative
0,0.4138516,0,40312,Medium Risk,True Negative
0,0.27795297,0,34310,Medium Risk,True Negative
0,0.24266663,0,33203,Low Risk,True Negative
0,0.30210173,0,25142,Medium Risk,True Negative
1,0.358362,0,24592,Medium Risk,False Negative
0,0.19322608,0,25961,Low Risk,True Negative
1,0.2575399,0,18727,Medium Risk,False Negative
0,0.041902777,0,29501,Low Risk,True Negative
0,0.13911264,0,14453,Low Risk,True Negative
0,0.38341445,0,39271,Medium Risk,True Negative
0,0.110364504,0,41301,Low Risk,True Negative
0,0.7368743,1,10368,High Risk,False Positive
1,0.33622357,0,30111,Medium Risk,False Negative
0,0.082897864,0,35739,Low Risk,True Negative
1,0.5578594,1,7209,High Risk,True Positive
0,0.33962503,0,29513,Medium Risk,True Negative
0,0.08567022,0,38181,Low Risk,True Negative
0,0.2618876,0,29357,Medium Risk,True Negative
0,0.034582276,0,10728,Low Risk,True Negative
0,0.16744573,0,28479,Low Risk,True Negative
0,0.2548515,0,43115,Medium Risk,True Negative
1,0.5259289,1,592,High Risk,True Positive
0,0.08029297,0,13511,Low Risk,True Negative
0,0.56421757,1,16040,High Risk,False Positive
0,0.566241,1,28075,High Risk,False Positive
0,0.65409565,1,43836,High Risk,False Positive
0,0.26395836,0,23298,Medium Risk,True Negative
0,0.796755,1,12159,Critical Risk,False Positive
0,0.3064526,0,7532,Medium Risk,True Negative
0,0.07285567,0,26736,Low Risk,True Negative
0,0.28669226,0,8017,Medium Risk,True Negative
0,0.7361831,1,43378,High Risk,False Positive
0,0.056602754,0,30584,Low Risk,True Negative
0,0.35308573,0,22528,Medium Risk,True Negative
1,0.73907703,1,36565,High Risk,True Positive
0,0.03250905,0,35174,Low Risk,True Negative
0,0.60224503,1,40868,High Risk,False Positive
0,0.33065724,0,1815,Medium Risk,True Negative
0,0.6387518,1,14244,High Risk,False Positive
0,0.14664008,0,22361,Low Risk,True Negative
0,0.041852105,0,17689,Low Risk,True Negative
0,0.13853064,0,13491,Low Risk,True Negative
0,0.20273194,0,27671,Low Risk,True Negative
0,0.15155493,0,3367,Low Risk,True Negative
0,0.20637234,0,3253,Low Risk,True Negative
0,0.1013702,0,11567,Low Risk,True Negative
0,0.9209262,1,12021,Critical Risk,False Positive
0,0.37947872,0,37374,Medium Risk,True Negative
0,0.23425046,0,19730,Low Risk,True Negative
0,0.07390022,0,32387,Low Risk,True Negative
1,0.19905019,0,17049,Low Risk,False Negative
0,0.42742792,0,36005,Medium Risk,True Negative
0,0.19666405,0,23108,Low Risk,True Negative
0,0.21730103,0,7259,Low Risk,True Negative
0,0.41890484,0,8171,Medium Risk,True Negative
0,0.074091636,0,30517,Low Risk,True Negative
0,0.27701244,0,19324,Medium Risk,True Negative
0,0.039616745,0,22350,Low Risk,True Negative
0,0.07230522,0,20932,Low Risk,True Negative
0,0.10169791,0,27849,Low Risk,True Negative
0,0.4708805,0,31641,Medium Risk,True Negative
0,0.24474673,0,36496,Low Risk,True Negative
0,0.20885016,0,5927,Low Risk,True Negative
0,0.9444275,1,35943,Critical Risk,False Positive
0,0.18304977,0,16310,Low Risk,True Negative
0,0.5062554,1,35518,High Risk,False Positive
0,0.91422576,1,30120,Critical Risk,False Positive
1,0.7632467,1,4145,Critical Risk,True Positive
0,0.26661438,0,3664,Medium Risk,True Negative
0,0.14410909,0,35228,Low Risk,True Negative
0,0.8119014,1,16233,Critical Risk,False Positive
0,0.32216373,0,43075,Medium Risk,True Negative
1,0.5051253,1,20876,High Risk,True Positive
0,0.2945912,0,41046,Medium Risk,True Negative
1,0.64842266,1,33790,High Risk,True Positive
1,0.13180123,0,6031,Low Risk,False Negative
0,0.09288345,0,40909,Low Risk,True Negative
0,0.028501138,0,18455,Low Risk,True Negative
0,0.034693435,0,32771,Low Risk,True Negative
1,0.9287897,1,25079,Critical Risk,True Positive
0,0.15899839,0,20352,Low Risk,True Negative
0,0.12984794,0,10258,Low Risk,True Negative
1,0.8133443,1,4052,Critical Risk,True Positive
0,0.15521955,0,12215,Low Risk,True Negative
0,0.33021176,0,23063,Medium Risk,True Negative
0,0.06671915,0,5883,Low Risk,True Negative
0,0.22452347,0,5376,Low Risk,True Negative
0,0.12594515,0,40018,Low Risk,True Negative
0,0.04674801,0,33168,Low Risk,True Negative
0,0.096217595,0,11631,Low Risk,True Negative
0,0.21928589,0,29520,Low Risk,True Negative
0,0.3024661,0,3884,Medium Risk,True Negative
0,0.23737805,0,17650,Low Risk,True Negative
0,0.0701848,0,28476,Low Risk,True Negative
0,0.30604392,0,28198,Medium Risk,True Negative
0,0.3851284,0,19834,Medium Risk,True Negative
0,0.12198029,0,7387,Low Risk,True Negative
0,0.22566035,0,11387,Low Risk,True Negative
0,0.6235238,1,40409,High Risk,False Positive
0,0.01749711,0,8348,Low Risk,True Negative
0,0.21466622,0,23934,Low Risk,True Negative
0,0.3203371,0,35760,Medium Risk,True Negative
0,0.41063446,0,24344,Medium Risk,True Negative
0,0.5810286,1,6587,High Risk,False Positive
0,0.080572456,0,40032,Low Risk,True Negative
0,0.072136015,0,14384,Low Risk,True Negative
1,0.028787427,0,20676,Low Risk,False Negative
0,0.18853165,0,32744,Low Risk,True Negative
0,0.21507253,0,40091,Low Risk,True Negative
0,0.3872854,0,34201,Medium Risk,True Negative
1,0.42609027,0,30557,Medium Risk,False Negative
0,0.08481791,0,3716,Low Risk,True Negative
0,0.032149833,0,26024,Low Risk,True Negative
0,0.26852334,0,20651,Medium Risk,True Negative
0,0.67363346,1,23916,High Risk,False Positive
0,0.6536593,1,2366,High Risk,False Positive
0,0.15603812,0,31071,Low Risk,True Negative
0,0.5413134,1,21232,High Risk,False Positive
0,0.069000244,0,11543,Low Risk,True Negative
0,0.09651955,0,43545,Low Risk,True Negative
0,0.35585997,0,13432,Medium Risk,True Negative
1,0.38725293,0,39822,Medium Risk,False Negative
1,0.9386444,1,33303,Critical Risk,True Positive
0,0.23772074,0,1285,Low Risk,True Negative
0,0.17905112,0,11492,Low Risk,True Negative
0,0.15873495,0,18948,Low Risk,True Negative
0,0.49130768,0,37778,Medium Risk,True Negative
0,0.5086234,1,19134,High Risk,False Positive
0,0.78917354,1,35541,Critical Risk,False Positive
1,0.9028772,1,28990,Critical Risk,True Positive
1,0.7853328,1,39554,Critical Risk,True Positive
1,0.79257286,1,28163,Critical Risk,True Positive
1,0.65109986,1,7914,High Risk,True Positive
0,0.044048335,0,10167,Low Risk,True Negative
0,0.25458992,0,15161,Medium Risk,True Negative
0,0.18623042,0,11358,Low Risk,True Negative
0,0.11709237,0,42681,Low Risk,True Negative
0,0.39128405,0,30012,Medium Risk,True Negative
1,0.26116446,0,15575,Medium Risk,False Negative
0,0.8516016,1,8192,Critical Risk,False Positive
0,0.27375883,0,31979,Medium Risk,True Negative
0,0.16212706,0,6278,Low Risk,True Negative
0,0.15806949,0,42276,Low Risk,True Negative
0,0.2890179,0,18416,Medium Risk,True Negative
0,0.19783786,0,40906,Low Risk,True Negative
0,0.1593021,0,17114,Low Risk,True Negative
0,0.068078846,0,28931,Low Risk,True Negative
0,0.026568383,0,41756,Low Risk,True Negative
0,0.030760974,0,14371,Low Risk,True Negative
0,0.14768536,0,38472,Low Risk,True Negative
0,0.21149173,0,11552,Low Risk,True Negative
0,0.0996609,0,10460,Low Risk,True Negative
0,0.38922557,0,9134,Medium Risk,True Negative
1,0.4062948,0,26972,Medium Risk,False Negative
0,0.3639212,0,32338,Medium Risk,True Negative
0,0.13410269,0,44052,Low Risk,True Negative
0,0.16087091,0,16133,Low Risk,True Negative
0,0.45742804,0,32745,Medium Risk,True Negative
0,0.09967484,0,23441,Low Risk,True Negative
0,0.14267045,0,14101,Low Risk,True Negative
1,0.6183667,1,34770,High Risk,True Positive
0,0.09451067,0,35747,Low Risk,True Negative
0,0.039472792,0,32548,Low Risk,True Negative
0,0.07373723,0,19047,Low Risk,True Negative
0,0.0901396,0,32295,Low Risk,True Negative
0,0.18841691,0,14661,Low Risk,True Negative
0,0.04859655,0,43878,Low Risk,True Negative
0,0.35417297,0,29974,Medium Risk,True Negative
0,0.14388147,0,3121,Low Risk,True Negative
0,0.53504163,1,8431,High Risk,False Positive
0,0.1898766,0,17310,Low Risk,True Negative
0,0.916587,1,39826,Critical Risk,False Positive
0,0.22625393,0,12311,Low Risk,True Negative
0,0.14651173,0,5874,Low Risk,True Negative
0,0.07351572,0,23240,Low Risk,True Negative
0,0.07216832,0,32592,Low Risk,True Negative
0,0.056383535,0,21068,Low Risk,True Negative
0,0.046510395,0,12353,Low Risk,True Negative
0,0.072593674,0,25593,Low Risk,True Negative
0,0.18057299,0,321,Low Risk,True Negative
0,0.08411506,0,18881,Low Risk,True Negative
0,0.10686535,0,11351,Low Risk,True Negative
0,0.091898546,0,18784,Low Risk,True Negative
0,0.17080528,0,21836,Low Risk,True Negative
0,0.23767893,0,5121,Low Risk,True Negative
0,0.09210234,0,16597,Low Risk,True Negative
0,0.04885782,0,1542,Low Risk,True Negative
0,0.34047687,0,17329,Medium Risk,True Negative
0,0.8351915,1,9750,Critical Risk,False Positive
0,0.2987762,0,13410,Medium Risk,True Negative
0,0.055302482,0,41747,Low Risk,True Negative
0,0.19620499,0,18701,Low Risk,True Negative
0,0.85555935,1,39356,Critical Risk,False Positive
0,0.15519549,0,36080,Low Risk,True Negative
0,0.22279349,0,11679,Low Risk,True Negative
0,0.32975176,0,3566,Medium Risk,True Negative
0,0.63094115,1,34197,High Risk,False Positive
0,0.25244525,0,34179,Medium Risk,True Negative
1,0.61451286,1,5252,High Risk,True Positive
0,0.070131496,0,1934,Low Risk,True Negative
0,0.5639016,1,43272,High Risk,False Positive
0,0.90406543,1,5282,Critical Risk,False Positive
0,0.39320976,0,35583,Medium Risk,True Negative
0,0.24479158,0,888,Low Risk,True Negative
0,0.1457819,0,42063,Low Risk,True Negative
0,0.23001252,0,24162,Low Risk,True Negative
0,0.20216627,0,811,Low Risk,True Negative
0,0.67706984,1,1025,High Risk,False Positive
0,0.7600797,1,25530,Critical Risk,False Positive
0,0.070631996,0,19396,Low Risk,True Negative
1,0.73373187,1,20588,High Risk,True Positive
0,0.065408655,0,22637,Low Risk,True Negative
0,0.7395019,1,3346,High Risk,False Positive
0,0.07019257,0,5873,Low Risk,True Negative
0,0.13858029,0,18684,Low Risk,True Negative
0,0.028355626,0,39124,Low Risk,True Negative
0,0.29706752,0,18183,Medium Risk,True Negative
0,0.30966833,0,41122,Medium Risk,True Negative
0,0.17733288,0,8748,Low Risk,True Negative
0,0.2778547,0,38674,Medium Risk,True Negative
0,0.10748644,0,8972,Low Risk,True Negative
0,0.09528601,0,40938,Low Risk,True Negative
0,0.34450933,0,39302,Medium Risk,True Negative
0,0.47785658,0,7884,Medium Risk,True Negative
0,0.14639823,0,7237,Low Risk,True Negative
1,0.71961546,1,1986,High Risk,True Positive
0,0.8366809,1,36759,Critical Risk,False Positive
0,0.03398074,0,6990,Low Risk,True Negative
0,0.13004045,0,7581,Low Risk,True Negative
1,0.793341,1,13984,Critical Risk,True Positive
1,0.45845374,0,231,Medium Risk,False Negative
0,0.06154518,0,28231,Low Risk,True Negative
0,0.18996009,0,30845,Low Risk,True Negative
0,0.65078425,1,27118,High Risk,False Positive
0,0.025956031,0,19081,Low Risk,True Negative
1,0.29050463,0,25309,Medium Risk,False Negative
0,0.06090589,0,31221,Low Risk,True Negative
1,0.7646533,1,1894,Critical Risk,True Positive
0,0.2936568,0,8590,Medium Risk,True Negative
0,0.26782617,0,39894,Medium Risk,True Negative
0,0.67428064,1,19484,High Risk,False Positive
0,0.2731178,0,26173,Medium Risk,True Negative
0,0.33474833,0,16610,Medium Risk,True Negative
0,0.9007031,1,12592,Critical Risk,False Positive
0,0.42462862,0,33181,Medium Risk,True Negative
0,0.10813585,0,7083,Low Risk,True Negative
0,0.396441,0,7763,Medium Risk,True Negative
1,0.6905985,1,12436,High Risk,True Positive
0,0.028735803,0,30853,Low Risk,True Negative
0,0.092831925,0,23933,Low Risk,True Negative
1,0.781834,1,5346,Critical Risk,True Positive
0,0.39311254,0,15776,Medium Risk,True Negative
0,0.014375719,0,29298,Low Risk,True Negative
0,0.3476725,0,17084,Medium Risk,True Negative
0,0.20484321,0,25108,Low Risk,True Negative
0,0.055400066,0,10502,Low Risk,True Negative
0,0.21288978,0,31361,Low Risk,True Negative
0,0.27735218,0,33372,Medium Risk,True Negative
0,0.02836613,0,32599,Low Risk,True Negative
0,0.16958085,0,30572,Low Risk,True Negative
0,0.20104335,0,31886,Low Risk,True Negative
0,0.7689764,1,4498,Critical Risk,False Positive
0,0.035113256,0,4100,Low Risk,True Negative
0,0.59913355,1,42928,High Risk,False Positive
0,0.19151972,0,28436,Low Risk,True Negative
0,0.03729289,0,7684,Low Risk,True Negative
0,0.17960767,0,36032,Low Risk,True Negative
1,0.894819,1,21540,Critical Risk,True Positive
0,0.5496165,1,24587,High Risk,False Positive
0,0.13981059,0,26800,Low Risk,True Negative
0,0.27732006,0,33937,Medium Risk,True Negative
0,0.026484026,0,13852,Low Risk,True Negative
0,0.43657714,0,20763,Medium Risk,True Negative
0,0.34618238,0,3094,Medium Risk,True Negative
0,0.17064618,0,42640,Low Risk,True Negative
0,0.042029805,0,17838,Low Risk,True Negative
0,0.14158848,0,19983,Low Risk,True Negative
0,0.31728348,0,13916,Medium Risk,True Negative
0,0.29742876,0,21265,Medium Risk,True Negative
0,0.7858097,1,26489,Critical Risk,False Positive
1,0.25135347,0,4010,Medium Risk,False Negative
0,0.34281972,0,32462,Medium Risk,True Negative
0,0.6578436,1,21243,High Risk,False Positive
1,0.78032815,1,4450,Critical Risk,True Positive
0,0.4012667,0,10191,Medium Risk,True Negative
0,0.68098485,1,25227,High Risk,False Positive
0,0.12585917,0,16127,Low Risk,True Negative
0,0.13104913,0,43138,Low Risk,True Negative
0,0.034869466,0,20727,Low Risk,True Negative
0,0.17886376,0,33608,Low Risk,True Negative
0,0.16236934,0,10486,Low Risk,True Negative
0,0.054345552,0,40634,Low Risk,True Negative
1,0.025008772,0,12341,Low Risk,False Negative
0,0.19897434,0,38747,Low Risk,True Negative
1,0.8363314,1,15491,Critical Risk,True Positive
0,0.17474085,0,40480,Low Risk,True Negative
1,0.6427064,1,31829,High Risk,True Positive
0,0.066827595,0,29700,Low Risk,True Negative
0,0.11146064,0,35794,Low Risk,True Negative
0,0.20628616,0,2487,Low Risk,True Negative
0,0.0832816,0,11906,Low Risk,True Negative
0,0.1173554,0,27778,Low Risk,True Negative
0,0.6403012,1,19274,High Risk,False Positive
0,0.2603475,0,16254,Medium Risk,True Negative
0,0.02021059,0,16174,Low Risk,True Negative
0,0.33042988,0,4675,Medium Risk,True Negative
0,0.13947321,0,40601,Low Risk,True Negative
0,0.16311947,0,19152,Low Risk,True Negative
0,0.2487053,0,2918,Low Risk,True Negative
0,0.37047318,0,12346,Medium Risk,True Negative
0,0.4075458,0,4412,Medium Risk,True Negative
0,0.042252548,0,22942,Low Risk,True Negative
0,0.30176273,0,26236,Medium Risk,True Negative
0,0.36789542,0,31256,Medium Risk,True Negative
0,0.3861215,0,10850,Medium Risk,True Negative
0,0.17747384,0,22872,Low Risk,True Negative
0,0.16802263,0,24041,Low Risk,True Negative
0,0.14672282,0,35115,Low Risk,True Negative
0,0.28837684,0,29835,Medium Risk,True Negative
0,0.3968387,0,43192,Medium Risk,True Negative
0,0.79198194,1,3254,Critical Risk,False Positive
1,0.83840686,1,14163,Critical Risk,True Positive
0,0.18522766,0,2101,Low Risk,True Negative
0,0.18963006,0,33809,Low Risk,True Negative
0,0.25788528,0,8338,Medium Risk,True Negative
0,0.07940616,0,3956,Low Risk,True Negative
0,0.35939577,0,29012,Medium Risk,True Negative
0,0.8247041,1,4655,Critical Risk,False Positive
1,0.750661,1,30590,Critical Risk,True Positive
0,0.47961587,0,14233,Medium Risk,True Negative
0,0.22720587,0,25406,Low Risk,True Negative
0,0.16156976,0,381,Low Risk,True Negative
0,0.23455663,0,6713,Low Risk,True Negative
0,0.14206603,0,36014,Low Risk,True Negative
0,0.2049661,0,32485,Low Risk,True Negative
0,0.23427333,0,30780,Low Risk,True Negative
0,0.68821317,1,23164,High Risk,False Positive
1,0.82889134,1,38569,Critical Risk,True Positive
0,0.14655443,0,15514,Low Risk,True Negative
0,0.20251691,0,15688,Low Risk,True Negative
0,0.20086043,0,26045,Low Risk,True Negative
0,0.45412728,0,7811,Medium Risk,True Negative
0,0.29314724,0,39811,Medium Risk,True Negative
0,0.29155144,0,3846,Medium Risk,True Negative
0,0.28980985,0,4231,Medium Risk,True Negative
0,0.11339726,0,37257,Low Risk,True Negative
0,0.05369986,0,29932,Low Risk,True Negative
0,0.28082496,0,12071,Medium Risk,True Negative
0,0.01888829,0,39843,Low Risk,True Negative
0,0.617726,1,21311,High Risk,False Positive
0,0.021448072,0,382,Low Risk,True Negative
0,0.1507764,0,13771,Low Risk,True Negative
1,0.8909196,1,12751,Critical Risk,True Positive
0,0.059904177,0,28833,Low Risk,True Negative
0,0.3797818,0,22876,Medium Risk,True Negative
0,0.14576848,0,39498,Low Risk,True Negative
0,0.17199452,0,15041,Low Risk,True Negative
0,0.3069198,0,17675,Medium Risk,True Negative
1,0.43237364,0,27597,Medium Risk,False Negative
1,0.58139086,1,3024,High Risk,True Positive
0,0.031838156,0,20994,Low Risk,True Negative
0,0.08027102,0,24254,Low Risk,True Negative
0,0.1752933,0,3129,Low Risk,True Negative
0,0.018000504,0,30919,Low Risk,True Negative
1,0.7595681,1,41398,Critical Risk,True Positive
0,0.076211736,0,25759,Low Risk,True Negative
1,0.15843548,0,15205,Low Risk,False Negative
1,0.56398636,1,33862,High Risk,True Positive
0,0.1026031,0,11232,Low Risk,True Negative
0,0.13939296,0,5653,Low Risk,True Negative
0,0.56448275,1,15246,High Risk,False Positive
0,0.21138927,0,400,Low Risk,True Negative
0,0.115395226,0,7951,Low Risk,True Negative
0,0.25920302,0,22341,Medium Risk,True Negative
0,0.11714698,0,19347,Low Risk,True Negative
0,0.53056353,1,34928,High Risk,False Positive
1,0.17433828,0,16936,Low Risk,False Negative
0,0.22043356,0,1816,Low Risk,True Negative
0,0.051344663,0,17074,Low Risk,True Negative
0,0.8206774,1,3120,Critical Risk,False Positive
0,0.20509247,0,1242,Low Risk,True Negative
0,0.2793843,0,38615,Medium Risk,True Negative
1,0.5835518,1,23777,High Risk,True Positive
0,0.074950755,0,39028,Low Risk,True Negative
0,0.15815032,0,10548,Low Risk,True Negative
0,0.47138646,0,24108,Medium Risk,True Negative
0,0.04821738,0,6537,Low Risk,True Negative
0,0.113624476,0,38462,Low Risk,True Negative
0,0.63030595,1,41675,High Risk,False Positive
1,0.6758297,1,32928,High Risk,True Positive
0,0.082265764,0,7422,Low Risk,True Negative
1,0.74776244,1,36363,High Risk,True Positive
0,0.36425212,0,15974,Medium Risk,True Negative
0,0.827054,1,12830,Critical Risk,False Positive
1,0.103381895,0,16879,Low Risk,False Negative
0,0.22948009,0,33590,Low Risk,True Negative
0,0.29516637,0,12002,Medium Risk,True Negative
0,0.07035313,0,42373,Low Risk,True Negative
0,0.92430705,1,14116,Critical Risk,False Positive
0,0.21139064,0,1390,Low Risk,True Negative
1,0.18722774,0,10056,Low Risk,False Negative
0,0.18474677,0,35827,Low Risk,True Negative
0,0.35952288,0,16896,Medium Risk,True Negative
0,0.05574416,0,9073,Low Risk,True Negative
0,0.12941429,0,20468,Low Risk,True Negative
0,0.33642367,0,19247,Medium Risk,True Negative
0,0.35803768,0,15338,Medium Risk,True Negative
0,0.09817881,0,30176,Low Risk,True Negative
0,0.13275279,0,32091,Low Risk,True Negative
0,0.23518345,0,32838,Low Risk,True Negative
0,0.12628844,0,6154,Low Risk,True Negative
0,0.11049492,0,36351,Low Risk,True Negative
0,0.16511682,0,10156,Low Risk,True Negative
0,0.29251054,0,44137,Medium Risk,True Negative
0,0.25532982,0,9968,Medium Risk,True Negative
0,0.14366545,0,14053,Low Risk,True Negative
0,0.11701763,0,26448,Low Risk,True Negative
0,0.07936672,0,25171,Low Risk,True Negative
0,0.2347073,0,19137,Low Risk,True Negative
0,0.04544065,0,15653,Low Risk,True Negative
0,0.062878765,0,17977,Low Risk,True Negative
0,0.1753763,0,15440,Low Risk,True Negative
0,0.8455834,1,12251,Critical Risk,False Positive
1,0.83425164,1,4348,Critical Risk,True Positive
0,0.37804016,0,15885,Medium Risk,True Negative
0,0.26168156,0,33823,Medium Risk,True Negative
0,0.08301172,0,16843,Low Risk,True Negative
0,0.3237873,0,6967,Medium Risk,True Negative
0,0.78705627,1,2560,Critical Risk,False Positive
0,0.16109855,0,26779,Low Risk,True Negative
0,0.41300145,0,27947,Medium Risk,True Negative
0,0.47120786,0,6912,Medium Risk,True Negative
0,0.036338124,0,35799,Low Risk,True Negative
0,0.17717554,0,12519,Low Risk,True Negative
0,0.25618264,0,43758,Medium Risk,True Negative
0,0.79422253,1,19302,Critical Risk,False Positive
0,0.066716254,0,36654,Low Risk,True Negative
1,0.34870583,0,854,Medium Risk,False Negative
0,0.22734779,0,28196,Low Risk,True Negative
0,0.2276672,0,24672,Low Risk,True Negative
0,0.035794582,0,27031,Low Risk,True Negative
0,0.5231545,1,27181,High Risk,False Positive
0,0.062368136,0,28364,Low Risk,True Negative
0,0.03577094,0,26818,Low Risk,True Negative
0,0.41112393,0,41383,Medium Risk,True Negative
0,0.0072604814,0,37727,Low Risk,True Negative
0,0.31181446,0,1919,Medium Risk,True Negative
1,0.53942645,1,3672,High Risk,True Positive
0,0.39546797,0,276,Medium Risk,True Negative
0,0.13795558,0,23481,Low Risk,True Negative
0,0.21098512,0,16043,Low Risk,True Negative
0,0.01840795,0,22398,Low Risk,True Negative
0,0.33602065,0,42217,Medium Risk,True Negative
0,0.108728,0,17270,Low Risk,True Negative
0,0.024492623,0,27664,Low Risk,True Negative
0,0.09035273,0,30696,Low Risk,True Negative
0,0.23942693,0,13212,Low Risk,True Negative
0,0.41502273,0,11141,Medium Risk,True Negative
0,0.51792353,1,5784,High Risk,False Positive
0,0.29002416,0,30256,Medium Risk,True Negative
1,0.17523308,0,27971,Low Risk,False Negative
0,0.019511826,0,25430,Low Risk,True Negative
0,0.299057,0,38320,Medium Risk,True Negative
0,0.22325048,0,7173,Low Risk,True Negative
0,0.07552812,0,31810,Low Risk,True Negative
0,0.06895073,0,10023,Low Risk,True Negative
0,0.074424066,0,5219,Low Risk,True Negative
0,0.6361423,1,31062,High Risk,False Positive
0,0.082045,0,19976,Low Risk,True Negative
0,0.27311942,0,26497,Medium Risk,True Negative
0,0.03612543,0,6034,Low Risk,True Negative
0,0.15930651,0,36639,Low Risk,True Negative
1,0.8739049,1,21703,Critical Risk,True Positive
0,0.51109296,1,6968,High Risk,False Positive
0,0.109970674,0,28571,Low Risk,True Negative
0,0.017763002,0,27755,Low Risk,True Negative
0,0.024334,0,23764,Low Risk,True Negative
0,0.03398253,0,21010,Low Risk,True Negative
0,0.051364467,0,32106,Low Risk,True Negative
0,0.038933612,0,16236,Low Risk,True Negative
1,0.17311229,0,37344,Low Risk,False Negative
0,0.3262524,0,4602,Medium Risk,True Negative
0,0.07026051,0,28658,Low Risk,True Negative
0,0.29032257,0,18814,Medium Risk,True Negative
0,0.7656376,1,29857,Critical Risk,False Positive
0,0.04101758,0,36475,Low Risk,True Negative
0,0.057184536,0,34306,Low Risk,True Negative
0,0.1294419,0,37981,Low Risk,True Negative
0,0.21056668,0,36573,Low Risk,True Negative
0,0.5941035,1,35092,High Risk,False Positive
0,0.7383875,1,23510,High Risk,False Positive
0,0.903146,1,38050,Critical Risk,False Positive
1,0.8554993,1,40879,Critical Risk,True Positive
0,0.40340295,0,12142,Medium Risk,True Negative
1,0.9338334,1,34634,Critical Risk,True Positive
0,0.15160342,0,41861,Low Risk,True Negative
0,0.35244724,0,17029,Medium Risk,True Negative
0,0.3357153,0,20688,Medium Risk,True Negative
0,0.09293079,0,14664,Low Risk,True Negative
0,0.1386632,0,9493,Low Risk,True Negative
0,0.56889284,1,42965,High Risk,False Positive
0,0.082231775,0,19605,Low Risk,True Negative
0,0.07673684,0,33336,Low Risk,True Negative
0,0.16150221,0,5979,Low Risk,True Negative
0,0.10547346,0,18147,Low Risk,True Negative
0,0.06794317,0,5401,Low Risk,True Negative
0,0.13907291,0,34764,Low Risk,True Negative
0,0.04515374,0,5017,Low Risk,True Negative
0,0.11345366,0,25394,Low Risk,True Negative
0,0.10600006,0,42324,Low Risk,True Negative
0,0.18798244,0,24486,Low Risk,True Negative
1,0.4021214,0,899,Medium Risk,False Negative
0,0.095481366,0,2437,Low Risk,True Negative
0,0.19265375,0,30925,Low Risk,True Negative
0,0.34078127,0,19076,Medium Risk,True Negative
0,0.16572806,0,17972,Low Risk,True Negative
0,0.36632526,0,14982,Medium Risk,True Negative
0,0.13889645,0,36734,Low Risk,True Negative
0,0.452163,0,9269,Medium Risk,True Negative
0,0.09729198,0,15249,Low Risk,True Negative
0,0.17713837,0,19110,Low Risk,True Negative
0,0.32543674,0,15972,Medium Risk,True Negative
0,0.18014589,0,32304,Low Risk,True Negative
1,0.30553988,0,1677,Medium Risk,False Negative
0,0.06326628,0,26317,Low Risk,True Negative
0,0.8192085,1,11321,Critical Risk,False Positive
0,0.34043613,0,19773,Medium Risk,True Negative
0,0.1373068,0,3207,Low Risk,True Negative
0,0.24642941,0,25647,Low Risk,True Negative
0,0.19990967,0,12317,Low Risk,True Negative
0,0.034795284,0,36476,Low Risk,True Negative
0,0.022297544,0,13163,Low Risk,True Negative
0,0.72487015,1,9725,High Risk,False Positive
0,0.1452389,0,28536,Low Risk,True Negative
0,0.26224664,0,29186,Medium Risk,True Negative
0,0.47969198,0,17482,Medium Risk,True Negative
0,0.028279645,0,36908,Low Risk,True Negative
0,0.27764952,0,31882,Medium Risk,True Negative
1,0.6808134,1,946,High Risk,True Positive
0,0.18586914,0,35995,Low Risk,True Negative
0,0.11861334,0,15108,Low Risk,True Negative
0,0.12136902,0,29218,Low Risk,True Negative
0,0.17050281,0,22792,Low Risk,True Negative
1,0.7721873,1,7313,Critical Risk,True Positive
0,0.3009176,0,17816,Medium Risk,True Negative
0,0.41463646,0,9353,Medium Risk,True Negative
0,0.14800757,0,29439,Low Risk,True Negative
0,0.19932915,0,37676,Low Risk,True Negative
0,0.577302,1,10770,High Risk,False Positive
0,0.25376254,0,4573,Medium Risk,True Negative
0,0.04660178,0,1110,Low Risk,True Negative
1,0.8693741,1,12275,Critical Risk,True Positive
0,0.015773542,0,3297,Low Risk,True Negative
0,0.06420701,0,27284,Low Risk,True Negative
0,0.65456706,1,14349,High Risk,False Positive
0,0.35196146,0,29995,Medium Risk,True Negative
0,0.098341346,0,16367,Low Risk,True Negative
1,0.79255545,1,14165,Critical Risk,True Positive
0,0.17213032,0,37476,Low Risk,True Negative
0,0.1952304,0,33768,Low Risk,True Negative
0,0.13644643,0,18277,Low Risk,True Negative
0,0.74344355,1,27246,High Risk,False Positive
0,0.92604715,1,31645,Critical Risk,False Positive
1,0.7151271,1,2295,High Risk,True Positive
0,0.09876694,0,15627,Low Risk,True Negative
0,0.040475916,0,5041,Low Risk,True Negative
0,0.26501778,0,16870,Medium Risk,True Negative
0,0.04329527,0,28004,Low Risk,True Negative
0,0.17990527,0,32105,Low Risk,True Negative
0,0.7936919,1,23449,Critical Risk,False Positive
0,0.34097353,0,38788,Medium Risk,True Negative
0,0.03020895,0,25819,Low Risk,True Negative
0,0.04990157,0,11658,Low Risk,True Negative
0,0.50110745,1,13654,High Risk,False Positive
0,0.30460885,0,41321,Medium Risk,True Negative
0,0.314398,0,12906,Medium Risk,True Negative
0,0.25493708,0,7471,Medium Risk,True Negative
0,0.0669655,0,35352,Low Risk,True Negative
0,0.8995828,1,334,Critical Risk,False Positive
0,0.20192648,0,33673,Low Risk,True Negative
0,0.054281443,0,35327,Low Risk,True Negative
0,0.528914,1,40361,High Risk,False Positive
1,0.75275403,1,25028,Critical Risk,True Positive
1,0.7497697,1,5479,High Risk,True Positive
1,0.9195977,1,25835,Critical Risk,True Positive
1,0.38771456,0,25979,Medium Risk,False Negative
0,0.8234237,1,44136,Critical Risk,False Positive
0,0.32108608,0,44034,Medium Risk,True Negative
0,0.19933096,0,11809,Low Risk,True Negative
0,0.02385256,0,20840,Low Risk,True Negative
0,0.32366702,0,18104,Medium Risk,True Negative
0,0.14454688,0,1887,Low Risk,True Negative
0,0.7805865,1,2041,Critical Risk,False Positive
0,0.111506045,0,32787,Low Risk,True Negative
1,0.85424566,1,10805,Critical Risk,True Positive
0,0.34093347,0,34849,Medium Risk,True Negative
0,0.04949731,0,35001,Low Risk,True Negative
0,0.32107714,0,10190,Medium Risk,True Negative
0,0.44086203,0,42074,Medium Risk,True Negative
0,0.02754788,0,17058,Low Risk,True Negative
0,0.74011916,1,4149,High Risk,False Positive
0,0.10309528,0,3178,Low Risk,True Negative
0,0.057142124,0,9768,Low Risk,True Negative
0,0.25180689,0,2153,Medium Risk,True Negative
0,0.1857646,0,43131,Low Risk,True Negative
0,0.20228344,0,13898,Low Risk,True Negative
0,0.20015907,0,7742,Low Risk,True Negative
0,0.3702968,0,16034,Medium Risk,True Negative
0,0.07679627,0,5161,Low Risk,True Negative
0,0.17194991,0,36652,Low Risk,True Negative
0,0.25546357,0,2830,Medium Risk,True Negative
0,0.3573011,0,11393,Medium Risk,True Negative
0,0.3731155,0,4213,Medium Risk,True Negative
0,0.051354535,0,25402,Low Risk,True Negative
1,0.78599405,1,36260,Critical Risk,True Positive
0,0.86832976,1,44017,Critical Risk,False Positive
0,0.058604732,0,22827,Low Risk,True Negative
0,0.24640918,0,1287,Low Risk,True Negative
0,0.29089716,0,16624,Medium Risk,True Negative
1,0.14997244,0,11284,Low Risk,False Negative
0,0.2832167,0,28973,Medium Risk,True Negative
0,0.059560016,0,19432,Low Risk,True Negative
0,0.66853565,1,31975,High Risk,False Positive
0,0.76961845,1,30979,Critical Risk,False Positive
0,0.31724104,0,43720,Medium Risk,True Negative
0,0.25227562,0,44175,Medium Risk,True Negative
0,0.23490697,0,5578,Low Risk,True Negative
0,0.90709287,1,35089,Critical Risk,False Positive
0,0.08816553,0,4805,Low Risk,True Negative
0,0.13569464,0,28047,Low Risk,True Negative
0,0.07049392,0,19401,Low Risk,True Negative
0,0.05088436,0,7916,Low Risk,True Negative
0,0.30435178,0,41346,Medium Risk,True Negative
0,0.43768877,0,24433,Medium Risk,True Negative
0,0.08766561,0,29484,Low Risk,True Negative
0,0.41860515,0,23067,Medium Risk,True Negative
0,0.19432795,0,18967,Low Risk,True Negative
0,0.027396513,0,6903,Low Risk,True Negative
0,0.2683126,0,15790,Medium Risk,True Negative
0,0.077912025,0,18447,Low Risk,True Negative
0,0.114215754,0,42563,Low Risk,True Negative
0,0.027741034,0,22410,Low Risk,True Negative
1,0.5932622,1,921,High Risk,True Positive
0,0.16892897,0,7108,Low Risk,True Negative
0,0.031217134,0,6217,Low Risk,True Negative
0,0.260138,0,4998,Medium Risk,True Negative
0,0.06103711,0,26152,Low Risk,True Negative
0,0.1262562,0,20570,Low Risk,True Negative
1,0.9043239,1,25080,Critical Risk,True Positive
1,0.8535319,1,6602,Critical Risk,True Positive
0,0.4609644,0,34160,Medium Risk,True Negative
0,0.21521224,0,8204,Low Risk,True Negative
0,0.31974733,0,37859,Medium Risk,True Negative
0,0.1504073,0,14957,Low Risk,True Negative
0,0.7856712,1,35324,Critical Risk,False Positive
0,0.1578548,0,17526,Low Risk,True Negative
0,0.22811237,0,27136,Low Risk,True Negative
1,0.034303565,0,24736,Low Risk,False Negative
0,0.056642003,0,28881,Low Risk,True Negative
0,0.30531812,0,43129,Medium Risk,True Negative
0,0.22071813,0,27999,Low Risk,True Negative
0,0.18736523,0,43481,Low Risk,True Negative
0,0.85479206,1,17825,Critical Risk,False Positive
0,0.1836486,0,15286,Low Risk,True Negative
0,0.20233878,0,39497,Low Risk,True Negative
0,0.69006646,1,32908,High Risk,False Positive
0,0.21337005,0,41827,Low Risk,True Negative
0,0.0516078,0,6336,Low Risk,True Negative
0,0.20432922,0,29864,Low Risk,True Negative
0,0.36771315,0,25003,Medium Risk,True Negative
0,0.078499146,0,11866,Low Risk,True Negative
0,0.100006975,0,3971,Low Risk,True Negative
0,0.13568842,0,37139,Low Risk,True Negative
0,0.31104365,0,37365,Medium Risk,True Negative
0,0.4489984,0,19676,Medium Risk,True Negative
0,0.3695783,0,41980,Medium Risk,True Negative
0,0.50255245,1,1646,High Risk,False Positive
0,0.13795035,0,17848,Low Risk,True Negative
0,0.7187561,1,14818,High Risk,False Positive
0,0.14451398,0,2116,Low Risk,True Negative
0,0.10540127,0,29554,Low Risk,True Negative
0,0.07475226,0,32739,Low Risk,True Negative
0,0.04291123,0,38786,Low Risk,True Negative
1,0.37798032,0,4565,Medium Risk,False Negative
0,0.8566738,1,37152,Critical Risk,False Positive
1,0.40276843,0,30963,Medium Risk,False Negative
0,0.16929461,0,12596,Low Risk,True Negative
0,0.2741823,0,39349,Medium Risk,True Negative
0,0.104056716,0,31591,Low Risk,True Negative
0,0.11141036,0,25338,Low Risk,True Negative
0,0.07588688,0,14596,Low Risk,True Negative
0,0.15838917,0,5419,Low Risk,True Negative
0,0.36750978,0,42924,Medium Risk,True Negative
0,0.18513714,0,24089,Low Risk,True Negative
0,0.18620601,0,18444,Low Risk,True Negative
0,0.47699457,0,24182,Medium Risk,True Negative
0,0.35245112,0,29463,Medium Risk,True Negative
0,0.5266852,1,32877,High Risk,False Positive
0,0.8708838,1,41965,Critical Risk,False Positive
0,0.26704937,0,33293,Medium Risk,True Negative
0,0.044186555,0,41863,Low Risk,True Negative
0,0.41630802,0,7980,Medium Risk,True Negative
0,0.2548133,0,40613,Medium Risk,True Negative
0,0.15718824,0,25088,Low Risk,True Negative
0,0.8831704,1,19951,Critical Risk,False Positive
0,0.1334694,0,41917,Low Risk,True Negative
0,0.12310644,0,38933,Low Risk,True Negative
0,0.41911185,0,2100,Medium Risk,True Negative
0,0.14664535,0,24483,Low Risk,True Negative
0,0.65690434,1,41468,High Risk,False Positive
0,0.16044019,0,29666,Low Risk,True Negative
0,0.10444685,0,15129,Low Risk,True Negative
0,0.1014193,0,13582,Low Risk,True Negative
0,0.82393765,1,20923,Critical Risk,False Positive
0,0.49880672,0,31021,Medium Risk,True Negative
0,0.015544822,0,2462,Low Risk,True Negative
0,0.19931246,0,2842,Low Risk,True Negative
0,0.44965252,0,12028,Medium Risk,True Negative
0,0.21950582,0,6506,Low Risk,True Negative
0,0.6296972,1,864,High Risk,False Positive
0,0.31454206,0,34681,Medium Risk,True Negative
0,0.093439415,0,13271,Low Risk,True Negative
0,0.57715994,1,41960,High Risk,False Positive
0,0.05321947,0,28228,Low Risk,True Negative
0,0.6892107,1,7488,High Risk,False Positive
0,0.027494576,0,26049,Low Risk,True Negative
0,0.5069953,1,57,High Risk,False Positive
0,0.5323605,1,9853,High Risk,False Positive
0,0.12937374,0,35678,Low Risk,True Negative
0,0.44419375,0,9536,Medium Risk,True Negative
0,0.14102826,0,38660,Low Risk,True Negative
0,0.19110455,0,31350,Low Risk,True Negative
0,0.23944974,0,37262,Low Risk,True Negative
0,0.109025106,0,22682,Low Risk,True Negative
0,0.042435266,0,22196,Low Risk,True Negative
0,0.17475697,0,25083,Low Risk,True Negative
0,0.8349247,1,30972,Critical Risk,False Positive
0,0.1727918,0,10594,Low Risk,True Negative
1,0.5505145,1,17251,High Risk,True Positive
0,0.21660578,0,31198,Low Risk,True Negative
0,0.09710703,0,28982,Low Risk,True Negative
0,0.12656046,0,23757,Low Risk,True Negative
0,0.107701644,0,6169,Low Risk,True Negative
1,0.85862505,1,19430,Critical Risk,True Positive
0,0.4508093,0,23873,Medium Risk,True Negative
0,0.50047153,1,36571,High Risk,False Positive
1,0.87521726,1,40557,Critical Risk,True Positive
1,0.3819173,0,10328,Medium Risk,False Negative
0,0.36730826,0,42086,Medium Risk,True Negative
0,0.078771174,0,11197,Low Risk,True Negative
0,0.3568424,0,25044,Medium Risk,True Negative
0,0.123411305,0,24063,Low Risk,True Negative
0,0.38142657,0,23574,Medium Risk,True Negative
0,0.6491555,1,36642,High Risk,False Positive
0,0.308191,0,8016,Medium Risk,True Negative
0,0.11180932,0,13666,Low Risk,True Negative
0,0.055236846,0,24518,Low Risk,True Negative
0,0.4084163,0,1680,Medium Risk,True Negative
0,0.24547723,0,39059,Low Risk,True Negative
0,0.12783171,0,38389,Low Risk,True Negative
0,0.25281698,0,30478,Medium Risk,True Negative
0,0.09157294,0,28060,Low Risk,True Negative
0,0.39917067,0,28561,Medium Risk,True Negative
0,0.047554664,0,42390,Low Risk,True Negative
0,0.05278307,0,26060,Low Risk,True Negative
0,0.7452474,1,10205,High Risk,False Positive
0,0.037457842,0,4180,Low Risk,True Negative
1,0.5185506,1,5726,High Risk,True Positive
0,0.14376616,0,36139,Low Risk,True Negative
0,0.35412735,0,8,Medium Risk,True Negative
0,0.050767038,0,43285,Low Risk,True Negative
1,0.8527707,1,27998,Critical Risk,True Positive
0,0.8480971,1,5156,Critical Risk,False Positive
0,0.6038572,1,7511,High Risk,False Positive
0,0.108995445,0,3800,Low Risk,True Negative
0,0.48368573,0,11637,Medium Risk,True Negative
0,0.09101908,0,19431,Low Risk,True Negative
0,0.29906547,0,4002,Medium Risk,True Negative
0,0.10250442,0,38872,Low Risk,True Negative
0,0.10304195,0,29654,Low Risk,True Negative
0,0.092282794,0,16924,Low Risk,True Negative
0,0.34486353,0,41000,Medium Risk,True Negative
0,0.03573052,0,34658,Low Risk,True Negative
0,0.29954892,0,32647,Medium Risk,True Negative
0,0.11672389,0,38806,Low Risk,True Negative
0,0.37716532,0,12010,Medium Risk,True Negative
0,0.41219842,0,22109,Medium Risk,True Negative
0,0.045845017,0,2931,Low Risk,True Negative
0,0.8725419,1,21739,Critical Risk,False Positive
0,0.39249793,0,19977,Medium Risk,True Negative
0,0.028521676,0,13015,Low Risk,True Negative
0,0.23232773,0,11999,Low Risk,True Negative
1,0.9622592,1,10052,Critical Risk,True Positive
0,0.45477426,0,35643,Medium Risk,True Negative
1,0.80577904,1,5858,Critical Risk,True Positive
0,0.19934422,0,7662,Low Risk,True Negative
0,0.05419759,0,40543,Low Risk,True Negative
0,0.041428003,0,18019,Low Risk,True Negative
0,0.31175238,0,34,Medium Risk,True Negative
0,0.1931895,0,19765,Low Risk,True Negative
0,0.40549657,0,3217,Medium Risk,True Negative
0,0.08014668,0,35804,Low Risk,True Negative
0,0.28508258,0,3051,Medium Risk,True Negative
0,0.030168578,0,41100,Low Risk,True Negative
0,0.32587153,0,19710,Medium Risk,True Negative
0,0.07429057,0,25059,Low Risk,True Negative
0,0.8578475,1,33991,Critical Risk,False Positive
0,0.27159274,0,32977,Medium Risk,True Negative
1,0.07809356,0,30867,Low Risk,False Negative
0,0.06706481,0,37285,Low Risk,True Negative
0,0.28276938,0,15554,Medium Risk,True Negative
0,0.74123037,1,42311,High Risk,False Positive
0,0.07372842,0,20786,Low Risk,True Negative
0,0.19696555,0,32146,Low Risk,True Negative
0,0.08211578,0,29692,Low Risk,True Negative
0,0.10906497,0,14340,Low Risk,True Negative
1,0.53240997,1,14060,High Risk,True Positive
0,0.049026895,0,3102,Low Risk,True Negative
0,0.45007887,0,12591,Medium Risk,True Negative
0,0.07878024,0,23466,Low Risk,True Negative
0,0.03839446,0,25488,Low Risk,True Negative
0,0.6692307,1,36794,High Risk,False Positive
0,0.031261638,0,2320,Low Risk,True Negative
0,0.12314451,0,28521,Low Risk,True Negative
0,0.19992729,0,4722,Low Risk,True Negative
0,0.23552598,0,15586,Low Risk,True Negative
0,0.58780307,1,8868,High Risk,False Positive
0,0.2915511,0,37032,Medium Risk,True Negative
0,0.07411215,0,10778,Low Risk,True Negative
0,0.8862425,1,16657,Critical Risk,False Positive
0,0.048606303,0,42925,Low Risk,True Negative
0,0.22284025,0,10593,Low Risk,True Negative
0,0.102420755,0,35061,Low Risk,True Negative
0,0.050846823,0,14309,Low Risk,True Negative
0,0.11860804,0,32541,Low Risk,True Negative
0,0.042147603,0,23019,Low Risk,True Negative
0,0.36769408,0,10344,Medium Risk,True Negative
0,0.4627381,0,35988,Medium Risk,True Negative
0,0.018856194,0,24260,Low Risk,True Negative
0,0.062273234,0,22229,Low Risk,True Negative
0,0.84953445,1,33799,Critical Risk,False Positive
0,0.5900627,1,38252,High Risk,False Positive
0,0.3577738,0,9128,Medium Risk,True Negative
0,0.24255097,0,26346,Low Risk,True Negative
0,0.061299272,0,15655,Low Risk,True Negative
0,0.6100153,1,17306,High Risk,False Positive
0,0.70246357,1,25378,High Risk,False Positive
0,0.15464784,0,24717,Low Risk,True Negative
0,0.6804436,1,26155,High Risk,False Positive
0,0.10896271,0,16959,Low Risk,True Negative
0,0.021423716,0,36097,Low Risk,True Negative
0,0.074027136,0,17692,Low Risk,True Negative
1,0.9342238,1,31024,Critical Risk,True Positive
0,0.14291307,0,26040,Low Risk,True Negative
1,0.77710533,1,34614,Critical Risk,True Positive
0,0.033425923,0,27066,Low Risk,True Negative
0,0.20693858,0,43847,Low Risk,True Negative
0,0.2083457,0,20187,Low Risk,True Negative
1,0.34537148,0,3230,Medium Risk,False Negative
1,0.8175647,1,2110,Critical Risk,True Positive
1,0.14470123,0,22952,Low Risk,False Negative
0,0.04472358,0,2511,Low Risk,True Negative
0,0.015730066,0,41431,Low Risk,True Negative
0,0.059087586,0,4322,Low Risk,True Negative
0,0.09179906,0,15966,Low Risk,True Negative
0,0.07685554,0,30946,Low Risk,True Negative
0,0.637893,1,26997,High Risk,False Positive
0,0.25034145,0,13869,Medium Risk,True Negative
0,0.170082,0,22699,Low Risk,True Negative
0,0.11060779,0,42408,Low Risk,True Negative
0,0.6965004,1,14742,High Risk,False Positive
0,0.2128228,0,160,Low Risk,True Negative
0,0.14656639,0,28026,Low Risk,True Negative
0,0.25845644,0,14998,Medium Risk,True Negative
0,0.12416086,0,33655,Low Risk,True Negative
0,0.305389,0,26850,Medium Risk,True Negative
0,0.86767876,1,28676,Critical Risk,False Positive
0,0.10313596,0,12683,Low Risk,True Negative
0,0.59076506,1,29969,High Risk,False Positive
0,0.1803327,0,35850,Low Risk,True Negative
0,0.901203,1,33176,Critical Risk,False Positive
0,0.2784556,0,9421,Medium Risk,True Negative
0,0.75682926,1,31291,Critical Risk,False Positive
0,0.3856052,0,24084,Medium Risk,True Negative
1,0.32090825,0,12909,Medium Risk,False Negative
0,0.49085248,0,43475,Medium Risk,True Negative
0,0.19512674,0,15156,Low Risk,True Negative
0,0.76228184,1,36595,Critical Risk,False Positive
0,0.112144575,0,14519,Low Risk,True Negative
0,0.10643607,0,850,Low Risk,True Negative
1,0.8032843,1,38439,Critical Risk,True Positive
1,0.9631122,1,29394,Critical Risk,True Positive
1,0.95430857,1,42038,Critical Risk,True Positive
0,0.21391137,0,17072,Low Risk,True Negative
1,0.8376862,1,7722,Critical Risk,True Positive
0,0.6072629,1,4513,High Risk,False Positive
0,0.08119584,0,22048,Low Risk,True Negative
0,0.1237693,0,19600,Low Risk,True Negative
0,0.1795221,0,24837,Low Risk,True Negative
0,0.06821382,0,38669,Low Risk,True Negative
0,0.1315314,0,902,Low Risk,True Negative
0,0.10384918,0,29443,Low Risk,True Negative
0,0.11330688,0,39835,Low Risk,True Negative
1,0.8205369,1,32846,Critical Risk,True Positive
0,0.05863528,0,13537,Low Risk,True Negative
0,0.5192747,1,14940,High Risk,False Positive
1,0.9136499,1,25294,Critical Risk,True Positive
0,0.30990222,0,6982,Medium Risk,True Negative
0,0.060995962,0,37872,Low Risk,True Negative
0,0.5336835,1,5167,High Risk,False Positive
0,0.23972508,0,9202,Low Risk,True Negative
1,0.7429534,1,6648,High Risk,True Positive
1,0.6714183,1,12866,High Risk,True Positive
1,0.7631898,1,1629,Critical Risk,True Positive
0,0.13532917,0,27955,Low Risk,True Negative
0,0.539953,1,15991,High Risk,False Positive
0,0.2640686,0,26706,Medium Risk,True Negative
0,0.23938563,0,13581,Low Risk,True Negative
1,0.7613934,1,25315,Critical Risk,True Positive
0,0.11112724,0,25160,Low Risk,True Negative
0,0.097577065,0,11918,Low Risk,True Negative
0,0.8036137,1,29805,Critical Risk,False Positive
0,0.35696205,0,43364,Medium Risk,True Negative
0,0.91353416,1,27115,Critical Risk,False Positive
0,0.16595228,0,38134,Low Risk,True Negative
0,0.30190167,0,30465,Medium Risk,True Negative
0,0.13316992,0,9987,Low Risk,True Negative
0,0.49563357,0,30074,Medium Risk,True Negative
0,0.84901965,1,34818,Critical Risk,False Positive
0,0.39491075,0,11494,Medium Risk,True Negative
0,0.031714804,0,444,Low Risk,True Negative
0,0.8692282,1,34215,Critical Risk,False Positive
0,0.44020504,0,33818,Medium Risk,True Negative
0,0.16011068,0,18925,Low Risk,True Negative
0,0.21015227,0,32236,Low Risk,True Negative
0,0.064813875,0,40653,Low Risk,True Negative
0,0.22232457,0,35197,Low Risk,True Negative
0,0.86453444,1,5224,Critical Risk,False Positive
0,0.12224066,0,35043,Low Risk,True Negative
0,0.100684054,0,5997,Low Risk,True Negative
0,0.1970588,0,21553,Low Risk,True Negative
1,0.1301744,0,5773,Low Risk,False Negative
0,0.6400223,1,32783,High Risk,False Positive
0,0.63293254,1,42877,High Risk,False Positive
0,0.20703468,0,9179,Low Risk,True Negative
0,0.22835186,0,7485,Low Risk,True Negative
0,0.13649905,0,1338,Low Risk,True Negative
0,0.56150186,1,11563,High Risk,False Positive
0,0.34123242,0,7878,Medium Risk,True Negative
0,0.32355523,0,31735,Medium Risk,True Negative
0,0.26813096,0,35158,Medium Risk,True Negative
0,0.52163094,1,30957,High Risk,False Positive
0,0.48387033,0,13431,Medium Risk,True Negative
0,0.023474164,0,42535,Low Risk,True Negative
0,0.08521398,0,32698,Low Risk,True Negative
1,0.79371923,1,40211,Critical Risk,True Positive
0,0.8823639,1,25820,Critical Risk,False Positive
0,0.26512215,0,39506,Medium Risk,True Negative
0,0.42897746,0,12845,Medium Risk,True Negative
1,0.3677961,0,1344,Medium Risk,False Negative
0,0.26998636,0,33826,Medium Risk,True Negative
0,0.33782098,0,19734,Medium Risk,True Negative
0,0.24746233,0,7470,Low Risk,True Negative
0,0.6542522,1,23185,High Risk,False Positive
0,0.09864528,0,17247,Low Risk,True Negative
0,0.3222594,0,34010,Medium Risk,True Negative
0,0.82035196,1,10301,Critical Risk,False Positive
0,0.34647977,0,12361,Medium Risk,True Negative
0,0.08987301,0,19032,Low Risk,True Negative
0,0.1348062,0,43932,Low Risk,True Negative
0,0.11706999,0,6361,Low Risk,True Negative
0,0.09086063,0,9295,Low Risk,True Negative
0,0.5337222,1,13629,High Risk,False Positive
0,0.24232072,0,19232,Low Risk,True Negative
0,0.10216606,0,9627,Low Risk,True Negative
0,0.20187806,0,36210,Low Risk,True Negative
0,0.63320124,1,29962,High Risk,False Positive
0,0.21413246,0,28042,Low Risk,True Negative
0,0.1421141,0,24022,Low Risk,True Negative
0,0.2636245,0,17145,Medium Risk,True Negative
0,0.3104277,0,29450,Medium Risk,True Negative
0,0.21946676,0,3930,Low Risk,True Negative
0,0.22766395,0,43306,Low Risk,True Negative
0,0.23960134,0,26443,Low Risk,True Negative
0,0.06683078,0,10615,Low Risk,True Negative
0,0.07943221,0,28416,Low Risk,True Negative
0,0.45494565,0,9746,Medium Risk,True Negative
0,0.077047005,0,16280,Low Risk,True Negative
0,0.42930132,0,14230,Medium Risk,True Negative
0,0.21991538,0,13884,Low Risk,True Negative
0,0.3064899,0,19893,Medium Risk,True Negative
0,0.59375775,1,42006,High Risk,False Positive
0,0.24653263,0,22293,Low Risk,True Negative
0,0.055351503,0,5207,Low Risk,True Negative
0,0.3502387,0,16762,Medium Risk,True Negative
0,0.47625566,0,27420,Medium Risk,True Negative
0,0.06449901,0,28917,Low Risk,True Negative
0,0.060265053,0,39108,Low Risk,True Negative
0,0.18997741,0,18729,Low Risk,True Negative
0,0.32901004,0,30698,Medium Risk,True Negative
0,0.019593203,0,3389,Low Risk,True Negative
0,0.11593385,0,30129,Low Risk,True Negative
0,0.16246708,0,30920,Low Risk,True Negative
0,0.12898353,0,8352,Low Risk,True Negative
0,0.848854,1,33879,Critical Risk,False Positive
0,0.124518394,0,1824,Low Risk,True Negative
0,0.12050293,0,32775,Low Risk,True Negative
0,0.08608436,0,25633,Low Risk,True Negative
1,0.89665294,1,29312,Critical Risk,True Positive
1,0.19294734,0,9327,Low Risk,False Negative
0,0.10875111,0,12204,Low Risk,True Negative
0,0.19442332,0,5854,Low Risk,True Negative
0,0.8378455,1,12458,Critical Risk,False Positive
0,0.021156931,0,42411,Low Risk,True Negative
0,0.13643166,0,41509,Low Risk,True Negative
0,0.032334805,0,33833,Low Risk,True Negative
0,0.123867996,0,10533,Low Risk,True Negative
0,0.61366355,1,43654,High Risk,False Positive
0,0.22556436,0,26507,Low Risk,True Negative
0,0.5284405,1,9809,High Risk,False Positive
0,0.08210445,0,10835,Low Risk,True Negative
0,0.63125473,1,26405,High Risk,False Positive
0,0.028815677,0,18491,Low Risk,True Negative
0,0.08041089,0,4941,Low Risk,True Negative
0,0.485962,0,36886,Medium Risk,True Negative
0,0.45101392,0,19517,Medium Risk,True Negative
0,0.10000378,0,31878,Low Risk,True Negative
0,0.17076853,0,27617,Low Risk,True Negative
0,0.27255768,0,34200,Medium Risk,True Negative
0,0.10093928,0,42261,Low Risk,True Negative
0,0.66891474,1,40014,High Risk,False Positive
0,0.041550446,0,16446,Low Risk,True Negative
0,0.051080354,0,2675,Low Risk,True Negative
0,0.06823164,0,1703,Low Risk,True Negative
0,0.0956914,0,44184,Low Risk,True Negative
0,0.45505908,0,32896,Medium Risk,True Negative
0,0.671654,1,1723,High Risk,False Positive
0,0.09279239,0,34914,Low Risk,True Negative
0,0.1070505,0,22369,Low Risk,True Negative
0,0.086555354,0,21343,Low Risk,True Negative
0,0.34049568,0,32475,Medium Risk,True Negative
0,0.69011545,1,41603,High Risk,False Positive
0,0.1457912,0,23530,Low Risk,True Negative
1,0.82427317,1,28335,Critical Risk,True Positive
0,0.022632862,0,9845,Low Risk,True Negative
0,0.06043546,0,36810,Low Risk,True Negative
0,0.29860434,0,14710,Medium Risk,True Negative
0,0.27671558,0,32516,Medium Risk,True Negative
0,0.14972533,0,27214,Low Risk,True Negative
1,0.95938027,1,9854,Critical Risk,True Positive
0,0.3415726,0,5580,Medium Risk,True Negative
0,0.04763371,0,18698,Low Risk,True Negative
0,0.13903111,0,24704,Low Risk,True Negative
0,0.092789285,0,7744,Low Risk,True Negative
0,0.25791845,0,14367,Medium Risk,True Negative
0,0.24771608,0,28877,Low Risk,True Negative
0,0.16795701,0,25302,Low Risk,True Negative
0,0.13131508,0,16944,Low Risk,True Negative
0,0.21124661,0,38607,Low Risk,True Negative
0,0.12480135,0,20099,Low Risk,True Negative
0,0.3673472,0,5152,Medium Risk,True Negative
0,0.100175954,0,42767,Low Risk,True Negative
0,0.28604937,0,23981,Medium Risk,True Negative
0,0.030265884,0,29404,Low Risk,True Negative
0,0.09424487,0,8178,Low Risk,True Negative
1,0.4003028,0,30132,Medium Risk,False Negative
0,0.14658894,0,11747,Low Risk,True Negative
0,0.16564229,0,31327,Low Risk,True Negative
0,0.140358,0,22907,Low Risk,True Negative
0,0.11845031,0,30331,Low Risk,True Negative
0,0.1968669,0,17524,Low Risk,True Negative
0,0.054059952,0,21853,Low Risk,True Negative
0,0.109629214,0,23928,Low Risk,True Negative
0,0.12623942,0,35269,Low Risk,True Negative
1,0.578166,1,17872,High Risk,True Positive
0,0.14947434,0,13935,Low Risk,True Negative
0,0.28470168,0,17313,Medium Risk,True Negative
0,0.27966815,0,38918,Medium Risk,True Negative
1,0.12137457,0,39700,Low Risk,False Negative
0,0.32066283,0,11194,Medium Risk,True Negative
0,0.32476923,0,30486,Medium Risk,True Negative
0,0.46368495,0,4375,Medium Risk,True Negative
0,0.088911235,0,38161,Low Risk,True Negative
1,0.2634211,0,19793,Medium Risk,False Negative
0,0.32013598,0,24872,Medium Risk,True Negative
0,0.0125653865,0,34091,Low Risk,True Negative
0,0.24629654,0,23048,Low Risk,True Negative
0,0.8459146,1,31613,Critical Risk,False Positive
0,0.80261856,1,36808,Critical Risk,False Positive
0,0.16569625,0,27508,Low Risk,True Negative
0,0.2361885,0,8728,Low Risk,True Negative
0,0.60770893,1,43755,High Risk,False Positive
0,0.44425982,0,31188,Medium Risk,True Negative
0,0.9397897,1,3424,Critical Risk,False Positive
0,0.11129788,0,21983,Low Risk,True Negative
1,0.906739,1,35838,Critical Risk,True Positive
0,0.16841096,0,15581,Low Risk,True Negative
1,0.11975741,0,40832,Low Risk,False Negative
0,0.55485696,1,18143,High Risk,False Positive
0,0.109820984,0,7927,Low Risk,True Negative
0,0.7923666,1,6267,Critical Risk,False Positive
0,0.55197287,1,29097,High Risk,False Positive
0,0.18289277,0,4482,Low Risk,True Negative
0,0.072223604,0,43235,Low Risk,True Negative
0,0.43879485,0,42065,Medium Risk,True Negative
0,0.3719444,0,20815,Medium Risk,True Negative
0,0.020258902,0,44044,Low Risk,True Negative
0,0.30559635,0,42225,Medium Risk,True Negative
0,0.16188923,0,11028,Low Risk,True Negative
0,0.055444628,0,36124,Low Risk,True Negative
0,0.2633961,0,14406,Medium Risk,True Negative
0,0.022213524,0,15814,Low Risk,True Negative
0,0.66752607,1,2215,High Risk,False Positive
0,0.31763268,0,27253,Medium Risk,True Negative
0,0.74418896,1,13153,High Risk,False Positive
0,0.12857625,0,1369,Low Risk,True Negative
0,0.16069858,0,35549,Low Risk,True Negative
0,0.70565134,1,28850,High Risk,False Positive
0,0.06517108,0,1519,Low Risk,True Negative
0,0.15831797,0,30396,Low Risk,True Negative
0,0.17639463,0,15617,Low Risk,True Negative
0,0.035456132,0,12924,Low Risk,True Negative
0,0.13174504,0,24775,Low Risk,True Negative
1,0.8712979,1,530,Critical Risk,True Positive
0,0.25805414,0,351,Medium Risk,True Negative
0,0.77490824,1,41774,Critical Risk,False Positive
0,0.16159666,0,2276,Low Risk,True Negative
0,0.2680707,0,2660,Medium Risk,True Negative
0,0.1528658,0,41530,Low Risk,True Negative
0,0.101523094,0,42611,Low Risk,True Negative
0,0.11044054,0,3341,Low Risk,True Negative
0,0.04376139,0,3398,Low Risk,True Negative
0,0.3367247,0,33494,Medium Risk,True Negative
0,0.11674208,0,34299,Low Risk,True Negative
0,0.6958142,1,330,High Risk,False Positive
0,0.1885169,0,13727,Low Risk,True Negative
0,0.08612884,0,21059,Low Risk,True Negative
0,0.82445747,1,41130,Critical Risk,False Positive
0,0.82097083,1,38911,Critical Risk,False Positive
0,0.5115211,1,13750,High Risk,False Positive
0,0.19182211,0,33465,Low Risk,True Negative
0,0.32686436,0,36136,Medium Risk,True Negative
0,0.6839998,1,14007,High Risk,False Positive
0,0.039199263,0,18529,Low Risk,True Negative
0,0.055226237,0,21615,Low Risk,True Negative
0,0.3143128,0,7401,Medium Risk,True Negative
0,0.14772168,0,22030,Low Risk,True Negative
0,0.16522525,0,2286,Low Risk,True Negative
0,0.614028,1,34513,High Risk,False Positive
0,0.2549718,0,12356,Medium Risk,True Negative
0,0.31689388,0,38710,Medium Risk,True Negative
0,0.23662505,0,14939,Low Risk,True Negative
0,0.22498469,0,34631,Low Risk,True Negative
0,0.087088965,0,4507,Low Risk,True Negative
0,0.5640317,1,38530,High Risk,False Positive
0,0.040110614,0,20736,Low Risk,True Negative
0,0.066494666,0,27400,Low Risk,True Negative
1,0.85225266,1,6931,Critical Risk,True Positive
0,0.85310614,1,13312,Critical Risk,False Positive
0,0.3611254,0,35526,Medium Risk,True Negative
0,0.55934525,1,28105,High Risk,False Positive
0,0.41105273,0,35916,Medium Risk,True Negative
0,0.13301864,0,25295,Low Risk,True Negative
0,0.07265052,0,737,Low Risk,True Negative
0,0.8021623,1,25454,Critical Risk,False Positive
0,0.16677168,0,24896,Low Risk,True Negative
0,0.53498137,1,14232,High Risk,False Positive
0,0.080154955,0,28483,Low Risk,True Negative
0,0.109443665,0,42795,Low Risk,True Negative
0,0.25781974,0,5103,Medium Risk,True Negative
0,0.31520778,0,21589,Medium Risk,True Negative
0,0.13180335,0,20471,Low Risk,True Negative
0,0.17264056,0,43277,Low Risk,True Negative
1,0.6055797,1,31624,High Risk,True Positive
0,0.13429214,0,21639,Low Risk,True Negative
0,0.11150812,0,22308,Low Risk,True Negative
0,0.20370528,0,4818,Low Risk,True Negative
0,0.41698718,0,31418,Medium Risk,True Negative
0,0.049529042,0,16519,Low Risk,True Negative
0,0.49174708,0,10586,Medium Risk,True Negative
0,0.15187494,0,25823,Low Risk,True Negative
0,0.45905155,0,15904,Medium Risk,True Negative
0,0.047120947,0,17352,Low Risk,True Negative
0,0.1645739,0,11740,Low Risk,True Negative
0,0.116932966,0,29699,Low Risk,True Negative
0,0.06180471,0,21127,Low Risk,True Negative
0,0.5308385,1,39540,High Risk,False Positive
0,0.15220785,0,5777,Low Risk,True Negative
0,0.20069343,0,43941,Low Risk,True Negative
0,0.654693,1,29809,High Risk,False Positive
0,0.44330528,0,36082,Medium Risk,True Negative
0,0.13185552,0,12269,Low Risk,True Negative
1,0.4297388,0,41809,Medium Risk,False Negative
0,0.06375243,0,915,Low Risk,True Negative
0,0.15662812,0,4477,Low Risk,True Negative
0,0.021053934,0,21875,Low Risk,True Negative
0,0.25390324,0,32933,Medium Risk,True Negative
0,0.35287187,0,25303,Medium Risk,True Negative
0,0.025102489,0,18459,Low Risk,True Negative
0,0.07352361,0,19848,Low Risk,True Negative
0,0.31233597,0,16894,Medium Risk,True Negative
0,0.15923357,0,26460,Low Risk,True Negative
0,0.2152285,0,4158,Low Risk,True Negative
0,0.79902846,1,29067,Critical Risk,False Positive
0,0.06784525,0,42507,Low Risk,True Negative
0,0.10645747,0,3304,Low Risk,True Negative
0,0.4479587,0,39511,Medium Risk,True Negative
0,0.11576871,0,31836,Low Risk,True Negative
0,0.15746765,0,1569,Low Risk,True Negative
0,0.4138618,0,13109,Medium Risk,True Negative
0,0.22844101,0,19461,Low Risk,True Negative
1,0.8640454,1,16161,Critical Risk,True Positive
0,0.06573924,0,21162,Low Risk,True Negative
0,0.25460643,0,2981,Medium Risk,True Negative
0,0.097034626,0,9260,Low Risk,True Negative
0,0.26957396,0,18336,Medium Risk,True Negative
0,0.0926111,0,43014,Low Risk,True Negative
0,0.04421763,0,11856,Low Risk,True Negative
0,0.31441584,0,4644,Medium Risk,True Negative
0,0.124197364,0,39605,Low Risk,True Negative
0,0.20553894,0,33824,Low Risk,True Negative
0,0.13627802,0,16075,Low Risk,True Negative
0,0.15638398,0,41440,Low Risk,True Negative
0,0.23621948,0,12928,Low Risk,True Negative
0,0.09947771,0,28996,Low Risk,True Negative
0,0.09302898,0,12575,Low Risk,True Negative
0,0.034124006,0,31746,Low Risk,True Negative
0,0.23624268,0,30522,Low Risk,True Negative
0,0.024877071,0,26883,Low Risk,True Negative
0,0.042998668,0,36618,Low Risk,True Negative
0,0.5614607,1,34804,High Risk,False Positive
0,0.39936456,0,24869,Medium Risk,True Negative
0,0.050043214,0,9040,Low Risk,True Negative
0,0.040410116,0,25117,Low Risk,True Negative
0,0.14778444,0,39848,Low Risk,True Negative
0,0.48661798,0,18985,Medium Risk,True Negative
0,0.16884853,0,11277,Low Risk,True Negative
1,0.5025899,1,38659,High Risk,True Positive
0,0.07675411,0,2025,Low Risk,True Negative
1,0.7456422,1,33762,High Risk,True Positive
0,0.085278474,0,14733,Low Risk,True Negative
0,0.026826741,0,22680,Low Risk,True Negative
0,0.07079937,0,3358,Low Risk,True Negative
0,0.2432172,0,31148,Low Risk,True Negative
0,0.18338396,0,35122,Low Risk,True Negative
0,0.114213586,0,7998,Low Risk,True Negative
0,0.21835408,0,9930,Low Risk,True Negative
1,0.87016624,1,29451,Critical Risk,True Positive
0,0.109030016,0,5235,Low Risk,True Negative
0,0.06638882,0,28013,Low Risk,True Negative
0,0.1661419,0,13663,Low Risk,True Negative
0,0.3152981,0,1039,Medium Risk,True Negative
0,0.59461683,1,397,High Risk,False Positive
0,0.259994,0,7025,Medium Risk,True Negative
0,0.05942409,0,19040,Low Risk,True Negative
0,0.117277995,0,169,Low Risk,True Negative
0,0.29519668,0,22160,Medium Risk,True Negative
1,0.6423323,1,5087,High Risk,True Positive
0,0.17824115,0,21302,Low Risk,True Negative
0,0.5559835,1,38882,High Risk,False Positive
0,0.054398816,0,42950,Low Risk,True Negative
1,0.057071555,0,2726,Low Risk,False Negative
0,0.083855525,0,26765,Low Risk,True Negative
0,0.28076738,0,4455,Medium Risk,True Negative
0,0.12249256,0,32318,Low Risk,True Negative
0,0.10634837,0,40308,Low Risk,True Negative
0,0.5919243,1,17992,High Risk,False Positive
0,0.03385758,0,23904,Low Risk,True Negative
1,0.8468871,1,4530,Critical Risk,True Positive
0,0.20135942,0,33915,Low Risk,True Negative
0,0.2518948,0,8562,Medium Risk,True Negative
0,0.16552138,0,218,Low Risk,True Negative
0,0.2653942,0,16363,Medium Risk,True Negative
0,0.081580095,0,29850,Low Risk,True Negative
0,0.05401188,0,31853,Low Risk,True Negative
0,0.0832565,0,40185,Low Risk,True Negative
0,0.27780753,0,27723,Medium Risk,True Negative
0,0.11261011,0,4619,Low Risk,True Negative
0,0.13267064,0,36392,Low Risk,True Negative
0,0.13725103,0,42895,Low Risk,True Negative
0,0.34473553,0,11436,Medium Risk,True Negative
0,0.06652638,0,1940,Low Risk,True Negative
0,0.63701254,1,37457,High Risk,False Positive
0,0.1351112,0,8926,Low Risk,True Negative
0,0.09049285,0,35731,Low Risk,True Negative
0,0.074977584,0,13660,Low Risk,True Negative
0,0.19144179,0,36877,Low Risk,True Negative
0,0.4197441,0,38306,Medium Risk,True Negative
0,0.13861488,0,15589,Low Risk,True Negative
0,0.10682797,0,23153,Low Risk,True Negative
1,0.8635881,1,8723,Critical Risk,True Positive
0,0.1506181,0,27836,Low Risk,True Negative
0,0.21844365,0,21657,Low Risk,True Negative
0,0.12707184,0,39644,Low Risk,True Negative
0,0.7381938,1,30748,High Risk,False Positive
0,0.36980584,0,37160,Medium Risk,True Negative
0,0.03324793,0,23121,Low Risk,True Negative
0,0.17975435,0,20504,Low Risk,True Negative
0,0.16220994,0,29756,Low Risk,True Negative
0,0.031804066,0,43124,Low Risk,True Negative
0,0.03929805,0,2165,Low Risk,True Negative
0,0.47555006,0,3080,Medium Risk,True Negative
1,0.46319327,0,35859,Medium Risk,False Negative
0,0.34428796,0,34106,Medium Risk,True Negative
0,0.43540126,0,24053,Medium Risk,True Negative
0,0.33898866,0,11158,Medium Risk,True Negative
0,0.18891653,0,27917,Low Risk,True Negative
1,0.9561439,1,14381,Critical Risk,True Positive
0,0.11075309,0,5030,Low Risk,True Negative
0,0.09413274,0,41690,Low Risk,True Negative
0,0.35915357,0,42118,Medium Risk,True Negative
1,0.68401456,1,39117,High Risk,True Positive
0,0.36675724,0,40592,Medium Risk,True Negative
0,0.24911687,0,29406,Low Risk,True Negative
0,0.19368742,0,29036,Low Risk,True Negative
0,0.10815185,0,33871,Low Risk,True Negative
0,0.24022777,0,9737,Low Risk,True Negative
0,0.31549022,0,2678,Medium Risk,True Negative
0,0.14514272,0,14966,Low Risk,True Negative
0,0.67037886,1,14568,High Risk,False Positive
0,0.10743845,0,32999,Low Risk,True Negative
0,0.06816066,0,16522,Low Risk,True Negative
0,0.031795483,0,21171,Low Risk,True Negative
0,0.3688966,0,30270,Medium Risk,True Negative
0,0.21374546,0,43616,Low Risk,True Negative
0,0.21798922,0,35686,Low Risk,True Negative
0,0.114765964,0,33751,Low Risk,True Negative
0,0.100536704,0,31909,Low Risk,True Negative
0,0.42368487,0,34883,Medium Risk,True Negative
0,0.42678735,0,32465,Medium Risk,True Negative
0,0.1382494,0,37308,Low Risk,True Negative
0,0.07239699,0,32335,Low Risk,True Negative
1,0.15118419,0,813,Low Risk,False Negative
0,0.25057307,0,8177,Medium Risk,True Negative
0,0.04993954,0,37836,Low Risk,True Negative
0,0.07660858,0,8102,Low Risk,True Negative
0,0.14252898,0,43047,Low Risk,True Negative
0,0.30393502,0,22214,Medium Risk,True Negative
0,0.058471326,0,30618,Low Risk,True Negative
1,0.19787048,0,140,Low Risk,False Negative
0,0.11296109,0,18496,Low Risk,True Negative
0,0.30531085,0,19860,Medium Risk,True Negative
1,0.91746336,1,44047,Critical Risk,True Positive
0,0.05759805,0,34302,Low Risk,True Negative
0,0.042945143,0,3734,Low Risk,True Negative
1,0.9373373,1,24492,Critical Risk,True Positive
0,0.07849761,0,37201,Low Risk,True Negative
0,0.8335389,1,42173,Critical Risk,False Positive
0,0.118077606,0,17026,Low Risk,True Negative
0,0.5207963,1,34748,High Risk,False Positive
0,0.80758256,1,41590,Critical Risk,False Positive
0,0.026759064,0,43642,Low Risk,True Negative
0,0.47395363,0,18973,Medium Risk,True Negative
0,0.17207202,0,14808,Low Risk,True Negative
0,0.15077057,0,29434,Low Risk,True Negative
0,0.11527108,0,14412,Low Risk,True Negative
0,0.09163212,0,23917,Low Risk,True Negative
0,0.14042872,0,37861,Low Risk,True Negative
1,0.9069177,1,39930,Critical Risk,True Positive
0,0.26098877,0,29847,Medium Risk,True Negative
0,0.09291612,0,13551,Low Risk,True Negative
0,0.5783405,1,40427,High Risk,False Positive
0,0.09311622,0,29126,Low Risk,True Negative
0,0.020777376,0,17389,Low Risk,True Negative
0,0.104908116,0,3040,Low Risk,True Negative
0,0.05060651,0,7071,Low Risk,True Negative
0,0.037089787,0,1327,Low Risk,True Negative
0,0.25302035,0,2670,Medium Risk,True Negative
1,0.8487275,1,17219,Critical Risk,True Positive
0,0.6955382,1,27851,High Risk,False Positive
0,0.056554906,0,1565,Low Risk,True Negative
0,0.3045608,0,37944,Medium Risk,True Negative
1,0.57006305,1,27796,High Risk,True Positive
0,0.64894176,1,26068,High Risk,False Positive
0,0.09910985,0,32831,Low Risk,True Negative
0,0.092671,0,30235,Low Risk,True Negative
0,0.36838531,0,27921,Medium Risk,True Negative
0,0.28658894,0,26531,Medium Risk,True Negative
0,0.0871283,0,33582,Low Risk,True Negative
0,0.19650756,0,17923,Low Risk,True Negative
0,0.17386653,0,12724,Low Risk,True Negative
0,0.04224901,0,18515,Low Risk,True Negative
0,0.433135,0,18656,Medium Risk,True Negative
0,0.20435452,0,41143,Low Risk,True Negative
0,0.5041479,1,27738,High Risk,False Positive
0,0.19012411,0,9138,Low Risk,True Negative
0,0.703673,1,18095,High Risk,False Positive
0,0.1391024,0,14586,Low Risk,True Negative
0,0.7451725,1,17415,High Risk,False Positive
1,0.34860742,0,9042,Medium Risk,False Negative
0,0.17069891,0,9892,Low Risk,True Negative
0,0.33780524,0,31313,Medium Risk,True Negative
0,0.07434519,0,9761,Low Risk,True Negative
0,0.0881263,0,41754,Low Risk,True Negative
0,0.098147444,0,4409,Low Risk,True Negative
1,0.116857566,0,44130,Low Risk,False Negative
0,0.09185297,0,17664,Low Risk,True Negative
0,0.5684758,1,4745,High Risk,False Positive
0,0.14060152,0,43634,Low Risk,True Negative
0,0.11011103,0,23196,Low Risk,True Negative
0,0.10572839,0,27298,Low Risk,True Negative
0,0.33950633,0,5290,Medium Risk,True Negative
0,0.5624501,1,28274,High Risk,False Positive
0,0.106439516,0,5090,Low Risk,True Negative
0,0.19370128,0,14838,Low Risk,True Negative
0,0.26509342,0,8370,Medium Risk,True Negative
0,0.06236456,0,1527,Low Risk,True Negative
0,0.2088765,0,27765,Low Risk,True Negative
0,0.08319378,0,28935,Low Risk,True Negative
0,0.06383899,0,43562,Low Risk,True Negative
0,0.06571692,0,24197,Low Risk,True Negative
0,0.50302863,1,7701,High Risk,False Positive
0,0.04172456,0,14361,Low Risk,True Negative
0,0.095355615,0,3335,Low Risk,True Negative
0,0.59823865,1,20438,High Risk,False Positive
0,0.10204839,0,24080,Low Risk,True Negative
0,0.32834777,0,15365,Medium Risk,True Negative
0,0.05106606,0,7302,Low Risk,True Negative
0,0.14495778,0,6773,Low Risk,True Negative
0,0.39622542,0,12136,Medium Risk,True Negative
0,0.41550657,0,36955,Medium Risk,True Negative
0,0.17924055,0,6318,Low Risk,True Negative
0,0.67834973,1,39828,High Risk,False Positive
0,0.08897595,0,1353,Low Risk,True Negative
0,0.24773265,0,10197,Low Risk,True Negative
0,0.035566855,0,42973,Low Risk,True Negative
1,0.571651,1,3242,High Risk,True Positive
0,0.21782844,0,18943,Low Risk,True Negative
0,0.19614403,0,40467,Low Risk,True Negative
0,0.019183474,0,2384,Low Risk,True Negative
1,0.9174043,1,12940,Critical Risk,True Positive
0,0.2768891,0,283,Medium Risk,True Negative
0,0.037747946,0,21757,Low Risk,True Negative
0,0.1616414,0,12978,Low Risk,True Negative
0,0.22132473,0,13907,Low Risk,True Negative
0,0.108628735,0,5308,Low Risk,True Negative
0,0.11729941,0,3288,Low Risk,True Negative
0,0.22201616,0,29784,Low Risk,True Negative
0,0.06295237,0,21629,Low Risk,True Negative
0,0.75336134,1,8939,Critical Risk,False Positive
1,0.6748897,1,15462,High Risk,True Positive
0,0.067149684,0,22908,Low Risk,True Negative
0,0.06326885,0,42382,Low Risk,True Negative
0,0.1050566,0,29229,Low Risk,True Negative
0,0.26631922,0,6209,Medium Risk,True Negative
0,0.07181659,0,4921,Low Risk,True Negative
0,0.040216915,0,27434,Low Risk,True Negative
0,0.05796124,0,15795,Low Risk,True Negative
0,0.22541231,0,37248,Low Risk,True Negative
1,0.94864416,1,26285,Critical Risk,True Positive
0,0.3491282,0,23044,Medium Risk,True Negative
0,0.2766011,0,156,Medium Risk,True Negative
0,0.12886731,0,3212,Low Risk,True Negative
0,0.1850643,0,12538,Low Risk,True Negative
0,0.16639633,0,825,Low Risk,True Negative
0,0.1584858,0,44011,Low Risk,True Negative
0,0.24770388,0,34991,Low Risk,True Negative
0,0.02283532,0,31953,Low Risk,True Negative
0,0.51420873,1,37979,High Risk,False Positive
0,0.57242644,1,32715,High Risk,False Positive
0,0.74161726,1,18919,High Risk,False Positive
1,0.6544315,1,620,High Risk,True Positive
0,0.10613543,0,22870,Low Risk,True Negative
0,0.13263811,0,5817,Low Risk,True Negative
0,0.1394874,0,13877,Low Risk,True Negative
0,0.15378685,0,11008,Low Risk,True Negative
0,0.130768,0,35436,Low Risk,True Negative
0,0.042184822,0,28574,Low Risk,True Negative
0,0.18738672,0,12955,Low Risk,True Negative
1,0.7997029,1,43007,Critical Risk,True Positive
0,0.061250802,0,16346,Low Risk,True Negative
0,0.12031248,0,19504,Low Risk,True Negative
0,0.15127379,0,32243,Low Risk,True Negative
1,0.92094886,1,14963,Critical Risk,True Positive
0,0.091806725,0,38106,Low Risk,True Negative
0,0.45815483,0,40412,Medium Risk,True Negative
0,0.13458778,0,44210,Low Risk,True Negative
0,0.3238399,0,13217,Medium Risk,True Negative
0,0.061231915,0,32966,Low Risk,True Negative
0,0.1979039,0,27492,Low Risk,True Negative
0,0.027119612,0,30420,Low Risk,True Negative
0,0.107577294,0,36196,Low Risk,True Negative
0,0.08419187,0,7807,Low Risk,True Negative
0,0.5807563,1,43841,High Risk,False Positive
1,0.43417218,0,30760,Medium Risk,False Negative
0,0.20520522,0,1003,Low Risk,True Negative
1,0.8509338,1,4378,Critical Risk,True Positive
0,0.6825361,1,32769,High Risk,False Positive
0,0.63365763,1,43679,High Risk,False Positive
0,0.046615656,0,29949,Low Risk,True Negative
0,0.072633654,0,24408,Low Risk,True Negative
0,0.08558034,0,24471,Low Risk,True Negative
0,0.17645594,0,41461,Low Risk,True Negative
0,0.10342016,0,39301,Low Risk,True Negative
0,0.47174078,0,41248,Medium Risk,True Negative
0,0.31141475,0,14858,Medium Risk,True Negative
0,0.12539439,0,23472,Low Risk,True Negative
0,0.28180405,0,40843,Medium Risk,True Negative
0,0.13605656,0,38185,Low Risk,True Negative
0,0.45533147,0,19935,Medium Risk,True Negative
0,0.10034565,0,38825,Low Risk,True Negative
0,0.57950246,1,40860,High Risk,False Positive
0,0.089231044,0,14565,Low Risk,True Negative
0,0.11959795,0,3132,Low Risk,True Negative
0,0.0918807,0,12514,Low Risk,True Negative
0,0.12775294,0,36081,Low Risk,True Negative
0,0.19860962,0,36309,Low Risk,True Negative
0,0.33072254,0,15601,Medium Risk,True Negative
0,0.82185894,1,202,Critical Risk,False Positive
0,0.068017066,0,35515,Low Risk,True Negative
0,0.59523433,1,25037,High Risk,False Positive
1,0.5848824,1,36459,High Risk,True Positive
0,0.6961533,1,32521,High Risk,False Positive
0,0.099631295,0,4097,Low Risk,True Negative
0,0.078898154,0,31966,Low Risk,True Negative
0,0.05736711,0,39727,Low Risk,True Negative
0,0.099835254,0,25354,Low Risk,True Negative
0,0.19553646,0,23604,Low Risk,True Negative
0,0.33083293,0,1524,Medium Risk,True Negative
0,0.15445207,0,26516,Low Risk,True Negative
0,0.4740748,0,4721,Medium Risk,True Negative
0,0.7166843,1,18873,High Risk,False Positive
0,0.030897664,0,36847,Low Risk,True Negative
0,0.26911697,0,19837,Medium Risk,True Negative
0,0.15571015,0,32733,Low Risk,True Negative
0,0.13560967,0,22298,Low Risk,True Negative
1,0.35719216,0,31572,Medium Risk,False Negative
0,0.16654873,0,19381,Low Risk,True Negative
0,0.443837,0,38966,Medium Risk,True Negative
0,0.08028722,0,19700,Low Risk,True Negative
0,0.4085468,0,8082,Medium Risk,True Negative
0,0.41875193,0,23607,Medium Risk,True Negative
1,0.6085664,1,21795,High Risk,True Positive
0,0.29811755,0,36241,Medium Risk,True Negative
0,0.06538895,0,44166,Low Risk,True Negative
0,0.17561448,0,40253,Low Risk,True Negative
0,0.16190718,0,41022,Low Risk,True Negative
0,0.47788328,0,26764,Medium Risk,True Negative
1,0.9684655,1,19838,Critical Risk,True Positive
0,0.6010395,1,6188,High Risk,False Positive
0,0.036596876,0,34775,Low Risk,True Negative
0,0.80810726,1,12224,Critical Risk,False Positive
0,0.06997348,0,12177,Low Risk,True Negative
0,0.25585526,0,43551,Medium Risk,True Negative
0,0.156109,0,22868,Low Risk,True Negative
0,0.08466617,0,13133,Low Risk,True Negative
0,0.071153626,0,7194,Low Risk,True Negative
0,0.3645307,0,37550,Medium Risk,True Negative
0,0.32506162,0,24815,Medium Risk,True Negative
0,0.035716493,0,25871,Low Risk,True Negative
0,0.12241391,0,30210,Low Risk,True Negative
0,0.30602404,0,12555,Medium Risk,True Negative
0,0.020964824,0,25713,Low Risk,True Negative
0,0.7626158,1,6181,Critical Risk,False Positive
0,0.5508718,1,18007,High Risk,False Positive
0,0.057352763,0,33719,Low Risk,True Negative
0,0.07551307,0,35895,Low Risk,True Negative
1,0.6501833,1,2757,High Risk,True Positive
0,0.10846759,0,15818,Low Risk,True Negative
0,0.40713152,0,7230,Medium Risk,True Negative
0,0.10220245,0,18679,Low Risk,True Negative
0,0.14138402,0,43538,Low Risk,True Negative
0,0.27436802,0,40269,Medium Risk,True Negative
0,0.24036688,0,38339,Low Risk,True Negative
0,0.3170829,0,9370,Medium Risk,True Negative
0,0.16771111,0,4495,Low Risk,True Negative
0,0.10759307,0,43128,Low Risk,True Negative
0,0.29785627,0,13517,Medium Risk,True Negative
0,0.03858172,0,11549,Low Risk,True Negative
0,0.090245344,0,9726,Low Risk,True Negative
0,0.18420193,0,19790,Low Risk,True Negative
0,0.2713184,0,3731,Medium Risk,True Negative
0,0.026617955,0,36626,Low Risk,True Negative
0,0.17415734,0,17069,Low Risk,True Negative
0,0.14981303,0,34578,Low Risk,True Negative
0,0.1841168,0,12602,Low Risk,True Negative
0,0.08120427,0,31596,Low Risk,True Negative
1,0.3136238,0,19003,Medium Risk,False Negative
0,0.48623598,0,2891,Medium Risk,True Negative
0,0.1208227,0,22596,Low Risk,True Negative
0,0.84001005,1,25548,Critical Risk,False Positive
0,0.14769445,0,30336,Low Risk,True Negative
0,0.28163812,0,43912,Medium Risk,True Negative
0,0.065668,0,2150,Low Risk,True Negative
1,0.24983846,0,21463,Low Risk,False Negative
0,0.22202462,0,41375,Low Risk,True Negative
0,0.29413715,0,11034,Medium Risk,True Negative
1,0.5980674,1,31247,High Risk,True Positive
0,0.046460893,0,8765,Low Risk,True Negative
1,0.4115215,0,26488,Medium Risk,False Negative
0,0.06984482,0,13743,Low Risk,True Negative
0,0.66022027,1,32442,High Risk,False Positive
0,0.5435195,1,15368,High Risk,False Positive
0,0.25382432,0,33551,Medium Risk,True Negative
0,0.23206756,0,21785,Low Risk,True Negative
1,0.75582576,1,39945,Critical Risk,True Positive
0,0.30342117,0,2800,Medium Risk,True Negative
0,0.89385307,1,4277,Critical Risk,False Positive
0,0.076035894,0,40005,Low Risk,True Negative
0,0.52878886,1,13030,High Risk,False Positive
0,0.09518133,0,14314,Low Risk,True Negative
1,0.84435517,1,13759,Critical Risk,True Positive
0,0.23357867,0,22825,Low Risk,True Negative
0,0.0436312,0,26576,Low Risk,True Negative
1,0.80003965,1,41904,Critical Risk,True Positive
0,0.2804087,0,26176,Medium Risk,True Negative
0,0.101916686,0,36895,Low Risk,True Negative
1,0.9123451,1,679,Critical Risk,True Positive
0,0.11854076,0,24074,Low Risk,True Negative
0,0.10088662,0,22493,Low Risk,True Negative
0,0.09472355,0,31315,Low Risk,True Negative
0,0.23080765,0,31995,Low Risk,True Negative
0,0.123810746,0,24898,Low Risk,True Negative
0,0.10514515,0,10525,Low Risk,True Negative
0,0.21890756,0,40343,Low Risk,True Negative
1,0.87036043,1,8553,Critical Risk,True Positive
0,0.042852283,0,21341,Low Risk,True Negative
0,0.20168321,0,34653,Low Risk,True Negative
0,0.0674103,0,22356,Low Risk,True Negative
0,0.45166254,0,27855,Medium Risk,True Negative
1,0.912459,1,27964,Critical Risk,True Positive
0,0.7294558,1,16620,High Risk,False Positive
0,0.80752534,1,13189,Critical Risk,False Positive
0,0.22490726,0,31484,Low Risk,True Negative
0,0.20952348,0,38746,Low Risk,True Negative
0,0.07774546,0,6617,Low Risk,True Negative
0,0.17698921,0,39874,Low Risk,True Negative
0,0.2132236,0,17253,Low Risk,True Negative
0,0.2826809,0,5342,Medium Risk,True Negative
0,0.25899035,0,23634,Medium Risk,True Negative
0,0.07809526,0,9214,Low Risk,True Negative
0,0.0102349175,0,35819,Low Risk,True Negative
0,0.05315286,0,1295,Low Risk,True Negative
0,0.3534922,0,25054,Medium Risk,True Negative
0,0.2934547,0,42866,Medium Risk,True Negative
0,0.17029014,0,21651,Low Risk,True Negative
1,0.61535674,1,16812,High Risk,True Positive
0,0.110357925,0,23265,Low Risk,True Negative
0,0.11542382,0,13379,Low Risk,True Negative
0,0.19265053,0,39804,Low Risk,True Negative
0,0.32243344,0,580,Medium Risk,True Negative
0,0.144222,0,11517,Low Risk,True Negative
0,0.08552489,0,19826,Low Risk,True Negative
0,0.5064787,1,44113,High Risk,False Positive
0,0.10445147,0,7640,Low Risk,True Negative
0,0.114370406,0,43729,Low Risk,True Negative
0,0.094784945,0,2756,Low Risk,True Negative
0,0.49123996,0,29783,Medium Risk,True Negative
0,0.048884198,0,27152,Low Risk,True Negative
0,0.22413808,0,6865,Low Risk,True Negative
0,0.24507573,0,20035,Low Risk,True Negative
0,0.34240127,0,42290,Medium Risk,True Negative
0,0.13837148,0,19387,Low Risk,True Negative
0,0.1114989,0,529,Low Risk,True Negative
0,0.05087707,0,17305,Low Risk,True Negative
1,0.8493368,1,18165,Critical Risk,True Positive
0,0.033620544,0,28275,Low Risk,True Negative
0,0.078044966,0,35498,Low Risk,True Negative
1,0.535288,1,32508,High Risk,True Positive
0,0.23730569,0,33271,Low Risk,True Negative
0,0.24962202,0,35566,Low Risk,True Negative
0,0.25293255,0,19102,Medium Risk,True Negative
0,0.8508782,1,25,Critical Risk,False Positive
0,0.11594134,0,32709,Low Risk,True Negative
0,0.47737765,0,2246,Medium Risk,True Negative
0,0.031440765,0,36462,Low Risk,True Negative
0,0.43605754,0,7645,Medium Risk,True Negative
0,0.12871191,0,43136,Low Risk,True Negative
0,0.011951905,0,21077,Low Risk,True Negative
0,0.068440765,0,37485,Low Risk,True Negative
0,0.43185067,0,10226,Medium Risk,True Negative
0,0.1793384,0,39708,Low Risk,True Negative
0,0.17692578,0,5463,Low Risk,True Negative
0,0.023632055,0,19499,Low Risk,True Negative
0,0.5944571,1,10888,High Risk,False Positive
0,0.19343373,0,12782,Low Risk,True Negative
0,0.088000506,0,1931,Low Risk,True Negative
0,0.16166385,0,11968,Low Risk,True Negative
0,0.23850136,0,19922,Low Risk,True Negative
0,0.2348333,0,9659,Low Risk,True Negative
0,0.037737746,0,24544,Low Risk,True Negative
0,0.29954797,0,41569,Medium Risk,True Negative
0,0.07092766,0,41226,Low Risk,True Negative
0,0.1874238,0,28697,Low Risk,True Negative
0,0.080039226,0,22100,Low Risk,True Negative
0,0.21615632,0,34370,Low Risk,True Negative
0,0.16884655,0,23568,Low Risk,True Negative
0,0.28790405,0,11791,Medium Risk,True Negative
0,0.8988817,1,3458,Critical Risk,False Positive
0,0.54977226,1,41347,High Risk,False Positive
0,0.657226,1,30653,High Risk,False Positive
0,0.6567976,1,25379,High Risk,False Positive
0,0.17996424,0,32632,Low Risk,True Negative
0,0.17623597,0,11917,Low Risk,True Negative
1,0.6700823,1,5985,High Risk,True Positive
0,0.12330026,0,17756,Low Risk,True Negative
0,0.12942623,0,19306,Low Risk,True Negative
0,0.1539819,0,27175,Low Risk,True Negative
0,0.39370397,0,11000,Medium Risk,True Negative
0,0.05179658,0,5385,Low Risk,True Negative
1,0.6552911,1,34224,High Risk,True Positive
1,0.9002122,1,24653,Critical Risk,True Positive
0,0.06847172,0,41381,Low Risk,True Negative
0,0.10001836,0,37429,Low Risk,True Negative
0,0.7061292,1,47,High Risk,False Positive
0,0.84226674,1,17383,Critical Risk,False Positive
1,0.55295944,1,8425,High Risk,True Positive
0,0.020524198,0,3634,Low Risk,True Negative
0,0.76525867,1,7599,Critical Risk,False Positive
0,0.022403644,0,26318,Low Risk,True Negative
0,0.77944696,1,26623,Critical Risk,False Positive
0,0.12819026,0,26816,Low Risk,True Negative
0,0.78581965,1,10066,Critical Risk,False Positive
0,0.04885194,0,17137,Low Risk,True Negative
0,0.13623609,0,21675,Low Risk,True Negative
0,0.078013286,0,2870,Low Risk,True Negative
0,0.12775986,0,39671,Low Risk,True Negative
0,0.14334768,0,29319,Low Risk,True Negative
0,0.15797387,0,35383,Low Risk,True Negative
0,0.1576356,0,29982,Low Risk,True Negative
0,0.3101564,0,29387,Medium Risk,True Negative
0,0.35851297,0,16758,Medium Risk,True Negative
0,0.291896,0,17459,Medium Risk,True Negative
0,0.261352,0,21762,Medium Risk,True Negative
0,0.45712632,0,4201,Medium Risk,True Negative
0,0.13861272,0,35606,Low Risk,True Negative
0,0.900606,1,27529,Critical Risk,False Positive
0,0.45028913,0,24479,Medium Risk,True Negative
0,0.25061613,0,26093,Medium Risk,True Negative
0,0.25820088,0,29323,Medium Risk,True Negative
0,0.11108218,0,15375,Low Risk,True Negative
0,0.16861965,0,28001,Low Risk,True Negative
1,0.65464365,1,32359,High Risk,True Positive
0,0.48570466,0,29828,Medium Risk,True Negative
0,0.5494146,1,42559,High Risk,False Positive
0,0.16084825,0,12956,Low Risk,True Negative
0,0.2560886,0,15907,Medium Risk,True Negative
0,0.8011524,1,25540,Critical Risk,False Positive
0,0.118943654,0,17586,Low Risk,True Negative
0,0.49975896,0,36265,Medium Risk,True Negative
0,0.5156117,1,34021,High Risk,False Positive
0,0.1907743,0,8153,Low Risk,True Negative
0,0.33495617,0,29804,Medium Risk,True Negative
0,0.093132146,0,41370,Low Risk,True Negative
0,0.09383291,0,29395,Low Risk,True Negative
0,0.279354,0,38515,Medium Risk,True Negative
0,0.9589941,1,39555,Critical Risk,False Positive
0,0.15247898,0,40192,Low Risk,True Negative
0,0.1507046,0,16917,Low Risk,True Negative
0,0.04977387,0,11797,Low Risk,True Negative
0,0.13588938,0,38940,Low Risk,True Negative
0,0.4332894,0,32421,Medium Risk,True Negative
0,0.04063763,0,5715,Low Risk,True Negative
0,0.32494667,0,21491,Medium Risk,True Negative
0,0.12860367,0,25297,Low Risk,True Negative
0,0.2039324,0,37484,Low Risk,True Negative
0,0.21318313,0,5409,Low Risk,True Negative
1,0.76426727,1,21940,Critical Risk,True Positive
0,0.051820613,0,21776,Low Risk,True Negative
0,0.19776481,0,20892,Low Risk,True Negative
0,0.15140091,0,3363,Low Risk,True Negative
0,0.0540564,0,31151,Low Risk,True Negative
0,0.06059568,0,27174,Low Risk,True Negative
0,0.14801474,0,27223,Low Risk,True Negative
0,0.14513372,0,31209,Low Risk,True Negative
0,0.07517681,0,33595,Low Risk,True Negative
0,0.101471886,0,37617,Low Risk,True Negative
0,0.3351213,0,32138,Medium Risk,True Negative
0,0.25580752,0,29588,Medium Risk,True Negative
0,0.03895996,0,28654,Low Risk,True Negative
0,0.59809035,1,20537,High Risk,False Positive
0,0.10736098,0,43919,Low Risk,True Negative
0,0.5968678,1,24213,High Risk,False Positive
0,0.17583984,0,12666,Low Risk,True Negative
0,0.16519566,0,4457,Low Risk,True Negative
0,0.050941523,0,17782,Low Risk,True Negative
0,0.5652038,1,2409,High Risk,False Positive
1,0.38513693,0,8132,Medium Risk,False Negative
0,0.6227372,1,39187,High Risk,False Positive
0,0.36174738,0,42239,Medium Risk,True Negative
0,0.19899483,0,3133,Low Risk,True Negative
0,0.103661135,0,11887,Low Risk,True Negative
0,0.060836274,0,19015,Low Risk,True Negative
0,0.44575524,0,9770,Medium Risk,True Negative
0,0.35417277,0,9607,Medium Risk,True Negative
0,0.1959463,0,11136,Low Risk,True Negative
0,0.18876317,0,24387,Low Risk,True Negative
0,0.39907616,0,16516,Medium Risk,True Negative
1,0.9552439,1,30301,Critical Risk,True Positive
0,0.4055237,0,33972,Medium Risk,True Negative
0,0.39175984,0,40741,Medium Risk,True Negative
0,0.90596145,1,4789,Critical Risk,False Positive
0,0.19899707,0,2582,Low Risk,True Negative
0,0.30198488,0,36162,Medium Risk,True Negative
0,0.07130271,0,30035,Low Risk,True Negative
0,0.82546556,1,16688,Critical Risk,False Positive
0,0.4346904,0,539,Medium Risk,True Negative
0,0.27018398,0,39191,Medium Risk,True Negative
0,0.7510112,1,22219,Critical Risk,False Positive
1,0.82130474,1,6211,Critical Risk,True Positive
1,0.59253204,1,3569,High Risk,True Positive
0,0.57196176,1,10997,High Risk,False Positive
0,0.3351805,0,1846,Medium Risk,True Negative
0,0.042163633,0,16184,Low Risk,True Negative
0,0.22164722,0,25158,Low Risk,True Negative
1,0.771122,1,2724,Critical Risk,True Positive
0,0.12641476,0,43558,Low Risk,True Negative
0,0.3985109,0,39267,Medium Risk,True Negative
0,0.37959296,0,24866,Medium Risk,True Negative
0,0.12850626,0,12030,Low Risk,True Negative
0,0.25071853,0,2392,Medium Risk,True Negative
0,0.09558685,0,31874,Low Risk,True Negative
0,0.21839918,0,13331,Low Risk,True Negative
0,0.12346635,0,22040,Low Risk,True Negative
0,0.36911604,0,10540,Medium Risk,True Negative
0,0.33887783,0,19932,Medium Risk,True Negative
0,0.31633624,0,17421,Medium Risk,True Negative
0,0.10606926,0,6362,Low Risk,True Negative
0,0.19175217,0,5029,Low Risk,True Negative
0,0.2549932,0,38335,Medium Risk,True Negative
0,0.095210895,0,23345,Low Risk,True Negative
0,0.06420883,0,39148,Low Risk,True Negative
0,0.51039237,1,17047,High Risk,False Positive
0,0.038013272,0,5833,Low Risk,True Negative
1,0.56858134,1,10434,High Risk,True Positive
0,0.077173695,0,41782,Low Risk,True Negative
0,0.08076596,0,1932,Low Risk,True Negative
0,0.107393295,0,39075,Low Risk,True Negative
0,0.21573052,0,5257,Low Risk,True Negative
0,0.39198956,0,40509,Medium Risk,True Negative
0,0.1448027,0,6964,Low Risk,True Negative
0,0.3335719,0,16460,Medium Risk,True Negative
0,0.17506121,0,15777,Low Risk,True Negative
0,0.29088533,0,31162,Medium Risk,True Negative
0,0.08892408,0,4917,Low Risk,True Negative
0,0.10945191,0,9310,Low Risk,True Negative
1,0.10263296,0,24683,Low Risk,False Negative
0,0.29055482,0,38456,Medium Risk,True Negative
0,0.16293249,0,40024,Low Risk,True Negative
0,0.028728226,0,19712,Low Risk,True Negative
1,0.8328501,1,40780,Critical Risk,True Positive
0,0.19685613,0,20658,Low Risk,True Negative
0,0.061781432,0,24917,Low Risk,True Negative
0,0.49727055,0,27087,Medium Risk,True Negative
0,0.52037966,1,21124,High Risk,False Positive
0,0.16456361,0,34903,Low Risk,True Negative
0,0.10161556,0,38504,Low Risk,True Negative
0,0.158925,0,27248,Low Risk,True Negative
0,0.37890184,0,2471,Medium Risk,True Negative
0,0.059626926,0,2337,Low Risk,True Negative
1,0.68089914,1,23488,High Risk,True Positive
0,0.29567862,0,30141,Medium Risk,True Negative
0,0.15532976,0,17761,Low Risk,True Negative
0,0.06883301,0,37356,Low Risk,True Negative
0,0.17641105,0,41135,Low Risk,True Negative
0,0.2372122,0,31935,Low Risk,True Negative
1,0.47923926,0,43485,Medium Risk,False Negative
1,0.8936467,1,41873,Critical Risk,True Positive
0,0.7023092,1,5861,High Risk,False Positive
0,0.17773482,0,13283,Low Risk,True Negative
0,0.030166686,0,37828,Low Risk,True Negative
0,0.094241954,0,9053,Low Risk,True Negative
0,0.28772616,0,43886,Medium Risk,True Negative
0,0.013305002,0,32842,Low Risk,True Negative
0,0.8756052,1,14924,Critical Risk,False Positive
0,0.10267906,0,26425,Low Risk,True Negative
1,0.5394186,1,30346,High Risk,True Positive
0,0.1913527,0,8889,Low Risk,True Negative
0,0.027899558,0,21608,Low Risk,True Negative
0,0.105934955,0,11107,Low Risk,True Negative
0,0.70845675,1,35428,High Risk,False Positive
0,0.040773146,0,20202,Low Risk,True Negative
0,0.44287065,0,20955,Medium Risk,True Negative
0,0.04279405,0,14821,Low Risk,True Negative
0,0.48666865,0,19365,Medium Risk,True Negative
0,0.26501638,0,2181,Medium Risk,True Negative
0,0.30139548,0,43778,Medium Risk,True Negative
1,0.5776467,1,14013,High Risk,True Positive
1,0.25034645,0,4486,Medium Risk,False Negative
0,0.25048035,0,33861,Medium Risk,True Negative
0,0.21185464,0,28715,Low Risk,True Negative
0,0.03491655,0,43448,Low Risk,True Negative
0,0.31865034,0,8510,Medium Risk,True Negative
0,0.15859947,0,36601,Low Risk,True Negative
1,0.2974871,0,20136,Medium Risk,False Negative
0,0.062544964,0,40315,Low Risk,True Negative
0,0.10986656,0,36184,Low Risk,True Negative
0,0.10845408,0,5717,Low Risk,True Negative
0,0.326311,0,19680,Medium Risk,True Negative
0,0.08449146,0,23321,Low Risk,True Negative
0,0.20879756,0,20758,Low Risk,True Negative
0,0.40745968,0,41543,Medium Risk,True Negative
1,0.88336307,1,1454,Critical Risk,True Positive
1,0.09844872,0,112,Low Risk,False Negative
0,0.7445222,1,22698,High Risk,False Positive
0,0.15374285,0,5333,Low Risk,True Negative
0,0.1422644,0,40386,Low Risk,True Negative
0,0.16712628,0,30312,Low Risk,True Negative
0,0.0911033,0,26698,Low Risk,True Negative
0,0.24871804,0,30274,Low Risk,True Negative
0,0.3731534,0,20624,Medium Risk,True Negative
0,0.019944962,0,23215,Low Risk,True Negative
0,0.20311065,0,13986,Low Risk,True Negative
0,0.044158883,0,17024,Low Risk,True Negative
0,0.04712647,0,42610,Low Risk,True Negative
0,0.12155729,0,18107,Low Risk,True Negative
0,0.4491442,0,28329,Medium Risk,True Negative
0,0.024479825,0,29826,Low Risk,True Negative
0,0.1441051,0,25532,Low Risk,True Negative
0,0.4922557,0,30619,Medium Risk,True Negative
0,0.1805015,0,6857,Low Risk,True Negative
0,0.03883637,0,18020,Low Risk,True Negative
0,0.33074105,0,32582,Medium Risk,True Negative
0,0.040863197,0,17414,Low Risk,True Negative
0,0.2245854,0,31897,Low Risk,True Negative
1,0.58105904,1,22930,High Risk,True Positive
1,0.48770422,0,7987,Medium Risk,False Negative
0,0.13509037,0,25288,Low Risk,True Negative
0,0.051696137,0,5835,Low Risk,True Negative
0,0.18958534,0,26364,Low Risk,True Negative
0,0.6274015,1,25948,High Risk,False Positive
1,0.13204704,0,4776,Low Risk,False Negative
0,0.36422625,0,19617,Medium Risk,True Negative
0,0.14307687,0,21047,Low Risk,True Negative
0,0.24776475,0,19685,Low Risk,True Negative
0,0.12435082,0,4658,Low Risk,True Negative
1,0.43771407,0,5016,Medium Risk,False Negative
1,0.65706885,1,24671,High Risk,True Positive
1,0.91921854,1,35665,Critical Risk,True Positive
0,0.034748193,0,26691,Low Risk,True Negative
0,0.05131725,0,13725,Low Risk,True Negative
0,0.5470832,1,32661,High Risk,False Positive
0,0.2636236,0,13647,Medium Risk,True Negative
0,0.12894721,0,26013,Low Risk,True Negative
0,0.6546529,1,30876,High Risk,False Positive
0,0.16363485,0,7984,Low Risk,True Negative
0,0.32351315,0,7969,Medium Risk,True Negative
1,0.10201274,0,38399,Low Risk,False Negative
1,0.86182535,1,21412,Critical Risk,True Positive
0,0.16445908,0,3084,Low Risk,True Negative
0,0.5473078,1,14903,High Risk,False Positive
0,0.14294219,0,42315,Low Risk,True Negative
0,0.15672442,0,24468,Low Risk,True Negative
0,0.21843377,0,3262,Low Risk,True Negative
0,0.16921397,0,25607,Low Risk,True Negative
0,0.1367392,0,30981,Low Risk,True Negative
0,0.50199103,1,37878,High Risk,False Positive
0,0.21822324,0,41903,Low Risk,True Negative
0,0.42630863,0,31108,Medium Risk,True Negative
0,0.32567376,0,8711,Medium Risk,True Negative
0,0.102155,0,27606,Low Risk,True Negative
0,0.12497757,0,41036,Low Risk,True Negative
0,0.13400644,0,31726,Low Risk,True Negative
1,0.8727602,1,27306,Critical Risk,True Positive
1,0.38228026,0,6878,Medium Risk,False Negative
0,0.651834,1,42643,High Risk,False Positive
0,0.15945256,0,24576,Low Risk,True Negative
0,0.90392995,1,39665,Critical Risk,False Positive
0,0.07224827,0,14737,Low Risk,True Negative
0,0.7903937,1,43504,Critical Risk,False Positive
0,0.11055794,0,38560,Low Risk,True Negative
0,0.15445827,0,32021,Low Risk,True Negative
0,0.10660501,0,12418,Low Risk,True Negative
0,0.17345932,0,43222,Low Risk,True Negative
0,0.587701,1,22327,High Risk,False Positive
0,0.17186345,0,30171,Low Risk,True Negative
0,0.031218251,0,39067,Low Risk,True Negative
0,0.14389266,0,7320,Low Risk,True Negative
0,0.07972847,0,32048,Low Risk,True Negative
0,0.15275314,0,42214,Low Risk,True Negative
0,0.05916697,0,16958,Low Risk,True Negative
0,0.36744767,0,24556,Medium Risk,True Negative
0,0.7961158,1,20513,Critical Risk,False Positive
0,0.8356743,1,29871,Critical Risk,False Positive
0,0.07279453,0,5721,Low Risk,True Negative
0,0.13548353,0,30460,Low Risk,True Negative
0,0.06794351,0,33359,Low Risk,True Negative
0,0.14280668,0,39128,Low Risk,True Negative
0,0.24383484,0,25794,Low Risk,True Negative
0,0.13365902,0,38608,Low Risk,True Negative
0,0.08857452,0,8117,Low Risk,True Negative
0,0.28282258,0,3429,Medium Risk,True Negative
0,0.11581361,0,25016,Low Risk,True Negative
1,0.7616098,1,2773,Critical Risk,True Positive
0,0.60231894,1,3372,High Risk,False Positive
0,0.21896584,0,12484,Low Risk,True Negative
0,0.6581775,1,13604,High Risk,False Positive
0,0.39483535,0,18438,Medium Risk,True Negative
0,0.58663267,1,19296,High Risk,False Positive
0,0.115473345,0,22996,Low Risk,True Negative
0,0.08163379,0,22525,Low Risk,True Negative
0,0.14882268,0,26660,Low Risk,True Negative
0,0.13238795,0,26649,Low Risk,True Negative
0,0.13197206,0,5010,Low Risk,True Negative
0,0.9106826,1,3970,Critical Risk,False Positive
0,0.060573116,0,34827,Low Risk,True Negative
0,0.030817833,0,8683,Low Risk,True Negative
0,0.10774909,0,27345,Low Risk,True Negative
0,0.22070694,0,23355,Low Risk,True Negative
0,0.33580598,0,8855,Medium Risk,True Negative
0,0.01753236,0,31179,Low Risk,True Negative
0,0.54774755,1,22207,High Risk,False Positive
1,0.8515657,1,11328,Critical Risk,True Positive
0,0.038021337,0,31594,Low Risk,True Negative
0,0.26091036,0,16159,Medium Risk,True Negative
1,0.3690765,0,20488,Medium Risk,False Negative
0,0.0570675,0,35299,Low Risk,True Negative
0,0.100602806,0,7354,Low Risk,True Negative
0,0.102376245,0,38477,Low Risk,True Negative
0,0.24780636,0,43843,Low Risk,True Negative
0,0.82054853,1,28598,Critical Risk,False Positive
0,0.43279946,0,10814,Medium Risk,True Negative
0,0.04291411,0,8500,Low Risk,True Negative
0,0.3917974,0,7450,Medium Risk,True Negative
0,0.23193984,0,36600,Low Risk,True Negative
1,0.8313223,1,43805,Critical Risk,True Positive
0,0.15151273,0,8798,Low Risk,True Negative
0,0.07840889,0,17123,Low Risk,True Negative
0,0.4827177,0,6046,Medium Risk,True Negative
1,0.41999164,0,11462,Medium Risk,False Negative
0,0.07387331,0,8977,Low Risk,True Negative
0,0.17972206,0,15629,Low Risk,True Negative
0,0.42695445,0,43134,Medium Risk,True Negative
0,0.29310703,0,28625,Medium Risk,True Negative
0,0.045145582,0,23319,Low Risk,True Negative
0,0.049257472,0,13838,Low Risk,True Negative
0,0.868284,1,29204,Critical Risk,False Positive
0,0.759972,1,21829,Critical Risk,False Positive
0,0.78000057,1,3492,Critical Risk,False Positive
1,0.69890296,1,13259,High Risk,True Positive
0,0.048288625,0,8077,Low Risk,True Negative
0,0.2073471,0,8403,Low Risk,True Negative
0,0.5910748,1,6562,High Risk,False Positive
1,0.956881,1,14130,Critical Risk,True Positive
0,0.047377363,0,35505,Low Risk,True Negative
0,0.35132235,0,5695,Medium Risk,True Negative
0,0.15876319,0,12078,Low Risk,True Negative
0,0.04419724,0,14554,Low Risk,True Negative
0,0.06478437,0,15309,Low Risk,True Negative
0,0.25614926,0,28906,Medium Risk,True Negative
0,0.055005845,0,8709,Low Risk,True Negative
0,0.34099662,0,26801,Medium Risk,True Negative
1,0.25436562,0,28085,Medium Risk,False Negative
0,0.8431254,1,38776,Critical Risk,False Positive
0,0.15326843,0,22586,Low Risk,True Negative
0,0.032874912,0,25541,Low Risk,True Negative
0,0.12769575,0,5118,Low Risk,True Negative
0,0.035454135,0,6189,Low Risk,True Negative
0,0.42325407,0,24597,Medium Risk,True Negative
0,0.21398567,0,27125,Low Risk,True Negative
0,0.08326992,0,8918,Low Risk,True Negative
0,0.19031209,0,31416,Low Risk,True Negative
0,0.29764014,0,31837,Medium Risk,True Negative
0,0.33575252,0,5738,Medium Risk,True Negative
0,0.08290635,0,38041,Low Risk,True Negative
0,0.21497212,0,3754,Low Risk,True Negative
0,0.221422,0,4664,Low Risk,True Negative
0,0.12691236,0,1868,Low Risk,True Negative
0,0.14000255,0,7153,Low Risk,True Negative
0,0.1017462,0,39499,Low Risk,True Negative
0,0.031094495,0,19390,Low Risk,True Negative
0,0.1973471,0,33459,Low Risk,True Negative
0,0.18457654,0,21451,Low Risk,True Negative
0,0.18341841,0,13758,Low Risk,True Negative
0,0.026760284,0,29261,Low Risk,True Negative
0,0.16412543,0,3703,Low Risk,True Negative
0,0.073493406,0,2698,Low Risk,True Negative
0,0.17292643,0,21439,Low Risk,True Negative
0,0.073697716,0,8979,Low Risk,True Negative
0,0.23277697,0,11878,Low Risk,True Negative
1,0.391766,0,15043,Medium Risk,False Negative
0,0.48842832,0,644,Medium Risk,True Negative
0,0.07267303,0,36282,Low Risk,True Negative
0,0.22036824,0,14929,Low Risk,True Negative
0,0.095395215,0,17166,Low Risk,True Negative
0,0.102060735,0,21179,Low Risk,True Negative
0,0.037554335,0,119,Low Risk,True Negative
0,0.105240926,0,26796,Low Risk,True Negative
0,0.09479695,0,18986,Low Risk,True Negative
0,0.039384875,0,14556,Low Risk,True Negative
0,0.23196049,0,30931,Low Risk,True Negative
0,0.86931443,1,31098,Critical Risk,False Positive
0,0.06944055,0,11721,Low Risk,True Negative
0,0.1286138,0,21587,Low Risk,True Negative
0,0.288908,0,37214,Medium Risk,True Negative
0,0.2027369,0,29566,Low Risk,True Negative
0,0.068239525,0,7728,Low Risk,True Negative
0,0.25896782,0,8346,Medium Risk,True Negative
0,0.60602134,1,33543,High Risk,False Positive
0,0.3426681,0,12537,Medium Risk,True Negative
0,0.364903,0,18145,Medium Risk,True Negative
0,0.114213586,0,15213,Low Risk,True Negative
0,0.11658164,0,1756,Low Risk,True Negative
0,0.13982575,0,7692,Low Risk,True Negative
0,0.02896181,0,38890,Low Risk,True Negative
0,0.31749988,0,34494,Medium Risk,True Negative
1,0.3361558,0,25170,Medium Risk,False Negative
0,0.29891422,0,25017,Medium Risk,True Negative
0,0.1297034,0,37464,Low Risk,True Negative
0,0.78708255,1,22027,Critical Risk,False Positive
0,0.009014276,0,19572,Low Risk,True Negative
0,0.46444467,0,14292,Medium Risk,True Negative
0,0.6388399,1,34009,High Risk,False Positive
0,0.11124573,0,18260,Low Risk,True Negative
0,0.052690335,0,24498,Low Risk,True Negative
0,0.034080856,0,28393,Low Risk,True Negative
0,0.15154028,0,28675,Low Risk,True Negative
0,0.1392355,0,37572,Low Risk,True Negative
0,0.15370737,0,20458,Low Risk,True Negative
0,0.07840333,0,3780,Low Risk,True Negative
0,0.17369597,0,7718,Low Risk,True Negative
0,0.16836902,0,26559,Low Risk,True Negative
0,0.27720702,0,39998,Medium Risk,True Negative
0,0.18702751,0,38819,Low Risk,True Negative
0,0.10759162,0,40946,Low Risk,True Negative
0,0.891435,1,42286,Critical Risk,False Positive
0,0.06340687,0,31061,Low Risk,True Negative
0,0.07596143,0,1048,Low Risk,True Negative
0,0.75350916,1,24236,Critical Risk,False Positive
1,0.79997176,1,24357,Critical Risk,True Positive
0,0.09346836,0,20691,Low Risk,True Negative
0,0.118298255,0,14428,Low Risk,True Negative
0,0.3655034,0,35082,Medium Risk,True Negative
0,0.03706773,0,26961,Low Risk,True Negative
0,0.3328505,0,29045,Medium Risk,True Negative
0,0.14051917,0,19593,Low Risk,True Negative
0,0.14561014,0,16521,Low Risk,True Negative
0,0.23545495,0,13280,Low Risk,True Negative
0,0.5567924,1,13477,High Risk,False Positive
0,0.2406671,0,17192,Low Risk,True Negative
0,0.07616872,0,9401,Low Risk,True Negative
0,0.5384936,1,36259,High Risk,False Positive
0,0.07512813,0,43548,Low Risk,True Negative
0,0.150048,0,35482,Low Risk,True Negative
0,0.31735295,0,39388,Medium Risk,True Negative
0,0.20878853,0,39032,Low Risk,True Negative
0,0.728243,1,44084,High Risk,False Positive
0,0.6560909,1,32413,High Risk,False Positive
0,0.6425029,1,16901,High Risk,False Positive
0,0.0378476,0,40845,Low Risk,True Negative
0,0.5938764,1,33926,High Risk,False Positive
0,0.19266954,0,13407,Low Risk,True Negative
1,0.26515275,0,17120,Medium Risk,False Negative
0,0.34143257,0,13045,Medium Risk,True Negative
1,0.94398147,1,11147,Critical Risk,True Positive
0,0.106081925,0,4667,Low Risk,True Negative
0,0.9241811,1,12704,Critical Risk,False Positive
0,0.0513805,0,10635,Low Risk,True Negative
0,0.48778644,0,23860,Medium Risk,True Negative
0,0.15410842,0,25491,Low Risk,True Negative
1,0.1711258,0,28089,Low Risk,False Negative
0,0.21480408,0,11360,Low Risk,True Negative
0,0.037853915,0,35445,Low Risk,True Negative
0,0.21713303,0,32137,Low Risk,True Negative
0,0.7547038,1,30174,Critical Risk,False Positive
0,0.2635077,0,32487,Medium Risk,True Negative
0,0.1953319,0,41015,Low Risk,True Negative
0,0.21673954,0,10735,Low Risk,True Negative
0,0.16744386,0,8363,Low Risk,True Negative
0,0.20349745,0,42093,Low Risk,True Negative
1,0.43416935,0,20912,Medium Risk,False Negative
0,0.80430436,1,17747,Critical Risk,False Positive
0,0.39573213,0,4554,Medium Risk,True Negative
0,0.2349668,0,25230,Low Risk,True Negative
0,0.8750202,1,27752,Critical Risk,False Positive
0,0.094826005,0,39329,Low Risk,True Negative
0,0.13866618,0,7007,Low Risk,True Negative
0,0.042380948,0,6377,Low Risk,True Negative
0,0.39381585,0,35781,Medium Risk,True Negative
0,0.2398082,0,26734,Low Risk,True Negative
0,0.08504307,0,10504,Low Risk,True Negative
0,0.28400424,0,12285,Medium Risk,True Negative
0,0.45950407,0,16826,Medium Risk,True Negative
0,0.25633737,0,30068,Medium Risk,True Negative
0,0.35838386,0,67,Medium Risk,True Negative
0,0.40203822,0,26136,Medium Risk,True Negative
0,0.100255914,0,35355,Low Risk,True Negative
0,0.1098962,0,9204,Low Risk,True Negative
0,0.06929152,0,21628,Low Risk,True Negative
0,0.32498747,0,21015,Medium Risk,True Negative
0,0.1320292,0,17141,Low Risk,True Negative
0,0.40521646,0,24245,Medium Risk,True Negative
0,0.083565995,0,12522,Low Risk,True Negative
0,0.08286517,0,3726,Low Risk,True Negative
0,0.46875978,0,18162,Medium Risk,True Negative
0,0.08617646,0,25048,Low Risk,True Negative
0,0.14955808,0,31623,Low Risk,True Negative
0,0.22118674,0,20388,Low Risk,True Negative
0,0.80279773,1,17668,Critical Risk,False Positive
0,0.6393588,1,10172,High Risk,False Positive
0,0.80978733,1,27653,Critical Risk,False Positive
0,0.3014452,0,3550,Medium Risk,True Negative
0,0.21220908,0,29917,Low Risk,True Negative
0,0.26351795,0,348,Medium Risk,True Negative
0,0.2669169,0,38810,Medium Risk,True Negative
0,0.4172037,0,41413,Medium Risk,True Negative
1,0.8257697,1,8135,Critical Risk,True Positive
0,0.75878704,1,23177,Critical Risk,False Positive
0,0.012854111,0,881,Low Risk,True Negative
0,0.48411047,0,20712,Medium Risk,True Negative
0,0.12755807,0,34519,Low Risk,True Negative
1,0.48095867,0,3878,Medium Risk,False Negative
0,0.24608545,0,19509,Low Risk,True Negative
0,0.26859033,0,22208,Medium Risk,True Negative
0,0.1260195,0,37380,Low Risk,True Negative
0,0.21159872,0,11795,Low Risk,True Negative
0,0.13519982,0,23161,Low Risk,True Negative
0,0.15376174,0,5654,Low Risk,True Negative
0,0.6018478,1,38683,High Risk,False Positive
0,0.188635,0,9254,Low Risk,True Negative
0,0.8615078,1,27228,Critical Risk,False Positive
0,0.08114904,0,41189,Low Risk,True Negative
0,0.07327085,0,2548,Low Risk,True Negative
0,0.08278541,0,31720,Low Risk,True Negative
0,0.17436777,0,412,Low Risk,True Negative
0,0.3828022,0,42467,Medium Risk,True Negative
0,0.14807242,0,43619,Low Risk,True Negative
1,0.41413653,0,40548,Medium Risk,False Negative
0,0.29376498,0,43705,Medium Risk,True Negative
0,0.12703131,0,819,Low Risk,True Negative
0,0.14373216,0,33811,Low Risk,True Negative
1,0.2200082,0,32759,Low Risk,False Negative
0,0.21926516,0,2543,Low Risk,True Negative
0,0.4920732,0,22912,Medium Risk,True Negative
0,0.42652038,0,5418,Medium Risk,True Negative
0,0.21533625,0,21816,Low Risk,True Negative
0,0.16261324,0,21403,Low Risk,True Negative
0,0.49606466,0,25956,Medium Risk,True Negative
0,0.01799412,0,10244,Low Risk,True Negative
0,0.5457182,1,29570,High Risk,False Positive
0,0.9286417,1,19090,Critical Risk,False Positive
0,0.13377519,0,8767,Low Risk,True Negative
0,0.18344784,0,29752,Low Risk,True Negative
0,0.08672232,0,27397,Low Risk,True Negative
0,0.28195998,0,2398,Medium Risk,True Negative
0,0.43754485,0,36206,Medium Risk,True Negative
1,0.0732111,0,29042,Low Risk,False Negative
0,0.028497025,0,6174,Low Risk,True Negative
0,0.032331508,0,24158,Low Risk,True Negative
0,0.23854849,0,24273,Low Risk,True Negative
0,0.43760365,0,21765,Medium Risk,True Negative
0,0.14305422,0,35391,Low Risk,True Negative
0,0.18148652,0,20544,Low Risk,True Negative
0,0.13603397,0,27162,Low Risk,True Negative
0,0.34040144,0,20461,Medium Risk,True Negative
0,0.29177588,0,510,Medium Risk,True Negative
0,0.6498683,1,33659,High Risk,False Positive
0,0.10119823,0,6539,Low Risk,True Negative
0,0.026943102,0,18424,Low Risk,True Negative
0,0.22345941,0,13114,Low Risk,True Negative
0,0.21453397,0,36347,Low Risk,True Negative
0,0.36657825,0,17636,Medium Risk,True Negative
0,0.5194983,1,26886,High Risk,False Positive
0,0.16077267,0,43754,Low Risk,True Negative
0,0.24052688,0,6904,Low Risk,True Negative
1,0.68284714,1,3344,High Risk,True Positive
0,0.070580125,0,40713,Low Risk,True Negative
0,0.1645408,0,14481,Low Risk,True Negative
0,0.12927864,0,13752,Low Risk,True Negative
0,0.36929077,0,7782,Medium Risk,True Negative
1,0.1031829,0,2166,Low Risk,False Negative
0,0.058818817,0,24890,Low Risk,True Negative
0,0.11932738,0,20780,Low Risk,True Negative
0,0.10093512,0,40045,Low Risk,True Negative
0,0.10273395,0,15562,Low Risk,True Negative
0,0.8622182,1,13538,Critical Risk,False Positive
0,0.10232809,0,13341,Low Risk,True Negative
1,0.53455526,1,278,High Risk,True Positive
0,0.5194816,1,43264,High Risk,False Positive
0,0.16189791,0,25606,Low Risk,True Negative
0,0.049225572,0,39953,Low Risk,True Negative
1,0.84680337,1,21386,Critical Risk,True Positive
0,0.34235147,0,33318,Medium Risk,True Negative
1,0.87060136,1,10337,Critical Risk,True Positive
0,0.10622463,0,12188,Low Risk,True Negative
0,0.38678733,0,14084,Medium Risk,True Negative
0,0.7489188,1,8294,High Risk,False Positive
0,0.2975509,0,28348,Medium Risk,True Negative
0,0.30718052,0,3794,Medium Risk,True Negative
0,0.09091965,0,29915,Low Risk,True Negative
0,0.09808633,0,30214,Low Risk,True Negative
0,0.7056033,1,1006,High Risk,False Positive
0,0.087916255,0,29374,Low Risk,True Negative
0,0.30145687,0,4169,Medium Risk,True Negative
0,0.15282881,0,5910,Low Risk,True Negative
0,0.17760539,0,33240,Low Risk,True Negative
0,0.21951795,0,41865,Low Risk,True Negative
0,0.023882931,0,20701,Low Risk,True Negative
0,0.1950508,0,4313,Low Risk,True Negative
0,0.046298157,0,41497,Low Risk,True Negative
0,0.4636664,0,29657,Medium Risk,True Negative
0,0.11117051,0,35685,Low Risk,True Negative
0,0.8002705,1,17,Critical Risk,False Positive
0,0.17016749,0,10509,Low Risk,True Negative
0,0.07747119,0,42333,Low Risk,True Negative
0,0.23858778,0,17590,Low Risk,True Negative
0,0.1143728,0,7509,Low Risk,True Negative
0,0.16786602,0,44075,Low Risk,True Negative
0,0.21074401,0,15047,Low Risk,True Negative
1,0.49388814,0,42511,Medium Risk,False Negative
0,0.8459464,1,8374,Critical Risk,False Positive
0,0.5397018,1,5014,High Risk,False Positive
0,0.25929412,0,752,Medium Risk,True Negative
0,0.28221008,0,32007,Medium Risk,True Negative
0,0.38964862,0,19781,Medium Risk,True Negative
1,0.09420821,0,15666,Low Risk,False Negative
0,0.363773,0,28071,Medium Risk,True Negative
0,0.18619967,0,29580,Low Risk,True Negative
0,0.07838867,0,31166,Low Risk,True Negative
0,0.15985574,0,24105,Low Risk,True Negative
0,0.056567665,0,25521,Low Risk,True Negative
0,0.029280784,0,3002,Low Risk,True Negative
0,0.1512213,0,25590,Low Risk,True Negative
0,0.15890409,0,40537,Low Risk,True Negative
0,0.14218906,0,4194,Low Risk,True Negative
0,0.28997236,0,24802,Medium Risk,True Negative
0,0.054742284,0,3657,Low Risk,True Negative
0,0.08436566,0,17907,Low Risk,True Negative
0,0.09599458,0,32906,Low Risk,True Negative
0,0.26667544,0,4596,Medium Risk,True Negative
0,0.029716114,0,3378,Low Risk,True Negative
0,0.27115515,0,14440,Medium Risk,True Negative
0,0.26329544,0,37577,Medium Risk,True Negative
0,0.1632939,0,16974,Low Risk,True Negative
0,0.061303772,0,2538,Low Risk,True Negative
0,0.5145321,1,33180,High Risk,False Positive
0,0.060765456,0,33144,Low Risk,True Negative
0,0.2854976,0,16380,Medium Risk,True Negative
0,0.08877305,0,37331,Low Risk,True Negative
1,0.15337373,0,26089,Low Risk,False Negative
0,0.06551617,0,19245,Low Risk,True Negative
0,0.39557427,0,40850,Medium Risk,True Negative
0,0.16019508,0,15039,Low Risk,True Negative
0,0.06996039,0,6913,Low Risk,True Negative
0,0.68243283,1,38245,High Risk,False Positive
0,0.114870355,0,9161,Low Risk,True Negative
1,0.7650862,1,1619,Critical Risk,True Positive
0,0.04292982,0,23295,Low Risk,True Negative
0,0.07851762,0,25907,Low Risk,True Negative
0,0.19955914,0,5594,Low Risk,True Negative
0,0.29779196,0,38716,Medium Risk,True Negative
0,0.1971365,0,23765,Low Risk,True Negative
0,0.07250803,0,958,Low Risk,True Negative
0,0.011788814,0,9718,Low Risk,True Negative
1,0.7913998,1,10701,Critical Risk,True Positive
0,0.81908303,1,42153,Critical Risk,False Positive
0,0.26472557,0,1476,Medium Risk,True Negative
0,0.17651406,0,37106,Low Risk,True Negative
0,0.18794267,0,6772,Low Risk,True Negative
0,0.75706726,1,29216,Critical Risk,False Positive
1,0.49357784,0,20357,Medium Risk,False Negative
0,0.15656641,0,38542,Low Risk,True Negative
0,0.546476,1,43608,High Risk,False Positive
0,0.24186721,0,44036,Low Risk,True Negative
0,0.0914203,0,9571,Low Risk,True Negative
0,0.2124816,0,20088,Low Risk,True Negative
0,0.33171096,0,29254,Medium Risk,True Negative
0,0.070017986,0,6494,Low Risk,True Negative
0,0.095197655,0,10585,Low Risk,True Negative
0,0.048373856,0,41812,Low Risk,True Negative
0,0.2638103,0,11385,Medium Risk,True Negative
0,0.25398698,0,41039,Medium Risk,True Negative
0,0.7787109,1,5504,Critical Risk,False Positive
0,0.18309514,0,38317,Low Risk,True Negative
1,0.31596863,0,30792,Medium Risk,False Negative
0,0.30809674,0,39235,Medium Risk,True Negative
0,0.019987408,0,41405,Low Risk,True Negative
0,0.06581986,0,41655,Low Risk,True Negative
0,0.712504,1,3356,High Risk,False Positive
0,0.42791104,0,32696,Medium Risk,True Negative
0,0.29720628,0,32991,Medium Risk,True Negative
0,0.079312734,0,39011,Low Risk,True Negative
0,0.35462704,0,3256,Medium Risk,True Negative
0,0.21708612,0,8264,Low Risk,True Negative
0,0.22664936,0,12931,Low Risk,True Negative
0,0.113957435,0,36648,Low Risk,True Negative
0,0.046819914,0,34556,Low Risk,True Negative
0,0.3994534,0,8237,Medium Risk,True Negative
0,0.1553312,0,5186,Low Risk,True Negative
0,0.037746377,0,37525,Low Risk,True Negative
0,0.75149196,1,37812,Critical Risk,False Positive
0,0.09989882,0,6142,Low Risk,True Negative
0,0.21388783,0,28024,Low Risk,True Negative
0,0.24676563,0,36171,Low Risk,True Negative
0,0.13716242,0,33393,Low Risk,True Negative
0,0.26010343,0,33458,Medium Risk,True Negative
0,0.18870242,0,36881,Low Risk,True Negative
1,0.6444746,1,2004,High Risk,True Positive
0,0.1028738,0,24526,Low Risk,True Negative
0,0.13542369,0,12586,Low Risk,True Negative
0,0.20270798,0,19663,Low Risk,True Negative
0,0.24885094,0,37016,Low Risk,True Negative
1,0.8502793,1,20164,Critical Risk,True Positive
1,0.38372466,0,21480,Medium Risk,False Negative
0,0.44948274,0,6794,Medium Risk,True Negative
0,0.86773926,1,31219,Critical Risk,False Positive
0,0.23329036,0,31316,Low Risk,True Negative
0,0.15851313,0,12698,Low Risk,True Negative
0,0.31451896,0,24992,Medium Risk,True Negative
0,0.15192421,0,3916,Low Risk,True Negative
0,0.3558018,0,14978,Medium Risk,True Negative
0,0.37631556,0,9532,Medium Risk,True Negative
0,0.061897084,0,8701,Low Risk,True Negative
0,0.4338031,0,23914,Medium Risk,True Negative
0,0.44978616,0,2107,Medium Risk,True Negative
0,0.018735358,0,25244,Low Risk,True Negative
0,0.037340518,0,37994,Low Risk,True Negative
1,0.2708571,0,34246,Medium Risk,False Negative
0,0.06441511,0,21633,Low Risk,True Negative
0,0.10649504,0,8759,Low Risk,True Negative
0,0.042964756,0,3621,Low Risk,True Negative
0,0.39934647,0,9079,Medium Risk,True Negative
0,0.32142046,0,37536,Medium Risk,True Negative
0,0.18635793,0,31759,Low Risk,True Negative
0,0.305065,0,41324,Medium Risk,True Negative
1,0.4343523,0,435,Medium Risk,False Negative
0,0.24027008,0,11778,Low Risk,True Negative
0,0.06412778,0,12902,Low Risk,True Negative
1,0.6829688,1,25041,High Risk,True Positive
1,0.29551172,0,30739,Medium Risk,False Negative
0,0.7072546,1,7529,High Risk,False Positive
0,0.08378858,0,14171,Low Risk,True Negative
0,0.06486088,0,42179,Low Risk,True Negative
0,0.07110686,0,13997,Low Risk,True Negative
0,0.25376928,0,42757,Medium Risk,True Negative
0,0.04593391,0,19507,Low Risk,True Negative
0,0.01928599,0,29882,Low Risk,True Negative
0,0.47541532,0,23370,Medium Risk,True Negative
0,0.04867393,0,18169,Low Risk,True Negative
0,0.11252312,0,4350,Low Risk,True Negative
0,0.051221933,0,16455,Low Risk,True Negative
0,0.55914587,1,6832,High Risk,False Positive
0,0.28730986,0,34693,Medium Risk,True Negative
0,0.24303912,0,35135,Low Risk,True Negative
1,0.82606536,1,38012,Critical Risk,True Positive
0,0.90416515,1,17995,Critical Risk,False Positive
0,0.50788254,1,18282,High Risk,False Positive
0,0.18348384,0,12533,Low Risk,True Negative
0,0.3321389,0,28690,Medium Risk,True Negative
0,0.2081862,0,1330,Low Risk,True Negative
0,0.07800238,0,40233,Low Risk,True Negative
0,0.598979,1,2959,High Risk,False Positive
0,0.17516753,0,36574,Low Risk,True Negative
0,0.41901323,0,29532,Medium Risk,True Negative
1,0.33526516,0,13583,Medium Risk,False Negative
0,0.14409867,0,25567,Low Risk,True Negative
0,0.19316776,0,15731,Low Risk,True Negative
0,0.43516713,0,34813,Medium Risk,True Negative
0,0.051515665,0,21997,Low Risk,True Negative
0,0.1998857,0,4926,Low Risk,True Negative
0,0.19984871,0,38875,Low Risk,True Negative
1,0.9565473,1,17237,Critical Risk,True Positive
0,0.02625396,0,19316,Low Risk,True Negative
0,0.6813668,1,22173,High Risk,False Positive
0,0.026991587,0,22822,Low Risk,True Negative
0,0.08545702,0,28421,Low Risk,True Negative
0,0.061771855,0,12394,Low Risk,True Negative
0,0.171863,0,23312,Low Risk,True Negative
0,0.3051843,0,15911,Medium Risk,True Negative
0,0.049189217,0,36931,Low Risk,True Negative
0,0.23957926,0,36965,Low Risk,True Negative
1,0.6048381,1,12338,High Risk,True Positive
0,0.07662692,0,42374,Low Risk,True Negative
0,0.21358101,0,542,Low Risk,True Negative
0,0.8080892,1,40693,Critical Risk,False Positive
0,0.0891758,0,33794,Low Risk,True Negative
0,0.29119533,0,20796,Medium Risk,True Negative
1,0.9620098,1,41834,Critical Risk,True Positive
0,0.6343695,1,28005,High Risk,False Positive
0,0.14229892,0,28842,Low Risk,True Negative
0,0.034273535,0,28319,Low Risk,True Negative
0,0.051975455,0,18930,Low Risk,True Negative
0,0.11084051,0,38229,Low Risk,True Negative
0,0.18180591,0,1907,Low Risk,True Negative
0,0.16122937,0,4384,Low Risk,True Negative
1,0.6456401,1,120,High Risk,True Positive
1,0.5293573,1,405,High Risk,True Positive
0,0.86978334,1,19213,Critical Risk,False Positive
0,0.023140877,0,12574,Low Risk,True Negative
0,0.1100645,0,30878,Low Risk,True Negative
0,0.10608106,0,11428,Low Risk,True Negative
0,0.22944963,0,42418,Low Risk,True Negative
0,0.6584087,1,35406,High Risk,False Positive
0,0.01641279,0,34209,Low Risk,True Negative
0,0.8320882,1,820,Critical Risk,False Positive
0,0.06353934,0,14673,Low Risk,True Negative
1,0.542437,1,9811,High Risk,True Positive
0,0.1286272,0,30655,Low Risk,True Negative
0,0.64645237,1,26638,High Risk,False Positive
0,0.7272291,1,12500,High Risk,False Positive
0,0.60379416,1,20916,High Risk,False Positive
0,0.3586549,0,32474,Medium Risk,True Negative
1,0.17796011,0,36643,Low Risk,False Negative
0,0.09750365,0,26880,Low Risk,True Negative
0,0.0314808,0,12302,Low Risk,True Negative
1,0.56318873,1,29465,High Risk,True Positive
0,0.03437532,0,29492,Low Risk,True Negative
0,0.5028479,1,6699,High Risk,False Positive
0,0.24699342,0,20420,Low Risk,True Negative
0,0.20038684,0,1240,Low Risk,True Negative
0,0.09465884,0,27039,Low Risk,True Negative
1,0.45425597,0,1642,Medium Risk,False Negative
0,0.7781482,1,27097,Critical Risk,False Positive
1,0.75971246,1,24354,Critical Risk,True Positive
0,0.17060854,0,20174,Low Risk,True Negative
0,0.14097536,0,4574,Low Risk,True Negative
0,0.035309125,0,36058,Low Risk,True Negative
0,0.08235038,0,11200,Low Risk,True Negative
1,0.7615763,1,21906,Critical Risk,True Positive
0,0.5217702,1,8159,High Risk,False Positive
0,0.07007788,0,39647,Low Risk,True Negative
0,0.43061954,0,43819,Medium Risk,True Negative
0,0.27563852,0,26699,Medium Risk,True Negative
0,0.117644355,0,19590,Low Risk,True Negative
0,0.3860109,0,13942,Medium Risk,True Negative
0,0.18508895,0,19373,Low Risk,True Negative
0,0.14293356,0,41057,Low Risk,True Negative
0,0.20397674,0,39883,Low Risk,True Negative
0,0.10564962,0,6864,Low Risk,True Negative
0,0.06587008,0,25191,Low Risk,True Negative
0,0.05086414,0,3976,Low Risk,True Negative
0,0.33373877,0,35048,Medium Risk,True Negative
0,0.18741888,0,25493,Low Risk,True Negative
0,0.036591984,0,8286,Low Risk,True Negative
0,0.12021656,0,40155,Low Risk,True Negative
0,0.10456916,0,19747,Low Risk,True Negative
0,0.40583524,0,29753,Medium Risk,True Negative
0,0.29338905,0,24453,Medium Risk,True Negative
0,0.09077132,0,35333,Low Risk,True Negative
0,0.1263768,0,37546,Low Risk,True Negative
0,0.21889566,0,6212,Low Risk,True Negative
1,0.2354259,0,21300,Low Risk,False Negative
0,0.4406766,0,5122,Medium Risk,True Negative
0,0.20669971,0,34947,Low Risk,True Negative
0,0.17211056,0,4835,Low Risk,True Negative
0,0.19365062,0,1199,Low Risk,True Negative
0,0.69326854,1,28020,High Risk,False Positive
0,0.63915807,1,31194,High Risk,False Positive
0,0.24855359,0,15943,Low Risk,True Negative
0,0.12965544,0,31744,Low Risk,True Negative
1,0.6820984,1,27079,High Risk,True Positive
1,0.7159761,1,2987,High Risk,True Positive
0,0.2627578,0,13228,Medium Risk,True Negative
0,0.06834724,0,4526,Low Risk,True Negative
0,0.7394748,1,14795,High Risk,False Positive
0,0.18040068,0,27313,Low Risk,True Negative
0,0.07307013,0,17719,Low Risk,True Negative
0,0.1142329,0,3448,Low Risk,True Negative
0,0.45333296,0,10791,Medium Risk,True Negative
0,0.4835932,0,23340,Medium Risk,True Negative
0,0.14462484,0,9813,Low Risk,True Negative
0,0.288087,0,28692,Medium Risk,True Negative
0,0.08062573,0,32748,Low Risk,True Negative
0,0.1210977,0,21507,Low Risk,True Negative
0,0.48354656,0,38127,Medium Risk,True Negative
0,0.34756812,0,4483,Medium Risk,True Negative
0,0.19882001,0,28443,Low Risk,True Negative
0,0.12041371,0,8533,Low Risk,True Negative
1,0.8007811,1,33006,Critical Risk,True Positive
0,0.102313645,0,40497,Low Risk,True Negative
0,0.2134952,0,4809,Low Risk,True Negative
0,0.17254461,0,20431,Low Risk,True Negative
0,0.05255319,0,8335,Low Risk,True Negative
0,0.29283696,0,16837,Medium Risk,True Negative
0,0.20497262,0,8002,Low Risk,True Negative
0,0.0507914,0,40271,Low Risk,True Negative
0,0.145507,0,6788,Low Risk,True Negative
0,0.2680936,0,23371,Medium Risk,True Negative
0,0.17500444,0,41268,Low Risk,True Negative
0,0.10980932,0,29922,Low Risk,True Negative
0,0.2896269,0,30428,Medium Risk,True Negative
0,0.33011088,0,41817,Medium Risk,True Negative
0,0.075940505,0,14842,Low Risk,True Negative
0,0.16596746,0,37580,Low Risk,True Negative
0,0.16875792,0,16988,Low Risk,True Negative
0,0.11178311,0,42902,Low Risk,True Negative
0,0.35264897,0,31407,Medium Risk,True Negative
0,0.49612713,0,3199,Medium Risk,True Negative
0,0.1284381,0,5448,Low Risk,True Negative
0,0.48333654,0,30833,Medium Risk,True Negative
0,0.6965814,1,34897,High Risk,False Positive
0,0.12249013,0,21798,Low Risk,True Negative
0,0.54604006,1,2881,High Risk,False Positive
0,0.16783243,0,8588,Low Risk,True Negative
0,0.8922979,1,31397,Critical Risk,False Positive
0,0.40462232,0,5027,Medium Risk,True Negative
0,0.059418816,0,26373,Low Risk,True Negative
0,0.7167207,1,877,High Risk,False Positive
0,0.60859483,1,10204,High Risk,False Positive
0,0.77115226,1,12093,Critical Risk,False Positive
0,0.28662005,0,17856,Medium Risk,True Negative
0,0.39302838,0,14086,Medium Risk,True Negative
0,0.22330296,0,38635,Low Risk,True Negative
0,0.4702977,0,14887,Medium Risk,True Negative
0,0.0804352,0,9649,Low Risk,True Negative
1,0.4984071,0,29823,Medium Risk,False Negative
0,0.5029884,1,17038,High Risk,False Positive
0,0.20773873,0,16493,Low Risk,True Negative
0,0.25419155,0,25097,Medium Risk,True Negative
0,0.4094956,0,21418,Medium Risk,True Negative
0,0.06876338,0,18032,Low Risk,True Negative
0,0.2447651,0,11467,Low Risk,True Negative
0,0.48276934,0,25675,Medium Risk,True Negative
0,0.25679216,0,24739,Medium Risk,True Negative
0,0.1444547,0,9318,Low Risk,True Negative
0,0.44826025,0,14388,Medium Risk,True Negative
0,0.02147959,0,30066,Low Risk,True Negative
0,0.046052154,0,31324,Low Risk,True Negative
0,0.17401384,0,21671,Low Risk,True Negative
0,0.44824785,0,21435,Medium Risk,True Negative
0,0.034568325,0,2142,Low Risk,True Negative
0,0.07003592,0,6853,Low Risk,True Negative
0,0.27653822,0,20416,Medium Risk,True Negative
0,0.15255308,0,35100,Low Risk,True Negative
0,0.11736523,0,5999,Low Risk,True Negative
1,0.848066,1,34600,Critical Risk,True Positive
0,0.10094934,0,6280,Low Risk,True Negative
0,0.34909338,0,33586,Medium Risk,True Negative
0,0.0782438,0,13421,Low Risk,True Negative
1,0.17265959,0,6616,Low Risk,False Negative
0,0.21435368,0,14746,Low Risk,True Negative
0,0.20740023,0,35883,Low Risk,True Negative
0,0.0676503,0,17282,Low Risk,True Negative
1,0.7819205,1,30890,Critical Risk,True Positive
0,0.33945584,0,17906,Medium Risk,True Negative
0,0.12671459,0,40406,Low Risk,True Negative
0,0.54338515,1,10973,High Risk,False Positive
0,0.16605236,0,4842,Low Risk,True Negative
0,0.86944926,1,36132,Critical Risk,False Positive
0,0.559176,1,418,High Risk,False Positive
0,0.09060681,0,43949,Low Risk,True Negative
0,0.015560592,0,29961,Low Risk,True Negative
0,0.018954476,0,37108,Low Risk,True Negative
0,0.26779842,0,41748,Medium Risk,True Negative
1,0.20287012,0,2126,Low Risk,False Negative
0,0.058857366,0,5582,Low Risk,True Negative
0,0.092845395,0,7252,Low Risk,True Negative
0,0.24011809,0,11575,Low Risk,True Negative
0,0.18117966,0,11081,Low Risk,True Negative
1,0.41161093,0,14238,Medium Risk,False Negative
0,0.17438103,0,28860,Low Risk,True Negative
0,0.37533963,0,32460,Medium Risk,True Negative
0,0.0625693,0,16966,Low Risk,True Negative
0,0.22562414,0,12482,Low Risk,True Negative
0,0.036663555,0,33846,Low Risk,True Negative
0,0.15337312,0,22450,Low Risk,True Negative
0,0.23068719,0,42712,Low Risk,True Negative
0,0.18894847,0,6274,Low Risk,True Negative
0,0.10103471,0,27286,Low Risk,True Negative
0,0.27208093,0,17670,Medium Risk,True Negative
0,0.78294754,1,41786,Critical Risk,False Positive
0,0.36385491,0,5345,Medium Risk,True Negative
0,0.046303872,0,11550,Low Risk,True Negative
0,0.077475846,0,29288,Low Risk,True Negative
0,0.41938284,0,5897,Medium Risk,True Negative
0,0.6156654,1,30072,High Risk,False Positive
0,0.023628592,0,14443,Low Risk,True Negative
0,0.14402403,0,8066,Low Risk,True Negative
0,0.22768699,0,11742,Low Risk,True Negative
0,0.016813325,0,39712,Low Risk,True Negative
0,0.12514734,0,36373,Low Risk,True Negative
1,0.62185735,1,19359,High Risk,True Positive
0,0.23771974,0,25623,Low Risk,True Negative
0,0.021781655,0,713,Low Risk,True Negative
0,0.356472,0,7862,Medium Risk,True Negative
0,0.16380852,0,34391,Low Risk,True Negative
0,0.76712704,1,18206,Critical Risk,False Positive
0,0.39615285,0,36209,Medium Risk,True Negative
0,0.19007656,0,40905,Low Risk,True Negative
0,0.33228225,0,41772,Medium Risk,True Negative
0,0.2246328,0,21726,Low Risk,True Negative
0,0.08737483,0,6229,Low Risk,True Negative
0,0.21660103,0,2050,Low Risk,True Negative
0,0.16453223,0,31576,Low Risk,True Negative
0,0.24483433,0,30713,Low Risk,True Negative
1,0.8195841,1,34266,Critical Risk,True Positive
0,0.20814826,0,12632,Low Risk,True Negative
1,0.8640389,1,32623,Critical Risk,True Positive
0,0.15449415,0,13631,Low Risk,True Negative
1,0.50906366,1,25357,High Risk,True Positive
0,0.47904736,0,14358,Medium Risk,True Negative
0,0.32694,0,7204,Medium Risk,True Negative
1,0.77184016,1,35156,Critical Risk,True Positive
0,0.4245161,0,40815,Medium Risk,True Negative
0,0.20316027,0,27607,Low Risk,True Negative
0,0.07243162,0,20310,Low Risk,True Negative
0,0.14848529,0,4488,Low Risk,True Negative
1,0.89707685,1,39296,Critical Risk,True Positive
0,0.07087507,0,27773,Low Risk,True Negative
1,0.5764956,1,26651,High Risk,True Positive
0,0.084674165,0,1562,Low Risk,True Negative
0,0.5339148,1,17112,High Risk,False Positive
0,0.29126027,0,7309,Medium Risk,True Negative
0,0.12221311,0,24164,Low Risk,True Negative
0,0.2761134,0,17763,Medium Risk,True Negative
0,0.07818696,0,26446,Low Risk,True Negative
0,0.42283145,0,35578,Medium Risk,True Negative
0,0.12722605,0,995,Low Risk,True Negative
0,0.055268064,0,13113,Low Risk,True Negative
0,0.25100532,0,3830,Medium Risk,True Negative
1,0.6049029,1,36240,High Risk,True Positive
0,0.6884127,1,37184,High Risk,False Positive
1,0.20241953,0,7236,Low Risk,False Negative
0,0.10629962,0,8769,Low Risk,True Negative
0,0.10214905,0,27155,Low Risk,True Negative
0,0.2756937,0,38909,Medium Risk,True Negative
0,0.25740495,0,2561,Medium Risk,True Negative
0,0.12295258,0,10247,Low Risk,True Negative
0,0.65137035,1,34374,High Risk,False Positive
0,0.6595114,1,35136,High Risk,False Positive
0,0.09494511,0,6719,Low Risk,True Negative
1,0.8976265,1,33369,Critical Risk,True Positive
1,0.8477337,1,34638,Critical Risk,True Positive
0,0.36956853,0,9332,Medium Risk,True Negative
0,0.45588714,0,28678,Medium Risk,True Negative
0,0.01761986,0,5251,Low Risk,True Negative
0,0.053045318,0,32325,Low Risk,True Negative
0,0.6414023,1,308,High Risk,False Positive
0,0.76343274,1,31254,Critical Risk,False Positive
0,0.08297615,0,27428,Low Risk,True Negative
1,0.44616497,0,35280,Medium Risk,False Negative
0,0.120139815,0,13251,Low Risk,True Negative
1,0.7752983,1,1793,Critical Risk,True Positive
0,0.511396,1,39274,High Risk,False Positive
0,0.102711044,0,8519,Low Risk,True Negative
0,0.19555032,0,39016,Low Risk,True Negative
0,0.15221715,0,2697,Low Risk,True Negative
0,0.08193713,0,36299,Low Risk,True Negative
0,0.26451686,0,11175,Medium Risk,True Negative
0,0.4533514,0,20019,Medium Risk,True Negative
0,0.05746189,0,15089,Low Risk,True Negative
0,0.049969625,0,15608,Low Risk,True Negative
1,0.5821472,1,6191,High Risk,True Positive
0,0.1033524,0,113,Low Risk,True Negative
0,0.13894631,0,15927,Low Risk,True Negative
1,0.16961077,0,2736,Low Risk,False Negative
0,0.081663705,0,12860,Low Risk,True Negative
0,0.07699121,0,28237,Low Risk,True Negative
0,0.24506974,0,34038,Low Risk,True Negative
0,0.2208342,0,22115,Low Risk,True Negative
0,0.12167089,0,20037,Low Risk,True Negative
1,0.87803036,1,34050,Critical Risk,True Positive
0,0.22876191,0,22053,Low Risk,True Negative
0,0.15929167,0,28820,Low Risk,True Negative
0,0.100730516,0,38998,Low Risk,True Negative
0,0.11977005,0,28068,Low Risk,True Negative
0,0.07507351,0,43237,Low Risk,True Negative
0,0.5158449,1,39474,High Risk,False Positive
0,0.5062305,1,35191,High Risk,False Positive
0,0.04417713,0,15261,Low Risk,True Negative
0,0.29200858,0,5620,Medium Risk,True Negative
0,0.3620674,0,40545,Medium Risk,True Negative
0,0.088390745,0,2,Low Risk,True Negative
1,0.18112911,0,500,Low Risk,False Negative
0,0.13151784,0,22063,Low Risk,True Negative
0,0.053149436,0,18192,Low Risk,True Negative
0,0.03128936,0,15011,Low Risk,True Negative
0,0.08188302,0,27904,Low Risk,True Negative
0,0.26444155,0,22477,Medium Risk,True Negative
0,0.2554891,0,12362,Medium Risk,True Negative
0,0.43162403,0,3383,Medium Risk,True Negative
0,0.1344977,0,2556,Low Risk,True Negative
0,0.18564755,0,10766,Low Risk,True Negative
0,0.4289636,0,15850,Medium Risk,True Negative
0,0.041103255,0,21407,Low Risk,True Negative
1,0.31793243,0,3519,Medium Risk,False Negative
0,0.15999837,0,41618,Low Risk,True Negative
0,0.3572077,0,30927,Medium Risk,True Negative
0,0.2873177,0,24149,Medium Risk,True Negative
0,0.7364006,1,24792,High Risk,False Positive
0,0.3896954,0,31469,Medium Risk,True Negative
0,0.14638565,0,13615,Low Risk,True Negative
0,0.13161685,0,29135,Low Risk,True Negative
0,0.05778971,0,37588,Low Risk,True Negative
0,0.21988003,0,39414,Low Risk,True Negative
0,0.1469478,0,1748,Low Risk,True Negative
0,0.04491897,0,2897,Low Risk,True Negative
0,0.24520609,0,32281,Low Risk,True Negative
0,0.020483611,0,19900,Low Risk,True Negative
0,0.2612983,0,17691,Medium Risk,True Negative
0,0.16364017,0,18292,Low Risk,True Negative
0,0.12448642,0,38990,Low Risk,True Negative
0,0.22787076,0,24990,Low Risk,True Negative
0,0.23768023,0,35654,Low Risk,True Negative
0,0.19772531,0,43331,Low Risk,True Negative
0,0.11931513,0,17155,Low Risk,True Negative
0,0.015567585,0,43030,Low Risk,True Negative
0,0.076088585,0,7006,Low Risk,True Negative
0,0.48542893,0,2243,Medium Risk,True Negative
0,0.6716265,1,27035,High Risk,False Positive
0,0.3095709,0,5847,Medium Risk,True Negative
0,0.3436477,0,30060,Medium Risk,True Negative
0,0.13210425,0,34676,Low Risk,True Negative
0,0.11374433,0,20215,Low Risk,True Negative
0,0.122234106,0,11831,Low Risk,True Negative
1,0.81832397,1,32226,Critical Risk,True Positive
0,0.18229958,0,7970,Low Risk,True Negative
1,0.69770885,1,40549,High Risk,True Positive
0,0.1256785,0,38435,Low Risk,True Negative
0,0.42488718,0,36713,Medium Risk,True Negative
0,0.13969144,0,936,Low Risk,True Negative
0,0.06276833,0,11214,Low Risk,True Negative
0,0.08628249,0,24214,Low Risk,True Negative
0,0.11783874,0,11984,Low Risk,True Negative
0,0.72875255,1,23788,High Risk,False Positive
0,0.100320235,0,2955,Low Risk,True Negative
1,0.7498573,1,35670,High Risk,True Positive
0,0.19473536,0,2014,Low Risk,True Negative
0,0.49349838,0,3302,Medium Risk,True Negative
1,0.513998,1,31421,High Risk,True Positive
0,0.014083145,0,6766,Low Risk,True Negative
0,0.07744411,0,27985,Low Risk,True Negative
1,0.9159055,1,43734,Critical Risk,True Positive
0,0.021024855,0,30902,Low Risk,True Negative
0,0.08601014,0,25559,Low Risk,True Negative
0,0.7483593,1,33204,High Risk,False Positive
0,0.39855263,0,12102,Medium Risk,True Negative
0,0.09401594,0,18747,Low Risk,True Negative
0,0.34096074,0,3500,Medium Risk,True Negative
1,0.5738648,1,33518,High Risk,True Positive
0,0.31159624,0,12599,Medium Risk,True Negative
0,0.29392305,0,6117,Medium Risk,True Negative
0,0.085159466,0,13617,Low Risk,True Negative
0,0.08258544,0,27930,Low Risk,True Negative
1,0.83064884,1,8046,Critical Risk,True Positive
0,0.15851231,0,41251,Low Risk,True Negative
0,0.7036746,1,19828,High Risk,False Positive
1,0.677094,1,3629,High Risk,True Positive
0,0.3515102,0,25549,Medium Risk,True Negative
0,0.69689167,1,15441,High Risk,False Positive
1,0.2856694,0,14374,Medium Risk,False Negative
0,0.29699418,0,32943,Medium Risk,True Negative
0,0.47866347,0,27638,Medium Risk,True Negative
0,0.8563469,1,31174,Critical Risk,False Positive
1,0.77449316,1,8698,Critical Risk,True Positive
0,0.059690766,0,16906,Low Risk,True Negative
0,0.20042665,0,10375,Low Risk,True Negative
0,0.09359482,0,40518,Low Risk,True Negative
0,0.41109052,0,23778,Medium Risk,True Negative
0,0.08482326,0,21694,Low Risk,True Negative
1,0.8078751,1,21585,Critical Risk,True Positive
0,0.04133905,0,42012,Low Risk,True Negative
0,0.2969453,0,14472,Medium Risk,True Negative
0,0.1095196,0,36060,Low Risk,True Negative
0,0.39152753,0,43064,Medium Risk,True Negative
0,0.10322836,0,61,Low Risk,True Negative
0,0.12902173,0,29988,Low Risk,True Negative
1,0.80866086,1,32120,Critical Risk,True Positive
0,0.6152201,1,28212,High Risk,False Positive
1,0.63516015,1,10102,High Risk,True Positive
0,0.20616953,0,28668,Low Risk,True Negative
1,0.31637323,0,19689,Medium Risk,False Negative
1,0.7393257,1,2600,High Risk,True Positive
0,0.48720297,0,24184,Medium Risk,True Negative
0,0.9372277,1,37166,Critical Risk,False Positive
0,0.16881344,0,1081,Low Risk,True Negative
0,0.05378813,0,20831,Low Risk,True Negative
0,0.34914157,0,25387,Medium Risk,True Negative
0,0.49374714,0,19025,Medium Risk,True Negative
1,0.72892123,1,7050,High Risk,True Positive
0,0.08772472,0,13577,Low Risk,True Negative
0,0.13811643,0,20759,Low Risk,True Negative
0,0.1294867,0,37377,Low Risk,True Negative
0,0.09154246,0,16544,Low Risk,True Negative
0,0.023113659,0,32915,Low Risk,True Negative
0,0.2588534,0,13327,Medium Risk,True Negative
1,0.81955415,1,27557,Critical Risk,True Positive
0,0.089903064,0,17346,Low Risk,True Negative
0,0.19017594,0,22149,Low Risk,True Negative
0,0.66436356,1,27730,High Risk,False Positive
1,0.78238964,1,33504,Critical Risk,True Positive
0,0.06312124,0,34219,Low Risk,True Negative
0,0.16482309,0,19095,Low Risk,True Negative
1,0.30204743,0,18866,Medium Risk,False Negative
0,0.06064825,0,11168,Low Risk,True Negative
0,0.27238122,0,35322,Medium Risk,True Negative
1,0.7848756,1,43244,Critical Risk,True Positive
0,0.499013,0,6177,Medium Risk,True Negative
0,0.3247161,0,6890,Medium Risk,True Negative
0,0.23847313,0,29212,Low Risk,True Negative
0,0.33386377,0,39005,Medium Risk,True Negative
0,0.8163231,1,29918,Critical Risk,False Positive
0,0.22821768,0,14166,Low Risk,True Negative
0,0.1027547,0,14983,Low Risk,True Negative
0,0.02475727,0,5256,Low Risk,True Negative
0,0.2699299,0,42117,Medium Risk,True Negative
0,0.12607388,0,2763,Low Risk,True Negative
0,0.54783523,1,24231,High Risk,False Positive
0,0.11047495,0,17116,Low Risk,True Negative
1,0.3110495,0,2788,Medium Risk,False Negative
0,0.88204986,1,18276,Critical Risk,False Positive
0,0.26069796,0,34889,Medium Risk,True Negative
0,0.13588443,0,24300,Low Risk,True Negative
0,0.34737048,0,5724,Medium Risk,True Negative
0,0.14735603,0,36520,Low Risk,True Negative
0,0.16896872,0,17344,Low Risk,True Negative
0,0.2312863,0,39788,Low Risk,True Negative
0,0.1827456,0,39248,Low Risk,True Negative
0,0.19200799,0,21309,Low Risk,True Negative
0,0.040946685,0,2691,Low Risk,True Negative
1,0.6295574,1,18327,High Risk,True Positive
0,0.44318473,0,20666,Medium Risk,True Negative
0,0.8397983,1,24678,Critical Risk,False Positive
0,0.15845369,0,6447,Low Risk,True Negative
0,0.54495776,1,23804,High Risk,False Positive
0,0.030238908,0,25932,Low Risk,True Negative
0,0.11764299,0,18754,Low Risk,True Negative
0,0.19300142,0,10397,Low Risk,True Negative
0,0.14872165,0,2387,Low Risk,True Negative
0,0.335344,0,32061,Medium Risk,True Negative
0,0.24028613,0,39985,Low Risk,True Negative
0,0.06685314,0,30991,Low Risk,True Negative
0,0.022556566,0,33981,Low Risk,True Negative
0,0.24718562,0,42106,Low Risk,True Negative
0,0.060349807,0,24537,Low Risk,True Negative
0,0.27845353,0,38804,Medium Risk,True Negative
0,0.40569857,0,35935,Medium Risk,True Negative
0,0.23050223,0,21381,Low Risk,True Negative
0,0.14852343,0,876,Low Risk,True Negative
0,0.112046264,0,24490,Low Risk,True Negative
0,0.19231217,0,41470,Low Risk,True Negative
0,0.768026,1,16442,Critical Risk,False Positive
0,0.14727211,0,1660,Low Risk,True Negative
1,0.32539293,0,14471,Medium Risk,False Negative
0,0.5302691,1,20853,High Risk,False Positive
1,0.48652604,0,22453,Medium Risk,False Negative
0,0.05660003,0,43636,Low Risk,True Negative
1,0.17678376,0,30893,Low Risk,False Negative
0,0.09184916,0,22757,Low Risk,True Negative
0,0.73657084,1,43605,High Risk,False Positive
1,0.81305414,1,1279,Critical Risk,True Positive
0,0.6886509,1,4795,High Risk,False Positive
0,0.47798544,0,6723,Medium Risk,True Negative
0,0.1382194,0,11205,Low Risk,True Negative
0,0.20336331,0,22301,Low Risk,True Negative
0,0.039894063,0,16397,Low Risk,True Negative
0,0.25828066,0,18442,Medium Risk,True Negative
0,0.08039592,0,28354,Low Risk,True Negative
0,0.32651255,0,33428,Medium Risk,True Negative
0,0.12130251,0,42920,Low Risk,True Negative
1,0.58606136,1,18718,High Risk,True Positive
0,0.25123745,0,886,Medium Risk,True Negative
0,0.39447334,0,39257,Medium Risk,True Negative
0,0.06107061,0,16593,Low Risk,True Negative
0,0.12782933,0,28648,Low Risk,True Negative
1,0.8231401,1,6448,Critical Risk,True Positive
1,0.7994393,1,25245,Critical Risk,True Positive
0,0.81121486,1,36987,Critical Risk,False Positive
0,0.24655692,0,10877,Low Risk,True Negative
0,0.033742797,0,35159,Low Risk,True Negative
0,0.7117521,1,9639,High Risk,False Positive
0,0.15677209,0,12858,Low Risk,True Negative
0,0.17499967,0,1520,Low Risk,True Negative
0,0.09046442,0,39798,Low Risk,True Negative
1,0.9064053,1,10246,Critical Risk,True Positive
0,0.6469747,1,11102,High Risk,False Positive
0,0.13039231,0,22990,Low Risk,True Negative
0,0.083431035,0,32549,Low Risk,True Negative
0,0.19816194,0,34913,Low Risk,True Negative
0,0.15947905,0,15658,Low Risk,True Negative
0,0.12286968,0,31102,Low Risk,True Negative
0,0.42672572,0,35788,Medium Risk,True Negative
0,0.632666,1,32763,High Risk,False Positive
0,0.12656859,0,25560,Low Risk,True Negative
0,0.05392726,0,15708,Low Risk,True Negative
0,0.7526342,1,41456,Critical Risk,False Positive
0,0.21362762,0,28403,Low Risk,True Negative
0,0.065322585,0,23678,Low Risk,True Negative
0,0.2893432,0,7034,Medium Risk,True Negative
0,0.14047925,0,9457,Low Risk,True Negative
0,0.030787151,0,31859,Low Risk,True Negative
0,0.19282672,0,30058,Low Risk,True Negative
0,0.7974941,1,16524,Critical Risk,False Positive
0,0.115192786,0,16523,Low Risk,True Negative
0,0.13639426,0,9199,Low Risk,True Negative
0,0.6669776,1,29674,High Risk,False Positive
0,0.2124589,0,17516,Low Risk,True Negative
0,0.09907247,0,23055,Low Risk,True Negative
0,0.4862886,0,30518,Medium Risk,True Negative
0,0.13226426,0,40363,Low Risk,True Negative
0,0.095346004,0,23505,Low Risk,True Negative
0,0.13977253,0,32427,Low Risk,True Negative
0,0.18723279,0,6956,Low Risk,True Negative
0,0.3660008,0,9901,Medium Risk,True Negative
0,0.15062596,0,22526,Low Risk,True Negative
0,0.18178341,0,19273,Low Risk,True Negative
0,0.14965717,0,20464,Low Risk,True Negative
0,0.13797161,0,7410,Low Risk,True Negative
0,0.73002285,1,32758,High Risk,False Positive
0,0.3875914,0,26998,Medium Risk,True Negative
0,0.8395289,1,27238,Critical Risk,False Positive
0,0.086261235,0,11663,Low Risk,True Negative
0,0.7623331,1,25285,Critical Risk,False Positive
0,0.055924322,0,25129,Low Risk,True Negative
0,0.10517624,0,24444,Low Risk,True Negative
1,0.3174457,0,5815,Medium Risk,False Negative
0,0.076935135,0,20493,Low Risk,True Negative
0,0.048021194,0,31642,Low Risk,True Negative
0,0.10161289,0,43338,Low Risk,True Negative
0,0.06260962,0,20883,Low Risk,True Negative
0,0.13420904,0,30373,Low Risk,True Negative
1,0.47375312,0,43234,Medium Risk,False Negative
0,0.2692791,0,42837,Medium Risk,True Negative
0,0.49935806,0,33378,Medium Risk,True Negative
0,0.06063357,0,20873,Low Risk,True Negative
0,0.054720465,0,30889,Low Risk,True Negative
0,0.15212011,0,14785,Low Risk,True Negative
0,0.12754402,0,21304,Low Risk,True Negative
0,0.5460156,1,4119,High Risk,False Positive
1,0.8514798,1,12811,Critical Risk,True Positive
0,0.31568614,0,28341,Medium Risk,True Negative
0,0.2032995,0,33095,Low Risk,True Negative
1,0.07940152,0,4295,Low Risk,False Negative
0,0.24434616,0,8742,Low Risk,True Negative
0,0.031082574,0,13108,Low Risk,True Negative
0,0.23072411,0,865,Low Risk,True Negative
0,0.022370089,0,41161,Low Risk,True Negative
0,0.068601035,0,42299,Low Risk,True Negative
0,0.0808366,0,4948,Low Risk,True Negative
0,0.45461127,0,11949,Medium Risk,True Negative
0,0.14327854,0,28003,Low Risk,True Negative
0,0.10848486,0,7110,Low Risk,True Negative
0,0.3211101,0,30549,Medium Risk,True Negative
1,0.24726781,0,6065,Low Risk,False Negative
0,0.27069515,0,23131,Medium Risk,True Negative
0,0.14922513,0,15480,Low Risk,True Negative
0,0.27058777,0,33156,Medium Risk,True Negative
0,0.100475594,0,572,Low Risk,True Negative
0,0.16017929,0,9335,Low Risk,True Negative
0,0.07030729,0,17501,Low Risk,True Negative
0,0.13232875,0,15451,Low Risk,True Negative
0,0.25532007,0,16226,Medium Risk,True Negative
1,0.55945283,1,41729,High Risk,True Positive
0,0.3777861,0,32424,Medium Risk,True Negative
0,0.65288043,1,20217,High Risk,False Positive
0,0.28090712,0,18301,Medium Risk,True Negative
0,0.5070562,1,36779,High Risk,False Positive
0,0.55006284,1,6925,High Risk,False Positive
0,0.100206904,0,511,Low Risk,True Negative
0,0.14045332,0,5000,Low Risk,True Negative
1,0.8964956,1,22963,Critical Risk,True Positive
0,0.48087242,0,8576,Medium Risk,True Negative
0,0.07960867,0,6868,Low Risk,True Negative
0,0.15575597,0,14337,Low Risk,True Negative
1,0.9680465,1,37843,Critical Risk,True Positive
0,0.13416316,0,32174,Low Risk,True Negative
0,0.14955914,0,9484,Low Risk,True Negative
0,0.24880433,0,36486,Low Risk,True Negative
0,0.8323632,1,16765,Critical Risk,False Positive
0,0.8000987,1,23889,Critical Risk,False Positive
0,0.235334,0,40666,Low Risk,True Negative
0,0.13343266,0,10339,Low Risk,True Negative
0,0.24325292,0,42397,Low Risk,True Negative
0,0.30698296,0,12616,Medium Risk,True Negative
0,0.30504394,0,20083,Medium Risk,True Negative
0,0.6239001,1,17476,High Risk,False Positive
1,0.56742275,1,26553,High Risk,True Positive
0,0.27258003,0,28876,Medium Risk,True Negative
0,0.062149946,0,15578,Low Risk,True Negative
0,0.29167464,0,12626,Medium Risk,True Negative
0,0.43028873,0,28579,Medium Risk,True Negative
0,0.13265805,0,18629,Low Risk,True Negative
0,0.02257301,0,9387,Low Risk,True Negative
0,0.21601716,0,41606,Low Risk,True Negative
0,0.32643977,0,22261,Medium Risk,True Negative
0,0.26510185,0,13889,Medium Risk,True Negative
0,0.28322273,0,24015,Medium Risk,True Negative
0,0.05433721,0,22328,Low Risk,True Negative
0,0.19504578,0,43818,Low Risk,True Negative
0,0.11591077,0,12321,Low Risk,True Negative
0,0.24059498,0,3790,Low Risk,True Negative
0,0.75252247,1,39830,Critical Risk,False Positive
0,0.5455741,1,8026,High Risk,False Positive
0,0.24376662,0,33864,Low Risk,True Negative
0,0.2217141,0,11223,Low Risk,True Negative
0,0.05419096,0,34037,Low Risk,True Negative
0,0.17200415,0,43690,Low Risk,True Negative
0,0.30017012,0,2819,Medium Risk,True Negative
0,0.15045239,0,18210,Low Risk,True Negative
0,0.39532164,0,7871,Medium Risk,True Negative
0,0.15334687,0,37657,Low Risk,True Negative
0,0.070497826,0,19582,Low Risk,True Negative
0,0.38951653,0,26427,Medium Risk,True Negative
0,0.1373021,0,38725,Low Risk,True Negative
0,0.08155829,0,19008,Low Risk,True Negative
1,0.8166069,1,25312,Critical Risk,True Positive
0,0.9345795,1,27658,Critical Risk,False Positive
0,0.3294209,0,3575,Medium Risk,True Negative
0,0.052155785,0,22678,Low Risk,True Negative
0,0.78270316,1,71,Critical Risk,False Positive
0,0.15843242,0,40183,Low Risk,True Negative
0,0.27189478,0,31633,Medium Risk,True Negative
0,0.30280393,0,28855,Medium Risk,True Negative
0,0.11746237,0,21085,Low Risk,True Negative
0,0.115785226,0,6203,Low Risk,True Negative
0,0.6002381,1,15232,High Risk,False Positive
0,0.08678774,0,18376,Low Risk,True Negative
0,0.355854,0,5150,Medium Risk,True Negative
0,0.072066374,0,13983,Low Risk,True Negative
0,0.14157617,0,38406,Low Risk,True Negative
0,0.46974388,0,23318,Medium Risk,True Negative
0,0.15347922,0,3579,Low Risk,True Negative
0,0.22430429,0,1869,Low Risk,True Negative
0,0.4338779,0,7589,Medium Risk,True Negative
0,0.06834992,0,26419,Low Risk,True Negative
0,0.19301626,0,14676,Low Risk,True Negative
0,0.76345664,1,40550,Critical Risk,False Positive
0,0.36694637,0,8158,Medium Risk,True Negative
0,0.3955487,0,26452,Medium Risk,True Negative
0,0.04222645,0,6470,Low Risk,True Negative
0,0.10981277,0,24452,Low Risk,True Negative
0,0.15629691,0,41561,Low Risk,True Negative
0,0.15813138,0,4148,Low Risk,True Negative
0,0.20066361,0,44024,Low Risk,True Negative
0,0.10209441,0,18556,Low Risk,True Negative
0,0.6647421,1,358,High Risk,False Positive
0,0.31283265,0,24601,Medium Risk,True Negative
0,0.6271928,1,30232,High Risk,False Positive
0,0.08022108,0,40176,Low Risk,True Negative
0,0.09230421,0,10694,Low Risk,True Negative
0,0.036474388,0,23331,Low Risk,True Negative
0,0.34936622,0,11753,Medium Risk,True Negative
0,0.39575282,0,8690,Medium Risk,True Negative
0,0.5974558,1,23305,High Risk,False Positive
0,0.25349697,0,10700,Medium Risk,True Negative
0,0.21016093,0,38167,Low Risk,True Negative
0,0.064265504,0,30122,Low Risk,True Negative
0,0.06909034,0,8782,Low Risk,True Negative
0,0.45825425,0,9012,Medium Risk,True Negative
0,0.4918477,0,14410,Medium Risk,True Negative
0,0.17094932,0,15353,Low Risk,True Negative
0,0.15243079,0,42581,Low Risk,True Negative
1,0.8211556,1,5499,Critical Risk,True Positive
0,0.057877295,0,41849,Low Risk,True Negative
0,0.06896571,0,11306,Low Risk,True Negative
0,0.31344798,0,10372,Medium Risk,True Negative
0,0.07172397,0,31330,Low Risk,True Negative
0,0.107921645,0,2643,Low Risk,True Negative
0,0.14264011,0,33167,Low Risk,True Negative
0,0.28061765,0,744,Medium Risk,True Negative
1,0.77808374,1,34104,Critical Risk,True Positive
0,0.13962573,0,25356,Low Risk,True Negative
0,0.1308283,0,39562,Low Risk,True Negative
0,0.13848522,0,709,Low Risk,True Negative
0,0.3025788,0,313,Medium Risk,True Negative
0,0.19507256,0,24779,Low Risk,True Negative
0,0.50629747,1,39881,High Risk,False Positive
0,0.047549453,0,17398,Low Risk,True Negative
0,0.1552446,0,6811,Low Risk,True Negative
0,0.24396251,0,2791,Low Risk,True Negative
1,0.8428938,1,4215,Critical Risk,True Positive
0,0.13975067,0,43415,Low Risk,True Negative
0,0.075604014,0,22663,Low Risk,True Negative
1,0.48794046,0,13403,Medium Risk,False Negative
0,0.116642036,0,39194,Low Risk,True Negative
0,0.082112916,0,14844,Low Risk,True Negative
0,0.055153273,0,32513,Low Risk,True Negative
0,0.38848522,0,14769,Medium Risk,True Negative
0,0.4149573,0,37558,Medium Risk,True Negative
0,0.18476358,0,6573,Low Risk,True Negative
0,0.32160842,0,20896,Medium Risk,True Negative
0,0.1775876,0,24497,Low Risk,True Negative
0,0.08721171,0,12247,Low Risk,True Negative
0,0.17651664,0,11992,Low Risk,True Negative
0,0.19234486,0,17100,Low Risk,True Negative
0,0.5397212,1,7009,High Risk,False Positive
0,0.08630849,0,24688,Low Risk,True Negative
0,0.25335371,0,24719,Medium Risk,True Negative
1,0.11061528,0,19458,Low Risk,False Negative
1,0.9465283,1,40476,Critical Risk,True Positive
0,0.113358036,0,637,Low Risk,True Negative
0,0.20601553,0,14870,Low Risk,True Negative
0,0.1964956,0,42701,Low Risk,True Negative
0,0.736064,1,27364,High Risk,False Positive
1,0.3747195,0,27247,Medium Risk,False Negative
0,0.05371303,0,25479,Low Risk,True Negative
1,0.9019699,1,4091,Critical Risk,True Positive
0,0.5304337,1,32587,High Risk,False Positive
0,0.31161574,0,5160,Medium Risk,True Negative
0,0.06812354,0,36766,Low Risk,True Negative
0,0.22945787,0,6517,Low Risk,True Negative
0,0.6808708,1,10485,High Risk,False Positive
0,0.0483449,0,28701,Low Risk,True Negative
0,0.4009466,0,43974,Medium Risk,True Negative
0,0.1445743,0,2902,Low Risk,True Negative
0,0.8128497,1,28928,Critical Risk,False Positive
0,0.20785935,0,31895,Low Risk,True Negative
0,0.13917725,0,24272,Low Risk,True Negative
0,0.2719931,0,15140,Medium Risk,True Negative
0,0.20232484,0,27535,Low Risk,True Negative
0,0.60272497,1,23496,High Risk,False Positive
0,0.2025302,0,28621,Low Risk,True Negative
0,0.06691884,0,325,Low Risk,True Negative
0,0.25735494,0,33097,Medium Risk,True Negative
0,0.112807624,0,40684,Low Risk,True Negative
0,0.58739763,1,17278,High Risk,False Positive
0,0.22442116,0,17984,Low Risk,True Negative
1,0.91890335,1,29361,Critical Risk,True Positive
0,0.070322245,0,29125,Low Risk,True Negative
0,0.043925308,0,31581,Low Risk,True Negative
0,0.5015779,1,33028,High Risk,False Positive
0,0.14923123,0,32890,Low Risk,True Negative
0,0.036133766,0,14023,Low Risk,True Negative
0,0.17299592,0,24645,Low Risk,True Negative
0,0.3732683,0,9937,Medium Risk,True Negative
0,0.32724506,0,18175,Medium Risk,True Negative
0,0.094115846,0,13661,Low Risk,True Negative
0,0.82408357,1,12077,Critical Risk,False Positive
0,0.019500129,0,15924,Low Risk,True Negative
0,0.055871353,0,2444,Low Risk,True Negative
0,0.08094808,0,609,Low Risk,True Negative
0,0.11526504,0,21980,Low Risk,True Negative
0,0.544219,1,17781,High Risk,False Positive
1,0.89923877,1,18945,Critical Risk,True Positive
0,0.8790538,1,26229,Critical Risk,False Positive
1,0.69281965,1,39477,High Risk,True Positive
0,0.5047167,1,27932,High Risk,False Positive
0,0.1438026,0,4056,Low Risk,True Negative
0,0.13530768,0,6231,Low Risk,True Negative
0,0.06465074,0,20546,Low Risk,True Negative
0,0.5216626,1,40852,High Risk,False Positive
0,0.44558072,0,25502,Medium Risk,True Negative
0,0.044646636,0,4946,Low Risk,True Negative
0,0.22264953,0,15323,Low Risk,True Negative
0,0.059304986,0,22617,Low Risk,True Negative
0,0.16758442,0,7312,Low Risk,True Negative
0,0.30624953,0,30277,Medium Risk,True Negative
0,0.36533192,0,39272,Medium Risk,True Negative
1,0.045051314,0,5949,Low Risk,False Negative
0,0.029569944,0,18677,Low Risk,True Negative
0,0.13564467,0,6335,Low Risk,True Negative
0,0.058365967,0,41676,Low Risk,True Negative
0,0.48097157,0,15644,Medium Risk,True Negative
0,0.041475598,0,7575,Low Risk,True Negative
1,0.48865154,0,29430,Medium Risk,False Negative
0,0.23507236,0,20250,Low Risk,True Negative
0,0.18929061,0,40026,Low Risk,True Negative
0,0.22637245,0,27937,Low Risk,True Negative
0,0.43097916,0,9342,Medium Risk,True Negative
0,0.26151678,0,34619,Medium Risk,True Negative
0,0.16720422,0,12263,Low Risk,True Negative
0,0.24632801,0,24441,Low Risk,True Negative
0,0.13303176,0,21017,Low Risk,True Negative
0,0.24514936,0,30366,Low Risk,True Negative
0,0.11066992,0,4326,Low Risk,True Negative
0,0.53829145,1,1897,High Risk,False Positive
1,0.26544115,0,28895,Medium Risk,False Negative
0,0.20495777,0,14093,Low Risk,True Negative
0,0.55497295,1,16535,High Risk,False Positive
0,0.5204988,1,12812,High Risk,False Positive
0,0.071934104,0,31392,Low Risk,True Negative
0,0.102537416,0,37510,Low Risk,True Negative
0,0.27216724,0,1342,Medium Risk,True Negative
0,0.06569485,0,10900,Low Risk,True Negative
0,0.13913332,0,1184,Low Risk,True Negative
0,0.2037592,0,31425,Low Risk,True Negative
0,0.46366322,0,6716,Medium Risk,True Negative
0,0.39198905,0,16647,Medium Risk,True Negative
0,0.1896706,0,40595,Low Risk,True Negative
0,0.2617259,0,24651,Medium Risk,True Negative
0,0.05480215,0,4844,Low Risk,True Negative
0,0.17230338,0,6153,Low Risk,True Negative
0,0.2450533,0,19476,Low Risk,True Negative
0,0.0434413,0,22783,Low Risk,True Negative
1,0.6781366,1,12003,High Risk,True Positive
0,0.03098437,0,35546,Low Risk,True Negative
0,0.13438146,0,20246,Low Risk,True Negative
0,0.08486407,0,13620,Low Risk,True Negative
0,0.21818206,0,9243,Low Risk,True Negative
0,0.14308083,0,7598,Low Risk,True Negative
0,0.09684146,0,37087,Low Risk,True Negative
0,0.16562746,0,4983,Low Risk,True Negative
0,0.117067456,0,22914,Low Risk,True Negative
0,0.16605943,0,13561,Low Risk,True Negative
0,0.28070822,0,2651,Medium Risk,True Negative
0,0.26749748,0,42399,Medium Risk,True Negative
0,0.14829679,0,29973,Low Risk,True Negative
0,0.20380989,0,2957,Low Risk,True Negative
0,0.34765288,0,19556,Medium Risk,True Negative
0,0.66764235,1,19930,High Risk,False Positive
0,0.14013839,0,38139,Low Risk,True Negative
0,0.1574186,0,24251,Low Risk,True Negative
0,0.043886647,0,43161,Low Risk,True Negative
0,0.65564,1,1761,High Risk,False Positive
0,0.026922677,0,15859,Low Risk,True Negative
0,0.14615747,0,4435,Low Risk,True Negative
0,0.06766906,0,43359,Low Risk,True Negative
0,0.10445633,0,28417,Low Risk,True Negative
0,0.107328944,0,36730,Low Risk,True Negative
0,0.16195638,0,830,Low Risk,True Negative
0,0.383333,0,9771,Medium Risk,True Negative
1,0.18568759,0,28642,Low Risk,False Negative
0,0.3054879,0,23454,Medium Risk,True Negative
1,0.8135621,1,12292,Critical Risk,True Positive
0,0.048087124,0,12139,Low Risk,True Negative
0,0.51904577,1,24743,High Risk,False Positive
0,0.5658631,1,5964,High Risk,False Positive
0,0.1108324,0,42170,Low Risk,True Negative
0,0.1410608,0,23734,Low Risk,True Negative
1,0.9268336,1,7376,Critical Risk,True Positive
0,0.25677425,0,21809,Medium Risk,True Negative
0,0.19577491,0,24594,Low Risk,True Negative
1,0.7484886,1,14591,High Risk,True Positive
0,0.091208264,0,41513,Low Risk,True Negative
0,0.5734424,1,1253,High Risk,False Positive
0,0.20370202,0,21515,Low Risk,True Negative
0,0.13316523,0,31499,Low Risk,True Negative
0,0.18592788,0,32113,Low Risk,True Negative
0,0.10206212,0,30406,Low Risk,True Negative
0,0.18208165,0,3577,Low Risk,True Negative
0,0.10498672,0,35936,Low Risk,True Negative
0,0.24099234,0,27046,Low Risk,True Negative
0,0.58222014,1,41547,High Risk,False Positive
1,0.8327982,1,19521,Critical Risk,True Positive
0,0.032796048,0,36716,Low Risk,True Negative
0,0.021338057,0,33844,Low Risk,True Negative
0,0.81071985,1,2703,Critical Risk,False Positive
1,0.6744073,1,6085,High Risk,True Positive
0,0.32978293,0,30131,Medium Risk,True Negative
0,0.031943977,0,33491,Low Risk,True Negative
0,0.33603418,0,7386,Medium Risk,True Negative
0,0.09395045,0,6731,Low Risk,True Negative
0,0.3927863,0,22444,Medium Risk,True Negative
0,0.2541407,0,34268,Medium Risk,True Negative
0,0.036480077,0,16615,Low Risk,True Negative
0,0.72932047,1,35757,High Risk,False Positive
0,0.055134937,0,40071,Low Risk,True Negative
0,0.16352944,0,33478,Low Risk,True Negative
0,0.15922205,0,25214,Low Risk,True Negative
0,0.23927772,0,22137,Low Risk,True Negative
0,0.1561338,0,31951,Low Risk,True Negative
1,0.91688037,1,10767,Critical Risk,True Positive
0,0.09489008,0,18319,Low Risk,True Negative
0,0.30486304,0,23332,Medium Risk,True Negative
0,0.38761368,0,28158,Medium Risk,True Negative
0,0.40986502,0,13191,Medium Risk,True Negative
1,0.77642924,1,23231,Critical Risk,True Positive
1,0.4756365,0,2823,Medium Risk,False Negative
0,0.36761284,0,34610,Medium Risk,True Negative
0,0.08381584,0,38432,Low Risk,True Negative
0,0.21326192,0,8654,Low Risk,True Negative
0,0.20439303,0,31704,Low Risk,True Negative
0,0.19612774,0,15432,Low Risk,True Negative
0,0.86066294,1,4679,Critical Risk,False Positive
0,0.07656935,0,12300,Low Risk,True Negative
0,0.11359916,0,20095,Low Risk,True Negative
0,0.06782913,0,29506,Low Risk,True Negative
0,0.17220393,0,22225,Low Risk,True Negative
0,0.07892185,0,4840,Low Risk,True Negative
0,0.13373306,0,43443,Low Risk,True Negative
0,0.79617107,1,17709,Critical Risk,False Positive
0,0.6522174,1,39861,High Risk,False Positive
0,0.06439532,0,14480,Low Risk,True Negative
0,0.5927241,1,23670,High Risk,False Positive
0,0.28591904,0,18411,Medium Risk,True Negative
1,0.43005827,0,17530,Medium Risk,False Negative
0,0.1952665,0,35078,Low Risk,True Negative
1,0.86881757,1,11134,Critical Risk,True Positive
1,0.83969116,1,6500,Critical Risk,True Positive
0,0.18814483,0,36952,Low Risk,True Negative
0,0.15494922,0,34356,Low Risk,True Negative
0,0.1513719,0,16423,Low Risk,True Negative
0,0.8759882,1,41272,Critical Risk,False Positive
1,0.81301135,1,43791,Critical Risk,True Positive
0,0.16792299,0,8110,Low Risk,True Negative
1,0.58543557,1,25716,High Risk,True Positive
0,0.03570505,0,36312,Low Risk,True Negative
0,0.7520957,1,22949,Critical Risk,False Positive
0,0.06834095,0,26245,Low Risk,True Negative
0,0.18267526,0,41647,Low Risk,True Negative
0,0.12672776,0,20386,Low Risk,True Negative
0,0.043511923,0,5507,Low Risk,True Negative
0,0.40060103,0,42777,Medium Risk,True Negative
0,0.12335843,0,41276,Low Risk,True Negative
0,0.55131274,1,18189,High Risk,False Positive
0,0.1528254,0,9127,Low Risk,True Negative
0,0.8286338,1,38071,Critical Risk,False Positive
0,0.15974009,0,983,Low Risk,True Negative
0,0.6222831,1,19200,High Risk,False Positive
1,0.7425255,1,18141,High Risk,True Positive
0,0.26981696,0,30048,Medium Risk,True Negative
1,0.8126357,1,3209,Critical Risk,True Positive
0,0.32534453,0,16140,Medium Risk,True Negative
0,0.27028865,0,41768,Medium Risk,True Negative
0,0.20972577,0,23869,Low Risk,True Negative
0,0.13287756,0,2656,Low Risk,True Negative
0,0.9028611,1,15557,Critical Risk,False Positive
0,0.087005064,0,26043,Low Risk,True Negative
0,0.1600305,0,15800,Low Risk,True Negative
0,0.16161172,0,25290,Low Risk,True Negative
0,0.8000692,1,33755,Critical Risk,False Positive
0,0.041253936,0,11275,Low Risk,True Negative
0,0.28001446,0,4974,Medium Risk,True Negative
0,0.23310949,0,36143,Low Risk,True Negative
1,0.71240443,1,21036,High Risk,True Positive
0,0.13923542,0,29282,Low Risk,True Negative
0,0.5458392,1,12853,High Risk,False Positive
0,0.10500245,0,28229,Low Risk,True Negative
0,0.1332003,0,15954,Low Risk,True Negative
0,0.07710029,0,34004,Low Risk,True Negative
1,0.71467274,1,7132,High Risk,True Positive
0,0.11127732,0,22736,Low Risk,True Negative
0,0.18847817,0,5830,Low Risk,True Negative
0,0.26638046,0,11064,Medium Risk,True Negative
0,0.054404765,0,4799,Low Risk,True Negative
0,0.06296356,0,26515,Low Risk,True Negative
0,0.07088342,0,41001,Low Risk,True Negative
0,0.16813363,0,33452,Low Risk,True Negative
0,0.3233518,0,7870,Medium Risk,True Negative
0,0.052347057,0,5761,Low Risk,True Negative
1,0.21479236,0,3000,Low Risk,False Negative
0,0.05263589,0,692,Low Risk,True Negative
0,0.85799813,1,1895,Critical Risk,False Positive
0,0.058277268,0,33705,Low Risk,True Negative
1,0.12603648,0,9555,Low Risk,False Negative
0,0.38283715,0,38969,Medium Risk,True Negative
0,0.80156237,1,30592,Critical Risk,False Positive
0,0.16071948,0,3198,Low Risk,True Negative
0,0.18636075,0,44195,Low Risk,True Negative
0,0.072551586,0,33027,Low Risk,True Negative
0,0.049449235,0,29739,Low Risk,True Negative
0,0.30144647,0,20957,Medium Risk,True Negative
0,0.03205277,0,12859,Low Risk,True Negative
0,0.48665604,0,40195,Medium Risk,True Negative
1,0.8060806,1,17488,Critical Risk,True Positive
1,0.6178491,1,7932,High Risk,True Positive
0,0.3739714,0,1144,Medium Risk,True Negative
0,0.05436841,0,36775,Low Risk,True Negative
1,0.87253606,1,7138,Critical Risk,True Positive
0,0.01533549,0,5918,Low Risk,True Negative
0,0.34848619,0,19915,Medium Risk,True Negative
0,0.064148985,0,6818,Low Risk,True Negative
0,0.11707103,0,12913,Low Risk,True Negative
1,0.6449281,1,13711,High Risk,True Positive
1,0.9076042,1,25137,Critical Risk,True Positive
0,0.15571532,0,124,Low Risk,True Negative
0,0.049128216,0,8115,Low Risk,True Negative
1,0.16536249,0,8557,Low Risk,False Negative
0,0.8388079,1,37471,Critical Risk,False Positive
0,0.11831904,0,8509,Low Risk,True Negative
0,0.35585836,0,9508,Medium Risk,True Negative
0,0.31521004,0,35674,Medium Risk,True Negative
0,0.10501458,0,21618,Low Risk,True Negative
0,0.8544273,1,15838,Critical Risk,False Positive
0,0.1404957,0,2504,Low Risk,True Negative
0,0.2424338,0,22323,Low Risk,True Negative
1,0.24491422,0,5641,Low Risk,False Negative
0,0.11735347,0,21358,Low Risk,True Negative
0,0.22759062,0,41789,Low Risk,True Negative
0,0.16041036,0,42695,Low Risk,True Negative
1,0.17580524,0,44022,Low Risk,False Negative
0,0.32822976,0,23740,Medium Risk,True Negative
0,0.15906769,0,5067,Low Risk,True Negative
0,0.119943574,0,34726,Low Risk,True Negative
0,0.36224392,0,17720,Medium Risk,True Negative
1,0.49675816,0,33081,Medium Risk,False Negative
0,0.14677694,0,23300,Low Risk,True Negative
1,0.9526329,1,19688,Critical Risk,True Positive
1,0.788884,1,21188,Critical Risk,True Positive
0,0.21117437,0,32539,Low Risk,True Negative
0,0.11592252,0,31246,Low Risk,True Negative
0,0.3254653,0,13374,Medium Risk,True Negative
0,0.513824,1,1913,High Risk,False Positive
0,0.8485051,1,32777,Critical Risk,False Positive
0,0.146353,0,15656,Low Risk,True Negative
0,0.02269499,0,30467,Low Risk,True Negative
0,0.080232605,0,35604,Low Risk,True Negative
0,0.17753907,0,26153,Low Risk,True Negative
0,0.036091257,0,23122,Low Risk,True Negative
0,0.29180992,0,42589,Medium Risk,True Negative
0,0.072683275,0,31864,Low Risk,True Negative
0,0.4236181,0,6058,Medium Risk,True Negative
0,0.34780112,0,41209,Medium Risk,True Negative
0,0.04482238,0,6443,Low Risk,True Negative
0,0.027723458,0,31782,Low Risk,True Negative
0,0.047323998,0,42667,Low Risk,True Negative
1,0.16488563,0,11225,Low Risk,False Negative
0,0.9182835,1,28340,Critical Risk,False Positive
0,0.12176452,0,19555,Low Risk,True Negative
0,0.15782681,0,14003,Low Risk,True Negative
0,0.1450648,0,34180,Low Risk,True Negative
0,0.095195584,0,17550,Low Risk,True Negative
0,0.04892069,0,30023,Low Risk,True Negative
0,0.8798615,1,41068,Critical Risk,False Positive
0,0.74797827,1,35124,High Risk,False Positive
0,0.23531099,0,12340,Low Risk,True Negative
0,0.12052919,0,13003,Low Risk,True Negative
0,0.7732656,1,37002,Critical Risk,False Positive
0,0.043990117,0,16327,Low Risk,True Negative
0,0.11462241,0,3162,Low Risk,True Negative
0,0.15213531,0,28072,Low Risk,True Negative
0,0.067961454,0,42923,Low Risk,True Negative
0,0.3080836,0,36345,Medium Risk,True Negative
0,0.33961502,0,10851,Medium Risk,True Negative
0,0.42549568,0,27064,Medium Risk,True Negative
0,0.0948834,0,43966,Low Risk,True Negative
0,0.17792311,0,41029,Low Risk,True Negative
0,0.62969273,1,1679,High Risk,False Positive
0,0.17101166,0,28661,Low Risk,True Negative
0,0.098469324,0,19741,Low Risk,True Negative
0,0.49983495,0,13413,Medium Risk,True Negative
0,0.17954296,0,27026,Low Risk,True Negative
0,0.23306313,0,43262,Low Risk,True Negative
0,0.047872014,0,19277,Low Risk,True Negative
0,0.10743222,0,26533,Low Risk,True Negative
0,0.22479846,0,4166,Low Risk,True Negative
1,0.4098009,0,14706,Medium Risk,False Negative
0,0.33873454,0,21659,Medium Risk,True Negative
0,0.39851707,0,28345,Medium Risk,True Negative
0,0.10929535,0,38016,Low Risk,True Negative
0,0.86463094,1,17473,Critical Risk,False Positive
0,0.26978406,0,18247,Medium Risk,True Negative
0,0.28354362,0,32411,Medium Risk,True Negative
0,0.07586589,0,27781,Low Risk,True Negative
1,0.8226228,1,24833,Critical Risk,True Positive
0,0.27862808,0,1927,Medium Risk,True Negative
0,0.17775185,0,9270,Low Risk,True Negative
0,0.53295475,1,39706,High Risk,False Positive
0,0.8094937,1,10910,Critical Risk,False Positive
0,0.16829364,0,14910,Low Risk,True Negative
1,0.7661937,1,11300,Critical Risk,True Positive
0,0.21681288,0,12770,Low Risk,True Negative
0,0.23407851,0,26105,Low Risk,True Negative
0,0.108024634,0,14846,Low Risk,True Negative
0,0.70667404,1,36323,High Risk,False Positive
0,0.12525931,0,7703,Low Risk,True Negative
0,0.3228626,0,35430,Medium Risk,True Negative
0,0.24706125,0,29,Low Risk,True Negative
0,0.77279216,1,4368,Critical Risk,False Positive
0,0.10846326,0,18589,Low Risk,True Negative
0,0.46563086,0,34783,Medium Risk,True Negative
0,0.04187607,0,19428,Low Risk,True Negative
0,0.47118896,0,25883,Medium Risk,True Negative
0,0.0619105,0,13409,Low Risk,True Negative
0,0.23392022,0,11339,Low Risk,True Negative
0,0.84915227,1,17143,Critical Risk,False Positive
0,0.25144604,0,30195,Medium Risk,True Negative
0,0.047269125,0,4997,Low Risk,True Negative
1,0.24411103,0,23269,Low Risk,False Negative
0,0.05167802,0,26290,Low Risk,True Negative
0,0.691916,1,21058,High Risk,False Positive
0,0.5352149,1,34440,High Risk,False Positive
0,0.44947565,0,42033,Medium Risk,True Negative
0,0.059843138,0,12246,Low Risk,True Negative
0,0.26188856,0,13435,Medium Risk,True Negative
0,0.07862138,0,2175,Low Risk,True Negative
0,0.16784467,0,29535,Low Risk,True Negative
0,0.2350547,0,16506,Low Risk,True Negative
0,0.887919,1,31539,Critical Risk,False Positive
0,0.24757981,0,33310,Low Risk,True Negative
0,0.6193406,1,21597,High Risk,False Positive
0,0.18322325,0,43658,Low Risk,True Negative
0,0.08090215,0,36084,Low Risk,True Negative
0,0.5806748,1,15830,High Risk,False Positive
0,0.106556214,0,2467,Low Risk,True Negative
0,0.1419326,0,26782,Low Risk,True Negative
1,0.57391685,1,6730,High Risk,True Positive
0,0.12883067,0,27888,Low Risk,True Negative
0,0.04079903,0,28342,Low Risk,True Negative
0,0.5281506,1,3576,High Risk,False Positive
0,0.019694284,0,6767,Low Risk,True Negative
0,0.04055481,0,11608,Low Risk,True Negative
1,0.69514024,1,40521,High Risk,True Positive
0,0.2130212,0,12113,Low Risk,True Negative
0,0.06369908,0,5175,Low Risk,True Negative
0,0.1341206,0,36651,Low Risk,True Negative
0,0.14875436,0,30391,Low Risk,True Negative
0,0.35341853,0,15469,Medium Risk,True Negative
0,0.30886456,0,23195,Medium Risk,True Negative
0,0.2906404,0,22574,Medium Risk,True Negative
0,0.09872977,0,396,Low Risk,True Negative
0,0.58578706,1,18254,High Risk,False Positive
0,0.013800568,0,22474,Low Risk,True Negative
0,0.16850355,0,8316,Low Risk,True Negative
0,0.40421635,0,13732,Medium Risk,True Negative
1,0.89988905,1,1832,Critical Risk,True Positive
0,0.29273012,0,19393,Medium Risk,True Negative
0,0.10654453,0,22564,Low Risk,True Negative
0,0.1960334,0,15099,Low Risk,True Negative
0,0.28169683,0,16139,Medium Risk,True Negative
0,0.104716,0,30185,Low Risk,True Negative
0,0.40500033,0,36267,Medium Risk,True Negative
0,0.255018,0,41927,Medium Risk,True Negative
0,0.15607402,0,42040,Low Risk,True Negative
0,0.088684276,0,23022,Low Risk,True Negative
0,0.095974796,0,5373,Low Risk,True Negative
0,0.6994073,1,36163,High Risk,False Positive
0,0.38424087,0,18457,Medium Risk,True Negative
0,0.25216195,0,9225,Medium Risk,True Negative
0,0.16071908,0,23342,Low Risk,True Negative
1,0.7842039,1,19964,Critical Risk,True Positive
0,0.27827552,0,39755,Medium Risk,True Negative
0,0.09207682,0,25964,Low Risk,True Negative
0,0.24419136,0,10706,Low Risk,True Negative
0,0.13127038,0,6972,Low Risk,True Negative
0,0.2541878,0,39695,Medium Risk,True Negative
1,0.855675,1,41262,Critical Risk,True Positive
0,0.21910362,0,38663,Low Risk,True Negative
0,0.13631879,0,16074,Low Risk,True Negative
0,0.3600025,0,6571,Medium Risk,True Negative
0,0.06104123,0,34242,Low Risk,True Negative
1,0.9419886,1,18832,Critical Risk,True Positive
0,0.2032557,0,162,Low Risk,True Negative
0,0.5121227,1,34117,High Risk,False Positive
1,0.7694625,1,31716,Critical Risk,True Positive
0,0.26079634,0,17290,Medium Risk,True Negative
0,0.12478266,0,30731,Low Risk,True Negative
0,0.100003265,0,26579,Low Risk,True Negative
0,0.15750302,0,5386,Low Risk,True Negative
0,0.14412422,0,14555,Low Risk,True Negative
0,0.16168536,0,40407,Low Risk,True Negative
0,0.222563,0,2837,Low Risk,True Negative
0,0.7741427,1,13462,Critical Risk,False Positive
0,0.27990806,0,36603,Medium Risk,True Negative
0,0.25101963,0,34739,Medium Risk,True Negative
1,0.35981712,0,12227,Medium Risk,False Negative
0,0.2983433,0,1552,Medium Risk,True Negative
0,0.857846,1,8989,Critical Risk,False Positive
0,0.11178951,0,3146,Low Risk,True Negative
0,0.36277407,0,35477,Medium Risk,True Negative
0,0.043847986,0,40396,Low Risk,True Negative
0,0.31606004,0,18059,Medium Risk,True Negative
0,0.107145905,0,42974,Low Risk,True Negative
1,0.8889058,1,41723,Critical Risk,True Positive
0,0.059581973,0,16169,Low Risk,True Negative
0,0.9138678,1,1987,Critical Risk,False Positive
0,0.08924666,0,18678,Low Risk,True Negative
0,0.8775861,1,20650,Critical Risk,False Positive
0,0.16510282,0,3737,Low Risk,True Negative
0,0.15710837,0,11671,Low Risk,True Negative
0,0.116700634,0,42051,Low Risk,True Negative
0,0.69144845,1,41941,High Risk,False Positive
0,0.12222818,0,44174,Low Risk,True Negative
0,0.09274492,0,28750,Low Risk,True Negative
0,0.08395003,0,11995,Low Risk,True Negative
0,0.046069827,0,10280,Low Risk,True Negative
0,0.13733937,0,26326,Low Risk,True Negative
0,0.043168206,0,42755,Low Risk,True Negative
0,0.09128736,0,27843,Low Risk,True Negative
0,0.4056276,0,20661,Medium Risk,True Negative
0,0.36466172,0,29289,Medium Risk,True Negative
0,0.029517174,0,23168,Low Risk,True Negative
0,0.8593225,1,39365,Critical Risk,False Positive
0,0.048008095,0,28995,Low Risk,True Negative
0,0.12066181,0,39411,Low Risk,True Negative
0,0.083064176,0,15230,Low Risk,True Negative
0,0.08141198,0,5269,Low Risk,True Negative
0,0.82296586,1,31251,Critical Risk,False Positive
0,0.09100761,0,21774,Low Risk,True Negative
0,0.21681355,0,2917,Low Risk,True Negative
0,0.094197325,0,21682,Low Risk,True Negative
0,0.33353713,0,42401,Medium Risk,True Negative
0,0.2362455,0,32874,Low Risk,True Negative
0,0.3352371,0,2622,Medium Risk,True Negative
0,0.14144152,0,43717,Low Risk,True Negative
0,0.12709609,0,25666,Low Risk,True Negative
0,0.120460294,0,16940,Low Risk,True Negative
0,0.036784966,0,25076,Low Risk,True Negative
1,0.53537893,1,18798,High Risk,True Positive
0,0.12975685,0,24585,Low Risk,True Negative
0,0.21101294,0,23541,Low Risk,True Negative
0,0.07979338,0,13576,Low Risk,True Negative
0,0.1358471,0,41012,Low Risk,True Negative
0,0.09265582,0,23089,Low Risk,True Negative
0,0.17308882,0,29194,Low Risk,True Negative
0,0.33004126,0,13422,Medium Risk,True Negative
0,0.21736704,0,2603,Low Risk,True Negative
0,0.23030668,0,7643,Low Risk,True Negative
0,0.32064503,0,18186,Medium Risk,True Negative
0,0.0480232,0,21229,Low Risk,True Negative
0,0.11261028,0,29714,Low Risk,True Negative
0,0.2782154,0,28257,Medium Risk,True Negative
1,0.81924963,1,34127,Critical Risk,True Positive
0,0.25014535,0,21761,Medium Risk,True Negative
0,0.36072972,0,24023,Medium Risk,True Negative
0,0.31234196,0,5944,Medium Risk,True Negative
0,0.1717457,0,26372,Low Risk,True Negative
0,0.1092943,0,37171,Low Risk,True Negative
0,0.08186119,0,17401,Low Risk,True Negative
0,0.7039077,1,28370,High Risk,False Positive
0,0.38575768,0,35012,Medium Risk,True Negative
0,0.32324558,0,41525,Medium Risk,True Negative
0,0.2518246,0,5329,Medium Risk,True Negative
0,0.16801989,0,6152,Low Risk,True Negative
0,0.1644119,0,31737,Low Risk,True Negative
0,0.11074615,0,33886,Low Risk,True Negative
0,0.5014665,1,9932,High Risk,False Positive
0,0.11221567,0,34115,Low Risk,True Negative
0,0.20494953,0,23169,Low Risk,True Negative
0,0.04582589,0,41188,Low Risk,True Negative
0,0.21275684,0,15751,Low Risk,True Negative
0,0.07386681,0,28287,Low Risk,True Negative
1,0.10734124,0,27210,Low Risk,False Negative
1,0.18610877,0,11853,Low Risk,False Negative
1,0.19834107,0,10622,Low Risk,False Negative
0,0.36423203,0,7952,Medium Risk,True Negative
0,0.10290923,0,17232,Low Risk,True Negative
0,0.7063061,1,35075,High Risk,False Positive
1,0.77276313,1,1632,Critical Risk,True Positive
0,0.6996099,1,12710,High Risk,False Positive
0,0.6414383,1,25282,High Risk,False Positive
0,0.06587418,0,37800,Low Risk,True Negative
0,0.658025,1,17963,High Risk,False Positive
0,0.09080345,0,5981,Low Risk,True Negative
0,0.69678414,1,33615,High Risk,False Positive
0,0.063183874,0,22382,Low Risk,True Negative
0,0.15455233,0,12656,Low Risk,True Negative
1,0.7754621,1,32774,Critical Risk,True Positive
0,0.08832206,0,30929,Low Risk,True Negative
0,0.55492365,1,41769,High Risk,False Positive
0,0.049113147,0,11430,Low Risk,True Negative
0,0.049001135,0,32277,Low Risk,True Negative
0,0.56449735,1,23037,High Risk,False Positive
0,0.13199803,0,9974,Low Risk,True Negative
0,0.09487587,0,27958,Low Risk,True Negative
0,0.05096466,0,34518,Low Risk,True Negative
0,0.07953616,0,1628,Low Risk,True Negative
0,0.14855754,0,34326,Low Risk,True Negative
0,0.35320842,0,17659,Medium Risk,True Negative
1,0.603966,1,3651,High Risk,True Positive
0,0.30509058,0,2367,Medium Risk,True Negative
0,0.36324245,0,33231,Medium Risk,True Negative
0,0.8339079,1,17513,Critical Risk,False Positive
0,0.67215776,1,36637,High Risk,False Positive
0,0.53280294,1,43808,High Risk,False Positive
0,0.080366775,0,42073,Low Risk,True Negative
0,0.050051145,0,31749,Low Risk,True Negative
0,0.4949687,0,38136,Medium Risk,True Negative
0,0.48653337,0,38902,Medium Risk,True Negative
0,0.47609168,0,31328,Medium Risk,True Negative
1,0.40051198,0,2947,Medium Risk,False Negative
0,0.13562678,0,25970,Low Risk,True Negative
0,0.13597465,0,39212,Low Risk,True Negative
0,0.66262007,1,11630,High Risk,False Positive
0,0.7463901,1,16701,High Risk,False Positive
1,0.16350313,0,23160,Low Risk,False Negative
1,0.90563047,1,7359,Critical Risk,True Positive
0,0.6037342,1,30966,High Risk,False Positive
0,0.17041785,0,25960,Low Risk,True Negative
0,0.61341494,1,13736,High Risk,False Positive
0,0.2721039,0,7335,Medium Risk,True Negative
0,0.06821656,0,17641,Low Risk,True Negative
0,0.08530182,0,9710,Low Risk,True Negative
0,0.18616755,0,11434,Low Risk,True Negative
0,0.13023375,0,21089,Low Risk,True Negative
0,0.7062087,1,39819,High Risk,False Positive
0,0.08592099,0,37314,Low Risk,True Negative
0,0.060865924,0,17620,Low Risk,True Negative
0,0.19580123,0,27131,Low Risk,True Negative
0,0.25190175,0,28061,Medium Risk,True Negative
0,0.13867633,0,44153,Low Risk,True Negative
0,0.57901967,1,4985,High Risk,False Positive
0,0.6749409,1,28728,High Risk,False Positive
0,0.06338617,0,21860,Low Risk,True Negative
0,0.36721507,0,25218,Medium Risk,True Negative
0,0.021682711,0,23848,Low Risk,True Negative
0,0.06328467,0,38863,Low Risk,True Negative
0,0.11028916,0,11622,Low Risk,True Negative
0,0.18453576,0,16010,Low Risk,True Negative
0,0.101522624,0,11816,Low Risk,True Negative
0,0.03856286,0,5437,Low Risk,True Negative
0,0.503148,1,6082,High Risk,False Positive
0,0.18436965,0,38803,Low Risk,True Negative
0,0.36611056,0,26940,Medium Risk,True Negative
0,0.08554385,0,35836,Low Risk,True Negative
0,0.8279262,1,31428,Critical Risk,False Positive
0,0.7954686,1,9613,Critical Risk,False Positive
0,0.03370703,0,9066,Low Risk,True Negative
0,0.13687795,0,19528,Low Risk,True Negative
0,0.07742591,0,8330,Low Risk,True Negative
0,0.34055716,0,34846,Medium Risk,True Negative
0,0.11510119,0,29954,Low Risk,True Negative
0,0.5322737,1,36585,High Risk,False Positive
0,0.13162501,0,989,Low Risk,True Negative
0,0.03152807,0,12236,Low Risk,True Negative
0,0.22694537,0,21424,Low Risk,True Negative
0,0.0301784,0,17025,Low Risk,True Negative
0,0.1764266,0,31320,Low Risk,True Negative
0,0.07389256,0,21336,Low Risk,True Negative
0,0.14177339,0,15139,Low Risk,True Negative
0,0.28388897,0,22230,Medium Risk,True Negative
0,0.22186434,0,41860,Low Risk,True Negative
0,0.42416295,0,30267,Medium Risk,True Negative
0,0.11793631,0,31620,Low Risk,True Negative
0,0.09500315,0,34990,Low Risk,True Negative
0,0.08620981,0,973,Low Risk,True Negative
0,0.09432964,0,16574,Low Risk,True Negative
0,0.15024348,0,30282,Low Risk,True Negative
0,0.101489045,0,8990,Low Risk,True Negative
0,0.16080162,0,37495,Low Risk,True Negative
0,0.15077794,0,39614,Low Risk,True Negative
0,0.10354825,0,38587,Low Risk,True Negative
0,0.59754443,1,23456,High Risk,False Positive
0,0.3716023,0,36368,Medium Risk,True Negative
0,0.17300169,0,26451,Low Risk,True Negative
0,0.038443737,0,27145,Low Risk,True Negative
0,0.072212234,0,26728,Low Risk,True Negative
0,0.43000293,0,19541,Medium Risk,True Negative
0,0.20146196,0,39903,Low Risk,True Negative
0,0.16075303,0,5798,Low Risk,True Negative
0,0.54846567,1,730,High Risk,False Positive
0,0.4007206,0,3838,Medium Risk,True Negative
0,0.14567412,0,19714,Low Risk,True Negative
0,0.13433261,0,3705,Low Risk,True Negative
0,0.05720364,0,4207,Low Risk,True Negative
0,0.11896388,0,41004,Low Risk,True Negative
0,0.8182388,1,24207,Critical Risk,False Positive
0,0.14513345,0,18503,Low Risk,True Negative
0,0.4025337,0,21373,Medium Risk,True Negative
0,0.20978913,0,36083,Low Risk,True Negative
0,0.07965246,0,13899,Low Risk,True Negative
0,0.59093624,1,35473,High Risk,False Positive
0,0.118725285,0,33324,Low Risk,True Negative
0,0.21811756,0,42631,Low Risk,True Negative
0,0.06606406,0,41471,Low Risk,True Negative
1,0.8269915,1,13858,Critical Risk,True Positive
0,0.13796508,0,38307,Low Risk,True Negative
0,0.08875889,0,15181,Low Risk,True Negative
0,0.18752827,0,29250,Low Risk,True Negative
0,0.11348301,0,28201,Low Risk,True Negative
0,0.55976725,1,7710,High Risk,False Positive
1,0.859455,1,6109,Critical Risk,True Positive
0,0.041372556,0,18000,Low Risk,True Negative
0,0.09429335,0,43991,Low Risk,True Negative
1,0.06235278,0,32422,Low Risk,False Negative
0,0.12665258,0,6620,Low Risk,True Negative
0,0.22489367,0,3013,Low Risk,True Negative
0,0.8724629,1,44193,Critical Risk,False Positive
0,0.199428,0,7408,Low Risk,True Negative
0,0.38671598,0,24258,Medium Risk,True Negative
0,0.046714466,0,36254,Low Risk,True Negative
0,0.1349615,0,40687,Low Risk,True Negative
0,0.2668233,0,20287,Medium Risk,True Negative
1,0.10591717,0,18887,Low Risk,False Negative
0,0.8298504,1,33120,Critical Risk,False Positive
0,0.5341611,1,27168,High Risk,False Positive
0,0.2843833,0,39913,Medium Risk,True Negative
0,0.24795485,0,13856,Low Risk,True Negative
0,0.23777296,0,17647,Low Risk,True Negative
0,0.5010049,1,37662,High Risk,False Positive
0,0.09867462,0,7702,Low Risk,True Negative
0,0.5325133,1,12806,High Risk,False Positive
0,0.32521936,0,39910,Medium Risk,True Negative
0,0.45023015,0,14344,Medium Risk,True Negative
0,0.2351338,0,35219,Low Risk,True Negative
0,0.06892355,0,38249,Low Risk,True Negative
0,0.2644243,0,21695,Medium Risk,True Negative
0,0.033871543,0,36272,Low Risk,True Negative
0,0.2865491,0,35640,Medium Risk,True Negative
1,0.78751814,1,29545,Critical Risk,True Positive
0,0.51745576,1,19124,High Risk,False Positive
0,0.34750545,0,23264,Medium Risk,True Negative
0,0.44475493,0,34685,Medium Risk,True Negative
1,0.42480054,0,3200,Medium Risk,False Negative
0,0.06151763,0,5747,Low Risk,True Negative
0,0.34990984,0,13031,Medium Risk,True Negative
0,0.4163671,0,36018,Medium Risk,True Negative
0,0.29681528,0,15044,Medium Risk,True Negative
0,0.10310104,0,37136,Low Risk,True Negative
0,0.035324786,0,30418,Low Risk,True Negative
0,0.1750397,0,35370,Low Risk,True Negative
0,0.033183508,0,6895,Low Risk,True Negative
0,0.13735916,0,43342,Low Risk,True Negative
0,0.18150945,0,32929,Low Risk,True Negative
0,0.11035273,0,9531,Low Risk,True Negative
0,0.04047915,0,31173,Low Risk,True Negative
0,0.35557756,0,16987,Medium Risk,True Negative
0,0.17471223,0,40298,Low Risk,True Negative
0,0.8658497,1,20306,Critical Risk,False Positive
0,0.6798827,1,31585,High Risk,False Positive
0,0.08368026,0,2709,Low Risk,True Negative
0,0.15748917,0,20964,Low Risk,True Negative
0,0.3097476,0,19310,Medium Risk,True Negative
0,0.6832896,1,23971,High Risk,False Positive
0,0.13479623,0,41689,Low Risk,True Negative
0,0.14457704,0,21421,Low Risk,True Negative
0,0.12513657,0,41901,Low Risk,True Negative
0,0.23921303,0,35423,Low Risk,True Negative
0,0.03700217,0,34052,Low Risk,True Negative
0,0.25863275,0,11761,Medium Risk,True Negative
0,0.7724014,1,875,Critical Risk,False Positive
0,0.6059612,1,1709,High Risk,False Positive
0,0.07888211,0,24243,Low Risk,True Negative
0,0.11341098,0,43427,Low Risk,True Negative
0,0.17346895,0,24887,Low Risk,True Negative
0,0.16347809,0,6594,Low Risk,True Negative
0,0.028057743,0,21945,Low Risk,True Negative
0,0.123072095,0,42039,Low Risk,True Negative
1,0.5555684,1,2134,High Risk,True Positive
0,0.042964295,0,43042,Low Risk,True Negative
0,0.2866893,0,35497,Medium Risk,True Negative
0,0.2090108,0,19013,Low Risk,True Negative
0,0.03763974,0,4635,Low Risk,True Negative
0,0.07014872,0,37177,Low Risk,True Negative
0,0.057874054,0,39725,Low Risk,True Negative
0,0.93371046,1,42291,Critical Risk,False Positive
1,0.7830309,1,40678,Critical Risk,True Positive
0,0.1848744,0,11514,Low Risk,True Negative
0,0.24746516,0,12973,Low Risk,True Negative
1,0.8525606,1,2365,Critical Risk,True Positive
0,0.6417248,1,25086,High Risk,False Positive
1,0.56378716,1,15100,High Risk,True Positive
0,0.5392414,1,4673,High Risk,False Positive
0,0.3349279,0,9495,Medium Risk,True Negative
0,0.10234007,0,2036,Low Risk,True Negative
0,0.038517203,0,95,Low Risk,True Negative
0,0.44314748,0,2369,Medium Risk,True Negative
0,0.050679907,0,25462,Low Risk,True Negative
1,0.89614546,1,38286,Critical Risk,True Positive
0,0.14560778,0,18756,Low Risk,True Negative
0,0.09701868,0,24267,Low Risk,True Negative
1,0.8919851,1,912,Critical Risk,True Positive
0,0.3440285,0,2082,Medium Risk,True Negative
1,0.3904807,0,7082,Medium Risk,False Negative
0,0.052032143,0,7154,Low Risk,True Negative
0,0.1261635,0,20809,Low Risk,True Negative
0,0.8323959,1,7681,Critical Risk,False Positive
0,0.13668191,0,18495,Low Risk,True Negative
0,0.32669255,0,14154,Medium Risk,True Negative
0,0.4741414,0,19649,Medium Risk,True Negative
0,0.25649044,0,17326,Medium Risk,True Negative
0,0.15891153,0,17635,Low Risk,True Negative
1,0.9035033,1,12226,Critical Risk,True Positive
0,0.069394805,0,5750,Low Risk,True Negative
0,0.19634308,0,1103,Low Risk,True Negative
0,0.20754617,0,34735,Low Risk,True Negative
0,0.12067798,0,26926,Low Risk,True Negative
0,0.13883351,0,14671,Low Risk,True Negative
0,0.12503295,0,4339,Low Risk,True Negative
0,0.27933794,0,7443,Medium Risk,True Negative
0,0.04388384,0,28902,Low Risk,True Negative
0,0.34466538,0,41708,Medium Risk,True Negative
0,0.081784524,0,30308,Low Risk,True Negative
0,0.07243975,0,4218,Low Risk,True Negative
0,0.21700716,0,4260,Low Risk,True Negative
0,0.28933775,0,18997,Medium Risk,True Negative
0,0.38246003,0,1753,Medium Risk,True Negative
0,0.84144276,1,31169,Critical Risk,False Positive
0,0.27063227,0,18052,Medium Risk,True Negative
1,0.15201999,0,25724,Low Risk,False Negative
0,0.17935874,0,14560,Low Risk,True Negative
0,0.11146187,0,30580,Low Risk,True Negative
0,0.02463754,0,17042,Low Risk,True Negative
0,0.2808403,0,18635,Medium Risk,True Negative
0,0.12805721,0,37749,Low Risk,True Negative
0,0.19487272,0,21239,Low Risk,True Negative
0,0.074969284,0,2514,Low Risk,True Negative
1,0.9292624,1,11204,Critical Risk,True Positive
0,0.896432,1,8061,Critical Risk,False Positive
0,0.52515405,1,9195,High Risk,False Positive
0,0.22158739,0,24073,Low Risk,True Negative
0,0.18124014,0,40492,Low Risk,True Negative
0,0.09713532,0,25375,Low Risk,True Negative
0,0.9324958,1,38868,Critical Risk,False Positive
0,0.5786083,1,34085,High Risk,False Positive
0,0.21722347,0,27225,Low Risk,True Negative
0,0.042846728,0,41807,Low Risk,True Negative
0,0.4042794,0,39773,Medium Risk,True Negative
0,0.15967244,0,11792,Low Risk,True Negative
0,0.8692903,1,17741,Critical Risk,False Positive
0,0.08678396,0,23364,Low Risk,True Negative
0,0.018678088,0,37341,Low Risk,True Negative
0,0.26322907,0,15560,Medium Risk,True Negative
0,0.15784459,0,6064,Low Risk,True Negative
0,0.11286423,0,15341,Low Risk,True Negative
0,0.06794003,0,44059,Low Risk,True Negative
0,0.16209336,0,39871,Low Risk,True Negative
0,0.4261049,0,3179,Medium Risk,True Negative
0,0.2006382,0,17000,Low Risk,True Negative
0,0.189031,0,38600,Low Risk,True Negative
0,0.13805038,0,12848,Low Risk,True Negative
0,0.33822262,0,37040,Medium Risk,True Negative
0,0.34498364,0,32221,Medium Risk,True Negative
0,0.46064565,0,37007,Medium Risk,True Negative
0,0.32909092,0,1750,Medium Risk,True Negative
0,0.17633873,0,36099,Low Risk,True Negative
0,0.20095709,0,462,Low Risk,True Negative
0,0.09799031,0,12497,Low Risk,True Negative
0,0.1441046,0,3515,Low Risk,True Negative
0,0.16577822,0,12286,Low Risk,True Negative
0,0.28413087,0,21528,Medium Risk,True Negative
0,0.20421588,0,9036,Low Risk,True Negative
0,0.15981624,0,25847,Low Risk,True Negative
0,0.33253047,0,35064,Medium Risk,True Negative
0,0.5305369,1,25699,High Risk,False Positive
1,0.9034424,1,36744,Critical Risk,True Positive
0,0.10372553,0,22420,Low Risk,True Negative
0,0.8213777,1,5163,Critical Risk,False Positive
0,0.12262205,0,14184,Low Risk,True Negative
0,0.40021375,0,19175,Medium Risk,True Negative
0,0.84604126,1,24993,Critical Risk,False Positive
0,0.103327304,0,27371,Low Risk,True Negative
0,0.07007742,0,36801,Low Risk,True Negative
0,0.103455186,0,36257,Low Risk,True Negative
0,0.63660944,1,16649,High Risk,False Positive
0,0.12142961,0,11427,Low Risk,True Negative
0,0.56623966,1,6011,High Risk,False Positive
1,0.60889834,1,656,High Risk,True Positive
0,0.09791856,0,5039,Low Risk,True Negative
0,0.13222364,0,41317,Low Risk,True Negative
0,0.053851105,0,11039,Low Risk,True Negative
0,0.17243604,0,11190,Low Risk,True Negative
0,0.26741037,0,19372,Medium Risk,True Negative
0,0.21968305,0,35173,Low Risk,True Negative
0,0.31660867,0,21551,Medium Risk,True Negative
0,0.16135818,0,25368,Low Risk,True Negative
0,0.53244674,1,1022,High Risk,False Positive
0,0.4463263,0,21228,Medium Risk,True Negative
0,0.10077111,0,15145,Low Risk,True Negative
0,0.06528688,0,4961,Low Risk,True Negative
0,0.079900526,0,24195,Low Risk,True Negative
0,0.1618957,0,22384,Low Risk,True Negative
0,0.14498983,0,38001,Low Risk,True Negative
0,0.5086449,1,17281,High Risk,False Positive
0,0.07692927,0,5936,Low Risk,True Negative
0,0.19553716,0,1410,Low Risk,True Negative
0,0.13748595,0,9966,Low Risk,True Negative
0,0.05627733,0,19652,Low Risk,True Negative
0,0.17607135,0,5710,Low Risk,True Negative
0,0.1263622,0,39201,Low Risk,True Negative
0,0.18874654,0,37548,Low Risk,True Negative
0,0.47507298,0,10626,Medium Risk,True Negative
0,0.07856152,0,6219,Low Risk,True Negative
0,0.13588636,0,12240,Low Risk,True Negative
0,0.39141053,0,27242,Medium Risk,True Negative
0,0.73514843,1,10398,High Risk,False Positive
0,0.5136405,1,23336,High Risk,False Positive
0,0.47255498,0,23602,Medium Risk,True Negative
0,0.099385485,0,36495,Low Risk,True Negative
0,0.14172076,0,22711,Low Risk,True Negative
0,0.33697507,0,19802,Medium Risk,True Negative
0,0.7817385,1,36852,Critical Risk,False Positive
0,0.12423945,0,8732,Low Risk,True Negative
0,0.6311024,1,12945,High Risk,False Positive
0,0.7129717,1,17244,High Risk,False Positive
0,0.1337066,0,3920,Low Risk,True Negative
0,0.077686355,0,7267,Low Risk,True Negative
0,0.07521528,0,100,Low Risk,True Negative
0,0.28082287,0,39914,Medium Risk,True Negative
0,0.08446334,0,17424,Low Risk,True Negative
0,0.65507,1,39229,High Risk,False Positive
0,0.059459478,0,9178,Low Risk,True Negative
0,0.58899873,1,11987,High Risk,False Positive
0,0.88644403,1,31277,Critical Risk,False Positive
0,0.07363191,0,13944,Low Risk,True Negative
0,0.19532995,0,8049,Low Risk,True Negative
0,0.358222,0,7130,Medium Risk,True Negative
0,0.07999232,0,15719,Low Risk,True Negative
0,0.23596403,0,25989,Low Risk,True Negative
0,0.4706758,0,36419,Medium Risk,True Negative
0,0.76904094,1,12879,Critical Risk,False Positive
1,0.41770154,0,17940,Medium Risk,False Negative
0,0.2159442,0,16200,Low Risk,True Negative
0,0.11958527,0,40890,Low Risk,True Negative
0,0.18160915,0,7133,Low Risk,True Negative
0,0.17741634,0,23548,Low Risk,True Negative
1,0.55309147,1,37064,High Risk,True Positive
0,0.18142138,0,32720,Low Risk,True Negative
0,0.55673385,1,12095,High Risk,False Positive
0,0.17923504,0,18035,Low Risk,True Negative
0,0.027502334,0,1712,Low Risk,True Negative
0,0.10891825,0,33267,Low Risk,True Negative
0,0.20205231,0,33839,Low Risk,True Negative
0,0.30300358,0,25753,Medium Risk,True Negative
0,0.42034018,0,11675,Medium Risk,True Negative
0,0.6412012,1,20603,High Risk,False Positive
0,0.24563022,0,19675,Low Risk,True Negative
0,0.14263326,0,34980,Low Risk,True Negative
1,0.19884555,0,15877,Low Risk,False Negative
0,0.11217591,0,1760,Low Risk,True Negative
0,0.85871464,1,12494,Critical Risk,False Positive
0,0.14045577,0,28713,Low Risk,True Negative
0,0.09809384,0,11720,Low Risk,True Negative
0,0.060427938,0,33005,Low Risk,True Negative
0,0.048264682,0,43582,Low Risk,True Negative
0,0.15718083,0,23403,Low Risk,True Negative
1,0.84903175,1,6097,Critical Risk,True Positive
0,0.26279935,0,1163,Medium Risk,True Negative
0,0.10736975,0,41496,Low Risk,True Negative
0,0.16432884,0,30027,Low Risk,True Negative
0,0.056991674,0,41099,Low Risk,True Negative
0,0.17898808,0,11826,Low Risk,True Negative
0,0.40444702,0,28185,Medium Risk,True Negative
0,0.157783,0,16290,Low Risk,True Negative
0,0.106350064,0,11131,Low Risk,True Negative
0,0.012341051,0,39939,Low Risk,True Negative
0,0.13385324,0,4556,Low Risk,True Negative
0,0.3605035,0,34873,Medium Risk,True Negative
1,0.5584523,1,22016,High Risk,True Positive
0,0.21969357,0,14137,Low Risk,True Negative
0,0.2783622,0,41331,Medium Risk,True Negative
0,0.50797284,1,9388,High Risk,False Positive
0,0.052048,0,28320,Low Risk,True Negative
0,0.34294033,0,36126,Medium Risk,True Negative
0,0.08273737,0,12562,Low Risk,True Negative
0,0.1652731,0,30783,Low Risk,True Negative
0,0.22693044,0,16518,Low Risk,True Negative
0,0.083557285,0,30130,Low Risk,True Negative
0,0.53428626,1,6072,High Risk,False Positive
0,0.0287856,0,35103,Low Risk,True Negative
0,0.40028447,0,39165,Medium Risk,True Negative
1,0.7312291,1,35614,High Risk,True Positive
0,0.21491538,0,43255,Low Risk,True Negative
0,0.06341273,0,12066,Low Risk,True Negative
0,0.44261986,0,19261,Medium Risk,True Negative
0,0.44786125,0,7245,Medium Risk,True Negative
1,0.7098762,1,36048,High Risk,True Positive
0,0.11785761,0,9215,Low Risk,True Negative
1,0.2804179,0,36092,Medium Risk,False Negative
0,0.031261913,0,25119,Low Risk,True Negative
0,0.80514055,1,29460,Critical Risk,False Positive
0,0.45724183,0,12566,Medium Risk,True Negative
1,0.39469293,0,34643,Medium Risk,False Negative
0,0.2692447,0,13333,Medium Risk,True Negative
0,0.35553372,0,40532,Medium Risk,True Negative
0,0.050306045,0,15146,Low Risk,True Negative
0,0.04586113,0,14099,Low Risk,True Negative
0,0.17638874,0,2741,Low Risk,True Negative
1,0.951911,1,21958,Critical Risk,True Positive
0,0.12382971,0,26677,Low Risk,True Negative
0,0.14621048,0,20714,Low Risk,True Negative
0,0.16922161,0,18694,Low Risk,True Negative
0,0.5172607,1,36608,High Risk,False Positive
0,0.4608713,0,35489,Medium Risk,True Negative
0,0.06511001,0,11217,Low Risk,True Negative
0,0.38147607,0,7712,Medium Risk,True Negative
0,0.29695633,0,12808,Medium Risk,True Negative
0,0.103860326,0,785,Low Risk,True Negative
1,0.06463135,0,3437,Low Risk,False Negative
0,0.18695278,0,11069,Low Risk,True Negative
0,0.03664383,0,20205,Low Risk,True Negative
0,0.0761302,0,11276,Low Risk,True Negative
0,0.042374793,0,37409,Low Risk,True Negative
1,0.88392663,1,4677,Critical Risk,True Positive
0,0.30310926,0,31761,Medium Risk,True Negative
0,0.11178229,0,7444,Low Risk,True Negative
0,0.19052978,0,2642,Low Risk,True Negative
0,0.5161582,1,39850,High Risk,False Positive
0,0.81971735,1,9671,Critical Risk,False Positive
0,0.14987724,0,23415,Low Risk,True Negative
0,0.03584001,0,2592,Low Risk,True Negative
0,0.19730192,0,13713,Low Risk,True Negative
1,0.6965617,1,41989,High Risk,True Positive
0,0.06450858,0,37730,Low Risk,True Negative
0,0.10964503,0,40608,Low Risk,True Negative
0,0.09547729,0,31621,Low Risk,True Negative
1,0.5243193,1,26495,High Risk,True Positive
0,0.21012391,0,25624,Low Risk,True Negative
0,0.18663214,0,16961,Low Risk,True Negative
0,0.5766891,1,2624,High Risk,False Positive
0,0.22055916,0,24997,Low Risk,True Negative
0,0.19174178,0,33812,Low Risk,True Negative
0,0.30257437,0,24014,Medium Risk,True Negative
0,0.06873543,0,30382,Low Risk,True Negative
0,0.13585153,0,22784,Low Risk,True Negative
0,0.26117727,0,38246,Medium Risk,True Negative
0,0.047335975,0,32734,Low Risk,True Negative
0,0.123753875,0,34244,Low Risk,True Negative
0,0.09353013,0,11468,Low Risk,True Negative
0,0.33956537,0,12833,Medium Risk,True Negative
0,0.49385354,0,40147,Medium Risk,True Negative
0,0.5152829,1,33419,High Risk,False Positive
0,0.22679521,0,6163,Low Risk,True Negative
0,0.32479575,0,32938,Medium Risk,True Negative
0,0.09507861,0,21550,Low Risk,True Negative
0,0.06942996,0,31054,Low Risk,True Negative
0,0.5197418,1,22639,High Risk,False Positive
0,0.19804145,0,1600,Low Risk,True Negative
0,0.05786388,0,26142,Low Risk,True Negative
0,0.35867798,0,28963,Medium Risk,True Negative
0,0.15095775,0,26551,Low Risk,True Negative
0,0.1372949,0,28804,Low Risk,True Negative
0,0.25998965,0,43643,Medium Risk,True Negative
0,0.31237134,0,33409,Medium Risk,True Negative
0,0.30599222,0,15925,Medium Risk,True Negative
0,0.20568089,0,4115,Low Risk,True Negative
0,0.2965824,0,33075,Medium Risk,True Negative
0,0.28387758,0,14873,Medium Risk,True Negative
0,0.12050628,0,17060,Low Risk,True Negative
0,0.09081123,0,333,Low Risk,True Negative
0,0.29074925,0,2859,Medium Risk,True Negative
0,0.19355504,0,993,Low Risk,True Negative
0,0.06810546,0,43379,Low Risk,True Negative
0,0.22560409,0,12491,Low Risk,True Negative
1,0.55551255,1,36983,High Risk,True Positive
0,0.05398804,0,5466,Low Risk,True Negative
0,0.083154075,0,4029,Low Risk,True Negative
1,0.8456178,1,21909,Critical Risk,True Positive
0,0.3413293,0,5670,Medium Risk,True Negative
0,0.7020696,1,3533,High Risk,False Positive
0,0.40466276,0,26263,Medium Risk,True Negative
0,0.5385535,1,14441,High Risk,False Positive
0,0.20017341,0,34911,Low Risk,True Negative
0,0.20260854,0,36487,Low Risk,True Negative
0,0.046915565,0,3721,Low Risk,True Negative
0,0.8271034,1,21634,Critical Risk,False Positive
0,0.46804482,0,24299,Medium Risk,True Negative
0,0.16440399,0,5327,Low Risk,True Negative
0,0.24674283,0,11890,Low Risk,True Negative
1,0.36682758,0,7276,Medium Risk,False Negative
0,0.11315823,0,34471,Low Risk,True Negative
0,0.21527882,0,21688,Low Risk,True Negative
0,0.16303284,0,4860,Low Risk,True Negative
0,0.072632864,0,40302,Low Risk,True Negative
0,0.5103459,1,4057,High Risk,False Positive
0,0.17542936,0,10405,Low Risk,True Negative
0,0.486739,0,15820,Medium Risk,True Negative
0,0.1770457,0,23960,Low Risk,True Negative
0,0.3991764,0,17081,Medium Risk,True Negative
0,0.026848212,0,30657,Low Risk,True Negative
0,0.07739572,0,42232,Low Risk,True Negative
0,0.076666385,0,31516,Low Risk,True Negative
0,0.60256666,1,6472,High Risk,False Positive
0,0.24377234,0,9191,Low Risk,True Negative
0,0.118454985,0,28036,Low Risk,True Negative
0,0.04766461,0,15350,Low Risk,True Negative
0,0.08599739,0,15938,Low Risk,True Negative
0,0.26101658,0,28735,Medium Risk,True Negative
0,0.14923291,0,36221,Low Risk,True Negative
0,0.78293234,1,38208,Critical Risk,False Positive
0,0.08663443,0,12331,Low Risk,True Negative
1,0.8124096,1,32972,Critical Risk,True Positive
0,0.08785504,0,36291,Low Risk,True Negative
0,0.90047944,1,42097,Critical Risk,False Positive
0,0.09501069,0,35151,Low Risk,True Negative
1,0.6726007,1,12082,High Risk,True Positive
0,0.13358238,0,38359,Low Risk,True Negative
0,0.84696937,1,43310,Critical Risk,False Positive
0,0.064172596,0,44203,Low Risk,True Negative
1,0.79474807,1,18197,Critical Risk,True Positive
0,0.286977,0,36384,Medium Risk,True Negative
0,0.3284375,0,24772,Medium Risk,True Negative
0,0.82460123,1,22804,Critical Risk,False Positive
0,0.2758966,0,16061,Medium Risk,True Negative
0,0.8392666,1,28188,Critical Risk,False Positive
0,0.1675463,0,7231,Low Risk,True Negative
0,0.031446718,0,5134,Low Risk,True Negative
0,0.1261181,0,17106,Low Risk,True Negative
0,0.47311026,0,39279,Medium Risk,True Negative
0,0.23505901,0,32560,Low Risk,True Negative
0,0.1656439,0,18238,Low Risk,True Negative
0,0.52572453,1,35694,High Risk,False Positive
0,0.33243033,0,7037,Medium Risk,True Negative
1,0.6776301,1,26749,High Risk,True Positive
0,0.106936306,0,1988,Low Risk,True Negative
0,0.11656665,0,7001,Low Risk,True Negative
0,0.41691694,0,35655,Medium Risk,True Negative
0,0.5363287,1,34481,High Risk,False Positive
0,0.24802701,0,26230,Low Risk,True Negative
0,0.3117474,0,21804,Medium Risk,True Negative
0,0.33114365,0,13518,Medium Risk,True Negative
0,0.44842914,0,7773,Medium Risk,True Negative
0,0.06982335,0,43574,Low Risk,True Negative
0,0.13225563,0,34198,Low Risk,True Negative
0,0.33672532,0,18581,Medium Risk,True Negative
0,0.0848766,0,39971,Low Risk,True Negative
0,0.1932907,0,10407,Low Risk,True Negative
0,0.12141057,0,42157,Low Risk,True Negative
1,0.3865492,0,25154,Medium Risk,False Negative
0,0.5933238,1,27056,High Risk,False Positive
0,0.5449038,1,31295,High Risk,False Positive
0,0.115688086,0,38009,Low Risk,True Negative
0,0.43188444,0,31741,Medium Risk,True Negative
0,0.13437603,0,35399,Low Risk,True Negative
0,0.21064848,0,31509,Low Risk,True Negative
0,0.07166768,0,30597,Low Risk,True Negative
1,0.75933164,1,19861,Critical Risk,True Positive
0,0.08048585,0,26582,Low Risk,True Negative
1,0.63955265,1,9765,High Risk,True Positive
0,0.2843918,0,21450,Medium Risk,True Negative
0,0.14008032,0,2871,Low Risk,True Negative
1,0.62731594,1,32959,High Risk,True Positive
0,0.2449921,0,37941,Low Risk,True Negative
0,0.4482352,0,4490,Medium Risk,True Negative
0,0.071230076,0,11606,Low Risk,True Negative
0,0.3134385,0,10158,Medium Risk,True Negative
0,0.6545618,1,31640,High Risk,False Positive
0,0.5543442,1,18771,High Risk,False Positive
0,0.034225818,0,33467,Low Risk,True Negative
0,0.16261283,0,16116,Low Risk,True Negative
0,0.26185724,0,37208,Medium Risk,True Negative
0,0.15214199,0,43748,Low Risk,True Negative
0,0.38802347,0,9273,Medium Risk,True Negative
0,0.41798967,0,19265,Medium Risk,True Negative
0,0.22325963,0,34324,Low Risk,True Negative
0,0.19422771,0,24697,Low Risk,True Negative
1,0.51447654,1,37065,High Risk,True Positive
0,0.050905626,0,41992,Low Risk,True Negative
0,0.56622666,1,18302,High Risk,False Positive
0,0.41666335,0,8753,Medium Risk,True Negative
0,0.7538279,1,29749,Critical Risk,False Positive
0,0.40038383,0,11943,Medium Risk,True Negative
1,0.7619617,1,4803,Critical Risk,True Positive
1,0.40149298,0,1166,Medium Risk,False Negative
0,0.039735284,0,37916,Low Risk,True Negative
0,0.34104347,0,16729,Medium Risk,True Negative
0,0.7138674,1,34318,High Risk,False Positive
0,0.32793573,0,41519,Medium Risk,True Negative
0,0.1850068,0,4210,Low Risk,True Negative
0,0.760482,1,21363,Critical Risk,False Positive
0,0.037244406,0,1657,Low Risk,True Negative
0,0.03527135,0,12426,Low Risk,True Negative
0,0.8785786,1,38822,Critical Risk,False Positive
0,0.3899244,0,42024,Medium Risk,True Negative
0,0.02807192,0,28195,Low Risk,True Negative
0,0.024707202,0,2803,Low Risk,True Negative
0,0.17828575,0,39851,Low Risk,True Negative
0,0.8355494,1,18469,Critical Risk,False Positive
0,0.045673613,0,5389,Low Risk,True Negative
0,0.113525674,0,39276,Low Risk,True Negative
0,0.046396744,0,32240,Low Risk,True Negative
0,0.36811155,0,4911,Medium Risk,True Negative
1,0.5746357,1,12854,High Risk,True Positive
0,0.2529565,0,23141,Medium Risk,True Negative
0,0.0912437,0,15802,Low Risk,True Negative
0,0.49898937,0,11094,Medium Risk,True Negative
0,0.17384145,0,43439,Low Risk,True Negative
0,0.31643665,0,8209,Medium Risk,True Negative
1,0.36328405,0,39884,Medium Risk,False Negative
0,0.8994692,1,17139,Critical Risk,False Positive
0,0.60696703,1,4703,High Risk,False Positive
0,0.8502219,1,37500,Critical Risk,False Positive
0,0.330166,0,22095,Medium Risk,True Negative
0,0.14680335,0,24475,Low Risk,True Negative
0,0.059785113,0,23737,Low Risk,True Negative
0,0.08061387,0,15224,Low Risk,True Negative
0,0.10375889,0,21908,Low Risk,True Negative
0,0.79215395,1,21844,Critical Risk,False Positive
0,0.17270558,0,21870,Low Risk,True Negative
0,0.32085142,0,18313,Medium Risk,True Negative
0,0.17727926,0,8100,Low Risk,True Negative
0,0.1709922,0,21534,Low Risk,True Negative
0,0.224768,0,750,Low Risk,True Negative
0,0.1908863,0,32530,Low Risk,True Negative
0,0.035048805,0,38098,Low Risk,True Negative
0,0.063291274,0,12319,Low Risk,True Negative
1,0.06228885,0,38531,Low Risk,False Negative
1,0.8465507,1,28116,Critical Risk,True Positive
0,0.65095323,1,25872,High Risk,False Positive
0,0.58115536,1,41600,High Risk,False Positive
0,0.33836478,0,25804,Medium Risk,True Negative
0,0.45852903,0,42852,Medium Risk,True Negative
0,0.1499672,0,9494,Low Risk,True Negative
0,0.39536592,0,28113,Medium Risk,True Negative
0,0.01747202,0,24609,Low Risk,True Negative
0,0.087368995,0,28336,Low Risk,True Negative
0,0.17706808,0,29690,Low Risk,True Negative
0,0.33841604,0,38342,Medium Risk,True Negative
0,0.028525732,0,30982,Low Risk,True Negative
0,0.12433397,0,39596,Low Risk,True Negative
0,0.087551154,0,29308,Low Risk,True Negative
0,0.016843658,0,36426,Low Risk,True Negative
0,0.09678113,0,21541,Low Risk,True Negative
0,0.06332085,0,15379,Low Risk,True Negative
1,0.78846365,1,8451,Critical Risk,True Positive
0,0.25211427,0,17171,Medium Risk,True Negative
0,0.06861025,0,24798,Low Risk,True Negative
0,0.09809216,0,36383,Low Risk,True Negative
0,0.07285956,0,17571,Low Risk,True Negative
0,0.2299763,0,4730,Low Risk,True Negative
0,0.077277355,0,25390,Low Risk,True Negative
0,0.08265069,0,12499,Low Risk,True Negative
0,0.37715894,0,25224,Medium Risk,True Negative
0,0.3210263,0,3630,Medium Risk,True Negative
0,0.16569147,0,12589,Low Risk,True Negative
0,0.111629084,0,13122,Low Risk,True Negative
0,0.23068604,0,38748,Low Risk,True Negative
0,0.19223404,0,40576,Low Risk,True Negative
0,0.09354837,0,22411,Low Risk,True Negative
0,0.039155,0,32998,Low Risk,True Negative
0,0.31174204,0,17449,Medium Risk,True Negative
0,0.23325698,0,7265,Low Risk,True Negative
0,0.027687415,0,10824,Low Risk,True Negative
1,0.56047404,1,9668,High Risk,True Positive
0,0.15098451,0,3373,Low Risk,True Negative
1,0.64987725,1,34099,High Risk,True Positive
0,0.19044794,0,7663,Low Risk,True Negative
0,0.8618429,1,37258,Critical Risk,False Positive
0,0.1827351,0,30648,Low Risk,True Negative
0,0.11797981,0,33933,Low Risk,True Negative
0,0.47010753,0,10177,Medium Risk,True Negative
0,0.49162492,0,26752,Medium Risk,True Negative
0,0.090048715,0,23351,Low Risk,True Negative
0,0.26008847,0,32866,Medium Risk,True Negative
0,0.2556191,0,8222,Medium Risk,True Negative
0,0.05804885,0,2496,Low Risk,True Negative
0,0.18413226,0,43352,Low Risk,True Negative
0,0.2006075,0,303,Low Risk,True Negative
0,0.3396646,0,29029,Medium Risk,True Negative
0,0.15218051,0,43861,Low Risk,True Negative
1,0.34676984,0,4489,Medium Risk,False Negative
0,0.1008365,0,24356,Low Risk,True Negative
0,0.02280211,0,7111,Low Risk,True Negative
0,0.19526337,0,4825,Low Risk,True Negative
0,0.17362216,0,2132,Low Risk,True Negative
0,0.25752142,0,4863,Medium Risk,True Negative
0,0.15384924,0,12475,Low Risk,True Negative
0,0.2388268,0,40031,Low Risk,True Negative
0,0.23685753,0,40013,Low Risk,True Negative
0,0.12589288,0,43512,Low Risk,True Negative
1,0.35192782,0,32725,Medium Risk,False Negative
0,0.056283854,0,17308,Low Risk,True Negative
0,0.16121085,0,27117,Low Risk,True Negative
0,0.7680143,1,20112,Critical Risk,False Positive
0,0.07652766,0,35687,Low Risk,True Negative
0,0.3215527,0,13000,Medium Risk,True Negative
0,0.15077932,0,43200,Low Risk,True Negative
0,0.04726148,0,4904,Low Risk,True Negative
0,0.4558981,0,18968,Medium Risk,True Negative
0,0.52174395,1,13915,High Risk,False Positive
0,0.21732874,0,30496,Low Risk,True Negative
0,0.3993627,0,14509,Medium Risk,True Negative
0,0.3132358,0,13875,Medium Risk,True Negative
0,0.19083813,0,24277,Low Risk,True Negative
0,0.1261819,0,20991,Low Risk,True Negative
0,0.1246098,0,5324,Low Risk,True Negative
0,0.035185285,0,11964,Low Risk,True Negative
0,0.31504494,0,12943,Medium Risk,True Negative
0,0.12529401,0,2612,Low Risk,True Negative
0,0.041968346,0,21643,Low Risk,True Negative
0,0.18626137,0,33227,Low Risk,True Negative
0,0.80121666,1,3300,Critical Risk,False Positive
0,0.21941449,0,10386,Low Risk,True Negative
0,0.08330847,0,2580,Low Risk,True Negative
0,0.22028172,0,37029,Low Risk,True Negative
0,0.46904123,0,14897,Medium Risk,True Negative
0,0.34855276,0,857,Medium Risk,True Negative
0,0.48494658,0,38015,Medium Risk,True Negative
0,0.5227555,1,38749,High Risk,False Positive
0,0.17806555,0,11363,Low Risk,True Negative
0,0.06578636,0,10849,Low Risk,True Negative
0,0.057094358,0,36321,Low Risk,True Negative
0,0.61481696,1,35784,High Risk,False Positive
0,0.036377825,0,5361,Low Risk,True Negative
0,0.19999947,0,41184,Low Risk,True Negative
0,0.17071386,0,21655,Low Risk,True Negative
0,0.058430467,0,13325,Low Risk,True Negative
0,0.08073276,0,15059,Low Risk,True Negative
0,0.12948066,0,19982,Low Risk,True Negative
0,0.5448682,1,37519,High Risk,False Positive
1,0.76607895,1,1362,Critical Risk,True Positive
0,0.31662706,0,6490,Medium Risk,True Negative
1,0.77281606,1,15990,Critical Risk,True Positive
1,0.8692245,1,9193,Critical Risk,True Positive
0,0.2998961,0,13029,Medium Risk,True Negative
0,0.63756746,1,39758,High Risk,False Positive
0,0.04743882,0,33609,Low Risk,True Negative
0,0.17556839,0,36285,Low Risk,True Negative
0,0.7759868,1,39576,Critical Risk,False Positive
0,0.10868804,0,22540,Low Risk,True Negative
0,0.23930413,0,19144,Low Risk,True Negative
1,0.7333997,1,13320,High Risk,True Positive
0,0.6317943,1,23292,High Risk,False Positive
0,0.15909962,0,35791,Low Risk,True Negative
0,0.08087118,0,21249,Low Risk,True Negative
0,0.49841598,0,8710,Medium Risk,True Negative
0,0.0760088,0,24789,Low Risk,True Negative
0,0.18942508,0,23898,Low Risk,True Negative
0,0.39589036,0,26817,Medium Risk,True Negative
0,0.31236547,0,20342,Medium Risk,True Negative
0,0.11480082,0,10768,Low Risk,True Negative
0,0.057298034,0,4880,Low Risk,True Negative
0,0.11777947,0,32895,Low Risk,True Negative
0,0.16433705,0,6885,Low Risk,True Negative
0,0.052721474,0,11719,Low Risk,True Negative
0,0.076552115,0,21205,Low Risk,True Negative
0,0.73119515,1,27551,High Risk,False Positive
0,0.07733313,0,1522,Low Risk,True Negative
0,0.2315846,0,42719,Low Risk,True Negative
0,0.1275465,0,20252,Low Risk,True Negative
0,0.35642642,0,17769,Medium Risk,True Negative
0,0.8672155,1,28046,Critical Risk,False Positive
0,0.30814406,0,13123,Medium Risk,True Negative
0,0.08777939,0,31528,Low Risk,True Negative
0,0.32954058,0,7403,Medium Risk,True Negative
0,0.27817628,0,5740,Medium Risk,True Negative
0,0.3270334,0,7650,Medium Risk,True Negative
0,0.11255929,0,17345,Low Risk,True Negative
0,0.019711943,0,39640,Low Risk,True Negative
1,0.8784186,1,42043,Critical Risk,True Positive
0,0.34720922,0,4317,Medium Risk,True Negative
0,0.22847575,0,938,Low Risk,True Negative
0,0.4058785,0,7923,Medium Risk,True Negative
0,0.16753787,0,29411,Low Risk,True Negative
0,0.022271188,0,9719,Low Risk,True Negative
0,0.04993798,0,28632,Low Risk,True Negative
0,0.8435048,1,34460,Critical Risk,False Positive
0,0.08600837,0,8419,Low Risk,True Negative
0,0.13293895,0,8825,Low Risk,True Negative
0,0.5759193,1,35439,High Risk,False Positive
0,0.73610294,1,12548,High Risk,False Positive
0,0.53421307,1,34044,High Risk,False Positive
0,0.13403703,0,1050,Low Risk,True Negative
0,0.7813837,1,29628,Critical Risk,False Positive
0,0.39417106,0,2825,Medium Risk,True Negative
0,0.29449904,0,9090,Medium Risk,True Negative
0,0.8508931,1,40956,Critical Risk,False Positive
1,0.2062423,0,1794,Low Risk,False Negative
0,0.26546302,0,28456,Medium Risk,True Negative
0,0.1487387,0,18643,Low Risk,True Negative
0,0.115531966,0,11023,Low Risk,True Negative
1,0.8691551,1,37950,Critical Risk,True Positive
0,0.06188584,0,2943,Low Risk,True Negative
0,0.05686293,0,20052,Low Risk,True Negative
0,0.19374345,0,58,Low Risk,True Negative
0,0.1668856,0,10016,Low Risk,True Negative
0,0.89715374,1,42216,Critical Risk,False Positive
0,0.16976294,0,31105,Low Risk,True Negative
0,0.36278638,0,35157,Medium Risk,True Negative
0,0.3677469,0,31039,Medium Risk,True Negative
0,0.051281676,0,32778,Low Risk,True Negative
0,0.052443635,0,26459,Low Risk,True Negative
0,0.024268638,0,16449,Low Risk,True Negative
0,0.43901145,0,1320,Medium Risk,True Negative
1,0.8832717,1,13404,Critical Risk,True Positive
0,0.1816775,0,36158,Low Risk,True Negative
0,0.103862435,0,10792,Low Risk,True Negative
0,0.73607737,1,33947,High Risk,False Positive
0,0.3115516,0,9628,Medium Risk,True Negative
0,0.49617574,0,2214,Medium Risk,True Negative
1,0.6449205,1,12134,High Risk,True Positive
0,0.06974684,0,6882,Low Risk,True Negative
0,0.30931202,0,21932,Medium Risk,True Negative
0,0.28791633,0,20726,Medium Risk,True Negative
1,0.630566,1,41434,High Risk,True Positive
0,0.08780407,0,22091,Low Risk,True Negative
0,0.3372298,0,11789,Medium Risk,True Negative
0,0.16428147,0,42045,Low Risk,True Negative
0,0.09127036,0,18915,Low Risk,True Negative
0,0.31559443,0,20572,Medium Risk,True Negative
0,0.65374976,1,39569,High Risk,False Positive
0,0.165942,0,27801,Low Risk,True Negative
0,0.054974735,0,31601,Low Risk,True Negative
0,0.2593024,0,43459,Medium Risk,True Negative
0,0.08199947,0,7256,Low Risk,True Negative
0,0.84807247,1,407,Critical Risk,False Positive
0,0.32124364,0,42689,Medium Risk,True Negative
0,0.33622593,0,17982,Medium Risk,True Negative
0,0.05298778,0,7246,Low Risk,True Negative
0,0.2861157,0,28687,Medium Risk,True Negative
0,0.5606094,1,23494,High Risk,False Positive
0,0.37014222,0,6040,Medium Risk,True Negative
0,0.030851904,0,15762,Low Risk,True Negative
1,0.7296831,1,18823,High Risk,True Positive
0,0.5921794,1,27239,High Risk,False Positive
0,0.1264964,0,2671,Low Risk,True Negative
0,0.010510344,0,4452,Low Risk,True Negative
1,0.3690982,0,35127,Medium Risk,False Negative
0,0.24014437,0,2946,Low Risk,True Negative
0,0.15467788,0,17153,Low Risk,True Negative
0,0.123906925,0,18746,Low Risk,True Negative
0,0.24031587,0,14613,Low Risk,True Negative
0,0.019400254,0,39207,Low Risk,True Negative
0,0.6659455,1,1268,High Risk,False Positive
0,0.53174686,1,41500,High Risk,False Positive
0,0.8135565,1,1652,Critical Risk,False Positive
0,0.2294594,0,12423,Low Risk,True Negative
0,0.73794043,1,12708,High Risk,False Positive
0,0.21143475,0,25092,Low Risk,True Negative
0,0.119571954,0,27319,Low Risk,True Negative
0,0.14645553,0,26873,Low Risk,True Negative
0,0.27107918,0,21351,Medium Risk,True Negative
0,0.79375654,1,17399,Critical Risk,False Positive
0,0.25662342,0,19035,Medium Risk,True Negative
0,0.06979126,0,30423,Low Risk,True Negative
0,0.14168073,0,40728,Low Risk,True Negative
0,0.11298748,0,38950,Low Risk,True Negative
0,0.59666395,1,16694,High Risk,False Positive
1,0.6238958,1,30973,High Risk,True Positive
0,0.42704043,0,35548,Medium Risk,True Negative
0,0.5321882,1,30900,High Risk,False Positive
0,0.23272893,0,8685,Low Risk,True Negative
0,0.15648744,0,8791,Low Risk,True Negative
1,0.5024132,1,5782,High Risk,True Positive
0,0.1253892,0,14705,Low Risk,True Negative
0,0.109592766,0,29964,Low Risk,True Negative
1,0.68205076,1,4517,High Risk,True Positive
0,0.092446774,0,30107,Low Risk,True Negative
0,0.05972403,0,18304,Low Risk,True Negative
1,0.5702133,1,1278,High Risk,True Positive
0,0.31217113,0,34857,Medium Risk,True Negative
1,0.16294856,0,27423,Low Risk,False Negative
1,0.8303209,1,22728,Critical Risk,True Positive
0,0.19104375,0,1554,Low Risk,True Negative
0,0.04659022,0,43418,Low Risk,True Negative
0,0.07816481,0,15278,Low Risk,True Negative
0,0.035936534,0,22299,Low Risk,True Negative
1,0.6666774,1,17559,High Risk,True Positive
0,0.64635336,1,17808,High Risk,False Positive
0,0.22378117,0,32808,Low Risk,True Negative
0,0.6815615,1,14170,High Risk,False Positive
0,0.40627545,0,19833,Medium Risk,True Negative
0,0.36139813,0,29757,Medium Risk,True Negative
0,0.38740355,0,24660,Medium Risk,True Negative
0,0.16792214,0,7484,Low Risk,True Negative
0,0.050330203,0,8179,Low Risk,True Negative
0,0.46814314,0,11099,Medium Risk,True Negative
0,0.66438156,1,27331,High Risk,False Positive
0,0.5340464,1,7893,High Risk,False Positive
0,0.30054402,0,11202,Medium Risk,True Negative
0,0.12417119,0,39559,Low Risk,True Negative
0,0.6781978,1,40763,High Risk,False Positive
0,0.30884522,0,2615,Medium Risk,True Negative
0,0.8778495,1,13207,Critical Risk,False Positive
0,0.15698767,0,23606,Low Risk,True Negative
0,0.36713824,0,23410,Medium Risk,True Negative
0,0.20392638,0,19508,Low Risk,True Negative
0,0.5154496,1,19199,High Risk,False Positive
0,0.111720964,0,1563,Low Risk,True Negative
0,0.13349299,0,21278,Low Risk,True Negative
1,0.22488567,0,1337,Low Risk,False Negative
0,0.09247679,0,488,Low Risk,True Negative
0,0.7088255,1,14253,High Risk,False Positive
0,0.13122721,0,4508,Low Risk,True Negative
0,0.24396586,0,9240,Low Risk,True Negative
0,0.21216936,0,25457,Low Risk,True Negative
0,0.48184067,0,8282,Medium Risk,True Negative
0,0.07825132,0,1402,Low Risk,True Negative
0,0.19066468,0,28911,Low Risk,True Negative
0,0.92813516,1,44015,Critical Risk,False Positive
0,0.038189325,0,31693,Low Risk,True Negative
0,0.08042573,0,3992,Low Risk,True Negative
0,0.025377149,0,20949,Low Risk,True Negative
0,0.69783545,1,4030,High Risk,False Positive
0,0.17743814,0,23213,Low Risk,True Negative
0,0.22815321,0,31504,Low Risk,True Negative
0,0.07202086,0,17211,Low Risk,True Negative
0,0.33072397,0,21342,Medium Risk,True Negative
0,0.42142975,0,7754,Medium Risk,True Negative
0,0.13444719,0,26197,Low Risk,True Negative
0,0.13469185,0,28435,Low Risk,True Negative
0,0.3929747,0,33053,Medium Risk,True Negative
0,0.5552902,1,34111,High Risk,False Positive
0,0.5005475,1,43650,High Risk,False Positive
0,0.1703981,0,42523,Low Risk,True Negative
0,0.032760914,0,2163,Low Risk,True Negative
0,0.061051168,0,7499,Low Risk,True Negative
0,0.12302742,0,38069,Low Risk,True Negative
0,0.06477635,0,9505,Low Risk,True Negative
0,0.55657667,1,39055,High Risk,False Positive
0,0.01402684,0,41640,Low Risk,True Negative
0,0.042505123,0,2766,Low Risk,True Negative
0,0.44215152,0,35697,Medium Risk,True Negative
0,0.09771816,0,31475,Low Risk,True Negative
1,0.6743502,1,11669,High Risk,True Positive
0,0.092800826,0,34697,Low Risk,True Negative
0,0.23443423,0,10555,Low Risk,True Negative
0,0.6518881,1,23683,High Risk,False Positive
0,0.51676035,1,4683,High Risk,False Positive
0,0.02879964,0,20708,Low Risk,True Negative
1,0.9061622,1,1999,Critical Risk,True Positive
0,0.14745986,0,30380,Low Risk,True Negative
0,0.22492523,0,30011,Low Risk,True Negative
0,0.028399965,0,6245,Low Risk,True Negative
1,0.47939816,0,26548,Medium Risk,False Negative
0,0.2692333,0,2326,Medium Risk,True Negative
0,0.1409442,0,13358,Low Risk,True Negative
1,0.39925188,0,5812,Medium Risk,False Negative
0,0.068274915,0,22997,Low Risk,True Negative
0,0.39801005,0,14559,Medium Risk,True Negative
0,0.092025034,0,40574,Low Risk,True Negative
0,0.06568455,0,28090,Low Risk,True Negative
0,0.0971297,0,27824,Low Risk,True Negative
0,0.41073152,0,23899,Medium Risk,True Negative
0,0.027251292,0,10932,Low Risk,True Negative
0,0.22522244,0,1953,Low Risk,True Negative
1,0.5324166,1,24156,High Risk,True Positive
0,0.108347066,0,14474,Low Risk,True Negative
1,0.6142534,1,17860,High Risk,True Positive
0,0.8372929,1,43544,Critical Risk,False Positive
0,0.09032864,0,16686,Low Risk,True Negative
0,0.2920203,0,37644,Medium Risk,True Negative
0,0.17075543,0,7077,Low Risk,True Negative
0,0.0401711,0,33647,Low Risk,True Negative
0,0.18152483,0,10464,Low Risk,True Negative
0,0.17611876,0,4032,Low Risk,True Negative
1,0.89027596,1,30361,Critical Risk,True Positive
0,0.19523345,0,15291,Low Risk,True Negative
0,0.71381164,1,15860,High Risk,False Positive
0,0.11118472,0,12644,Low Risk,True Negative
0,0.33507833,0,9377,Medium Risk,True Negative
0,0.13652499,0,21813,Low Risk,True Negative
0,0.42087764,0,31234,Medium Risk,True Negative
1,0.43818992,0,22675,Medium Risk,False Negative
0,0.091639064,0,37008,Low Risk,True Negative
1,0.83119863,1,15784,Critical Risk,True Positive
0,0.14213507,0,14890,Low Risk,True Negative
1,0.828653,1,21384,Critical Risk,True Positive
0,0.8538067,1,25643,Critical Risk,False Positive
0,0.7772359,1,7540,Critical Risk,False Positive
0,0.20121463,0,11235,Low Risk,True Negative
1,0.12654111,0,5149,Low Risk,False Negative
1,0.707555,1,8620,High Risk,True Positive
0,0.17785245,0,2264,Low Risk,True Negative
0,0.024667,0,15679,Low Risk,True Negative
0,0.08730773,0,6845,Low Risk,True Negative
0,0.2503176,0,37348,Medium Risk,True Negative
0,0.3313763,0,13760,Medium Risk,True Negative
0,0.11326044,0,37253,Low Risk,True Negative
0,0.47998062,0,32229,Medium Risk,True Negative
0,0.2468641,0,19339,Low Risk,True Negative
0,0.08825449,0,284,Low Risk,True Negative
0,0.082844265,0,29656,Low Risk,True Negative
0,0.44899866,0,11013,Medium Risk,True Negative
0,0.43366274,0,37506,Medium Risk,True Negative
0,0.0865762,0,27109,Low Risk,True Negative
0,0.077777,0,15065,Low Risk,True Negative
0,0.7266968,1,30602,High Risk,False Positive
0,0.08834043,0,135,Low Risk,True Negative
0,0.091984,0,19558,Low Risk,True Negative
0,0.026810918,0,39916,Low Risk,True Negative
0,0.49569905,0,23309,Medium Risk,True Negative
0,0.0706499,0,31675,Low Risk,True Negative
0,0.77298266,1,43892,Critical Risk,False Positive
0,0.5297382,1,8460,High Risk,False Positive
0,0.23939988,0,41900,Low Risk,True Negative
0,0.066994905,0,7699,Low Risk,True Negative
0,0.101628706,0,625,Low Risk,True Negative
0,0.08421535,0,18269,Low Risk,True Negative
0,0.12594885,0,18911,Low Risk,True Negative
0,0.052190695,0,4247,Low Risk,True Negative
1,0.84560466,1,32625,Critical Risk,True Positive
0,0.8260841,1,24622,Critical Risk,False Positive
0,0.14243376,0,26496,Low Risk,True Negative
0,0.15703921,0,40847,Low Risk,True Negative
0,0.061084233,0,37236,Low Risk,True Negative
0,0.1794998,0,43454,Low Risk,True Negative
0,0.17112675,0,38897,Low Risk,True Negative
0,0.33426246,0,28117,Medium Risk,True Negative
0,0.53766215,1,24894,High Risk,False Positive
0,0.1737605,0,35290,Low Risk,True Negative
0,0.5080987,1,43351,High Risk,False Positive
0,0.09765244,0,5229,Low Risk,True Negative
0,0.01851956,0,1482,Low Risk,True Negative
0,0.5595669,1,33387,High Risk,False Positive
1,0.6709185,1,30924,High Risk,True Positive
0,0.045852505,0,6136,Low Risk,True Negative
0,0.08108019,0,13726,Low Risk,True Negative
0,0.052023888,0,260,Low Risk,True Negative
0,0.4742736,0,26431,Medium Risk,True Negative
0,0.054950833,0,5554,Low Risk,True Negative
0,0.20687196,0,17475,Low Risk,True Negative
0,0.18170106,0,26218,Low Risk,True Negative
0,0.29063866,0,15743,Medium Risk,True Negative
0,0.06692447,0,2143,Low Risk,True Negative
0,0.073560484,0,2672,Low Risk,True Negative
0,0.10277323,0,12892,Low Risk,True Negative
0,0.11645904,0,33732,Low Risk,True Negative
1,0.7302636,1,3652,High Risk,True Positive
0,0.093291365,0,37199,Low Risk,True Negative
1,0.24486297,0,19363,Low Risk,False Negative
0,0.29158318,0,7562,Medium Risk,True Negative
0,0.18557642,0,7822,Low Risk,True Negative
0,0.15722685,0,21594,Low Risk,True Negative
0,0.271569,0,8815,Medium Risk,True Negative
0,0.14392708,0,2728,Low Risk,True Negative
0,0.20599085,0,26974,Low Risk,True Negative
0,0.3661456,0,13185,Medium Risk,True Negative
0,0.10959852,0,20904,Low Risk,True Negative
0,0.18795185,0,19239,Low Risk,True Negative
0,0.31353095,0,21923,Medium Risk,True Negative
0,0.6890891,1,16475,High Risk,False Positive
0,0.16961356,0,37561,Low Risk,True Negative
0,0.34318405,0,3327,Medium Risk,True Negative
0,0.13640636,0,38223,Low Risk,True Negative
0,0.30162206,0,35621,Medium Risk,True Negative
0,0.21511307,0,11888,Low Risk,True Negative
0,0.8277726,1,14704,Critical Risk,False Positive
0,0.11491148,0,23224,Low Risk,True Negative
0,0.1678796,0,15835,Low Risk,True Negative
0,0.10486483,0,19542,Low Risk,True Negative
0,0.03933837,0,21889,Low Risk,True Negative
0,0.16045271,0,8420,Low Risk,True Negative
0,0.03646571,0,23200,Low Risk,True Negative
1,0.74677026,1,11268,High Risk,True Positive
0,0.12397213,0,1556,Low Risk,True Negative
0,0.13660921,0,22562,Low Risk,True Negative
1,0.9286815,1,22812,Critical Risk,True Positive
0,0.3567138,0,21939,Medium Risk,True Negative
0,0.2072634,0,7836,Low Risk,True Negative
0,0.06001604,0,36348,Low Risk,True Negative
0,0.043921884,0,7176,Low Risk,True Negative
0,0.22201349,0,16179,Low Risk,True Negative
1,0.8764316,1,22390,Critical Risk,True Positive
0,0.11531323,0,28402,Low Risk,True Negative
0,0.05355456,0,1165,Low Risk,True Negative
0,0.032194152,0,25495,Low Risk,True Negative
0,0.27913305,0,12674,Medium Risk,True Negative
0,0.7376896,1,23714,High Risk,False Positive
0,0.27392507,0,41014,Medium Risk,True Negative
0,0.70821416,1,37252,High Risk,False Positive
0,0.048973754,0,19550,Low Risk,True Negative
0,0.5778267,1,7860,High Risk,False Positive
0,0.4164058,0,34999,Medium Risk,True Negative
0,0.34748566,0,37169,Medium Risk,True Negative
0,0.14328289,0,14764,Low Risk,True Negative
1,0.49985746,0,25414,Medium Risk,False Negative
0,0.12654303,0,29062,Low Risk,True Negative
0,0.17761868,0,20954,Low Risk,True Negative
0,0.07641916,0,13041,Low Risk,True Negative
0,0.021684812,0,34277,Low Risk,True Negative
0,0.11263483,0,25153,Low Risk,True Negative
0,0.8638932,1,35321,Critical Risk,False Positive
0,0.9035205,1,23311,Critical Risk,False Positive
1,0.68437856,1,32579,High Risk,True Positive
1,0.49256566,0,19904,Medium Risk,False Negative
0,0.20134099,0,21137,Low Risk,True Negative
1,0.20644747,0,25953,Low Risk,False Negative
0,0.054784626,0,41246,Low Risk,True Negative
1,0.9671951,1,20971,Critical Risk,True Positive
0,0.1946746,0,31427,Low Risk,True Negative
0,0.31774983,0,33925,Medium Risk,True Negative
0,0.11513228,0,2641,Low Risk,True Negative
0,0.61155623,1,37508,High Risk,False Positive
0,0.4403758,0,42811,Medium Risk,True Negative
0,0.038281806,0,14950,Low Risk,True Negative
0,0.13093953,0,16237,Low Risk,True Negative
0,0.027915096,0,6749,Low Risk,True Negative
0,0.4464415,0,40222,Medium Risk,True Negative
0,0.59892815,1,19627,High Risk,False Positive
0,0.18140908,0,43700,Low Risk,True Negative
0,0.07734617,0,20121,Low Risk,True Negative
0,0.16775763,0,36283,Low Risk,True Negative
0,0.3911201,0,32790,Medium Risk,True Negative
1,0.48391128,0,33636,Medium Risk,False Negative
0,0.4798831,0,1685,Medium Risk,True Negative
0,0.16545914,0,15639,Low Risk,True Negative
0,0.13588126,0,9556,Low Risk,True Negative
0,0.06129912,0,40658,Low Risk,True Negative
0,0.14183994,0,23648,Low Risk,True Negative
0,0.20323583,0,4311,Low Risk,True Negative
0,0.61904895,1,14400,High Risk,False Positive
0,0.3534149,0,30194,Medium Risk,True Negative
0,0.11026972,0,39518,Low Risk,True Negative
0,0.046016682,0,35884,Low Risk,True Negative
0,0.38150576,0,19670,Medium Risk,True Negative
0,0.03497612,0,42205,Low Risk,True Negative
0,0.39801896,0,12466,Medium Risk,True Negative
0,0.226036,0,38865,Low Risk,True Negative
0,0.09424568,0,5754,Low Risk,True Negative
0,0.19151132,0,2537,Low Risk,True Negative
0,0.06544866,0,16219,Low Risk,True Negative
0,0.32248932,0,40474,Medium Risk,True Negative
0,0.20484862,0,20261,Low Risk,True Negative
0,0.047952194,0,8055,Low Risk,True Negative
0,0.064157,0,36627,Low Risk,True Negative
0,0.5178426,1,43100,High Risk,False Positive
1,0.88146204,1,30504,Critical Risk,True Positive
0,0.46954098,0,38187,Medium Risk,True Negative
0,0.3416409,0,1537,Medium Risk,True Negative
0,0.14467366,0,43480,Low Risk,True Negative
0,0.04561781,0,22455,Low Risk,True Negative
0,0.10516149,0,22674,Low Risk,True Negative
0,0.17113619,0,21274,Low Risk,True Negative
0,0.09521125,0,11784,Low Risk,True Negative
0,0.07303021,0,2445,Low Risk,True Negative
1,0.91180897,1,17242,Critical Risk,True Positive
0,0.12098176,0,5228,Low Risk,True Negative
0,0.11390429,0,40378,Low Risk,True Negative
0,0.3214426,0,14603,Medium Risk,True Negative
0,0.04500563,0,23245,Low Risk,True Negative
1,0.1539811,0,35647,Low Risk,False Negative
0,0.10551483,0,28107,Low Risk,True Negative
0,0.42774263,0,1456,Medium Risk,True Negative
0,0.27043468,0,17347,Medium Risk,True Negative
0,0.34883556,0,42000,Medium Risk,True Negative
0,0.8129514,1,34458,Critical Risk,False Positive
0,0.122486636,0,32687,Low Risk,True Negative
0,0.09396738,0,21213,Low Risk,True Negative
0,0.09745486,0,16507,Low Risk,True Negative
1,0.16957396,0,26436,Low Risk,False Negative
1,0.9396393,1,8326,Critical Risk,True Positive
0,0.19469786,0,3821,Low Risk,True Negative
0,0.18112716,0,38490,Low Risk,True Negative
0,0.4540176,0,43995,Medium Risk,True Negative
0,0.11767601,0,42828,Low Risk,True Negative
0,0.049133964,0,499,Low Risk,True Negative
0,0.5343309,1,39311,High Risk,False Positive
0,0.11120597,0,16347,Low Risk,True Negative
0,0.90784997,1,36773,Critical Risk,False Positive
0,0.14127992,0,33357,Low Risk,True Negative
0,0.3803858,0,27565,Medium Risk,True Negative
0,0.28180945,0,3949,Medium Risk,True Negative
0,0.32796183,0,1377,Medium Risk,True Negative
0,0.079672284,0,6374,Low Risk,True Negative
0,0.19915694,0,42068,Low Risk,True Negative
0,0.034583416,0,28449,Low Risk,True Negative
0,0.07485924,0,13438,Low Risk,True Negative
0,0.033410717,0,4871,Low Risk,True Negative
0,0.2026376,0,4780,Low Risk,True Negative
1,0.60707664,1,5358,High Risk,True Positive
0,0.46768466,0,42657,Medium Risk,True Negative
0,0.8568894,1,1975,Critical Risk,False Positive
0,0.35261905,0,827,Medium Risk,True Negative
0,0.1869361,0,66,Low Risk,True Negative
0,0.04762776,0,26589,Low Risk,True Negative
0,0.36122036,0,9904,Medium Risk,True Negative
0,0.3082799,0,18479,Medium Risk,True Negative
0,0.116810046,0,23578,Low Risk,True Negative
0,0.03510016,0,39661,Low Risk,True Negative
0,0.24694857,0,34411,Low Risk,True Negative
0,0.36911103,0,9690,Medium Risk,True Negative
0,0.8668715,1,41977,Critical Risk,False Positive
0,0.5606022,1,29799,High Risk,False Positive
1,0.2642382,0,44135,Medium Risk,False Negative
0,0.110799626,0,20101,Low Risk,True Negative
1,0.6665146,1,23761,High Risk,True Positive
0,0.21529715,0,7391,Low Risk,True Negative
0,0.074683465,0,14457,Low Risk,True Negative
0,0.28828588,0,10928,Medium Risk,True Negative
0,0.25814915,0,29586,Medium Risk,True Negative
0,0.41012394,0,33922,Medium Risk,True Negative
0,0.09149384,0,33807,Low Risk,True Negative
0,0.5906915,1,22306,High Risk,False Positive
0,0.3147827,0,38347,Medium Risk,True Negative
1,0.86970717,1,13664,Critical Risk,True Positive
0,0.056418974,0,10448,Low Risk,True Negative
0,0.21827242,0,34018,Low Risk,True Negative
1,0.6286964,1,30577,High Risk,True Positive
0,0.27584484,0,2906,Medium Risk,True Negative
1,0.85604304,1,18708,Critical Risk,True Positive
0,0.23058681,0,42792,Low Risk,True Negative
0,0.061878946,0,22129,Low Risk,True Negative
0,0.2824544,0,19745,Medium Risk,True Negative
0,0.15362272,0,38742,Low Risk,True Negative
0,0.5733746,1,36382,High Risk,False Positive
0,0.916004,1,27615,Critical Risk,False Positive
0,0.32821965,0,10893,Medium Risk,True Negative
0,0.6969656,1,37590,High Risk,False Positive
0,0.12814543,0,6032,Low Risk,True Negative
0,0.12644309,0,2071,Low Risk,True Negative
0,0.049391977,0,39510,Low Risk,True Negative
0,0.24605025,0,42287,Low Risk,True Negative
0,0.21740746,0,36668,Low Risk,True Negative
0,0.3487855,0,19677,Medium Risk,True Negative
0,0.07266175,0,18537,Low Risk,True Negative
0,0.4303407,0,29855,Medium Risk,True Negative
0,0.34768787,0,35123,Medium Risk,True Negative
0,0.11146725,0,33312,Low Risk,True Negative
0,0.25733942,0,38774,Medium Risk,True Negative
0,0.04430592,0,11541,Low Risk,True Negative
0,0.30965868,0,2843,Medium Risk,True Negative
0,0.094150044,0,43260,Low Risk,True Negative
0,0.025781484,0,28733,Low Risk,True Negative
0,0.1056837,0,30884,Low Risk,True Negative
0,0.06464338,0,22885,Low Risk,True Negative
0,0.8096231,1,2229,Critical Risk,False Positive
0,0.3054646,0,32980,Medium Risk,True Negative
0,0.2415525,0,20556,Low Risk,True Negative
0,0.17232096,0,44029,Low Risk,True Negative
0,0.295924,0,42154,Medium Risk,True Negative
1,0.24359237,0,20271,Low Risk,False Negative
0,0.05141352,0,42765,Low Risk,True Negative
0,0.034370527,0,24595,Low Risk,True Negative
0,0.12458047,0,29955,Low Risk,True Negative
0,0.3261468,0,32605,Medium Risk,True Negative
0,0.30649185,0,40607,Medium Risk,True Negative
1,0.6051963,1,21560,High Risk,True Positive
0,0.22849555,0,12914,Low Risk,True Negative
0,0.66848123,1,14840,High Risk,False Positive
0,0.7721542,1,19694,Critical Risk,False Positive
0,0.051460296,0,31947,Low Risk,True Negative
0,0.140529,0,38459,Low Risk,True Negative
0,0.5079513,1,36832,High Risk,False Positive
0,0.43821606,0,22465,Medium Risk,True Negative
0,0.04092846,0,43224,Low Risk,True Negative
1,0.8253323,1,33234,Critical Risk,True Positive
0,0.2391093,0,30088,Low Risk,True Negative
0,0.18225093,0,42099,Low Risk,True Negative
1,0.39210555,0,5197,Medium Risk,False Negative
0,0.62107575,1,26267,High Risk,False Positive
0,0.23355594,0,36130,Low Risk,True Negative
0,0.116825245,0,13084,Low Risk,True Negative
1,0.29013443,0,11897,Medium Risk,False Negative
0,0.06954224,0,2553,Low Risk,True Negative
0,0.061716113,0,41088,Low Risk,True Negative
0,0.07612258,0,35257,Low Risk,True Negative
0,0.26913884,0,41503,Medium Risk,True Negative
1,0.62977576,1,18226,High Risk,True Positive
1,0.89977336,1,39925,Critical Risk,True Positive
0,0.12094885,0,13757,Low Risk,True Negative
0,0.17658493,0,17365,Low Risk,True Negative
0,0.2507161,0,13573,Medium Risk,True Negative
0,0.814829,1,32690,Critical Risk,False Positive
0,0.11076107,0,23872,Low Risk,True Negative
0,0.18970405,0,35956,Low Risk,True Negative
0,0.11452655,0,44118,Low Risk,True Negative
0,0.60036135,1,26785,High Risk,False Positive
0,0.20250952,0,6738,Low Risk,True Negative
1,0.74961793,1,8250,High Risk,True Positive
0,0.45256,0,29206,Medium Risk,True Negative
1,0.91212654,1,36178,Critical Risk,True Positive
0,0.098349966,0,24112,Low Risk,True Negative
0,0.111014694,0,39244,Low Risk,True Negative
0,0.10512306,0,32805,Low Risk,True Negative
0,0.09828715,0,17644,Low Risk,True Negative
0,0.1425895,0,3309,Low Risk,True Negative
0,0.031435624,0,34894,Low Risk,True Negative
0,0.054086167,0,13662,Low Risk,True Negative
0,0.015345817,0,7370,Low Risk,True Negative
0,0.61010545,1,13272,High Risk,False Positive
0,0.14436796,0,4329,Low Risk,True Negative
1,0.7945874,1,43062,Critical Risk,True Positive
0,0.11270484,0,37952,Low Risk,True Negative
0,0.05191277,0,31834,Low Risk,True Negative
0,0.23689628,0,15349,Low Risk,True Negative
1,0.14421523,0,27350,Low Risk,False Negative
0,0.17022152,0,31250,Low Risk,True Negative
0,0.13080943,0,2474,Low Risk,True Negative
0,0.85438883,1,42174,Critical Risk,False Positive
0,0.020851498,0,33489,Low Risk,True Negative
1,0.46935245,0,6033,Medium Risk,False Negative
0,0.6038483,1,20717,High Risk,False Positive
0,0.12612136,0,32598,Low Risk,True Negative
0,0.03075482,0,35673,Low Risk,True Negative
0,0.42161986,0,3551,Medium Risk,True Negative
0,0.11118503,0,6785,Low Risk,True Negative
0,0.27610523,0,43414,Medium Risk,True Negative
0,0.2505969,0,28629,Medium Risk,True Negative
0,0.05690065,0,26075,Low Risk,True Negative
0,0.039796654,0,33109,Low Risk,True Negative
0,0.17516902,0,4511,Low Risk,True Negative
0,0.2405935,0,6770,Low Risk,True Negative
0,0.28473192,0,12606,Medium Risk,True Negative
0,0.37212974,0,12520,Medium Risk,True Negative
0,0.032082673,0,38200,Low Risk,True Negative
0,0.3693212,0,3495,Medium Risk,True Negative
0,0.15900792,0,36472,Low Risk,True Negative
0,0.015037656,0,26047,Low Risk,True Negative
0,0.45238513,0,29156,Medium Risk,True Negative
0,0.10833931,0,12723,Low Risk,True Negative
0,0.03705514,0,3922,Low Risk,True Negative
0,0.3616279,0,9404,Medium Risk,True Negative
0,0.36965314,0,41290,Medium Risk,True Negative
0,0.08430654,0,2053,Low Risk,True Negative
0,0.3165257,0,3625,Medium Risk,True Negative
0,0.043534044,0,41005,Low Risk,True Negative
0,0.045909487,0,33883,Low Risk,True Negative
0,0.20215236,0,10001,Low Risk,True Negative
0,0.22479783,0,26557,Low Risk,True Negative
0,0.16936545,0,27357,Low Risk,True Negative
0,0.15864514,0,2732,Low Risk,True Negative
0,0.1551171,0,32350,Low Risk,True Negative
0,0.21834499,0,10362,Low Risk,True Negative
0,0.119440876,0,30684,Low Risk,True Negative
0,0.763283,1,34568,Critical Risk,False Positive
0,0.13797979,0,25766,Low Risk,True Negative
0,0.048475668,0,3751,Low Risk,True Negative
0,0.06448736,0,5963,Low Risk,True Negative
0,0.14676645,0,42967,Low Risk,True Negative
0,0.095544994,0,21723,Low Risk,True Negative
0,0.43955037,0,32284,Medium Risk,True Negative
0,0.6071999,1,42510,High Risk,False Positive
0,0.09981289,0,8277,Low Risk,True Negative
0,0.1888283,0,37093,Low Risk,True Negative
0,0.021921318,0,29474,Low Risk,True Negative
0,0.7410081,1,3619,High Risk,False Positive
0,0.33697525,0,24304,Medium Risk,True Negative
1,0.66420525,1,19831,High Risk,True Positive
0,0.16476385,0,12101,Low Risk,True Negative
0,0.11845629,0,20652,Low Risk,True Negative
0,0.32964098,0,19962,Medium Risk,True Negative
0,0.44116023,0,9259,Medium Risk,True Negative
0,0.3590384,0,17187,Medium Risk,True Negative
0,0.17978978,0,2792,Low Risk,True Negative
0,0.12669374,0,25057,Low Risk,True Negative
1,0.37848163,0,98,Medium Risk,False Negative
0,0.068771526,0,6790,Low Risk,True Negative
0,0.2736198,0,5298,Medium Risk,True Negative
0,0.16523941,0,38566,Low Risk,True Negative
0,0.59808445,1,18367,High Risk,False Positive
0,0.09940872,0,42518,Low Risk,True Negative
0,0.12009303,0,25192,Low Risk,True Negative
0,0.011501181,0,16813,Low Risk,True Negative
0,0.21489413,0,31440,Low Risk,True Negative
0,0.0245064,0,11310,Low Risk,True Negative
0,0.37217516,0,12971,Medium Risk,True Negative
0,0.3016257,0,7149,Medium Risk,True Negative
0,0.07005825,0,41494,Low Risk,True Negative
0,0.09516745,0,17791,Low Risk,True Negative
0,0.21624984,0,13222,Low Risk,True Negative
0,0.38558698,0,32761,Medium Risk,True Negative
0,0.09728781,0,43274,Low Risk,True Negative
1,0.19863303,0,15946,Low Risk,False Negative
0,0.5362749,1,21637,High Risk,False Positive
0,0.15352073,0,14198,Low Risk,True Negative
0,0.03839856,0,40651,Low Risk,True Negative
0,0.5141673,1,1798,High Risk,False Positive
0,0.13447022,0,22654,Low Risk,True Negative
0,0.27580827,0,22212,Medium Risk,True Negative
0,0.1587997,0,6023,Low Risk,True Negative
0,0.119512744,0,42890,Low Risk,True Negative
0,0.0583968,0,14561,Low Risk,True Negative
0,0.3601284,0,22755,Medium Risk,True Negative
0,0.3814764,0,30631,Medium Risk,True Negative
0,0.25684467,0,21231,Medium Risk,True Negative
0,0.11011902,0,19832,Low Risk,True Negative
1,0.76200116,1,12183,Critical Risk,True Positive
0,0.192251,0,19307,Low Risk,True Negative
0,0.16887137,0,18212,Low Risk,True Negative
0,0.1792708,0,14762,Low Risk,True Negative
0,0.06884668,0,24814,Low Risk,True Negative
1,0.8219448,1,17051,Critical Risk,True Positive
0,0.5641989,1,38025,High Risk,False Positive
0,0.8255627,1,13478,Critical Risk,False Positive
0,0.7008281,1,23435,High Risk,False Positive
0,0.2237067,0,2197,Low Risk,True Negative
0,0.26165608,0,19914,Medium Risk,True Negative
0,0.089573115,0,6944,Low Risk,True Negative
0,0.4169386,0,31187,Medium Risk,True Negative
0,0.06327601,0,8443,Low Risk,True Negative
0,0.42337215,0,20938,Medium Risk,True Negative
0,0.20493211,0,39092,Low Risk,True Negative
0,0.61511123,1,363,High Risk,False Positive
0,0.93854856,1,36790,Critical Risk,False Positive
0,0.7215134,1,12402,High Risk,False Positive
0,0.13869496,0,6005,Low Risk,True Negative
0,0.511772,1,30635,High Risk,False Positive
0,0.3174621,0,11626,Medium Risk,True Negative
0,0.18004312,0,10491,Low Risk,True Negative
0,0.20308003,0,41661,Low Risk,True Negative
0,0.09830032,0,13698,Low Risk,True Negative
0,0.33130324,0,38503,Medium Risk,True Negative
0,0.93903553,1,30779,Critical Risk,False Positive
0,0.0120171355,0,774,Low Risk,True Negative
0,0.15602064,0,5053,Low Risk,True Negative
0,0.15990435,0,75,Low Risk,True Negative
0,0.26728404,0,39009,Medium Risk,True Negative
0,0.18868436,0,21110,Low Risk,True Negative
0,0.25090337,0,43844,Medium Risk,True Negative
0,0.04847635,0,15968,Low Risk,True Negative
0,0.26390263,0,8170,Medium Risk,True Negative
0,0.4750315,0,25361,Medium Risk,True Negative
0,0.16286956,0,38046,Low Risk,True Negative
0,0.07841219,0,20643,Low Risk,True Negative
0,0.114434585,0,43025,Low Risk,True Negative
0,0.11587008,0,32622,Low Risk,True Negative
0,0.29123598,0,43178,Medium Risk,True Negative
0,0.07230055,0,8329,Low Risk,True Negative
0,0.17346244,0,39228,Low Risk,True Negative
0,0.086154476,0,12105,Low Risk,True Negative
0,0.09854544,0,31199,Low Risk,True Negative
0,0.13311455,0,25662,Low Risk,True Negative
0,0.2249426,0,26126,Low Risk,True Negative
0,0.035608817,0,18936,Low Risk,True Negative
0,0.06408306,0,18051,Low Risk,True Negative
0,0.51621175,1,1077,High Risk,False Positive
0,0.40619892,0,35552,Medium Risk,True Negative
0,0.11529572,0,9145,Low Risk,True Negative
1,0.38740495,0,5481,Medium Risk,False Negative
0,0.034625556,0,16709,Low Risk,True Negative
0,0.15349132,0,40056,Low Risk,True Negative
0,0.32628113,0,39482,Medium Risk,True Negative
0,0.06708093,0,14922,Low Risk,True Negative
0,0.1880563,0,11564,Low Risk,True Negative
1,0.9238592,1,41598,Critical Risk,True Positive
0,0.7889923,1,27328,Critical Risk,False Positive
0,0.75058657,1,2475,Critical Risk,False Positive
0,0.11511562,0,42598,Low Risk,True Negative
0,0.7188261,1,42705,High Risk,False Positive
0,0.20923981,0,10777,Low Risk,True Negative
0,0.07072741,0,38588,Low Risk,True Negative
1,0.2571842,0,40226,Medium Risk,False Negative
0,0.074705675,0,24541,Low Risk,True Negative
0,0.055109423,0,15959,Low Risk,True Negative
0,0.13364378,0,44035,Low Risk,True Negative
0,0.6110181,1,36238,High Risk,False Positive
0,0.114208736,0,5941,Low Risk,True Negative
0,0.8749997,1,7594,Critical Risk,False Positive
1,0.2507599,0,38896,Medium Risk,False Negative
0,0.099397264,0,35879,Low Risk,True Negative
0,0.52595633,1,6241,High Risk,False Positive
0,0.022267248,0,37531,Low Risk,True Negative
0,0.08753283,0,33496,Low Risk,True Negative
0,0.33429828,0,30771,Medium Risk,True Negative
0,0.09297112,0,36741,Low Risk,True Negative
0,0.31226784,0,37363,Medium Risk,True Negative
1,0.85745263,1,29547,Critical Risk,True Positive
0,0.0648573,0,42243,Low Risk,True Negative
0,0.14157341,0,41891,Low Risk,True Negative
0,0.076798335,0,30716,Low Risk,True Negative
0,0.112364925,0,32902,Low Risk,True Negative
0,0.09805414,0,26950,Low Risk,True Negative
0,0.1293898,0,19883,Low Risk,True Negative
0,0.15313742,0,2864,Low Risk,True Negative
0,0.1473334,0,34586,Low Risk,True Negative
0,0.33064336,0,31659,Medium Risk,True Negative
0,0.17606415,0,28255,Low Risk,True Negative
0,0.03634954,0,3251,Low Risk,True Negative
1,0.95962113,1,43201,Critical Risk,True Positive
0,0.027037993,0,39878,Low Risk,True Negative
0,0.548022,1,17369,High Risk,False Positive
0,0.5078446,1,6095,High Risk,False Positive
0,0.22651392,0,42349,Low Risk,True Negative
1,0.21933553,0,38692,Low Risk,False Negative
0,0.10028889,0,21448,Low Risk,True Negative
0,0.31896728,0,27065,Medium Risk,True Negative
0,0.607733,1,37265,High Risk,False Positive
0,0.12779967,0,26885,Low Risk,True Negative
0,0.2274448,0,39354,Low Risk,True Negative
0,0.081459865,0,7490,Low Risk,True Negative
0,0.49448594,0,41154,Medium Risk,True Negative
0,0.14777634,0,15351,Low Risk,True Negative
0,0.8555663,1,13315,Critical Risk,False Positive
0,0.1351172,0,36471,Low Risk,True Negative
0,0.20489907,0,5950,Low Risk,True Negative
0,0.81021917,1,25268,Critical Risk,False Positive
0,0.25465086,0,31636,Medium Risk,True Negative
1,0.91330165,1,11188,Critical Risk,True Positive
1,0.4104831,0,24227,Medium Risk,False Negative
1,0.045371287,0,21182,Low Risk,False Negative
0,0.77078307,1,11923,Critical Risk,False Positive
0,0.016767966,0,4461,Low Risk,True Negative
0,0.022667648,0,2122,Low Risk,True Negative
0,0.104787976,0,14145,Low Risk,True Negative
0,0.06342311,0,19654,Low Risk,True Negative
0,0.10015507,0,23591,Low Risk,True Negative
0,0.34309006,0,9062,Medium Risk,True Negative
0,0.062377825,0,41420,Low Risk,True Negative
0,0.5917751,1,4964,High Risk,False Positive
0,0.3564963,0,44102,Medium Risk,True Negative
1,0.079775885,0,2781,Low Risk,False Negative
1,0.20309916,0,24090,Low Risk,False Negative
0,0.2528846,0,11638,Medium Risk,True Negative
1,0.40433875,0,19500,Medium Risk,False Negative
0,0.574054,1,36964,High Risk,False Positive
0,0.437993,0,5711,Medium Risk,True Negative
0,0.46358174,0,35634,Medium Risk,True Negative
0,0.085947946,0,28022,Low Risk,True Negative
0,0.18124898,0,6822,Low Risk,True Negative
0,0.39358914,0,24514,Medium Risk,True Negative
0,0.18212268,0,6159,Low Risk,True Negative
0,0.16120408,0,25323,Low Risk,True Negative
0,0.033785973,0,19756,Low Risk,True Negative
0,0.28194973,0,28937,Medium Risk,True Negative
0,0.6613362,1,821,High Risk,False Positive
1,0.8541787,1,31521,Critical Risk,True Positive
0,0.60079175,1,19759,High Risk,False Positive
0,0.030929554,0,4680,Low Risk,True Negative
0,0.1319492,0,38643,Low Risk,True Negative
1,0.39439481,0,28757,Medium Risk,False Negative
0,0.26763237,0,19383,Medium Risk,True Negative
0,0.3664762,0,9008,Medium Risk,True Negative
0,0.12293354,0,10400,Low Risk,True Negative
0,0.17705162,0,39438,Low Risk,True Negative
0,0.050437532,0,38348,Low Risk,True Negative
0,0.0823316,0,36705,Low Risk,True Negative
0,0.17642125,0,4033,Low Risk,True Negative
0,0.11202543,0,24571,Low Risk,True Negative
0,0.053448338,0,39922,Low Risk,True Negative
0,0.2049558,0,34377,Low Risk,True Negative
0,0.31805813,0,3595,Medium Risk,True Negative
0,0.17742625,0,38979,Low Risk,True Negative
0,0.27182698,0,7535,Medium Risk,True Negative
0,0.12491296,0,43300,Low Risk,True Negative
0,0.16458704,0,41107,Low Risk,True Negative
0,0.16019966,0,31441,Low Risk,True Negative
0,0.21636906,0,12210,Low Risk,True Negative
0,0.2457085,0,14104,Low Risk,True Negative
0,0.050525893,0,43428,Low Risk,True Negative
0,0.103474826,0,2551,Low Risk,True Negative
0,0.47361767,0,35458,Medium Risk,True Negative
1,0.4626321,0,8921,Medium Risk,False Negative
0,0.2602743,0,12455,Medium Risk,True Negative
0,0.18884364,0,39988,Low Risk,True Negative
0,0.14614901,0,16149,Low Risk,True Negative
0,0.15769508,0,30014,Low Risk,True Negative
0,0.20959283,0,11496,Low Risk,True Negative
0,0.19012481,0,18842,Low Risk,True Negative
0,0.16746233,0,17951,Low Risk,True Negative
0,0.34753218,0,10327,Medium Risk,True Negative
0,0.27239853,0,32878,Medium Risk,True Negative
0,0.365758,0,38654,Medium Risk,True Negative
0,0.8136117,1,22326,Critical Risk,False Positive
1,0.54639214,1,10292,High Risk,True Positive
0,0.09314078,0,10715,Low Risk,True Negative
0,0.08012789,0,28134,Low Risk,True Negative
0,0.21298166,0,42733,Low Risk,True Negative
0,0.06850715,0,24226,Low Risk,True Negative
1,0.9439705,1,43426,Critical Risk,True Positive
0,0.1563664,0,20452,Low Risk,True Negative
0,0.15368631,0,6024,Low Risk,True Negative
0,0.2934502,0,37317,Medium Risk,True Negative
0,0.2023617,0,34264,Low Risk,True Negative
0,0.2844251,0,2204,Medium Risk,True Negative
0,0.065015644,0,27368,Low Risk,True Negative
0,0.30643234,0,26830,Medium Risk,True Negative
0,0.26850557,0,25298,Medium Risk,True Negative
0,0.17567596,0,40124,Low Risk,True Negative
0,0.06389237,0,35237,Low Risk,True Negative
0,0.29832962,0,35565,Medium Risk,True Negative
0,0.10883095,0,39766,Low Risk,True Negative
0,0.30057523,0,9372,Medium Risk,True Negative
0,0.22338174,0,14201,Low Risk,True Negative
0,0.066545725,0,25456,Low Risk,True Negative
0,0.111975834,0,20109,Low Risk,True Negative
0,0.25463077,0,10488,Medium Risk,True Negative
1,0.5288451,1,11368,High Risk,True Positive
0,0.27273792,0,43366,Medium Risk,True Negative
0,0.6580379,1,44214,High Risk,False Positive
0,0.24326034,0,12970,Low Risk,True Negative
0,0.15816005,0,657,Low Risk,True Negative
0,0.59313345,1,22612,High Risk,False Positive
0,0.43893602,0,42266,Medium Risk,True Negative
0,0.06607064,0,39701,Low Risk,True Negative
0,0.14721304,0,12553,Low Risk,True Negative
0,0.047839403,0,7604,Low Risk,True Negative
0,0.3141183,0,26417,Medium Risk,True Negative
0,0.1023168,0,26973,Low Risk,True Negative
1,0.568543,1,4975,High Risk,True Positive
0,0.12690043,0,19445,Low Risk,True Negative
0,0.31883803,0,31679,Medium Risk,True Negative
0,0.48434493,0,44025,Medium Risk,True Negative
0,0.07593994,0,9580,Low Risk,True Negative
0,0.07538646,0,39215,Low Risk,True Negative
0,0.13817647,0,29368,Low Risk,True Negative
0,0.2936537,0,43500,Medium Risk,True Negative
0,0.13446383,0,31801,Low Risk,True Negative
0,0.31570452,0,26742,Medium Risk,True Negative
0,0.104038134,0,24067,Low Risk,True Negative
0,0.33541715,0,21500,Medium Risk,True Negative
0,0.25193483,0,8719,Medium Risk,True Negative
0,0.05444438,0,37599,Low Risk,True Negative
0,0.0706729,0,6373,Low Risk,True Negative
0,0.08151667,0,8252,Low Risk,True Negative
0,0.51905084,1,16298,High Risk,False Positive
0,0.22993855,0,43387,Low Risk,True Negative
0,0.14630692,0,29091,Low Risk,True Negative
0,0.09760978,0,7283,Low Risk,True Negative
0,0.45151973,0,5624,Medium Risk,True Negative
0,0.22097531,0,6156,Low Risk,True Negative
0,0.277954,0,34253,Medium Risk,True Negative
0,0.7300622,1,5781,High Risk,False Positive
0,0.039888144,0,18586,Low Risk,True Negative
0,0.116342306,0,37207,Low Risk,True Negative
0,0.26595438,0,38407,Medium Risk,True Negative
0,0.18337254,0,35613,Low Risk,True Negative
0,0.22929156,0,20522,Low Risk,True Negative
0,0.77963084,1,32461,Critical Risk,False Positive
0,0.13451871,0,9471,Low Risk,True Negative
0,0.19748752,0,1080,Low Risk,True Negative
1,0.7875893,1,40505,Critical Risk,True Positive
0,0.15092777,0,28063,Low Risk,True Negative
0,0.024806907,0,30242,Low Risk,True Negative
0,0.20338851,0,17826,Low Risk,True Negative
0,0.74132305,1,37101,High Risk,False Positive
0,0.33049622,0,29124,Medium Risk,True Negative
1,0.60039186,1,5136,High Risk,True Positive
0,0.20001283,0,15476,Low Risk,True Negative
0,0.14967535,0,19447,Low Risk,True Negative
0,0.4261397,0,18906,Medium Risk,True Negative
0,0.0709168,0,14686,Low Risk,True Negative
0,0.47497663,0,25616,Medium Risk,True Negative
0,0.104292944,0,34080,Low Risk,True Negative
0,0.25635818,0,6737,Medium Risk,True Negative
0,0.063350074,0,39938,Low Risk,True Negative
0,0.09245504,0,14912,Low Risk,True Negative
0,0.17296031,0,23772,Low Risk,True Negative
0,0.23627917,0,31492,Low Risk,True Negative
0,0.08598153,0,33503,Low Risk,True Negative
1,0.27210814,0,12419,Medium Risk,False Negative
0,0.14331163,0,20834,Low Risk,True Negative
0,0.29859516,0,36288,Medium Risk,True Negative
0,0.08831922,0,3232,Low Risk,True Negative
0,0.09763106,0,10931,Low Risk,True Negative
0,0.31966674,0,35312,Medium Risk,True Negative
0,0.1341123,0,10872,Low Risk,True Negative
0,0.041987415,0,42238,Low Risk,True Negative
1,0.91501373,1,36025,Critical Risk,True Positive
0,0.26606178,0,7088,Medium Risk,True Negative
0,0.25912318,0,27686,Medium Risk,True Negative
0,0.120931864,0,27812,Low Risk,True Negative
0,0.40325674,0,19941,Medium Risk,True Negative
0,0.3702142,0,36201,Medium Risk,True Negative
0,0.41464192,0,16305,Medium Risk,True Negative
0,0.08584775,0,35443,Low Risk,True Negative
0,0.24738425,0,40494,Low Risk,True Negative
1,0.2852308,0,1923,Medium Risk,False Negative
0,0.05122826,0,22085,Low Risk,True Negative
0,0.13901663,0,26590,Low Risk,True Negative
0,0.88748074,1,34321,Critical Risk,False Positive
0,0.5179954,1,13492,High Risk,False Positive
0,0.10617133,0,12827,Low Risk,True Negative
0,0.12762316,0,17430,Low Risk,True Negative
1,0.12955752,0,3144,Low Risk,False Negative
0,0.08253791,0,23844,Low Risk,True Negative
0,0.20903604,0,12819,Low Risk,True Negative
0,0.25967476,0,4120,Medium Risk,True Negative
0,0.14660728,0,10871,Low Risk,True Negative
0,0.13010935,0,26929,Low Risk,True Negative
0,0.38342166,0,22409,Medium Risk,True Negative
0,0.9283075,1,43585,Critical Risk,False Positive
0,0.06269478,0,41958,Low Risk,True Negative
0,0.5608539,1,12347,High Risk,False Positive
0,0.05854816,0,3521,Low Risk,True Negative
0,0.38662508,0,39426,Medium Risk,True Negative
0,0.15748633,0,40772,Low Risk,True Negative
0,0.18961795,0,28789,Low Risk,True Negative
0,0.5970078,1,22343,High Risk,False Positive
0,0.06015792,0,2257,Low Risk,True Negative
0,0.118704125,0,29183,Low Risk,True Negative
0,0.66419137,1,28394,High Risk,False Positive
0,0.20260689,0,27527,Low Risk,True Negative
0,0.28018025,0,5794,Medium Risk,True Negative
0,0.15154763,0,21411,Low Risk,True Negative
0,0.25943092,0,40615,Medium Risk,True Negative
0,0.13579479,0,29983,Low Risk,True Negative
0,0.08066912,0,36896,Low Risk,True Negative
0,0.21499884,0,38375,Low Risk,True Negative
0,0.15093663,0,5766,Low Risk,True Negative
0,0.31349048,0,3641,Medium Risk,True Negative
0,0.06277836,0,12016,Low Risk,True Negative
1,0.30476835,0,16256,Medium Risk,False Negative
0,0.090641305,0,31556,Low Risk,True Negative
0,0.09213671,0,38577,Low Risk,True Negative
0,0.22313468,0,40564,Low Risk,True Negative
0,0.27111265,0,14518,Medium Risk,True Negative
1,0.94102687,1,13218,Critical Risk,True Positive
0,0.25901824,0,16816,Medium Risk,True Negative
0,0.08094813,0,37372,Low Risk,True Negative
0,0.2968114,0,19615,Medium Risk,True Negative
0,0.22227196,0,26609,Low Risk,True Negative
1,0.8610898,1,2982,Critical Risk,True Positive
0,0.05169564,0,22993,Low Risk,True Negative
0,0.06456495,0,38913,Low Risk,True Negative
0,0.30143574,0,38787,Medium Risk,True Negative
0,0.7358361,1,3487,High Risk,False Positive
0,0.080225125,0,38533,Low Risk,True Negative
0,0.16969192,0,1269,Low Risk,True Negative
0,0.20952696,0,20127,Low Risk,True Negative
0,0.46489313,0,27897,Medium Risk,True Negative
0,0.07371393,0,25072,Low Risk,True Negative
0,0.20790209,0,31474,Low Risk,True Negative
0,0.33397928,0,30524,Medium Risk,True Negative
0,0.32209343,0,37962,Medium Risk,True Negative
0,0.17467897,0,20913,Low Risk,True Negative
0,0.832901,1,40596,Critical Risk,False Positive
0,0.17922734,0,35933,Low Risk,True Negative
1,0.33651233,0,42723,Medium Risk,False Negative
0,0.30622464,0,15537,Medium Risk,True Negative
0,0.24904913,0,10242,Low Risk,True Negative
0,0.12699653,0,2621,Low Risk,True Negative
0,0.08169979,0,42057,Low Risk,True Negative
0,0.33755702,0,10558,Medium Risk,True Negative
0,0.272843,0,23716,Medium Risk,True Negative
0,0.48965403,0,3853,Medium Risk,True Negative
0,0.38759208,0,41939,Medium Risk,True Negative
0,0.07294597,0,4705,Low Risk,True Negative
0,0.039379988,0,19183,Low Risk,True Negative
0,0.3760284,0,14266,Medium Risk,True Negative
0,0.1256126,0,6275,Low Risk,True Negative
0,0.2290427,0,9453,Low Risk,True Negative
0,0.32555985,0,8674,Medium Risk,True Negative
0,0.1630311,0,30687,Low Risk,True Negative
1,0.81475013,1,5382,Critical Risk,True Positive
1,0.6890839,1,34314,High Risk,True Positive
0,0.08011028,0,24562,Low Risk,True Negative
0,0.27745572,0,37593,Medium Risk,True Negative
0,0.09113095,0,9363,Low Risk,True Negative
1,0.3073064,0,5295,Medium Risk,False Negative
0,0.10807339,0,14657,Low Risk,True Negative
0,0.22114524,0,43164,Low Risk,True Negative
0,0.022766916,0,39572,Low Risk,True Negative
0,0.1543104,0,2003,Low Risk,True Negative
1,0.44027126,0,10556,Medium Risk,False Negative
0,0.10929734,0,14088,Low Risk,True Negative
1,0.84212786,1,16543,Critical Risk,True Positive
0,0.16829352,0,32795,Low Risk,True Negative
0,0.27959773,0,20961,Medium Risk,True Negative
0,0.29108158,0,23736,Medium Risk,True Negative
0,0.31286204,0,24682,Medium Risk,True Negative
0,0.7898075,1,34698,Critical Risk,False Positive
0,0.17560817,0,37209,Low Risk,True Negative
0,0.5139551,1,13220,High Risk,False Positive
0,0.2349874,0,9041,Low Risk,True Negative
0,0.5770116,1,37290,High Risk,False Positive
0,0.0772826,0,10567,Low Risk,True Negative
0,0.32779297,0,6441,Medium Risk,True Negative
0,0.87205386,1,24742,Critical Risk,False Positive
1,0.3913035,0,18203,Medium Risk,False Negative
1,0.14483619,0,10651,Low Risk,False Negative
0,0.13661188,0,39995,Low Risk,True Negative
0,0.23727337,0,524,Low Risk,True Negative
0,0.8637718,1,42258,Critical Risk,False Positive
0,0.69919074,1,35483,High Risk,False Positive
0,0.0934041,0,13173,Low Risk,True Negative
0,0.054527674,0,18877,Low Risk,True Negative
0,0.12717181,0,42037,Low Risk,True Negative
0,0.05852033,0,6350,Low Risk,True Negative
0,0.07646144,0,11380,Low Risk,True Negative
0,0.26640767,0,34941,Medium Risk,True Negative
0,0.122451246,0,1331,Low Risk,True Negative
0,0.1882309,0,8591,Low Risk,True Negative
0,0.3573173,0,3979,Medium Risk,True Negative
0,0.16870268,0,22394,Low Risk,True Negative
0,0.3736926,0,35080,Medium Risk,True Negative
0,0.13762334,0,40861,Low Risk,True Negative
0,0.3108042,0,20163,Medium Risk,True Negative
0,0.16131572,0,33275,Low Risk,True Negative
0,0.11402514,0,40479,Low Risk,True Negative
0,0.09014013,0,16864,Low Risk,True Negative
0,0.07437115,0,15929,Low Risk,True Negative
0,0.33320495,0,17324,Medium Risk,True Negative
0,0.4900608,0,7135,Medium Risk,True Negative
0,0.41692522,0,21313,Medium Risk,True Negative
0,0.05528404,0,40637,Low Risk,True Negative
0,0.19160438,0,18994,Low Risk,True Negative
0,0.031044833,0,43851,Low Risk,True Negative
1,0.15008265,0,7741,Low Risk,False Negative
0,0.106942,0,32232,Low Risk,True Negative
0,0.118398786,0,38512,Low Risk,True Negative
0,0.03709311,0,5377,Low Risk,True Negative
0,0.07357053,0,29746,Low Risk,True Negative
0,0.10241244,0,43762,Low Risk,True Negative
0,0.073427185,0,689,Low Risk,True Negative
0,0.16380687,0,39607,Low Risk,True Negative
0,0.03377446,0,9239,Low Risk,True Negative
0,0.09589578,0,20542,Low Risk,True Negative
1,0.5290738,1,42649,High Risk,True Positive
0,0.198352,0,22151,Low Risk,True Negative
0,0.46134943,0,11921,Medium Risk,True Negative
0,0.8002856,1,10969,Critical Risk,False Positive
0,0.101451956,0,7641,Low Risk,True Negative
0,0.103002705,0,33715,Low Risk,True Negative
0,0.23758864,0,17703,Low Risk,True Negative
1,0.6603766,1,16142,High Risk,True Positive
0,0.066423394,0,36072,Low Risk,True Negative
0,0.1574539,0,9226,Low Risk,True Negative
0,0.2836686,0,22594,Medium Risk,True Negative
0,0.11143962,0,22987,Low Risk,True Negative
0,0.1629387,0,28202,Low Risk,True Negative
0,0.10306275,0,19475,Low Risk,True Negative
0,0.18155754,0,22441,Low Risk,True Negative
0,0.12980859,0,21401,Low Risk,True Negative
0,0.039715804,0,22715,Low Risk,True Negative
0,0.102667,0,28730,Low Risk,True Negative
0,0.659103,1,7732,High Risk,False Positive
1,0.6220439,1,9634,High Risk,True Positive
0,0.21725875,0,8536,Low Risk,True Negative
0,0.21535736,0,26680,Low Risk,True Negative
0,0.1763391,0,11426,Low Risk,True Negative
0,0.28259516,0,28277,Medium Risk,True Negative
0,0.19658627,0,12886,Low Risk,True Negative
1,0.27372873,0,16055,Medium Risk,False Negative
0,0.0167808,0,42412,Low Risk,True Negative
0,0.12984055,0,3235,Low Risk,True Negative
0,0.49534786,0,42998,Medium Risk,True Negative
0,0.63379633,1,14052,High Risk,False Positive
0,0.2621488,0,21339,Medium Risk,True Negative
0,0.03168295,0,37276,Low Risk,True Negative
0,0.7664197,1,1555,Critical Risk,False Positive
0,0.18504967,0,33035,Low Risk,True Negative
0,0.7710488,1,1503,Critical Risk,False Positive
0,0.028642133,0,30193,Low Risk,True Negative
0,0.10811679,0,31253,Low Risk,True Negative
0,0.047361977,0,34805,Low Risk,True Negative
0,0.45127082,0,25570,Medium Risk,True Negative
0,0.30910072,0,4049,Medium Risk,True Negative
0,0.1023288,0,21509,Low Risk,True Negative
0,0.3023622,0,43704,Medium Risk,True Negative
0,0.26206183,0,9601,Medium Risk,True Negative
0,0.16401593,0,18980,Low Risk,True Negative
0,0.08164101,0,14303,Low Risk,True Negative
0,0.24416003,0,10723,Low Risk,True Negative
0,0.09272811,0,35774,Low Risk,True Negative
0,0.2827057,0,13708,Medium Risk,True Negative
0,0.17723258,0,42100,Low Risk,True Negative
0,0.35778397,0,29056,Medium Risk,True Negative
0,0.11650938,0,35984,Low Risk,True Negative
0,0.07583375,0,21810,Low Risk,True Negative
0,0.08552724,0,6043,Low Risk,True Negative
0,0.0755605,0,16069,Low Risk,True Negative
0,0.06726901,0,44095,Low Risk,True Negative
0,0.28021464,0,20953,Medium Risk,True Negative
0,0.026839506,0,8022,Low Risk,True Negative
0,0.7341587,1,17926,High Risk,False Positive
1,0.7309216,1,36989,High Risk,True Positive
0,0.22471395,0,17164,Low Risk,True Negative
0,0.17305803,0,39924,Low Risk,True Negative
0,0.20701256,0,22512,Low Risk,True Negative
0,0.40073577,0,13778,Medium Risk,True Negative
0,0.26828355,0,21458,Medium Risk,True Negative
0,0.026853444,0,42574,Low Risk,True Negative
0,0.4407326,0,37533,Medium Risk,True Negative
0,0.26683322,0,1747,Medium Risk,True Negative
1,0.33026648,0,32645,Medium Risk,False Negative
0,0.05856712,0,38931,Low Risk,True Negative
0,0.19604641,0,28567,Low Risk,True Negative
0,0.07436057,0,38712,Low Risk,True Negative
0,0.12408226,0,5971,Low Risk,True Negative
0,0.6655482,1,29999,High Risk,False Positive
0,0.18777323,0,32664,Low Risk,True Negative
0,0.064332664,0,28955,Low Risk,True Negative
0,0.06300662,0,26369,Low Risk,True Negative
0,0.5078233,1,21834,High Risk,False Positive
0,0.08737861,0,38811,Low Risk,True Negative
0,0.15217909,0,40829,Low Risk,True Negative
0,0.145749,0,32290,Low Risk,True Negative
0,0.110269874,0,33160,Low Risk,True Negative
0,0.75015503,1,25805,Critical Risk,False Positive
0,0.15928102,0,42849,Low Risk,True Negative
0,0.23525587,0,36063,Low Risk,True Negative
0,0.2522145,0,23885,Medium Risk,True Negative
0,0.07635117,0,21756,Low Risk,True Negative
0,0.07434834,0,10500,Low Risk,True Negative
1,0.8522783,1,28942,Critical Risk,True Positive
0,0.43020356,0,40414,Medium Risk,True Negative
0,0.064919285,0,17316,Low Risk,True Negative
0,0.10985431,0,514,Low Risk,True Negative
0,0.16498926,0,10511,Low Risk,True Negative
0,0.14964236,0,39952,Low Risk,True Negative
0,0.12427915,0,37989,Low Risk,True Negative
0,0.44331667,0,15405,Medium Risk,True Negative
0,0.3104265,0,35766,Medium Risk,True Negative
0,0.29928115,0,6038,Medium Risk,True Negative
0,0.020674484,0,13472,Low Risk,True Negative
0,0.42197177,0,26144,Medium Risk,True Negative
0,0.110337466,0,23187,Low Risk,True Negative
0,0.2603773,0,17086,Medium Risk,True Negative
0,0.040457014,0,29609,Low Risk,True Negative
1,0.9149339,1,5884,Critical Risk,True Positive
0,0.2590082,0,6037,Medium Risk,True Negative
0,0.108080365,0,11531,Low Risk,True Negative
0,0.13061745,0,35121,Low Risk,True Negative
0,0.6974422,1,27988,High Risk,False Positive
0,0.26227942,0,8881,Medium Risk,True Negative
0,0.1404491,0,2420,Low Risk,True Negative
0,0.06043642,0,19603,Low Risk,True Negative
0,0.24029106,0,21573,Low Risk,True Negative
0,0.8645908,1,2147,Critical Risk,False Positive
0,0.080605134,0,10256,Low Risk,True Negative
0,0.2339511,0,33872,Low Risk,True Negative
0,0.055950496,0,164,Low Risk,True Negative
1,0.2739217,0,8303,Medium Risk,False Negative
0,0.05085078,0,24808,Low Risk,True Negative
0,0.12468208,0,15272,Low Risk,True Negative
0,0.091214485,0,27815,Low Risk,True Negative
0,0.14198646,0,13568,Low Risk,True Negative
0,0.85589135,1,22446,Critical Risk,False Positive
0,0.10371588,0,576,Low Risk,True Negative
0,0.04413516,0,24740,Low Risk,True Negative
0,0.1380757,0,40926,Low Risk,True Negative
0,0.07130222,0,13678,Low Risk,True Negative
0,0.11562098,0,28078,Low Risk,True Negative
0,0.053890776,0,41229,Low Risk,True Negative
0,0.83304375,1,12885,Critical Risk,False Positive
0,0.1333746,0,40437,Low Risk,True Negative
0,0.6250741,1,16199,High Risk,False Positive
0,0.13724683,0,43929,Low Risk,True Negative
1,0.89869547,1,29200,Critical Risk,True Positive
0,0.04143471,0,32911,Low Risk,True Negative
0,0.066466525,0,10534,Low Risk,True Negative
0,0.118038855,0,9082,Low Risk,True Negative
0,0.12456175,0,10031,Low Risk,True Negative
0,0.40379232,0,27838,Medium Risk,True Negative
0,0.27603167,0,36183,Medium Risk,True Negative
0,0.12037033,0,16258,Low Risk,True Negative
0,0.36112908,0,18802,Medium Risk,True Negative
0,0.7118998,1,3994,High Risk,False Positive
0,0.8076375,1,12096,Critical Risk,False Positive
0,0.061372418,0,37129,Low Risk,True Negative
0,0.07742789,0,33817,Low Risk,True Negative
0,0.8077877,1,6225,Critical Risk,False Positive
0,0.031646542,0,8699,Low Risk,True Negative
0,0.43394193,0,3218,Medium Risk,True Negative
0,0.43749487,0,314,Medium Risk,True Negative
0,0.16791125,0,41033,Low Risk,True Negative
0,0.078503236,0,37123,Low Risk,True Negative
1,0.75414914,1,37458,Critical Risk,True Positive
0,0.26863626,0,42937,Medium Risk,True Negative
1,0.87379295,1,35105,Critical Risk,True Positive
0,0.09342417,0,41451,Low Risk,True Negative
0,0.79589385,1,41906,Critical Risk,False Positive
0,0.08279043,0,1249,Low Risk,True Negative
1,0.9357537,1,36069,Critical Risk,True Positive
0,0.39524776,0,3097,Medium Risk,True Negative
0,0.10212095,0,7785,Low Risk,True Negative
0,0.11738686,0,3336,Low Risk,True Negative
0,0.113258384,0,41406,Low Risk,True Negative
0,0.1748636,0,3161,Low Risk,True Negative
0,0.3026901,0,25787,Medium Risk,True Negative
0,0.14422725,0,18263,Low Risk,True Negative
0,0.2957554,0,23232,Medium Risk,True Negative
0,0.08116246,0,26121,Low Risk,True Negative
0,0.638567,1,11227,High Risk,False Positive
0,0.44454667,0,17045,Medium Risk,True Negative
0,0.43368417,0,42316,Medium Risk,True Negative
0,0.07619014,0,30305,Low Risk,True Negative
0,0.044361487,0,22567,Low Risk,True Negative
0,0.47104993,0,23128,Medium Risk,True Negative
0,0.25323087,0,18159,Medium Risk,True Negative
0,0.041191056,0,18513,Low Risk,True Negative
0,0.42908248,0,39151,Medium Risk,True Negative
0,0.04630531,0,37578,Low Risk,True Negative
0,0.17411254,0,28522,Low Risk,True Negative
0,0.42886692,0,4027,Medium Risk,True Negative
0,0.5093289,1,9642,High Risk,False Positive
0,0.40327325,0,32757,Medium Risk,True Negative
0,0.05330826,0,1672,Low Risk,True Negative
0,0.24916689,0,7394,Low Risk,True Negative
0,0.071521744,0,898,Low Risk,True Negative
0,0.71749556,1,41289,High Risk,False Positive
0,0.58722633,1,5449,High Risk,False Positive
0,0.23614196,0,14496,Low Risk,True Negative
0,0.14527877,0,34432,Low Risk,True Negative
0,0.14815375,0,38344,Low Risk,True Negative
0,0.4086344,0,34261,Medium Risk,True Negative
0,0.041402485,0,16588,Low Risk,True Negative
0,0.67835027,1,24957,High Risk,False Positive
0,0.34438223,0,28239,Medium Risk,True Negative
0,0.109621964,0,12157,Low Risk,True Negative
0,0.5643251,1,22372,High Risk,False Positive
0,0.7936032,1,22102,Critical Risk,False Positive
0,0.083188035,0,30389,Low Risk,True Negative
0,0.06148815,0,42692,Low Risk,True Negative
0,0.24318059,0,14032,Low Risk,True Negative
1,0.8780811,1,24761,Critical Risk,True Positive
0,0.2751848,0,29457,Medium Risk,True Negative
0,0.034302782,0,35894,Low Risk,True Negative
0,0.13898468,0,12244,Low Risk,True Negative
0,0.7310131,1,40737,High Risk,False Positive
1,0.42098975,0,39756,Medium Risk,False Negative
0,0.38836205,0,37294,Medium Risk,True Negative
1,0.30009985,0,24841,Medium Risk,False Negative
0,0.4279516,0,29560,Medium Risk,True Negative
0,0.14779976,0,40714,Low Risk,True Negative
1,0.8461123,1,23800,Critical Risk,True Positive
1,0.34375587,0,22304,Medium Risk,False Negative
0,0.015122566,0,41855,Low Risk,True Negative
0,0.1089838,0,28508,Low Risk,True Negative
0,0.34292787,0,31284,Medium Risk,True Negative
0,0.0723492,0,15331,Low Risk,True Negative
0,0.76051617,1,35720,Critical Risk,False Positive
0,0.112771325,0,23381,Low Risk,True Negative
0,0.7526079,1,30226,Critical Risk,False Positive
0,0.7039075,1,5947,High Risk,False Positive
0,0.028360993,0,37911,Low Risk,True Negative
0,0.44947222,0,4591,Medium Risk,True Negative
0,0.31570554,0,11071,Medium Risk,True Negative
0,0.20283356,0,12728,Low Risk,True Negative
1,0.92643535,1,33235,Critical Risk,True Positive
0,0.27935776,0,12151,Medium Risk,True Negative
0,0.5637797,1,37301,High Risk,False Positive
0,0.11020337,0,29620,Low Risk,True Negative
0,0.11716939,0,349,Low Risk,True Negative
0,0.029341457,0,40023,Low Risk,True Negative
0,0.05435934,0,695,Low Risk,True Negative
0,0.32776445,0,23420,Medium Risk,True Negative
0,0.07202262,0,33219,Low Risk,True Negative
0,0.04292689,0,22481,Low Risk,True Negative
0,0.12723836,0,18039,Low Risk,True Negative
0,0.3510143,0,40444,Medium Risk,True Negative
1,0.79465145,1,34855,Critical Risk,True Positive
1,0.60352284,1,11159,High Risk,True Positive
0,0.09688606,0,2007,Low Risk,True Negative
1,0.800681,1,23436,Critical Risk,True Positive
0,0.17389074,0,43617,Low Risk,True Negative
1,0.64781195,1,1255,High Risk,True Positive
0,0.7428143,1,21433,High Risk,False Positive
0,0.1885552,0,24933,Low Risk,True Negative
0,0.33645475,0,9229,Medium Risk,True Negative
1,0.69583684,1,16307,High Risk,True Positive
0,0.07925765,0,9582,Low Risk,True Negative
0,0.2786436,0,18706,Medium Risk,True Negative
0,0.16758664,0,14747,Low Risk,True Negative
0,0.19546197,0,22985,Low Risk,True Negative
0,0.027247652,0,13702,Low Risk,True Negative
0,0.26646602,0,18903,Medium Risk,True Negative
0,0.18267289,0,27029,Low Risk,True Negative
0,0.037836682,0,28944,Low Risk,True Negative
0,0.36922678,0,7706,Medium Risk,True Negative
0,0.09252176,0,16674,Low Risk,True Negative
1,0.391094,0,10470,Medium Risk,False Negative
0,0.7253701,1,15956,High Risk,False Positive
0,0.5467843,1,12257,High Risk,False Positive
0,0.07027724,0,10096,Low Risk,True Negative
0,0.04342228,0,40758,Low Risk,True Negative
1,0.34740916,0,8604,Medium Risk,False Negative
0,0.41565803,0,29834,Medium Risk,True Negative
0,0.3550911,0,37518,Medium Risk,True Negative
1,0.653434,1,12431,High Risk,True Positive
0,0.07819692,0,12128,Low Risk,True Negative
0,0.23636779,0,22248,Low Risk,True Negative
1,0.76858795,1,8727,Critical Risk,True Positive
0,0.27985442,0,42247,Medium Risk,True Negative
0,0.037141643,0,16685,Low Risk,True Negative
0,0.11198679,0,43174,Low Risk,True Negative
0,0.074233614,0,42971,Low Risk,True Negative
0,0.24374205,0,25286,Low Risk,True Negative
0,0.17751004,0,14195,Low Risk,True Negative
1,0.56055456,1,44004,High Risk,True Positive
0,0.06946164,0,28490,Low Risk,True Negative
0,0.2191756,0,33774,Low Risk,True Negative
0,0.47811598,0,2137,Medium Risk,True Negative
0,0.09180571,0,41585,Low Risk,True Negative
1,0.8800186,1,38315,Critical Risk,True Positive
0,0.07720233,0,28620,Low Risk,True Negative
0,0.3993428,0,10161,Medium Risk,True Negative
1,0.15593758,0,739,Low Risk,False Negative
0,0.2783765,0,25923,Medium Risk,True Negative
0,0.17091836,0,39799,Low Risk,True Negative
1,0.4032491,0,14715,Medium Risk,False Negative
1,0.7163908,1,11521,High Risk,True Positive
0,0.07098776,0,28124,Low Risk,True Negative
1,0.5868284,1,14429,High Risk,True Positive
0,0.87787956,1,19808,Critical Risk,False Positive
0,0.5403619,1,28745,High Risk,False Positive
0,0.039050896,0,10629,Low Risk,True Negative
0,0.13792956,0,22265,Low Risk,True Negative
0,0.050967522,0,13353,Low Risk,True Negative
0,0.30087796,0,19599,Medium Risk,True Negative
0,0.15530132,0,36430,Low Risk,True Negative
0,0.13272618,0,6710,Low Risk,True Negative
0,0.02998725,0,15853,Low Risk,True Negative
0,0.12284841,0,34605,Low Risk,True Negative
0,0.18896092,0,20973,Low Risk,True Negative
0,0.359942,0,39054,Medium Risk,True Negative
0,0.18728417,0,24615,Low Risk,True Negative
0,0.092736356,0,12582,Low Risk,True Negative
0,0.12264678,0,24355,Low Risk,True Negative
0,0.0214676,0,40881,Low Risk,True Negative
0,0.03184696,0,16997,Low Risk,True Negative
0,0.047825374,0,7790,Low Risk,True Negative
0,0.15486231,0,26753,Low Risk,True Negative
0,0.7159985,1,20944,High Risk,False Positive
0,0.18139103,0,8718,Low Risk,True Negative
0,0.16655871,0,28664,Low Risk,True Negative
1,0.5143627,1,42910,High Risk,True Positive
0,0.051159218,0,36833,Low Risk,True Negative
0,0.551703,1,42328,High Risk,False Positive
1,0.85658044,1,24803,Critical Risk,True Positive
0,0.11354642,0,4814,Low Risk,True Negative
0,0.71250176,1,5957,High Risk,False Positive
0,0.67152,1,31593,High Risk,False Positive
0,0.05178486,0,15406,Low Risk,True Negative
0,0.39625517,0,25827,Medium Risk,True Negative
0,0.09064275,0,34800,Low Risk,True Negative
0,0.13445097,0,15340,Low Risk,True Negative
0,0.62781674,1,22060,High Risk,False Positive
1,0.7858846,1,13346,Critical Risk,True Positive
0,0.30086142,0,33524,Medium Risk,True Negative
1,0.277347,0,15415,Medium Risk,False Negative
0,0.041600797,0,17652,Low Risk,True Negative
1,0.8605772,1,21973,Critical Risk,True Positive
0,0.023289738,0,9516,Low Risk,True Negative
1,0.76208633,1,12907,Critical Risk,True Positive
0,0.1478562,0,30834,Low Risk,True Negative
0,0.18946506,0,16607,Low Risk,True Negative
0,0.19785988,0,13296,Low Risk,True Negative
0,0.124057904,0,29639,Low Risk,True Negative
0,0.073971376,0,1232,Low Risk,True Negative
0,0.5246895,1,29636,High Risk,False Positive
0,0.12378371,0,498,Low Risk,True Negative
0,0.9200854,1,24919,Critical Risk,False Positive
0,0.12246664,0,39739,Low Risk,True Negative
0,0.17339444,0,36557,Low Risk,True Negative
0,0.075132094,0,41622,Low Risk,True Negative
0,0.3671084,0,23085,Medium Risk,True Negative
0,0.3040755,0,41604,Medium Risk,True Negative
0,0.13462324,0,11595,Low Risk,True Negative
0,0.6351075,1,10266,High Risk,False Positive
0,0.29459608,0,34687,Medium Risk,True Negative
1,0.6683854,1,13120,High Risk,True Positive
0,0.8111685,1,1070,Critical Risk,False Positive
0,0.04727128,0,43989,Low Risk,True Negative
0,0.074294195,0,4581,Low Risk,True Negative
1,0.89449215,1,39343,Critical Risk,True Positive
