customer_id,city,account_type,income,total_transactions,total_spend,avg_transaction_amount,max_transaction_amount,avg_distance,fraud_transactions,fraud_rate_pct
1,Kolkata,Current,251448768,23,1049301.273,45621.79447,197050.1563,0,1,4.35
2,Chennai,Current,33885488,16,689630.9875,43101.93672,151648.4531,18,5,31.25
3,Bangalore,Current,524343616,21,1410737.173,67177.96063,262671.9063,4,4,19.05
4,Pune,Premium,123405256,18,247631.3901,13757.29945,52938.12891,11,1,5.56
5,Mumbai,Premium,48306764,24,1508341.122,62847.54677,205404.2031,0,1,4.17
6,Delhi,Current,216304208,12,493908.8037,41159.06698,270607.375,8,1,8.33
7,Mumbai,Premium,86621704,19,223710.1122,11774.21643,52343.53125,5,2,10.53
8,Hyderabad,Current,576471104,20,1384581.451,69229.07254,262032.2344,0,1,5
9,Mumbai,Current,293834880,19,574840.8829,30254.78331,201711.625,0,0,0
10,Delhi,Current,54329408,14,621703.6359,44407.40256,187864.4063,7,2,14.29
11,Ahmedabad,Current,59542784,25,257898.1098,10315.92439,99448.64063,4,2,8
12,Bangalore,Premium,38907824,25,671134.1866,26845.36747,153908.875,4,2,8
13,Delhi,Premium,29627832,30,1065302.614,35510.08713,139003.0625,0,2,6.67
14,Ahmedabad,Current,40719916,16,846947.5063,52934.21915,170596.9844,0,2,12.5
15,Kolkata,Premium,60899584,26,590260.8944,22702.34209,135690.0156,0,0,0
16,Chennai,Current,33287198,18,769045.986,42724.777,277656.1875,0,2,11.11
17,Chennai,Premium,51795392,18,812225.7375,45123.65209,196911.5,0,3,16.67
18,Pune,Current,14875319,24,577877.6961,24078.23734,113289.7266,0,2,8.33
19,Pune,Premium,338514336,30,1474049.877,49134.99589,190577.625,3,1,3.33
20,Mumbai,Current,59709752,26,755860.5774,29071.56067,274711.8125,0,2,7.69
21,Pune,Current,21815282,28,1609615.167,57486.25595,259669.8125,3,1,3.57
22,Ahmedabad,Current,26597070,26,887088.363,34118.78319,114792.4766,0,1,3.85
23,Bangalore,Current,48567508,21,627357.9382,29874.18753,237467.7656,0,0,0
24,Hyderabad,Current,159229024,23,1193711.275,51900.49023,274773.4688,13,2,8.7
25,Pune,Current,115856688,24,1365858.661,56910.77755,265534.625,4,4,16.67
26,Pune,Current,92918328,21,772388.0417,36780.38294,205140.875,0,1,4.76
27,Bangalore,Premium,431248736,26,973710.8423,37450.41701,164410.4063,0,2,7.69
28,Delhi,Current,119185168,22,1217490.984,55340.49928,202916.4375,4,3,13.64
29,Mumbai,Premium,63373920,27,586999.7336,21740.73087,154950.4531,3,0,0
30,Ahmedabad,Premium,11138699,29,1299701.041,44817.27727,193622,10,3,10.34
31,Mumbai,Premium,50903896,30,943015.6196,31433.85399,110613.3594,13,3,10
32,Mumbai,Premium,243111888,24,597451.3298,24893.80541,274310.1875,4,1,4.17
33,Mumbai,Current,274426464,21,500299.8395,23823.80188,224516.3281,0,2,9.52
34,Bangalore,Current,94998128,17,692886.4281,40758.02518,178352.5781,5,1,5.88
35,Ahmedabad,Current,48878156,22,460624.0198,20937.45545,112881.3516,0,1,4.55
36,Pune,Current,38948908,30,709069.2691,23635.6423,218964.375,6,2,6.67
37,Chennai,Premium,48685372,25,848520.9021,33940.83608,170563.3906,8,2,8
38,Ahmedabad,Premium,62818976,25,735314.3208,29412.57283,115167.2891,4,2,8
39,Chennai,Premium,39081292,21,1094226.926,52106.0441,222358.0625,0,1,4.76
40,Hyderabad,Current,42366756,25,1226383.504,49055.34016,202893.9688,8,2,8
41,Pune,Current,45856748,23,1016463.338,44194.05817,238846.0938,0,1,4.35
42,Kolkata,Current,17163810,18,276140.1615,15341.12008,62175.39063,5,0,0
43,Kolkata,Current,83258256,24,912061.7441,38002.57267,179259.8594,4,1,4.17
44,Hyderabad,Current,37437096,18,549822.5038,30545.69465,70508.70313,0,3,16.67
45,Delhi,Premium,35116736,18,1278475.905,71026.43918,254556.9844,5,6,33.33
46,Pune,Current,45404164,21,1102078.795,52479.94261,248143.4844,9,7,33.33
47,Hyderabad,Current,216108448,30,1309713.683,43657.12276,260788.0469,3,2,6.67
48,Pune,Premium,15864076,23,830057.5901,36089.46044,264944.125,13,13,56.52
49,Delhi,Premium,22364976,28,1251962.419,44712.94352,235561.625,10,3,10.71
50,Delhi,Premium,14848294,25,1216301.159,48652.04637,199960.6875,4,0,0
51,Chennai,Current,54737992,30,978658.6691,32621.95564,188833.9844,6,4,13.33
52,Pune,Current,69337304,22,867251.2479,39420.51127,196441.875,9,3,13.64
53,Ahmedabad,Premium,41423644,25,1242444.102,49697.76407,221568.9219,4,3,12
54,Chennai,Current,100390136,20,928984.1466,46449.20733,207358.3281,5,0,0
55,Ahmedabad,Current,125553048,18,821803.4546,45655.74748,197816.3281,0,0,0
56,Delhi,Premium,67155456,25,1271850.513,50874.02053,202872.4844,4,1,4
57,Bangalore,Premium,35671180,34,2142908.653,63026.72508,269849.125,0,6,17.65
58,Hyderabad,Premium,105696224,20,417205.0101,20860.2505,151166.6563,0,1,5
59,Delhi,Current,36612328,20,451584.7011,22579.23506,131563.3594,0,2,10
60,Chennai,Current,55523352,24,1760183.085,73340.96188,220588.1563,4,3,12.5
61,Ahmedabad,Current,98345232,22,1071855.349,48720.69769,239825.6563,4,2,9.09
62,Ahmedabad,Current,82954936,20,1176792.729,58839.63643,181549.1875,0,1,5
63,Mumbai,Premium,563705856,27,980987.9866,36332.88839,146403.6094,7,8,29.63
64,Mumbai,Current,114506368,26,1386988.984,53345.73015,270831.3438,0,4,15.38
65,Bangalore,Premium,131028168,25,467643.4675,18705.7387,141602.1563,4,2,8
66,Bangalore,Current,33932996,24,917180.4744,38215.8531,241680.9375,8,2,8.33
67,Kolkata,Current,93030504,25,519606.8304,20784.27322,98088.53906,20,4,16
68,Hyderabad,Current,48762156,27,1083672.071,40136.00261,275260.125,3,3,11.11
69,Chennai,Premium,37798244,20,273172.9587,13658.64793,79213.60938,15,3,15
70,Hyderabad,Current,191579504,25,967787.6635,38711.50654,206346.2031,4,1,4
71,Pune,Current,95665984,21,1238593.519,58980.64378,225163.6875,4,3,14.29
72,Chennai,Current,483153216,20,850040.8251,42502.04125,169062.4063,5,2,10
73,Kolkata,Current,105101616,20,821582.424,41079.1212,196067.2031,5,2,10
74,Hyderabad,Current,301549792,12,302941.324,25245.11033,99682.02344,8,2,16.67
75,Bangalore,Premium,51112868,20,461429.8686,23071.49343,114583.3594,5,1,5
76,Kolkata,Premium,88442032,24,422050.9039,17585.45433,176396.3125,0,1,4.17
77,Hyderabad,Premium,45864232,27,1057854.352,39179.79081,158886.0938,3,0,0
78,Mumbai,Current,88061040,25,1746822.899,69872.91596,226663.4844,4,2,8
79,Chennai,Premium,15558713,22,598862.8223,27221.03738,239044.4063,0,0,0
80,Kolkata,Premium,217505888,20,658366.7007,32918.33503,230516.6563,5,1,5
81,Mumbai,Premium,153447088,25,682215.9785,27288.63914,138376.7969,4,3,12
82,Chennai,Premium,41384732,20,546979.5897,27348.97949,207967.1563,0,1,5
83,Kolkata,Premium,45927660,18,951825.2419,52879.18011,184701.3438,5,5,27.78
84,Delhi,Premium,47415716,21,978352.4558,46588.21218,212594.1875,0,3,14.29
85,Hyderabad,Premium,21565410,19,558373.5756,29388.08292,119747.0469,5,1,5.26
86,Bangalore,Current,67595392,11,557335.132,50666.83018,272228.9688,0,2,18.18
87,Kolkata,Current,90757640,10,252351.8593,25235.18593,173369.7188,0,0,0
88,Pune,Premium,54157560,18,416160.4042,23120.02245,178006.8281,5,8,44.44
89,Hyderabad,Current,17352228,18,276322.0484,15351.22491,102097.3203,5,0,0
90,Bangalore,Current,516830912,28,556881.9655,19888.64162,171532.4375,3,0,0
91,Delhi,Current,48589808,27,1244590.702,46095.95191,266863.6563,11,13,48.15
92,Bangalore,Premium,79050584,20,745015.451,37250.77255,197392.0156,15,2,10
93,Bangalore,Current,25317442,26,576361.6513,22167.75582,261608.3125,0,2,7.69
94,Chennai,Current,65683560,26,602886.2574,23187.93298,202948.7344,7,3,11.54
95,Chennai,Current,20734342,28,530951.2018,18962.54292,103200.9063,7,2,7.14
96,Pune,Premium,139633120,26,2195274.407,84433.63106,212618.2969,11,5,19.23
97,Kolkata,Premium,81700264,19,771369.109,40598.37416,200085.2656,0,0,0
98,Ahmedabad,Premium,33785324,19,595830.2584,31359.48728,192110.8438,10,3,15.79
99,Kolkata,Premium,81702616,13,340769.4607,26213.03544,124058.1719,7,2,15.38
100,Mumbai,Current,27098632,15,810373.7397,54024.91598,129709.25,6,5,33.33
101,Mumbai,Current,25932244,20,684820.9359,34241.0468,190737.2344,0,7,35
102,Kolkata,Premium,33102894,16,607314.1735,37957.13585,178100.0625,0,0,0
103,Pune,Current,37635284,19,475994.3056,25052.33187,175480.1563,0,0,0
104,Mumbai,Current,126655096,27,1298408.149,48089.19071,227935.75,3,3,11.11
105,Pune,Premium,43315100,19,922151.6464,48534.29718,255142.2031,0,1,5.26
106,Chennai,Current,26308298,17,588964.9156,34644.99503,275407.4688,11,3,17.65
107,Pune,Current,308040736,27,1312447.565,48609.16906,198964.1563,7,2,7.41
108,Delhi,Premium,182802800,27,2098827.875,77734.36575,266312.9688,11,0,0
109,Pune,Current,71994800,24,881788.1675,36741.17365,127015.8125,0,0,0
110,Bangalore,Premium,30065378,16,723706.5435,45231.65897,187268.7656,6,0,0
111,Hyderabad,Current,162462896,36,1838635.017,51073.19492,194531.5938,5,3,8.33
112,Pune,Current,161199056,35,1160012.421,33143.21202,173300.4844,8,3,8.57
113,Bangalore,Current,64273940,21,432334.1335,20587.33969,120517.4922,4,2,9.52
114,Hyderabad,Premium,72134056,17,439240.6664,25837.68626,167540.2031,5,1,5.88
115,Bangalore,Premium,299622272,18,893586.1154,49643.67308,270126.9063,5,0,0
116,Delhi,Current,271135328,26,759421.3992,29208.51535,132448.3125,0,1,3.85
117,Mumbai,Current,198819440,21,862584.0227,41075.42965,132338.8438,0,1,4.76
118,Ahmedabad,Current,79494344,20,354188.9315,17709.44658,96387.38281,5,4,20
119,Kolkata,Premium,101603496,18,236428.803,13134.9335,36986.12109,0,0,0
120,Mumbai,Current,80443400,20,374079.1887,18703.95943,181618.9688,5,2,10
121,Delhi,Premium,122798520,21,1048861.43,49945.7824,148261.4063,4,2,9.52
122,Hyderabad,Current,37979708,21,864941.9331,41187.7111,135977.9219,0,0,0
123,Bangalore,Premium,10469706,21,978822.2361,46610.58267,227029.8281,4,1,4.76
124,Pune,Current,119559496,16,542652.9529,33915.80956,112637.9375,0,1,6.25
125,Ahmedabad,Premium,17895856,20,1232656.069,61632.80343,203353.1875,5,2,10
126,Hyderabad,Premium,34096912,18,429799.4225,23877.74569,82599.88281,0,0,0
127,Pune,Current,100496856,26,870684.7922,33487.87662,202154.3906,0,1,3.85
128,Delhi,Current,461150304,19,726587.9697,38241.47209,166380.6875,10,2,10.53
129,Kolkata,Current,60599656,22,1066798.934,48490.86062,195847.6875,9,1,4.55
130,Bangalore,Premium,25346262,31,801709.8037,25861.60657,102718.1484,6,14,45.16
131,Ahmedabad,Current,154448832,24,996062.3278,41502.59699,271118.4688,12,2,8.33
132,Hyderabad,Current,310498368,21,203984.3093,9713.538539,43912.23047,4,0,0
133,Mumbai,Current,31857176,28,617891.4662,22067.55236,81622.40625,3,7,25
134,Kolkata,Current,84417720,19,996238.7928,52433.62067,197374.8438,0,1,5.26
135,Pune,Current,29070558,23,1563758.981,67989.52093,244552.6563,0,4,17.39
136,Bangalore,Current,18635494,22,1015363.248,46152.87491,269096.125,4,3,13.64
137,Bangalore,Current,1136970880,15,1435224.998,95681.66654,227593.7969,6,2,13.33
138,Delhi,Current,157919328,21,983844.4187,46849.73422,269026.0625,4,2,9.52
139,Kolkata,Current,102060600,20,600201.4294,30010.07147,115653.0078,5,1,5
140,Hyderabad,Current,13298491,14,565860.0913,40418.57795,230846.4375,0,0,0
141,Hyderabad,Premium,164456336,25,596937.4249,23877.49699,139068.9063,8,3,12
142,Delhi,Current,50865552,11,372051.502,33822.86381,200127.3125,0,2,18.18
143,Bangalore,Premium,485967104,15,379457.2398,25297.14932,127843.0313,0,1,6.67
144,Chennai,Current,87112208,22,969825.8456,44082.99298,223344.875,9,4,18.18
145,Mumbai,Premium,39332880,24,909646.3536,37901.9314,248686.6563,0,5,20.83
146,Delhi,Current,237498672,22,707719.4185,32169.06448,200030,9,0,0
147,Pune,Current,86211424,29,713082.2641,24589.04359,262543.5313,6,2,6.9
148,Pune,Premium,595177152,26,237939.5013,9151.519281,52278.94922,0,1,3.85
149,Hyderabad,Current,88635568,24,843916.2405,35163.17669,158380.8594,8,2,8.33
150,Bangalore,Current,48922344,22,1184927.671,53860.3487,270913.125,9,1,4.55
151,Pune,Premium,256903840,23,958993.9987,41695.39125,255653.2344,0,2,8.7
152,Hyderabad,Premium,43070288,22,1263037.438,57410.79262,201821.0938,4,4,18.18
153,Bangalore,Premium,28171330,17,887465.9989,52203.88229,134876.7969,5,7,41.18
154,Mumbai,Premium,21785268,19,721735.6311,37986.08585,183462.5,10,3,15.79
155,Delhi,Current,34704244,18,439247.1746,24402.62081,62598.92969,5,1,5.56
156,Mumbai,Current,52744032,21,850797.6172,40514.17225,189239.875,4,2,9.52
157,Pune,Premium,74955592,20,1284349.83,64217.49152,214206.875,5,1,5
158,Chennai,Current,34979588,13,571331.5832,43948.58332,128840.5391,0,1,7.69
159,Chennai,Premium,54536232,18,907244.4036,50402.46686,180559.0625,0,1,5.56
160,Mumbai,Premium,21999904,15,1166134.796,77742.31976,203933.9063,0,1,6.67
161,Delhi,Current,229508320,14,212973.8081,15212.41486,38289.44922,0,0,0
162,Delhi,Current,55526332,20,861723.5955,43086.17977,137214.9844,5,0,0
163,Mumbai,Current,49860832,25,453200.9722,18128.03889,53410.71094,8,4,16
164,Chennai,Current,49903864,18,1084714.126,60261.89589,248287.2813,0,2,11.11
165,Mumbai,Current,140154784,21,831699.9994,39604.76188,199876.5,9,2,9.52
166,Kolkata,Premium,114486840,22,337176.3644,15326.19838,47335.53906,0,0,0
167,Kolkata,Premium,51501716,26,714000.8741,27461.57208,121808.5469,15,1,3.85
168,Mumbai,Current,381697728,16,830390.1242,51899.38276,241646.2656,6,1,6.25
169,Pune,Current,113959456,25,1050161.335,42006.45341,201004.7813,0,0,0
170,Pune,Current,117246128,25,1049393.122,41975.72487,182439.0625,8,3,12
171,Hyderabad,Current,48011176,27,1624921.34,60182.27184,275985.5313,11,11,40.74
172,Ahmedabad,Current,196294576,20,679447.2394,33972.36197,211325.4531,0,1,5
173,Hyderabad,Premium,24993392,26,623423.7918,23977.83815,159247.8438,0,0,0
174,Delhi,Current,61663400,19,572158.0537,30113.58177,160414.3438,0,2,10.53
175,Mumbai,Current,33441994,23,1115815.099,48513.69994,190618.2969,13,4,17.39
176,Delhi,Current,421347520,19,700918.3774,36890.44092,175296.9531,0,0,0
177,Mumbai,Current,35195240,27,841345.0518,31160.92784,138580.1563,3,1,3.7
178,Hyderabad,Premium,71665096,27,607576.3233,22502.82679,123589.6172,0,1,3.7
179,Bangalore,Premium,204575488,21,794686.5705,37842.21764,174929.2656,0,1,4.76
180,Delhi,Current,59914516,19,850193.5267,44747.02772,178646.125,10,3,15.79
181,Ahmedabad,Premium,35933784,25,278089.9729,11123.59892,91593.67188,8,2,8
182,Bangalore,Current,194664016,18,1487141.999,82618.99993,219851.2813,0,0,0
183,Mumbai,Premium,261064784,19,1204212.16,63379.58739,260109.6563,0,2,10.53
184,Pune,Premium,95341664,25,644698.4734,25787.93894,112302.9297,8,1,4
185,Kolkata,Current,142387216,24,1419081.956,59128.41485,252394.5625,0,2,8.33
186,Ahmedabad,Current,183023696,19,697695.8821,36720.8359,233683.9531,5,2,10.53
187,Bangalore,Premium,54836708,15,929230.3658,61948.69105,223553.6563,6,5,33.33
188,Kolkata,Current,295671072,23,540154.1104,23484.96132,139946.9688,4,1,4.35
189,Pune,Current,113874600,22,1808287.713,82194.89603,235554.3125,4,3,13.64
190,Delhi,Premium,55075156,22,483121.3725,21960.06239,203208.2344,4,2,9.09
191,Bangalore,Premium,104074528,23,266506.4708,11587.23786,65356.28906,4,1,4.35
192,Delhi,Premium,61471388,26,930318.7898,35781.49192,202565.7188,0,1,3.85
193,Chennai,Current,51102508,22,457214.9069,20782.49577,105793.3906,4,2,9.09
194,Bangalore,Premium,13104572,39,1120013.579,28718.29689,164417.0625,7,2,5.13
195,Pune,Current,72411520,21,1209309.558,57586.16945,193623.1094,0,4,19.05
196,Kolkata,Current,150340704,22,1471839.533,66901.79695,230278.5469,9,5,22.73
197,Ahmedabad,Premium,23134408,22,1053780.658,47899.12082,233654.25,13,12,54.55
198,Pune,Premium,516593568,16,679642.0023,42477.62514,135614.4688,0,2,12.5
199,Pune,Premium,55155552,22,400663.329,18211.9695,129356.4688,0,0,0
200,Mumbai,Current,75011912,16,563167.441,35197.96507,161371.9375,6,0,0
201,Ahmedabad,Current,81176912,19,1058346.765,55702.46133,182083.7031,5,4,21.05
202,Ahmedabad,Current,33137658,34,2041796.486,60052.83784,253625.6875,0,2,5.88
203,Ahmedabad,Current,75088232,20,460090.0685,23004.50343,118316.1797,5,2,10
204,Ahmedabad,Premium,47637388,25,844181.1242,33767.24497,237838.5313,20,6,24
205,Pune,Current,42264112,19,791396.9092,41652.46891,190430.5156,10,2,10.53
206,Delhi,Premium,32559012,15,414331.1979,27622.07986,127238.1328,0,1,6.67
207,Kolkata,Current,113506256,23,1291810.166,56165.65937,239517.2656,0,3,13.04
208,Pune,Premium,341023584,16,190983.6385,11936.47741,34580.69141,12,0,0
209,Mumbai,Current,466920960,22,893534.7086,40615.21403,150740.3594,0,0,0
210,Chennai,Current,55191252,23,491630.4701,21375.23783,143705,8,8,34.78
211,Delhi,Premium,67084032,23,1353121.023,58831.34883,204039.0625,4,0,0
212,Bangalore,Premium,34744620,18,375087.4569,20838.19205,64765.46875,0,0,0
213,Chennai,Premium,42006268,17,430853.7245,25344.33673,163810.2031,5,4,23.53
214,Ahmedabad,Current,18013010,27,471184.6504,17451.28335,54561.32813,11,3,11.11
215,Delhi,Current,134639568,24,1350590.976,56274.62401,273216.7188,8,3,12.5
216,Hyderabad,Current,37222528,19,273839.2505,14412.59213,61981.82031,5,1,5.26
217,Kolkata,Premium,33680100,17,466937.5809,27466.91653,141896.3906,5,1,5.88
218,Chennai,Current,223382944,22,781948.6768,35543.12167,151564,9,0,0
219,Pune,Current,301751456,22,155995.8892,7090.722235,35866.33984,0,1,4.55
220,Kolkata,Current,16666665,23,709103.121,30830.57048,183076.2031,0,4,17.39
221,Pune,Current,47659996,29,1361553.337,46950.11505,209861.0781,13,3,10.34
222,Hyderabad,Premium,65265868,19,1161449.566,61128.9245,276567.0313,0,4,21.05
223,Chennai,Current,123140136,27,1189300.819,44048.17848,206054.5625,7,2,7.41
224,Kolkata,Premium,123080496,26,294582.9214,11330.11236,85412.35156,0,3,11.54
225,Chennai,Current,46959428,14,556736.7281,39766.90915,112903.3281,0,1,7.14
226,Mumbai,Premium,47938136,27,542886.3212,20106.90078,111626.1563,0,0,0
227,Delhi,Current,84948168,14,415837.8189,29702.70135,126862.5781,7,2,14.29
228,Ahmedabad,Current,60348604,26,313325.4315,12050.97814,126933.8906,0,0,0
229,Delhi,Premium,33716364,27,1010587.348,37429.16104,178744.5625,7,1,3.7
230,Mumbai,Premium,752551808,24,1273225.298,53051.0541,172161.9063,8,2,8.33
231,Chennai,Current,95160056,16,903469.4823,56466.84264,206533.5156,18,0,0
232,Pune,Premium,99929296,30,1513996.057,50466.53524,241752.375,6,2,6.67
233,Hyderabad,Current,59445448,20,1000082.475,50004.12374,255042.25,5,2,10
234,Delhi,Premium,63142696,22,422868.6501,19221.30228,126951.4766,4,1,4.55
235,Kolkata,Current,44800144,31,684090.0409,22067.42067,182702.0781,0,1,3.23
236,Mumbai,Premium,52857024,18,332789.3906,18488.29948,107991.1797,5,2,11.11
237,Bangalore,Premium,131295936,26,392963.7001,15113.98846,107760.5703,11,2,7.69
238,Delhi,Current,89849400,23,480044.2084,20871.48732,68921.21094,4,2,8.7
239,Pune,Premium,90539568,16,391913.4883,24494.59302,131424.2969,12,2,12.5
240,Kolkata,Current,1146015744,18,588268.937,32681.60761,111226.7734,5,2,11.11
241,Pune,Current,176903712,15,266096.6079,17739.77386,132028.0156,13,3,20
242,Bangalore,Current,47213924,26,504282.0413,19395.46313,143685.5469,7,0,0
243,Hyderabad,Premium,85049608,27,1602845.246,59364.63873,197354.1875,0,2,7.41
244,Chennai,Premium,19104890,27,271800.5512,10066.68708,38559.5,0,0,0
245,Chennai,Premium,84280256,26,688988.6106,26499.56194,202479.2188,3,5,19.23
246,Hyderabad,Premium,44792448,22,1111906.372,50541.19875,199466.125,9,4,18.18
247,Mumbai,Premium,37131856,27,1008358.361,37346.60596,255801.5625,3,2,7.41
248,Kolkata,Premium,25620504,22,586188.2041,26644.91837,106685.4063,0,0,0
249,Hyderabad,Current,133807808,22,1063116.714,48323.48701,128064.5703,4,0,0
250,Bangalore,Current,24921780,24,1454690.62,60612.10917,269106.3438,4,3,12.5
251,Ahmedabad,Current,76156568,19,873526.344,45975.07074,166920.4063,5,1,5.26
252,Mumbai,Current,21778996,13,437433.6842,33648.74494,164365.2656,0,2,15.38
253,Chennai,Current,61943400,23,958793.3945,41686.66933,239574.5938,8,4,17.39
254,Mumbai,Current,100956080,32,495947.5714,15498.36161,65203.17188,6,1,3.13
255,Ahmedabad,Premium,103066528,24,1010523.411,42105.14213,208782.875,4,3,12.5
256,Delhi,Premium,43089752,22,789163.9911,35871.09051,238049.4688,0,0,0
257,Hyderabad,Premium,19935304,22,1696469.186,77112.23574,261764.8438,0,2,9.09
258,Kolkata,Premium,22075286,20,747931.514,37396.5757,181907.4375,10,1,5
259,Ahmedabad,Current,103723544,19,326059.5848,17161.03078,108041.3672,0,0,0
260,Pune,Current,40943308,13,420784.9488,32368.07298,139287.1406,0,2,15.38
261,Ahmedabad,Current,302091648,15,521075.7345,34738.3823,144741.8125,0,2,13.33
262,Chennai,Current,24511364,19,517760.1696,27250.53524,68213.67188,5,1,5.26
263,Mumbai,Current,24488286,23,1317131.792,57266.59965,248912.9375,4,0,0
264,Pune,Premium,19482884,15,799653.332,53310.22213,265745.6875,0,2,13.33
265,Pune,Current,14818646,24,1139733.044,47488.87683,194026.75,4,3,12.5
266,Bangalore,Current,101824128,16,65592.2605,4099.516281,9868.959961,0,0,0
267,Delhi,Premium,115002808,18,302656.5715,16814.25397,62665.80859,11,1,5.56
268,Mumbai,Current,35374000,15,161141.1754,10742.74502,67041.13281,6,1,6.67
269,Delhi,Premium,204747728,14,1133465.646,80961.83182,245601.9844,7,3,21.43
270,Hyderabad,Current,45735348,25,817152.4561,32686.09824,154809.8125,8,2,8
271,Delhi,Current,75770184,20,407374.2875,20368.71438,85349.90625,5,3,15
272,Mumbai,Current,37220904,26,956957.7853,36806.06867,170231.7656,15,3,11.54
273,Chennai,Current,49182712,28,1123886.056,40138.78773,207393.7969,3,2,7.14
274,Mumbai,Current,83221656,17,1098734.296,64631.42917,217607.9688,11,2,11.76
275,Pune,Current,31582164,22,182113.871,8277.903226,42191.46094,4,2,9.09
276,Kolkata,Current,92842752,12,847328.0037,70610.66697,216666.8438,0,4,33.33
277,Bangalore,Current,328704608,24,1025232.005,42718.00023,255958.6875,0,2,8.33
278,Kolkata,Premium,77444672,15,643126.3596,42875.09064,163354.4844,13,2,13.33
279,Hyderabad,Current,26998492,17,339161.7781,19950.69283,81909.07813,11,1,5.88
280,Hyderabad,Current,48119204,24,919165.693,38298.57054,200648.2031,4,1,4.17
281,Mumbai,Premium,29001644,30,1421626.901,47387.56337,194551.1875,0,11,36.67
282,Chennai,Premium,12508653,23,570940.69,24823.50826,188900.125,4,3,13.04
283,Bangalore,Premium,46490088,19,774038.0883,40738.84675,154791.9688,0,2,10.53
284,Bangalore,Current,85204520,15,336116.4414,22407.76276,153257.4531,0,1,6.67
285,Chennai,Current,42728024,16,290551.3865,18159.46166,121803.4375,0,0,0
286,Delhi,Premium,51742032,16,486260.359,30391.27244,128311.6016,18,4,25
287,Chennai,Current,73729568,27,915169.3976,33895.16287,182656.7031,7,3,11.11
288,Ahmedabad,Current,410960288,21,558240.0919,26582.86152,133728.1406,0,0,0
289,Mumbai,Current,70564232,25,881543.6197,35261.74479,162405.9063,0,3,12
290,Pune,Premium,464597696,20,328915.1942,16445.75971,69965.1875,0,8,40
291,Hyderabad,Premium,521515840,29,1753624.042,60469.79457,264144.9375,13,2,6.9
292,Mumbai,Premium,144287472,26,1648033.421,63385.9008,242187.6875,0,2,7.69
293,Ahmedabad,Current,69401624,21,1072462.175,51069.62738,154923.7031,4,1,4.76
294,Kolkata,Current,53563308,15,472675.1312,31511.67542,174265.2031,13,1,6.67
295,Ahmedabad,Current,318077440,21,886069.3508,42193.77861,207070.3281,4,2,9.52
296,Bangalore,Current,30085926,25,1168226.651,46729.06603,130770.0469,0,0,0
297,Kolkata,Premium,46322216,25,760216.3752,30408.65501,135414.7031,0,2,8
298,Chennai,Premium,151946752,20,1150013.833,57500.69166,250128.9531,5,1,5
299,Ahmedabad,Premium,145339120,24,381388.3847,15891.1827,52847.78906,12,3,12.5
300,Chennai,Current,71262768,27,892968.8332,33072.91975,208518.2031,7,2,7.41
301,Ahmedabad,Current,106169216,22,1002801.043,45581.86558,168019.0938,0,2,9.09
302,Hyderabad,Current,38036932,17,601616.3126,35389.19486,166970.0938,5,2,11.76
303,Ahmedabad,Current,51027232,34,1688731.917,49668.5858,248628.9063,11,3,8.82
304,Ahmedabad,Current,25240752,20,635175.2566,31758.76283,130722.6484,0,2,10
305,Hyderabad,Current,134410704,27,1719250.893,63675.959,240860.625,3,1,3.7
306,Pune,Current,31240064,19,553969.3527,29156.28172,122690.6094,5,1,5.26
307,Delhi,Premium,149760016,23,505984.9378,21999.34512,247596.5156,8,1,4.35
308,Pune,Current,736225472,14,616030.6045,44002.18604,135099.6563,7,1,7.14
309,Hyderabad,Current,347409920,25,1335714.96,53428.5984,226381.0938,0,12,48
310,Bangalore,Current,73807872,21,633527.4827,30167.97537,139812.9531,4,0,0
311,Ahmedabad,Current,189449600,22,625346.5731,28424.84423,196140.3438,13,1,4.55
312,Mumbai,Premium,69289928,30,1582534.37,52751.14566,271340.6563,6,3,10
313,Pune,Current,21025796,21,574089.4904,27337.59478,232830.6563,9,3,14.29
314,Delhi,Current,24229294,21,1262070.922,60098.61531,214317.0625,4,3,14.29
315,Chennai,Premium,121168304,23,586694.0925,25508.43881,134224.6875,8,2,8.7
316,Mumbai,Premium,62383916,24,652239.8435,27176.66015,114862.6094,4,2,8.33
317,Ahmedabad,Current,216170512,17,935733.9331,55043.17254,272622.75,0,2,11.76
318,Hyderabad,Current,25368984,25,497628.8129,19905.15252,177173.1875,4,2,8
319,Chennai,Premium,83097912,27,2162553.171,80094.56189,264397.8438,0,7,25.93
320,Delhi,Current,28178144,23,1296271.307,56359.62206,245190.5781,4,6,26.09
321,Ahmedabad,Premium,17022658,25,383294.217,15331.76868,67098.32031,8,2,8
322,Hyderabad,Premium,26476572,19,1268173.567,66745.97723,182417.9219,10,1,5.26
323,Mumbai,Current,66948596,16,277576.9973,17348.56233,76429.35938,6,3,18.75
324,Hyderabad,Current,68887728,17,653116.7365,38418.63156,257912.6719,5,2,11.76
325,Delhi,Current,367324512,24,1301925.484,54246.89518,214755.4219,4,1,4.17
326,Pune,Current,1370307712,26,1283360.217,49360.00834,204241.3125,3,2,7.69
327,Pune,Current,37457860,27,2349379.369,87014.05071,276347.6875,3,7,25.93
328,Ahmedabad,Premium,163735168,21,325602.7195,15504.89141,62367.71875,14,2,9.52
329,Pune,Current,32034854,21,545657.3799,25983.68476,93775.99219,9,3,14.29
330,Bangalore,Premium,108190752,27,1145661.966,42431.92466,253042.6719,7,3,11.11
331,Hyderabad,Premium,154997648,22,223755.1301,10170.68773,65896.39063,4,0,0
332,Bangalore,Premium,31523384,19,851804.5833,44831.82017,257201.125,5,2,10.53
333,Chennai,Premium,16342738,17,883990.1252,51999.41913,198104.6094,5,8,47.06
334,Delhi,Premium,55292420,23,468418.9754,20366.04241,138418.5938,0,1,4.35
335,Ahmedabad,Premium,317123264,18,851645.9932,47313.66629,171377.6875,22,3,16.67
336,Hyderabad,Current,37924272,11,917741.7213,83431.06558,190966.8125,0,2,18.18
337,Pune,Premium,31524416,22,874516.9636,39750.77107,178565.4063,0,2,9.09
338,Chennai,Premium,55392708,18,625445.7561,34746.98645,181991.8594,0,0,0
339,Mumbai,Current,62867900,20,508364.8534,25418.24267,176042.9375,0,3,15
340,Chennai,Current,132693664,21,677473.0016,32260.61912,129622.3594,0,5,23.81
341,Kolkata,Current,691280512,17,1140373.486,67080.7933,174845.7969,11,0,0
342,Hyderabad,Current,60504384,27,1399816.803,51845.06677,255094.8438,3,4,14.81
343,Delhi,Current,103546096,27,1103212.333,40859.71602,233236.0625,3,3,11.11
344,Bangalore,Current,38314160,20,347605.8281,17380.2914,146697.5469,15,1,5
345,Hyderabad,Current,61295444,23,352823.6998,15340.16086,46850.69922,0,0,0
346,Kolkata,Current,86504088,27,809219.3946,29971.08869,201062.2031,0,0,0
347,Chennai,Current,15341714,16,501075.0392,31317.18995,131341.75,18,3,18.75
348,Bangalore,Premium,179993776,24,576630.2863,24026.26193,242472.7188,8,4,16.67
349,Ahmedabad,Current,57734988,20,1009199.708,50459.9854,268177.2188,0,3,15
350,Pune,Current,273841696,21,850239.7999,40487.60952,228332.625,0,2,9.52
351,Bangalore,Premium,42911000,18,538275.7227,29904.20681,265872.5625,0,2,11.11
352,Kolkata,Current,228056240,29,818351.9655,28219.03329,179818.75,3,3,10.34
353,Chennai,Current,275820192,20,965997.1979,48299.85989,200266.7344,15,4,20
354,Mumbai,Current,38875284,14,106183.0209,7584.501491,38438.03125,7,0,0
355,Ahmedabad,Current,92048080,18,1889112.985,104950.7214,250498.1094,5,2,11.11
356,Kolkata,Premium,29191396,15,1044089.733,69605.9822,234453.3438,0,3,20
357,Kolkata,Premium,173945616,22,768362.9512,34925.58869,109217.4766,0,0,0
358,Chennai,Current,112007072,19,761728.3142,40090.96391,183034.9063,0,2,10.53
359,Hyderabad,Current,72545552,12,842746.7164,70228.89303,245486.3594,0,0,0
360,Ahmedabad,Premium,245860752,19,541962.2749,28524.33026,104502.0625,5,6,31.58
361,Pune,Current,26671442,25,283608.6638,11344.34655,100561.8125,4,4,16
362,Kolkata,Premium,78411208,21,431025.215,20525.01024,69311.95313,4,4,19.05
363,Delhi,Current,46013124,27,581870.3649,21550.75425,63537.92188,3,2,7.41
364,Mumbai,Premium,43887552,17,285912.3812,16818.37536,69866.67188,0,1,5.88
365,Pune,Current,28664090,19,239123.4642,12585.44548,48261.01172,5,1,5.26
366,Chennai,Current,32805580,24,1110936.841,46289.03505,242559.9375,4,0,0
367,Bangalore,Premium,34597384,30,569553.9753,18985.13251,147531.25,3,2,6.67
368,Bangalore,Premium,81815976,25,889996.1738,35599.84695,159145.1719,0,1,4
369,Chennai,Premium,119174112,26,853886.6592,32841.79458,99312.13281,3,2,7.69
370,Chennai,Premium,32028770,36,1477059.317,41029.42547,215770.625,0,2,5.56
371,Delhi,Current,79731672,24,1099321.615,45805.06728,227070.8594,12,0,0
372,Kolkata,Premium,249730784,19,126466.3405,6656.123182,63034.30078,0,0,0
373,Chennai,Premium,42635588,21,1586686.444,75556.49734,196823.3906,4,0,0
374,Bangalore,Current,79463128,18,651282.7467,36182.37482,159496.7031,11,2,11.11
375,Bangalore,Premium,64278444,17,373694.9843,21982.0579,123715.6172,0,9,52.94
376,Bangalore,Premium,68877216,19,1003844.823,52833.93806,267251.625,0,0,0
377,Chennai,Premium,44144220,24,501792.8396,20908.03498,137354.4844,4,3,12.5
378,Pune,Current,20110286,14,1197317.315,85522.66539,265604.4688,7,1,7.14
379,Kolkata,Current,28074362,19,689459.1116,36287.32166,111019.7188,10,0,0
380,Hyderabad,Current,13444688,20,653454.8145,32672.74072,175614.375,0,1,5
381,Kolkata,Current,64168540,28,794544.7953,28376.59983,135064.3438,7,4,14.29
382,Kolkata,Current,26429054,24,1276502.026,53187.58442,226761.6094,12,7,29.17
383,Kolkata,Current,102055696,24,1187023.964,49459.33182,230296.4531,0,0,0
384,Bangalore,Current,177893040,22,635182.257,28871.92077,188972.1875,13,0,0
385,Chennai,Current,16977116,22,790856.3455,35948.01571,187856.2031,4,1,4.55
386,Bangalore,Current,50981668,24,516810.0448,21533.75187,92888.02344,4,1,4.17
387,Mumbai,Premium,81663312,16,435519.591,27219.97444,108650.3203,12,3,18.75
388,Chennai,Premium,175606320,23,1621869.016,70516.04416,265860.0313,0,1,4.35
389,Delhi,Premium,37799232,22,543180.8544,24690.03884,111784.8203,9,2,9.09
390,Hyderabad,Current,90395952,27,941968.313,34887.7153,223810.9844,3,3,11.11
391,Delhi,Premium,35841400,28,1495355.038,53405.53708,241657.6406,3,2,7.14
392,Ahmedabad,Current,255723312,33,838393.0795,25405.85089,234916.8281,3,4,12.12
393,Pune,Current,616338880,22,1021479.25,46430.87498,225155.1094,4,2,9.09
394,Mumbai,Current,125134424,25,834686.5136,33387.46054,136610.9531,0,1,4
395,Pune,Current,165218528,27,730737.0616,27064.33562,142446.9063,3,3,11.11
396,Kolkata,Current,72564208,27,454216.3819,16822.82896,53390.23047,3,1,3.7
397,Hyderabad,Premium,484144704,14,454299.3855,32449.95611,135281.0938,7,0,0
398,Mumbai,Premium,29765308,17,511427.7066,30083.98274,232891.7969,0,3,17.65
399,Ahmedabad,Premium,69991848,19,1049672.972,55245.9459,261734.7656,10,4,21.05
400,Delhi,Premium,8398151,24,806445.3903,33601.89126,197752.0469,8,0,0
401,Kolkata,Current,33656776,23,1423461.446,61889.62808,138751.2656,8,2,8.7
402,Kolkata,Premium,82243208,16,258187.8115,16136.73822,68536.35938,12,4,25
403,Ahmedabad,Premium,97422720,16,315875.6086,19742.22554,70609.6875,6,1,6.25
404,Mumbai,Premium,229931808,20,626815.9679,31340.79839,203651.0313,15,12,60
405,Hyderabad,Current,32692240,19,1328394.965,69915.52446,234334.5469,0,1,5.26
406,Ahmedabad,Premium,44949224,17,97616.18127,5742.12831,17824.14063,0,0,0
407,Chennai,Current,72805544,22,775660.9257,35257.31481,274259.25,9,6,27.27
408,Pune,Current,86037808,10,395461.3735,39546.13735,149238.7656,0,0,0
409,Chennai,Current,131713992,23,932930.6864,40562.20376,128808.6406,0,4,17.39
410,Mumbai,Premium,14730605,30,2051257.373,68375.24578,277253.125,3,5,16.67
411,Pune,Current,144394832,22,1406700.139,63940.91539,177892.5938,9,4,18.18
412,Kolkata,Premium,438518400,28,1006651.145,35951.82659,141143.5156,3,1,3.57
413,Delhi,Current,159458752,17,427802.7861,25164.86977,160192.5156,5,3,17.65
414,Delhi,Current,39527000,17,833466.5859,49027.44623,273861.6563,0,0,0
415,Chennai,Premium,40266020,24,1077982.697,44915.94571,262651.9063,4,3,12.5
416,Mumbai,Premium,184269120,23,642307.0212,27926.39223,68438.50781,4,0,0
417,Mumbai,Premium,15871235,20,729217.7165,36460.88582,199126.5938,5,1,5
418,Kolkata,Premium,24017938,16,1011782.261,63236.39131,199742.4688,0,1,6.25
419,Hyderabad,Current,44306916,23,1196631.496,52027.45633,260052,0,2,8.7
420,Chennai,Current,55253820,14,202960.0275,14497.14482,50955.98828,0,0,0
421,Ahmedabad,Current,88419664,15,477459.2668,31830.61779,164529.1094,0,0,0
422,Chennai,Premium,40731920,23,469877.7894,20429.4691,98851.21875,0,3,13.04
423,Hyderabad,Premium,343529120,16,924813.5479,57800.84674,187440.0781,0,2,12.5
424,Hyderabad,Current,40327232,17,369089.2121,21711.13012,132448.0313,0,0,0
425,Chennai,Current,181795728,18,603163.6236,33509.0902,168389.7188,0,0,0
426,Chennai,Premium,39976668,20,282334.1457,14116.70728,112935.3672,5,1,5
427,Pune,Premium,58398076,29,874327.2839,30149.21669,107521.6328,13,2,6.9
428,Hyderabad,Current,140569504,16,224784.1896,14049.01185,33547.73828,0,1,6.25
429,Ahmedabad,Premium,149150800,22,651308.6442,29604.93837,107388.4531,13,6,27.27
430,Delhi,Premium,36564804,25,605732.6192,24229.30477,267892.9688,8,0,0
431,Kolkata,Current,41916176,26,524787.2735,20184.1259,106148.0938,3,0,0
432,Chennai,Current,22636858,23,850202.365,36965.32022,254150.5469,8,5,21.74
433,Ahmedabad,Premium,246691008,20,444680.6801,22234.03401,174116.1719,5,4,20
434,Chennai,Premium,157339600,28,841116.4119,30039.87185,201173.8438,3,2,7.14
435,Kolkata,Current,54369384,21,447759.6439,21321.88781,136785.4844,4,1,4.76
436,Pune,Premium,37585176,21,1719904.807,81900.22892,257339.2656,4,2,9.52
437,Bangalore,Premium,316892992,22,1666402.486,75745.56755,237955.625,0,1,4.55
438,Bangalore,Premium,57015168,16,769089.6445,48068.10278,263105.5938,18,1,6.25
439,Pune,Current,440007360,21,309235.0289,14725.47757,124636.3516,14,1,4.76
440,Ahmedabad,Current,79296512,18,730218.7599,40567.70889,200478.8125,0,0,0
441,Pune,Premium,32229252,31,730133.2584,23552.68575,120665.0781,3,1,3.23
442,Kolkata,Current,443197312,18,863488.8267,47971.60148,227990.3125,11,3,16.67
443,Bangalore,Premium,349038432,17,1124204.69,66129.68767,271267.3438,5,2,11.76
444,Hyderabad,Premium,47721680,30,1930712.797,64357.09324,200969.2813,10,8,26.67
445,Delhi,Current,49941808,20,1298902.639,64945.13194,257676.2031,5,0,0
446,Hyderabad,Current,71261624,14,358247.0128,25589.07234,67218.47656,7,0,0
447,Ahmedabad,Premium,29673902,25,616198.1122,24647.92449,128712.6406,16,4,16
448,Bangalore,Current,577567424,23,1301723.927,56596.69249,250819.2031,0,4,17.39
449,Hyderabad,Premium,255212880,18,568521.2792,31584.51551,186659.4375,5,4,22.22
450,Hyderabad,Premium,62966496,20,1687334.027,84366.70133,267199.2188,10,2,10
451,Chennai,Current,143909392,23,918337.8198,39927.7313,158819.7656,0,1,4.35
452,Bangalore,Current,29034562,22,1623337.487,73788.06761,236430.2344,4,2,9.09
453,Mumbai,Premium,55531652,14,700589.9359,50042.13828,246035.8281,0,2,14.29
454,Hyderabad,Premium,18733034,20,1185711.402,59285.57009,205269.3281,5,1,5
455,Delhi,Premium,32014728,26,1175994.904,45230.57322,275211.5,0,3,11.54
456,Delhi,Current,34247688,24,1522545.559,63439.3983,232640.8125,0,1,4.17
457,Delhi,Current,47467564,23,501930.3699,21823.05956,88650.78906,4,2,8.7
458,Ahmedabad,Premium,161140464,23,686796.1777,29860.70338,152782.6094,0,0,0
459,Mumbai,Current,121940304,26,520592.9243,20022.80478,63786.14844,3,2,7.69
460,Hyderabad,Current,10125944,31,509007.1268,16419.58474,90174.9375,0,2,6.45
461,Delhi,Premium,104754808,30,815112.1761,27170.40587,205794.9531,10,4,13.33
462,Kolkata,Current,39289888,20,1357137.611,67856.88057,206006.2344,10,1,5
463,Kolkata,Current,74172008,25,651771.1918,26070.84767,216138.6563,8,3,12
464,Kolkata,Current,10561588,18,525421.5507,29190.08615,179174.9063,5,3,16.67
465,Delhi,Premium,101765264,15,288376.7502,19225.11668,41043.5,6,1,6.67
466,Pune,Premium,313779040,31,958549.9764,30920.96698,192204.5469,3,1,3.23
467,Kolkata,Premium,523234752,20,1493339.756,74666.98782,229921.4531,20,6,30
468,Bangalore,Premium,17464726,19,1210795.203,63726.06334,200022.3438,5,4,21.05
469,Pune,Premium,18900078,27,1308902.087,48477.85508,254756.5469,3,7,25.93
470,Delhi,Premium,78886144,22,483544.4154,21979.29161,210608.1563,4,2,9.09
471,Mumbai,Current,41578396,14,361051.6853,25789.40609,67839.34375,0,0,0
472,Hyderabad,Current,55950852,19,457989.9797,24104.73577,106053.8906,10,2,10.53
473,Mumbai,Current,76299672,22,931028.3081,42319.46855,151528.4531,0,3,13.64
474,Mumbai,Current,97214936,21,359221.5049,17105.78595,63114.67188,9,0,0
475,Ahmedabad,Premium,65622676,18,811394.397,45077.4665,156943.0781,0,6,33.33
476,Chennai,Current,441669344,16,536717.3951,33544.8372,277765.0938,6,0,0
477,Hyderabad,Premium,63090600,18,313420.0843,17412.2269,138582.1875,0,0,0
478,Pune,Current,127725096,17,276452.2277,16261.89575,135290.0469,5,0,0
479,Mumbai,Current,166315728,17,697085.6022,41005.03543,193547.0625,11,3,17.65
480,Pune,Current,52110224,16,411365.2478,25710.32799,124295.7813,6,1,6.25
481,Mumbai,Current,51781364,32,1608544.17,50267.00531,259520.7344,0,3,9.38
482,Mumbai,Current,70148168,26,822582.0076,31637.76952,216162.4844,0,1,3.85
483,Hyderabad,Premium,201002208,22,1431839.677,65083.6217,211454.1875,4,0,0
484,Pune,Premium,121990720,25,1116008.627,44640.34507,196614.2344,8,0,0
485,Hyderabad,Current,61876896,21,801870.1296,38184.29189,198767.6563,0,3,14.29
486,Delhi,Current,50173196,39,1472155.419,37747.57484,203788,0,2,5.13
487,Bangalore,Current,150700352,21,1213114.945,57767.37835,182026.0625,4,2,9.52
488,Bangalore,Current,65745964,22,353749.6919,16079.53145,179008.0313,4,2,9.09
489,Mumbai,Current,111828312,21,508019.7385,24191.41612,271901.9688,9,7,33.33
490,Delhi,Current,86956672,25,607216.1385,24288.64554,251814.2969,0,10,40
491,Chennai,Current,178652816,18,982157.2545,54564.29191,180541.4063,16,1,5.56
492,Mumbai,Current,27267826,25,714499.1226,28579.9649,146890.9844,8,2,8
493,Pune,Current,285232320,22,564934.0734,25678.82152,233523.0156,4,1,4.55
494,Bangalore,Premium,51031028,13,502083.5669,38621.81284,181090.5938,0,1,7.69
495,Bangalore,Current,200528416,21,414729.1753,19749.00835,158414.5938,0,0,0
496,Chennai,Premium,58587488,24,490340.6957,20430.86232,114126.2969,0,0,0
497,Delhi,Current,153383760,19,1038795.452,54673.44482,266711.125,0,1,5.26
498,Ahmedabad,Current,42391812,14,424598.7969,30328.48549,126854.9531,14,2,14.29
499,Ahmedabad,Current,41673788,21,890828.615,42420.41024,188339.1719,9,4,19.05
500,Ahmedabad,Current,83746840,26,1046953.667,40267.44873,225000.0938,0,1,3.85
501,Mumbai,Current,70164064,28,945652.0398,33773.28714,214786.9844,7,1,3.57
502,Delhi,Premium,34492964,17,538421.9663,31671.88037,174493.4531,5,3,17.65
503,Delhi,Current,2209756416,23,868903.4878,37778.41251,235087.5469,4,0,0
504,Pune,Current,156011216,18,927818.303,51545.46128,180684.5313,11,5,27.78
505,Pune,Current,88199312,23,752914.9985,32735.43472,148238.2656,13,5,21.74
506,Delhi,Premium,26798254,25,550920.1996,22036.80798,60601.07813,0,0,0
507,Bangalore,Current,482882752,26,1052790.995,40491.96134,229209.7969,3,3,11.54
508,Ahmedabad,Premium,42468836,25,704820.3995,28192.81598,177460.2969,8,3,12
509,Delhi,Premium,68654448,31,1165585.359,37599.5277,204216.0625,3,1,3.23
510,Chennai,Premium,70534472,16,871212.4293,54450.77683,266523.625,6,2,12.5
511,Pune,Current,58139156,23,1223079.193,53177.35623,166606.0313,8,6,26.09
512,Ahmedabad,Current,55865324,20,601495.0507,30074.75253,228836.9688,5,1,5
513,Hyderabad,Premium,127632872,22,1229660.48,55893.65816,258540.3438,4,1,4.55
514,Ahmedabad,Current,37051720,26,394130.2962,15158.85754,100948.8281,3,1,3.85
515,Bangalore,Current,95925680,18,1207007.416,67055.96755,270528.7188,5,8,44.44
516,Pune,Current,147318704,24,1785696.413,74404.01722,256309.2344,12,5,20.83
517,Ahmedabad,Premium,539541888,22,1459345.948,66333.90674,265669.625,4,3,13.64
518,Mumbai,Current,36246796,33,674062.3569,20426.13203,183784.3281,0,2,6.06
519,Ahmedabad,Premium,157351728,16,937655.4751,58603.46719,254218.125,12,3,18.75
520,Delhi,Premium,156195472,21,948307.2457,45157.48789,195182.8906,0,2,9.52
521,Chennai,Premium,370332192,21,612830.4437,29182.40208,216112.4063,4,1,4.76
522,Mumbai,Premium,210277152,26,622174.0335,23929.77052,70982.03906,0,1,3.85
523,Kolkata,Current,41766836,23,841516.0721,36587.65531,204450.9844,13,2,8.7
524,Bangalore,Current,213074944,17,263482.6495,15498.97938,65923.17969,11,2,11.76
525,Hyderabad,Premium,21962782,25,514394.8524,20575.7941,129809.6797,4,1,4
526,Hyderabad,Current,46522008,20,318162.8595,15908.14297,48928.73047,5,0,0
527,Kolkata,Premium,31241944,21,1081730.569,51510.9795,237013.5469,9,8,38.1
528,Ahmedabad,Current,46343324,19,895829.8061,47148.93716,238780.2344,5,2,10.53
529,Ahmedabad,Premium,119177824,27,793856.5574,29402.09472,233169.9688,0,1,3.7
530,Ahmedabad,Current,92151384,22,823914.7,37450.66818,168350.9531,4,1,4.55
531,Kolkata,Current,73217512,26,1281459.194,49286.89209,206040.1406,3,3,11.54
532,Chennai,Current,28259776,19,328380.1913,17283.16796,131502.6563,5,0,0
533,Bangalore,Current,580318016,29,1246736.317,42990.90747,137078.7031,10,5,17.24
534,Delhi,Current,57168292,31,738135.376,23810.81858,81096.84375,0,0,0
535,Bangalore,Current,220449664,17,1019772.698,59986.62932,277221.375,0,4,23.53
536,Mumbai,Current,589635200,20,1047646.443,52382.32215,263229.0938,0,1,5
537,Pune,Premium,184974240,33,2030658.268,61535.09903,260787.4375,12,8,24.24
538,Kolkata,Current,47811312,22,622078.6124,28276.30056,198061.8125,0,5,22.73
539,Ahmedabad,Premium,277192416,17,290218.6968,17071.68805,85609.57813,5,2,11.76
540,Chennai,Premium,74487592,33,1867735.085,56598.03287,271125.3125,6,17,51.52
541,Chennai,Premium,73679928,17,914852.5681,53814.85695,191699.5313,5,1,5.88
542,Pune,Premium,127818120,21,398744.1621,18987.81724,127120.3828,0,0,0
543,Bangalore,Premium,77193704,18,282153.9879,15675.22155,57751.76953,0,1,5.56
544,Bangalore,Current,70790584,16,590208.8633,36888.05396,128545.7734,12,1,6.25
545,Pune,Current,93813120,15,1027892.461,68526.16406,255122.8594,0,3,20
546,Bangalore,Current,56966840,20,414552.8588,20727.64294,90138.64844,0,2,10
547,Kolkata,Current,56930424,19,697265.4853,36698.18343,213245.1406,5,2,10.53
548,Bangalore,Current,375521408,28,1224459.923,43730.71155,260854.7969,0,2,7.14
549,Hyderabad,Current,218407840,24,659811.1035,27492.12931,133299.7031,8,2,8.33
550,Bangalore,Premium,30332614,31,744467.8404,24015.09163,213315.6094,6,14,45.16
551,Chennai,Premium,25968912,17,1191887.761,70111.04476,197590.9063,0,2,11.76
552,Bangalore,Premium,119252464,29,1242551.327,42846.59747,264820.9375,10,4,13.79
553,Chennai,Current,68715392,21,1343267.889,63965.13756,250039.7813,0,1,4.76
554,Bangalore,Premium,28914874,21,2023095.066,96337.86026,274469.2813,14,3,14.29
555,Chennai,Current,168520336,20,680203.9246,34010.19623,141443.5625,5,2,10
556,Ahmedabad,Premium,68520192,21,849156.1421,40436.00677,265586.125,9,1,4.76
557,Hyderabad,Current,46893364,15,752777.0891,50185.13927,203168.4844,20,3,20
558,Kolkata,Current,37384232,15,1179752.994,78650.19958,234178.2031,6,1,6.67
559,Delhi,Premium,333128768,15,412986.9379,27532.46253,62698.07031,0,1,6.67
560,Pune,Current,98197672,16,463893.0962,28993.31851,102759.3906,0,1,6.25
561,Delhi,Current,43324968,16,1022254.497,63890.90607,253823.1875,0,1,6.25
562,Chennai,Current,31321280,25,200652.3098,8026.092394,35794.12109,8,0,0
563,Pune,Current,154908304,20,381115.9472,19055.79736,60821.03906,5,2,10
564,Mumbai,Current,65359948,16,667271.281,41704.45506,206167.2969,0,1,6.25
565,Kolkata,Current,70053720,20,574195.9988,28709.79994,117244.3281,0,2,10
566,Hyderabad,Current,35085604,19,718045.6432,37791.87596,131767.8438,5,1,5.26
567,Ahmedabad,Current,54737304,17,437223.3462,25719.02037,137630.0625,0,0,0
568,Mumbai,Current,246673328,26,301900.0122,11611.53893,80185.38281,0,0,0
569,Ahmedabad,Current,139150416,20,1298589.428,64929.47141,266209.1563,5,4,20
570,Mumbai,Current,40427048,17,870516.7842,51206.86966,199177.5938,0,2,11.76
571,Hyderabad,Premium,47603504,27,614247.95,22749.92407,144836.9688,7,2,7.41
572,Kolkata,Premium,21097000,30,1390480.995,46349.36649,180163.0938,6,2,6.67
573,Bangalore,Premium,133959504,14,286426.7627,20459.05448,70252.53125,0,2,14.29
574,Kolkata,Premium,40949592,17,106415.8499,6259.755879,16387.41992,11,2,11.76
575,Hyderabad,Current,55829928,22,433431.45,19701.42954,111914.9688,4,1,4.55
576,Ahmedabad,Current,67653744,29,540284.6403,18630.50484,65579.78125,3,0,0
577,Mumbai,Current,101801032,25,1059771.564,42390.86255,181641.1875,8,3,12
578,Mumbai,Current,107952104,18,862400.5192,47911.13995,262157.3125,0,3,16.67
579,Delhi,Current,83210712,12,473134.6787,39427.88989,184270.0625,0,2,16.67
580,Kolkata,Current,80069896,17,431523.1309,25383.71358,144543.9844,0,5,29.41
581,Kolkata,Current,27947868,27,1100297.561,40751.76151,228827.9844,3,0,0
582,Delhi,Current,95394512,18,542617.296,30145.40533,116730.6719,5,1,5.56
583,Chennai,Premium,106830816,29,1186770.058,40923.10546,182303.3438,0,3,10.34
584,Mumbai,Current,112758392,21,1168787.599,55656.55232,268312.0313,4,9,42.86
585,Bangalore,Premium,14038127,25,1073892.312,42955.69249,237996.4688,4,3,12
586,Pune,Current,137973648,26,1186262.433,45625.4782,132364.8125,7,2,7.69
587,Bangalore,Premium,38188256,19,604922.2213,31838.01165,220491.6719,15,3,15.79
588,Chennai,Current,65903348,18,347121.461,19284.52561,47165.69141,5,1,5.56
589,Bangalore,Premium,51991760,23,651831.2522,28340.48923,206331.7656,4,2,8.7
590,Hyderabad,Premium,458950400,16,235528.7792,14720.5487,59594.83984,0,0,0
591,Hyderabad,Premium,82577520,24,914915.0958,38121.46233,239130.5938,4,2,8.33
592,Ahmedabad,Premium,37297304,24,753129.4996,31380.39582,98280.42188,0,1,4.17
593,Delhi,Current,34119064,23,308602.6593,13417.50693,95829.25781,0,0,0
594,Hyderabad,Current,135450432,21,1165100.11,55480.9576,243892.7969,4,2,9.52
595,Mumbai,Current,59541820,25,1563948.804,62557.95215,269260.3125,12,4,16
596,Delhi,Current,24621742,22,579859.0494,26357.22952,146645.9063,0,3,13.64
597,Hyderabad,Current,27740538,27,1227457.078,45461.37327,173666.875,7,2,7.41
598,Mumbai,Premium,139862896,16,175576.3373,10973.52108,33617.98828,0,0,0
599,Mumbai,Current,102114480,25,1370707.418,54828.29673,175218.8281,16,4,16
600,Pune,Current,41969036,14,945514.069,67536.71921,254855.5156,0,3,21.43
601,Hyderabad,Current,84695488,17,1125873.755,66227.86793,262547.625,0,2,11.76
602,Bangalore,Current,177123600,17,1569435.968,92319.76284,230199.4375,0,1,5.88
603,Ahmedabad,Current,45541288,22,838275.2551,38103.42069,188494.2344,9,3,13.64
604,Mumbai,Current,51845500,30,1115199.704,37173.32345,160157.9219,3,2,6.67
605,Kolkata,Current,27690618,32,1116128.97,34879.03033,208203.625,0,0,0
606,Kolkata,Premium,173162272,17,262407.6182,15435.74224,58511.28125,0,1,5.88
607,Mumbai,Current,38247624,17,777251.7744,45720.69261,229692.2344,5,2,11.76
608,Pune,Premium,152148544,26,1271834.242,48916.70161,207172.7969,3,1,3.85
609,Mumbai,Current,34538864,29,927998.3692,31999.94377,181422.4063,0,5,17.24
610,Chennai,Current,373511136,24,1363753.779,56823.0741,214123.3125,0,3,12.5
611,Pune,Premium,15965014,20,531493.2305,26574.66152,109377.8203,10,2,10
612,Hyderabad,Current,38827636,30,1351865.375,45062.17916,190845.3594,10,1,3.33
613,Ahmedabad,Premium,50786736,28,641226.1797,22900.93499,67478.20313,3,4,14.29
614,Mumbai,Premium,64095120,30,551534.7471,18384.49157,127609.5469,6,1,3.33
615,Mumbai,Premium,98267088,21,1287568.415,61312.78165,246631.5156,0,1,4.76
616,Delhi,Current,40064548,23,1267760.9,55120.03913,204348.7813,8,4,17.39
617,Pune,Current,23830232,17,457494.3563,26911.43272,172412.2969,0,0,0
618,Pune,Premium,38661192,26,821993.5773,31615.13759,277194.7188,3,2,7.69
619,Delhi,Premium,194894032,23,873714.1544,37987.57193,275887.0938,4,2,8.7
620,Bangalore,Current,74282720,18,1290081.383,71671.18796,268242.3125,5,4,22.22
621,Kolkata,Current,425246944,22,352525.35,16023.87955,123516.4688,4,3,13.64
622,Chennai,Current,182095744,19,829549.6837,43660.50967,256601.7656,5,1,5.26
623,Pune,Premium,46319800,23,1598890.939,69516.99734,277293.3438,0,4,17.39
624,Bangalore,Current,227678080,15,896465.2136,59764.34757,196506.1563,13,2,13.33
625,Mumbai,Premium,131885384,18,470925.6932,26162.53851,106387.75,0,1,5.56
626,Ahmedabad,Current,93187264,17,1042179.053,61304.65019,207940.5781,5,2,11.76
627,Mumbai,Premium,40924500,24,704051.9788,29335.49911,262509.6875,12,13,54.17
628,Hyderabad,Current,23725694,24,603414.9243,25142.28851,164222.0156,4,0,0
629,Pune,Premium,65823000,18,452530.4471,25140.5804,117081.6563,5,2,11.11
630,Delhi,Current,39544520,21,585415.4922,27876.9282,132764.7969,4,2,9.52
631,Kolkata,Current,151541184,22,1338805.639,60854.80178,251901.5156,9,1,4.55
632,Kolkata,Premium,47928116,25,271917.0506,10876.68202,59865.39063,0,0,0
633,Chennai,Premium,46191148,20,479292.9959,23964.64979,194115.8438,0,1,5
634,Hyderabad,Premium,100482960,15,349446.0027,23296.40018,141846.3438,0,3,20
635,Pune,Current,15905328,18,430267.6384,23903.75769,90424.35938,5,3,16.67
636,Hyderabad,Premium,39148084,16,588447.6011,36777.97507,246344.4531,6,1,6.25
637,Hyderabad,Premium,24523384,27,1643575.647,60873.17212,261912.6875,7,2,7.41
638,Chennai,Current,17135416,25,948726.0701,37949.0428,210899.7031,4,3,12
639,Kolkata,Current,73000848,28,808063.1207,28859.39717,139873.625,7,2,7.14
640,Hyderabad,Premium,31211406,21,675779.7519,32179.98818,270146.9375,0,0,0
641,Delhi,Current,23907006,16,856687.807,53542.98794,233277.5781,0,0,0
642,Mumbai,Premium,332687264,26,728209.4482,28008.0557,169046.8125,7,4,15.38
643,Hyderabad,Current,192719504,25,1514247.605,60569.9042,243978.8125,12,4,16
644,Bangalore,Current,99298592,21,1557933.357,74187.30272,194551.4688,0,1,4.76
645,Ahmedabad,Premium,27684008,23,311712.3793,13552.71214,85573.75,4,1,4.35
646,Chennai,Premium,32656622,22,556983.0511,25317.41142,148601.625,0,1,4.55
647,Pune,Premium,133296928,32,747518.2139,23359.94418,210637.625,6,5,15.63
648,Ahmedabad,Current,550504768,19,954603.6238,50242.29599,200963.5781,0,1,5.26
649,Mumbai,Premium,204229744,25,1022762.663,40910.50653,199701.75,8,2,8
650,Hyderabad,Premium,27099648,23,1222707.684,53161.20367,237907.7031,0,0,0
651,Bangalore,Current,25783462,15,104696.3102,6979.754012,20112.67969,13,1,6.67
652,Hyderabad,Current,750980736,31,1553257.61,50105.0842,238853.9844,0,1,3.23
653,Ahmedabad,Premium,18012846,29,468642.327,16160.08024,100350.3984,3,3,10.34
654,Hyderabad,Current,92525272,30,1105327.084,36844.23614,211374.5313,6,4,13.33
655,Bangalore,Current,61118624,21,560989.3612,26713.77911,234443.7656,19,2,9.52
656,Kolkata,Premium,53575848,22,315053.4453,14320.61115,90151.34375,9,3,13.64
657,Hyderabad,Current,73075624,22,892166.2465,40553.0112,158571.0156,4,1,4.55
658,Hyderabad,Premium,769098240,26,1277265.799,49125.60767,272605.875,0,4,15.38
659,Ahmedabad,Current,69589784,31,850439.9413,27433.54649,184232.9063,0,1,3.23
660,Kolkata,Premium,35469848,22,613527.0881,27887.59492,148169.1094,0,4,18.18
661,Kolkata,Current,37729000,23,1012979.537,44042.58859,230211.4688,0,1,4.35
662,Hyderabad,Current,11559686,21,527594.5605,25123.5505,99745.35938,4,0,0
663,Ahmedabad,Current,14877360,17,582198.7213,34246.98361,227460.5469,11,3,17.65
664,Hyderabad,Premium,42004156,24,776397.6899,32349.90375,188095.4375,0,8,33.33
665,Bangalore,Premium,40362164,20,561208.6157,28060.43079,136292.1563,10,1,5
666,Chennai,Current,471652352,20,346549.9524,17327.49762,58587.42969,0,1,5
667,Chennai,Current,103095168,17,333514.2722,19618.4866,56104.51953,11,3,17.65
668,Kolkata,Premium,245390832,25,986318.1249,39452.725,235604.125,12,4,16
669,Pune,Current,61581640,22,1177657.783,53529.89925,271764.625,4,2,9.09
670,Ahmedabad,Current,44012816,19,757138.8362,39849.41243,277231.9063,5,2,10.53
671,Chennai,Premium,93017736,29,471329.7466,16252.74988,155113.2656,0,4,13.79
672,Hyderabad,Premium,412489760,22,602734.5211,27397.02369,139319.9219,13,3,13.64
673,Chennai,Current,62808192,20,968413.4037,48420.67018,240078.3281,5,2,10
674,Chennai,Current,94128304,26,1265232.526,48662.78944,187295.9375,11,2,7.69
675,Hyderabad,Current,48987084,24,693920.6403,28913.36001,206700.0938,4,1,4.17
676,Bangalore,Premium,31785300,16,305026.6619,19064.16637,84472.00781,6,0,0
677,Delhi,Premium,54367188,25,806937.9938,32277.51975,115727.8984,4,1,4
678,Mumbai,Current,66603860,18,682891.8009,37938.43338,129732.5781,5,1,5.56
679,Pune,Current,29606970,26,685555.6606,26367.52541,164868.2969,0,1,3.85
680,Delhi,Current,73560616,24,681012.0211,28375.50088,237023.8906,0,1,4.17
681,Kolkata,Current,43365644,25,608511.8517,24340.47407,67231.17969,4,1,4
682,Delhi,Current,79407776,18,1021193.597,56732.97762,218892.7031,5,1,5.56
683,Delhi,Premium,156891696,17,603877.8035,35522.22373,266381.0625,0,1,5.88
684,Delhi,Current,29769436,35,1518145.371,43375.58203,141557.625,11,3,8.57
685,Pune,Current,45012192,19,862951.9011,45418.52111,201889.9375,0,0,0
686,Kolkata,Premium,114045800,20,525253.1237,26262.65618,171814.2031,5,2,10
687,Kolkata,Current,60858644,21,1037826.621,49420.31527,196947.875,9,4,19.05
688,Pune,Current,20256038,22,1052862.389,47857.38134,266083.5,4,2,9.09
689,Delhi,Current,131700520,16,333253.317,20828.33231,65240.39844,6,1,6.25
690,Kolkata,Premium,21636846,22,743043.7883,33774.71765,174586.5156,4,1,4.55
691,Mumbai,Current,45861840,26,739744.1543,28451.69824,146922.2656,0,1,3.85
692,Chennai,Premium,179333728,23,1468893.734,63864.94498,247469.6563,4,2,8.7
693,Delhi,Current,115812000,31,934312.4281,30139.11058,196823.2656,9,2,6.45
694,Chennai,Current,20627160,23,1527964.499,66433.23908,205328.2656,8,9,39.13
695,Ahmedabad,Current,45714260,20,424021.6412,21201.08206,123531.0391,5,0,0
696,Chennai,Current,53427900,20,631992.0473,31599.60237,154001.9844,0,4,20
697,Ahmedabad,Current,19549800,26,1282834.215,49339.77751,227038.8438,0,4,15.38
698,Pune,Premium,479837280,16,225032.2803,14064.51752,57858.48828,0,1,6.25
699,Pune,Premium,53923748,20,1409854.304,70492.71519,250954.7656,5,3,15
700,Hyderabad,Premium,39325884,17,452218.4036,26601.08256,163837.2813,0,1,5.88
701,Mumbai,Current,676866496,28,1653471.994,59052.57121,200203.8125,3,1,3.57
702,Kolkata,Current,72820672,20,912532.2832,45626.61416,226135.8438,10,5,25
703,Chennai,Current,53256708,24,1432867.813,59702.82555,250118.9063,0,2,8.33
704,Bangalore,Current,35716108,20,440953.5176,22047.67588,113714.1563,5,2,10
705,Bangalore,Current,50369124,18,659601.3109,36644.51727,124810.8125,0,2,11.11
706,Kolkata,Premium,50550028,16,415099.7346,25943.73341,94160.70313,6,1,6.25
707,Delhi,Premium,63631380,14,497983.1262,35570.2233,181991.2656,7,1,7.14
708,Hyderabad,Premium,65202848,30,1203775.315,40125.84385,250553.0938,6,3,10
709,Pune,Current,17360968,25,445603.1766,17824.12707,124765.9297,8,2,8
710,Bangalore,Current,151746320,24,404807.2056,16866.9669,118564.3672,4,2,8.33
711,Bangalore,Current,229106960,23,998646.511,43419.41352,191016.4531,4,3,13.04
712,Pune,Premium,21700118,17,1094822.682,64401.33424,270177.1875,0,0,0
713,Kolkata,Premium,72705208,25,635040.2197,25401.60879,131661.7344,0,1,4
714,Mumbai,Current,80566616,24,1755376.266,73140.67776,268027.9063,4,3,12.5
715,Ahmedabad,Current,88996992,22,669233.0806,30419.68548,165993.625,18,5,22.73
716,Mumbai,Current,28426478,21,600103.9524,28576.37869,154305.6563,4,2,9.52
717,Bangalore,Current,47911744,11,384630.8935,34966.44486,155650.3125,0,2,18.18
718,Ahmedabad,Premium,50507732,25,1031310.858,41252.43431,202665.1563,8,2,8
719,Delhi,Current,34776028,36,1600521.114,44458.91984,274723.625,5,3,8.33
720,Ahmedabad,Current,30515570,20,1065544.43,53277.22151,175648.0469,10,2,10
721,Mumbai,Current,20060584,20,787993.6019,39399.6801,215480.3125,10,4,20
722,Hyderabad,Premium,51868896,22,1610420.428,73200.92854,258473.4844,0,4,18.18
723,Delhi,Current,45962776,31,1178411.977,38013.28957,277844.625,3,2,6.45
724,Ahmedabad,Premium,362049152,21,1464432.824,69734.8964,217784.0938,4,3,14.29
725,Mumbai,Current,38728020,19,256584.7727,13504.46172,63746.19922,5,1,5.26
726,Ahmedabad,Premium,21639014,18,468718.1884,26039.89936,156374.3438,5,3,16.67
727,Hyderabad,Current,82419024,19,359451.7378,18918.51252,128090.9531,21,2,10.53
728,Hyderabad,Premium,41375920,22,1427843.537,64901.97897,234430.1719,0,2,9.09
729,Pune,Current,39148500,20,273387.5454,13669.37727,63256.12891,0,0,0
730,Mumbai,Premium,37407528,29,710902.3191,24513.87307,176548.6875,6,1,3.45
731,Pune,Premium,35239304,32,1572115.478,49128.60868,204344.7656,3,1,3.13
732,Delhi,Current,225726464,28,771272.8748,27545.45982,201440.9844,0,1,3.57
733,Hyderabad,Premium,78282208,22,354881.521,16130.97823,53974.17969,4,3,13.64
734,Kolkata,Premium,51556576,23,591130.6395,25701.33215,105224.1484,4,1,4.35
735,Chennai,Current,30302242,15,448577.8345,29905.18896,208396.375,13,4,26.67
736,Bangalore,Premium,25952674,21,385877.7899,18375.13285,200909.5313,9,2,9.52
737,Ahmedabad,Premium,71591408,22,948049.3481,43093.15219,275374.5,0,0,0
738,Kolkata,Premium,69822744,20,1026888.695,51344.43474,272198.7188,10,1,5
739,Chennai,Premium,67743680,29,2091423.349,72118.0465,261982.9531,6,3,10.34
740,Hyderabad,Premium,88169992,30,810382.8979,27012.76326,195526.3906,3,4,13.33
741,Ahmedabad,Current,431298528,19,493978.0144,25998.84286,135839.9063,0,1,5.26
742,Pune,Premium,92449792,32,1239090.081,38721.56502,188054.5625,3,5,15.63
743,Ahmedabad,Premium,28288410,34,1526678.341,44902.30414,195231.2656,5,3,8.82
744,Mumbai,Current,29668690,20,951538.9523,47576.94761,228335.9844,0,0,0
745,Kolkata,Current,58023624,20,882008.2126,44100.41063,186409.9531,5,0,0
746,Mumbai,Premium,13635645,21,665989.8406,31713.80193,198063.4063,4,1,4.76
747,Ahmedabad,Premium,18346288,25,1046359.673,41854.38694,222668.1719,0,3,12
748,Hyderabad,Current,16783890,25,622819.6339,24912.78536,126326.4766,12,8,32
749,Bangalore,Current,323480704,22,653239.1298,29692.68772,202777.8125,4,0,0
750,Bangalore,Premium,37018076,24,1103658.672,45985.778,203369.3438,4,0,0
751,Ahmedabad,Premium,183420304,20,642345.9026,32117.29513,101272.9688,0,0,0
752,Hyderabad,Current,41231784,24,1614273.04,67261.37666,276981.375,4,2,8.33
753,Chennai,Premium,45986688,15,740693.9291,49379.59527,175324.125,0,2,13.33
754,Bangalore,Premium,37336420,18,409623.8501,22756.88056,67036.67188,11,1,5.56
755,Pune,Premium,48722712,27,1249818.909,46289.58922,226939.5938,7,7,25.93
756,Chennai,Premium,206301008,27,1317241.753,48786.7316,197938.0781,7,3,11.11
757,Ahmedabad,Premium,20895898,24,977314.2868,40721.42862,133551.9844,8,3,12.5
758,Kolkata,Current,35944012,22,424518.5525,19296.29784,164123.5,9,2,9.09
759,Hyderabad,Current,33010994,25,2089893.415,83595.7366,273093.8438,0,3,12
760,Ahmedabad,Current,18057456,21,1352940.882,64425.75629,178759.5469,4,1,4.76
761,Ahmedabad,Premium,28216164,23,495659.8467,21550.42812,140780.7031,8,1,4.35
762,Hyderabad,Premium,36479500,16,575762.0759,35985.12975,79076.85938,6,2,12.5
763,Ahmedabad,Premium,43401512,21,539100.0814,25671.43245,133794.7188,4,1,4.76
764,Kolkata,Premium,194129648,16,1253452.491,78340.78067,269330.625,0,0,0
765,Kolkata,Current,29397914,21,548188.7941,26104.22829,232208.6563,4,1,4.76
766,Pune,Current,20380630,24,539583.6101,22482.65042,91010.90625,4,1,4.17
767,Chennai,Current,54070460,17,1011364.722,59492.04249,191161.7656,5,3,17.65
768,Delhi,Premium,23923720,22,731943.2096,33270.14589,274389.4688,9,3,13.64
769,Mumbai,Current,68485856,26,1122345.966,43167.15255,219463.2969,3,1,3.85
770,Kolkata,Premium,45229864,19,531127.3231,27954.06963,127868.5313,5,1,5.26
771,Mumbai,Premium,57953432,20,1593299.436,79664.97178,266720.9063,0,0,0
772,Delhi,Current,82214760,23,999547.8567,43458.60246,255327.3438,4,3,13.04
773,Ahmedabad,Current,41486712,23,1742502.82,75760.99216,260843.2656,0,1,4.35
774,Mumbai,Current,40042116,17,1217616.4,71624.49409,263917.625,0,2,11.76
775,Kolkata,Premium,125197336,26,838522.8367,32250.87833,142416.875,3,6,23.08
776,Pune,Premium,79272656,19,597534.1278,31449.16462,156345.7656,10,4,21.05
777,Mumbai,Premium,35535828,24,979628.5235,40817.85514,182802.1719,8,1,4.17
778,Ahmedabad,Premium,41838712,23,574295.6087,24969.37429,182975.4375,4,2,8.7
779,Delhi,Current,363199008,23,1310450.234,56976.09711,240193.4688,0,1,4.35
780,Mumbai,Current,179414096,14,380754.2517,27196.73226,218457.25,21,1,7.14
781,Kolkata,Premium,266862096,21,429070.1978,20431.91418,146184.6875,4,3,14.29
782,Mumbai,Premium,121257856,21,876301.2791,41728.63234,206843.9063,4,2,9.52
783,Mumbai,Current,102671992,24,1183661.587,49319.23281,272004.6563,8,5,20.83
784,Kolkata,Current,15995856,24,269426.2502,11226.09376,64606.62109,8,2,8.33
785,Chennai,Premium,184927328,25,976329.786,39053.19144,201653.2344,0,1,4
786,Delhi,Current,69067880,21,586257.7548,27917.03594,110702.9688,4,0,0
787,Delhi,Premium,24803002,21,1231763.997,58655.42844,255923.2031,4,1,4.76
788,Hyderabad,Current,240463680,19,590353.1925,31071.22066,135988.75,5,1,5.26
789,Chennai,Premium,80231640,16,467412.4635,29213.27897,184390.7813,6,1,6.25
790,Hyderabad,Current,10372880,19,1142535.641,60133.45478,257193.2656,5,2,10.53
791,Hyderabad,Premium,297195616,16,886604.865,55412.80406,190997.0313,6,0,0
792,Hyderabad,Premium,24041114,24,514124.6854,21421.86189,124250.4375,12,6,25
793,Hyderabad,Premium,34793136,25,1009484.863,40379.3945,262272.9375,4,5,20
794,Ahmedabad,Current,55156956,22,866370.7672,39380.48942,243656.2656,13,4,18.18
795,Ahmedabad,Premium,175883328,22,1045901.335,47540.96977,274360.25,0,3,13.64
796,Chennai,Current,145011696,21,693203.7327,33009.70156,194322.4531,4,2,9.52
797,Bangalore,Premium,71545528,15,317832.0444,21188.80296,172895.0469,6,1,6.67
798,Pune,Premium,36265604,21,1013406.203,48257.43823,171294.625,4,2,9.52
799,Hyderabad,Current,121339016,22,359996.6925,16363.48602,167000.7031,18,3,13.64
800,Chennai,Premium,32115906,13,679437.0508,52264.38852,183665.1094,7,4,30.77
801,Kolkata,Premium,58712368,28,1065688.734,38060.31192,197272.5938,0,3,10.71
802,Delhi,Current,61557696,19,857699.8213,45142.09586,257834.5469,10,1,5.26
803,Chennai,Premium,45427440,21,779548.1498,37121.34047,173046.7344,0,0,0
804,Kolkata,Premium,29864014,19,1531138.766,80586.25085,224273.8125,5,3,15.79
805,Delhi,Current,158928016,16,365825.6978,22864.10611,156993.5469,0,2,12.5
806,Ahmedabad,Current,105146640,19,1785764.457,93987.60302,255100.0625,5,4,21.05
807,Mumbai,Current,46166888,16,595941.5258,37246.34536,142253.9844,6,1,6.25
808,Hyderabad,Current,18818918,19,696073.062,36635.42432,180926.4844,5,5,26.32
809,Delhi,Current,99362176,20,673553.0007,33677.65004,206477.6563,10,1,5
810,Ahmedabad,Current,43150652,18,884161.6107,49120.08948,194862.7188,0,0,0
811,Hyderabad,Premium,55851404,22,560678.1868,25485.37213,91828.04688,9,1,4.55
812,Chennai,Current,125329456,18,781858.2635,43436.57019,159691.0156,0,0,0
813,Ahmedabad,Premium,75292304,19,1110664.929,58456.04889,177950.3594,5,2,10.53
814,Chennai,Current,24515980,31,729259.6205,23524.50389,107733.6484,0,1,3.23
815,Chennai,Current,27881644,18,81398.80087,4522.155604,16263.19043,0,0,0
816,Ahmedabad,Premium,50049852,18,329435.2971,18301.96095,120515.1172,0,1,5.56
817,Delhi,Premium,36288360,28,2030716.507,72525.58955,270572.9688,3,2,7.14
818,Kolkata,Current,115376480,33,905788.5047,27448.13651,272025.3438,6,3,9.09
819,Bangalore,Premium,28323050,20,439458.382,21972.9191,136307.8438,10,3,15
820,Chennai,Current,34697852,13,544938.5217,41918.34783,171939.0938,0,0,0
821,Ahmedabad,Premium,41191100,19,1605697.606,84510.40034,262601.2813,0,3,15.79
822,Ahmedabad,Current,39459120,16,756450.5018,47278.15636,261052.375,18,3,18.75
823,Pune,Premium,43318076,26,637112.6012,24504.33082,90398.35156,11,2,7.69
824,Delhi,Premium,299017536,29,1226052.031,42277.65624,265197.375,0,6,20.69
825,Mumbai,Premium,90274640,22,549970.9965,24998.68166,92044.64063,4,0,0
826,Hyderabad,Current,77819728,18,534378.4359,29687.69088,173229.8906,5,2,11.11
827,Delhi,Current,101447352,21,427984.8005,20380.2286,61558.23828,0,0,0
828,Hyderabad,Current,36465180,25,682871.8376,27314.8735,165062.1563,8,4,16
829,Mumbai,Current,63279800,21,774786.3962,36894.59029,106677.2813,4,1,4.76
830,Pune,Premium,43245776,32,907789.325,28368.4164,173771.125,3,1,3.13
831,Hyderabad,Current,95101208,22,1075523.16,48887.41635,229124.4531,4,1,4.55
832,Kolkata,Current,100576920,17,473314.531,27842.03124,132041.3594,17,3,17.65
833,Mumbai,Current,98276528,16,775094.5496,48443.40935,238109.0625,12,1,6.25
834,Pune,Premium,50425032,22,233580.6189,10617.30086,46630.33984,4,1,4.55
835,Hyderabad,Current,27708170,22,709396.8883,32245.3131,153472.75,0,0,0
836,Ahmedabad,Current,44032660,22,1121622.622,50982.84647,185744.125,13,4,18.18
837,Hyderabad,Premium,63935636,31,1359474.065,43854.00209,231732.9063,0,2,6.45
838,Chennai,Current,361161600,26,1669993.622,64230.52392,268582.6875,3,3,11.54
839,Delhi,Current,160432496,26,998686.4412,38411.01697,275321.2188,0,1,3.85
840,Mumbai,Premium,43357164,25,1472849.826,58913.99304,276256.7813,4,3,12
841,Pune,Current,45787064,21,391580.0779,18646.67038,136651.4531,4,2,9.52
842,Delhi,Current,172385984,19,1101171.872,57956.41434,169567.0469,0,0,0
843,Kolkata,Premium,113017552,20,916892.2358,45844.61179,223428.8438,15,4,20
844,Ahmedabad,Current,211296112,28,1279371.995,45691.85697,249382.8281,3,0,0
845,Kolkata,Current,87874472,22,895077.4387,40685.33812,168229.625,0,1,4.55
846,Delhi,Premium,178847168,30,1147618.387,38253.94625,185189.875,10,2,6.67
847,Hyderabad,Current,29887036,22,1527852.754,69447.85247,181436.5938,4,1,4.55
848,Chennai,Premium,109107960,23,1263182.745,54920.98893,187055.4688,26,3,13.04
849,Delhi,Premium,260745248,22,481894.1934,21904.28152,206036.3438,4,1,4.55
850,Pune,Current,186250288,22,470409.2402,21382.23819,63314.80078,4,0,0
851,Mumbai,Current,64117544,26,1629216.845,62662.18634,260521.2344,7,9,34.62
852,Ahmedabad,Current,127220632,19,772679.3203,40667.33265,127417.5469,0,1,5.26
853,Kolkata,Premium,29564276,22,169857.6827,7720.803758,47947.64063,4,0,0
854,Hyderabad,Current,61802112,25,528964.6098,21158.58439,163414.0313,8,1,4
855,Delhi,Current,447312832,18,660524.1232,36695.78462,208675.0781,0,1,5.56
856,Ahmedabad,Current,26961102,27,862795.6376,31955.39398,157107.5,0,1,3.7
857,Kolkata,Current,323046464,25,1545901.963,61836.07851,260936.5156,4,2,8
858,Mumbai,Current,60659636,17,1270290.649,74722.97934,269997.9688,5,8,47.06
859,Kolkata,Current,95131088,20,1074465.05,53723.2525,222619.7031,5,1,5
860,Kolkata,Current,935301184,22,1124598.469,51118.11222,236525.0156,9,5,22.73
861,Hyderabad,Current,62791712,20,137891.819,6894.590952,33186.98828,5,1,5
862,Kolkata,Current,100516656,33,2469126.267,74822.00809,246230.7813,9,5,15.15
863,Delhi,Current,122599448,21,1101032.012,52430.0958,204888.1563,4,1,4.76
864,Pune,Current,91519264,20,391488.0322,19574.40161,90093.99219,0,0,0
865,Chennai,Current,54580900,16,828187.6181,51761.72613,216993.4531,12,2,12.5
866,Ahmedabad,Premium,63929960,31,1215321.654,39203.92432,187267.5781,3,1,3.23
867,Bangalore,Premium,65273240,20,799472.4426,39973.62213,127346.3203,20,4,20
868,Ahmedabad,Premium,49879040,22,514657.9111,23393.54141,186761.375,13,2,9.09
869,Delhi,Current,25435674,24,867617.4917,36150.72882,136915.2969,0,0,0
870,Pune,Current,66099184,25,695387.1059,27815.48424,181528.1719,8,0,0
871,Pune,Current,405246464,15,464849.8663,30989.99108,107847.4375,0,2,13.33
872,Pune,Current,219546736,32,756165.8461,23630.18269,162658.875,3,1,3.13
873,Chennai,Current,37395364,22,531534.6985,24160.66812,70682.14844,13,2,9.09
874,Ahmedabad,Premium,139864000,23,1534271.64,66707.46261,194400.2656,8,1,4.35
875,Pune,Current,23382340,22,919050.9509,41775.04322,148006.3125,4,2,9.09
876,Ahmedabad,Current,44407136,13,414827.4336,31909.80258,146894.3438,0,3,23.08
877,Chennai,Premium,33954148,21,432180.751,20580.03576,68164.8125,0,3,14.29
878,Hyderabad,Current,77181176,22,389861.2094,17720.96406,119523.0703,13,1,4.55
879,Ahmedabad,Current,39626992,27,579293.9453,21455.33131,105580.2969,3,2,7.41
880,Chennai,Current,237723680,19,1276216.508,67169.28991,244486.4844,5,1,5.26
881,Chennai,Premium,41211120,22,532970.2959,24225.92254,143221.6563,4,0,0
882,Bangalore,Current,50257040,28,414763.8591,14812.99497,59077.85156,3,0,0
883,Chennai,Current,134508560,29,1146318.709,39528.23135,196448.7813,0,3,10.34
884,Kolkata,Current,60304760,30,900655.3741,30021.8458,234895.5469,10,3,10
885,Bangalore,Premium,57730532,24,379142.1354,15797.58897,142263.5156,4,2,8.33
886,Kolkata,Premium,99516344,24,812348.8958,33847.87066,200603.0313,4,4,16.67
887,Pune,Premium,100923888,24,1027313.248,42804.71867,214397.0156,4,3,12.5
888,Kolkata,Current,60230868,19,574756.3065,30250.33192,134496.3438,0,0,0
889,Kolkata,Premium,373677888,20,1580989.122,79049.4561,269657.1875,5,5,25
890,Ahmedabad,Premium,67393344,23,736237.8245,32010.34019,177706.125,4,1,4.35
891,Pune,Premium,392467616,25,1045340.377,41813.61509,224972,0,3,12
892,Kolkata,Current,160436192,26,1228523.235,47250.89367,224548.7969,11,3,11.54
893,Pune,Premium,42629816,22,774328.6247,35196.75567,168812.6875,13,1,4.55
894,Delhi,Current,50946864,26,841314.2056,32358.23868,176904.7031,0,0,0
895,Chennai,Premium,118481768,22,249651.909,11347.81405,61916.16016,9,5,22.73
896,Mumbai,Current,23200592,15,421251.3665,28083.42443,173252.9063,0,2,13.33
897,Kolkata,Premium,100023264,20,482768.6567,24138.43283,93675.11719,0,1,5
898,Chennai,Current,148689760,22,1283214.469,58327.93042,246746.6563,9,1,4.55
899,Delhi,Premium,59510692,15,917172.8729,61144.85819,271254.9063,0,1,6.67
900,Ahmedabad,Premium,105904192,23,519008.4999,22565.58695,173970.3125,8,4,17.39
901,Pune,Premium,23939528,22,905788.9037,41172.22289,201188.4844,9,3,13.64
902,Bangalore,Current,204565328,25,375112.1634,15004.48654,113050.3828,8,1,4
903,Mumbai,Current,223314592,23,1465291.76,63708.33738,203506.5156,4,3,13.04
904,Bangalore,Current,75655456,31,1949533.317,62888.17152,220563.625,9,5,16.13
905,Bangalore,Current,27576878,29,1225004.759,42241.5434,218998.0156,3,2,6.9
906,Mumbai,Current,55159984,20,296462.3709,14823.11855,63308.10156,5,1,5
907,Ahmedabad,Premium,275463520,19,281790.5635,14831.08229,159103.2344,10,0,0
908,Delhi,Current,47017756,23,748034.5527,32523.24142,259779.25,0,0,0
909,Hyderabad,Current,60415744,29,882094.7798,30417.06137,224562.9844,6,3,10.34
910,Pune,Current,79358904,23,884882.725,38473.16196,133733.4531,0,6,26.09
911,Ahmedabad,Current,21317398,23,837088.2342,36395.14062,218667.8438,4,4,17.39
912,Hyderabad,Premium,299865184,26,1320389.968,50784.22955,198703.1875,0,11,42.31
913,Chennai,Current,294774848,19,386088.8377,20320.46514,104491.6328,0,1,5.26
914,Bangalore,Current,33437974,31,2153347.196,69462.81278,274912.2188,3,4,12.9
915,Mumbai,Current,218856048,18,763822.7271,42434.59595,202690.0938,0,1,5.56
916,Ahmedabad,Premium,69604776,20,1103410.153,55170.50763,140712.6563,0,6,30
917,Pune,Premium,26812920,17,859959.092,50585.82894,172329.4688,0,1,5.88
918,Delhi,Current,60845828,23,1145426.938,49801.17122,200098.2344,8,1,4.35
919,Hyderabad,Premium,321893152,23,355004.6222,15434.98358,124296.5625,0,2,8.7
920,Ahmedabad,Premium,23446812,24,1367612.333,56983.84721,267885.5313,8,4,16.67
921,Delhi,Current,79646352,23,1068567.505,46459.45673,136865.6719,17,6,26.09
922,Hyderabad,Current,34521128,16,1015113.958,63444.62241,264553.9063,0,1,6.25
923,Pune,Premium,55585744,19,643142.2111,33849.59006,211557.9844,10,5,26.32
924,Mumbai,Premium,74040888,19,652871.074,34361.63548,111855.3984,5,2,10.53
925,Pune,Premium,68014216,19,604562.0561,31819.05558,261951.375,0,1,5.26
926,Mumbai,Current,28645248,23,1043421.37,45366.14653,141837.3125,4,1,4.35
927,Pune,Current,25456212,17,383896.123,22582.12488,163966.8125,5,1,5.88
928,Ahmedabad,Premium,42099636,18,811895.9666,45105.33148,130758.5469,5,6,33.33
929,Ahmedabad,Current,515842112,27,803257.3853,29750.27353,148345.1875,7,2,7.41
930,Kolkata,Current,36046876,14,282963.34,20211.66714,88072.92188,0,0,0
931,Hyderabad,Premium,28784788,13,154583.589,11891.04531,54927.41016,0,1,7.69
932,Pune,Premium,77891936,19,901793.1145,47462.7955,262536.5625,5,2,10.53
933,Ahmedabad,Current,32612848,23,836331.6255,36362.24459,249597.7813,0,2,8.7
934,Mumbai,Current,8530868,34,862890.3777,25379.12876,134041.375,0,0,0
935,Kolkata,Current,71854232,24,734420.7767,30600.86569,221113.8281,8,3,12.5
936,Kolkata,Current,593053568,23,768153.7778,33397.99034,245989.5313,4,0,0
937,Mumbai,Current,40571536,16,470531.9148,29408.24468,143647.8125,12,1,6.25
938,Chennai,Current,27872236,27,516659.6841,19135.54385,95829.78125,0,1,3.7
939,Ahmedabad,Premium,29328004,16,734232.2947,45889.51842,201642.625,0,0,0
940,Chennai,Premium,50078128,18,546696.5215,30372.02897,177251.5625,5,3,16.67
941,Chennai,Premium,283286848,29,1550786.488,53475.39613,238045.0938,0,3,10.34
942,Hyderabad,Premium,95177592,19,433966.4253,22840.33817,66701.89063,0,3,15.79
943,Bangalore,Current,30403650,23,487168.7586,21181.25038,62017.07813,13,5,21.74
944,Kolkata,Current,76111088,26,294574.9003,11329.80386,48392.21875,0,0,0
945,Mumbai,Premium,139706944,17,227291.2269,13370.07217,53271.98828,0,1,5.88
946,Mumbai,Current,43524644,19,590192.3656,31062.75608,101028.2969,5,2,10.53
947,Kolkata,Current,501594752,20,1155935.739,57796.78696,256875.7813,5,1,5
948,Ahmedabad,Premium,110492752,20,341752.4502,17087.62251,64892.01953,0,1,5
949,Ahmedabad,Current,173689200,21,1077653.988,51316.85659,161165.6875,0,0,0
950,Kolkata,Current,47918848,19,358264.2933,18856.01544,100731.2188,0,1,5.26
951,Chennai,Premium,75636640,28,1769769.895,63206.06767,266282,3,18,64.29
952,Delhi,Current,52421888,16,433396.8987,27087.30617,112843.8906,6,3,18.75
953,Chennai,Premium,62870308,22,576480.8234,26203.67379,196013.75,4,0,0
954,Chennai,Premium,47575440,21,492415.0349,23448.335,97243.10156,0,1,4.76
955,Ahmedabad,Premium,66924656,28,2719117.454,97111.33765,275340.875,7,5,17.86
956,Delhi,Current,66004816,22,662119.5217,30096.3419,143537.0625,0,2,9.09
957,Delhi,Premium,134762160,16,259261.2294,16203.82684,77492.42969,12,1,6.25
958,Hyderabad,Current,38402156,24,1227506.592,51146.10798,149891.2031,0,1,4.17
959,Delhi,Current,73362392,25,329934.1503,13197.36601,73842.82813,12,1,4
960,Kolkata,Current,61729748,18,796295.1752,44238.62084,121785.5234,0,1,5.56
961,Bangalore,Current,72211360,27,386539.8906,14316.29224,61963.17188,3,2,7.41
962,Kolkata,Current,49594180,18,1091820.715,60656.70638,232661.2969,5,5,27.78
963,Chennai,Current,256050672,24,1266495.89,52770.66207,257503.7969,8,3,12.5
964,Bangalore,Current,40808008,22,694205.3668,31554.7894,143190.4219,4,1,4.55
965,Mumbai,Current,65624928,22,867985.1624,39453.87102,272584.2813,0,3,13.64
966,Ahmedabad,Current,15220172,14,486029.6066,34716.40047,241773.5156,0,2,14.29
967,Pune,Current,115425808,20,667519.8408,33375.99204,121383.3672,0,0,0
968,Pune,Premium,38114084,28,1200102.588,42860.80673,131900.5469,10,1,3.57
969,Hyderabad,Current,34160320,21,1071023.38,51001.11334,245959.0469,0,3,14.29
970,Bangalore,Current,29295626,26,1693351.502,65128.90391,276019.8438,7,3,11.54
971,Pune,Current,48626460,32,1244440.694,38888.77168,192656.9844,9,7,21.88
972,Bangalore,Current,82354000,24,974714.8172,40613.11738,191537.7969,12,3,12.5
973,Chennai,Current,34699996,15,172459.9273,11497.32849,54261.07813,6,2,13.33
974,Hyderabad,Current,60130800,25,514294.6209,20571.78484,166150.5625,4,1,4
975,Ahmedabad,Current,52407024,23,414095.1928,18004.13882,66128.5625,4,3,13.04
976,Delhi,Current,419799456,22,889556.8347,40434.40158,216367.4375,4,3,13.64
977,Bangalore,Premium,27346820,23,773044.3094,33610.62215,134854.7969,13,4,17.39
978,Chennai,Premium,245574640,22,1471815.847,66900.72033,270745.1563,13,2,9.09
979,Mumbai,Current,68144328,27,1881557.503,69687.31493,261058.4063,3,2,7.41
980,Mumbai,Current,59564388,26,958104.0534,36850.1559,178610.2656,7,1,3.85
981,Chennai,Current,54760652,13,120293.2391,9253.326087,26265.34961,0,2,15.38
982,Ahmedabad,Current,88497816,17,319633.7303,18801.98414,53738.89844,0,3,17.65
983,Ahmedabad,Current,38729528,21,977634.5464,46554.02602,185606.4844,4,1,4.76
984,Hyderabad,Current,42590136,22,561733.9307,25533.36049,157233.25,0,0,0
985,Bangalore,Premium,17524016,16,584206.53,36512.90813,134588.9688,0,2,12.5
986,Chennai,Premium,184513040,15,604427.1699,40295.14466,262136.9531,13,2,13.33
987,Delhi,Current,128129408,17,322725.4245,18983.8485,137595.9844,0,1,5.88
988,Kolkata,Current,36116292,15,803766.2908,53584.41938,223830.0469,6,2,13.33
989,Hyderabad,Current,50475508,21,1074842.918,51182.99608,265155.5938,0,0,0
990,Ahmedabad,Current,27468198,23,950265.3862,41315.88636,136994.6563,13,8,34.78
991,Bangalore,Premium,32847442,30,675522.0104,22517.40035,139890.5469,3,2,6.67
992,Mumbai,Current,32586398,22,953083.4543,43321.9752,198484.4219,4,3,13.64
993,Hyderabad,Current,31150234,18,1113710.785,61872.82137,235829.4531,16,3,16.67
994,Pune,Premium,124130160,18,889879.7187,49437.76215,202429.1094,5,2,11.11
995,Delhi,Premium,38901108,25,1298737.782,51949.51127,264578.8125,4,3,12
996,Ahmedabad,Premium,83159888,19,1256416.672,66127.19324,234721.3438,5,6,31.58
997,Mumbai,Premium,53278080,20,396661.7672,19833.08836,114944.8672,10,2,10
998,Ahmedabad,Current,99343808,24,860600.202,35858.34175,125686.9063,8,0,0
999,Delhi,Premium,25688910,26,352264.6209,13548.63926,197131,3,0,0
1000,Pune,Current,372766592,15,714790.5633,47652.70422,179772.5313,0,0,0
1001,Pune,Premium,94113936,15,336846.2959,22456.41973,124084.7969,13,1,6.67
1002,Delhi,Current,59227840,19,717704.747,37773.93405,204823.6406,10,3,15.79
1003,Ahmedabad,Current,28071686,16,552753.2701,34547.07938,264530.375,0,1,6.25
1004,Mumbai,Premium,112109720,21,831633.8062,39601.60982,205251.3125,14,1,4.76
1005,Mumbai,Current,35479100,17,975324.788,57372.04635,262782.9063,0,2,11.76
1006,Hyderabad,Premium,45331756,21,948625.2952,45172.6331,198569.4063,4,2,9.52
1007,Delhi,Current,190807232,19,243037.8706,12791.46687,60699.07031,0,1,5.26
1008,Kolkata,Current,54467032,22,411604.6452,18709.30206,67385.5625,9,2,9.09
1009,Delhi,Premium,26667962,23,1858167.27,80789.88129,268629.6563,0,4,17.39
1010,Ahmedabad,Premium,33022160,15,929056.8937,61937.12625,255652.7969,0,0,0
1011,Mumbai,Premium,61603000,16,236338.3562,14771.14726,39210.89844,0,1,6.25
1012,Pune,Premium,64456332,20,1700001.767,85000.08833,229942.1406,15,3,15
1013,Pune,Premium,78858392,22,1324728.09,60214.91317,210885.75,0,3,13.64
1014,Hyderabad,Current,205952048,19,899115.9597,47321.89262,192251.9375,5,3,15.79
1015,Hyderabad,Premium,158749792,26,588390.4826,22630.40318,243824.9375,11,2,7.69
1016,Ahmedabad,Premium,16462953,22,617723.5441,28078.34291,149024.1875,4,3,13.64
1017,Kolkata,Current,47175544,25,474002.5216,18960.10086,189404.4375,4,4,16
1018,Ahmedabad,Current,39660364,20,995534.6924,49776.73462,161805.7969,5,3,15
1019,Delhi,Premium,96489648,21,431132.2721,20530.10819,120042.8438,9,2,9.52
1020,Mumbai,Premium,81277424,16,949399.3025,59337.45641,180363.0469,6,3,18.75
1021,Pune,Current,28618728,19,994146.4075,52323.49513,202326.1563,0,0,0
1022,Pune,Premium,81613600,17,1130115.398,66477.37635,241942.7188,5,2,11.76
1023,Ahmedabad,Current,174406512,21,435320.3275,20729.5394,106080.8906,4,2,9.52
1024,Mumbai,Premium,38007460,19,199222.2577,10485.38198,41471.48828,5,3,15.79
1025,Delhi,Current,233666736,16,672602.6195,42037.66372,140303.8125,6,0,0
1026,Ahmedabad,Premium,61859960,24,534128.2216,22255.34256,138898.7656,12,8,33.33
1027,Mumbai,Current,28722798,20,661758.8792,33087.94396,132769.5625,25,2,10
1028,Hyderabad,Premium,289352448,27,470103.1746,17411.22869,86479.78125,3,1,3.7
1029,Ahmedabad,Premium,24414032,23,872269.5599,37924.76347,193715.4375,13,4,17.39
1030,Chennai,Current,40798396,27,722138.6188,26745.87477,193046.1094,7,1,3.7
1031,Kolkata,Premium,25898024,20,1010865.806,50543.29031,193964.3125,0,1,5
1032,Ahmedabad,Premium,30262924,23,500491.3271,21760.49248,241137.375,4,2,8.7
1033,Chennai,Current,65619172,20,529400.8953,26470.04476,121759.6328,15,4,20
1034,Chennai,Current,40508152,21,575141.207,27387.67653,181865.4219,4,3,14.29
1035,Chennai,Premium,188735152,27,545200.7783,20192.62142,92469.85938,7,1,3.7
1036,Hyderabad,Premium,20529682,26,662956.3654,25498.32174,129856.3125,11,1,3.85
1037,Delhi,Current,38565224,18,216670.0378,12037.22432,44874.26172,11,2,11.11
1038,Delhi,Current,249866048,18,401605.1167,22311.39537,149111.0781,5,4,22.22
1039,Mumbai,Current,34651296,23,2018196.746,87747.6846,262376.75,4,1,4.35
1040,Mumbai,Premium,74462840,12,305094.3586,25424.52989,78478.64844,8,2,16.67
1041,Delhi,Current,63824696,18,851427.2205,47301.51225,267112.0625,5,0,0
1042,Hyderabad,Current,17150032,23,1123905.051,48865.43702,237817.5938,4,2,8.7
1043,Mumbai,Premium,22695068,26,270407.6926,10400.29587,62346.76953,0,1,3.85
1044,Ahmedabad,Premium,104431200,23,1128447.577,49062.93811,205769.875,4,4,17.39
1045,Delhi,Premium,888794048,23,757053.9459,32915.38895,156352.3281,4,4,17.39
1046,Chennai,Premium,50206780,25,661360.5589,26454.42236,130040.9766,8,1,4
1047,Pune,Premium,90913552,19,776576.2818,40872.43588,252846.7344,0,2,10.53
1048,Mumbai,Current,124303808,29,887250.1179,30594.83165,167703.375,3,1,3.45
1049,Hyderabad,Premium,17782920,19,404233.3115,21275.43745,87422.5625,5,2,10.53
1050,Mumbai,Premium,44086400,23,643964.6481,27998.46296,168974.7031,8,2,8.7
1051,Pune,Current,19218638,19,604606.5779,31821.39884,183965.4688,10,0,0
1052,Delhi,Premium,698305600,23,1368124.423,59483.67055,244868.9688,4,1,4.35
1053,Chennai,Premium,38347536,28,781121.424,27897.19371,150010.0469,7,4,14.29
1054,Chennai,Current,128710344,12,181433.8301,15119.48584,125116.0703,8,0,0
1055,Bangalore,Premium,66704224,21,532384.5652,25351.64596,121354.2734,4,3,14.29
1056,Delhi,Current,54149684,22,965724.7583,43896.57992,121729.0313,18,4,18.18
1057,Kolkata,Current,20086916,31,1424152.605,45940.40662,212348.5156,0,2,6.45
1058,Bangalore,Current,35340764,27,551677.3737,20432.49532,133717.7188,0,0,0
1059,Mumbai,Premium,112761888,21,771075.0362,36717.85886,147639.6406,4,2,9.52
1060,Hyderabad,Premium,43253984,26,1374939.234,52882.27825,258898.0938,3,2,7.69
1061,Mumbai,Current,93138000,23,1126557.762,48980.77226,269551.8438,0,1,4.35
1062,Pune,Current,51005668,20,628252.1353,31412.60677,171193,0,1,5
1063,Delhi,Premium,70481192,29,1196161.439,41246.94617,193187.1875,3,1,3.45
1064,Chennai,Premium,34374972,16,1187003.324,74187.70774,269362.125,0,2,12.5
1065,Hyderabad,Premium,36721716,27,1796447.723,66535.10087,251044.75,11,7,25.93
1066,Ahmedabad,Current,21121104,21,547867.4069,26088.92414,148154.9688,4,3,14.29
1067,Bangalore,Current,26713328,17,252693.9264,14864.34861,96368.15625,0,0,0
1068,Pune,Current,311264416,19,762670.8102,40140.56896,151977.2031,5,2,10.53
1069,Delhi,Current,46633288,19,1200679.294,63193.64708,242745.1719,5,2,10.53
1070,Chennai,Premium,97709536,19,1248806.077,65726.63565,203701.7969,0,2,10.53
1071,Delhi,Premium,75872128,31,1042391.723,33625.53946,255758.2813,3,5,16.13
1072,Chennai,Premium,72988480,23,1423556.85,61893.7761,221217.7031,4,4,17.39
1073,Pune,Premium,23689494,19,596104.6624,31373.9296,222378.625,5,7,36.84
1074,Pune,Current,59573972,21,1067804.856,50847.85031,175000.9063,0,2,9.52
1075,Hyderabad,Current,230513024,26,643656.2805,24756.01079,103831.0469,3,1,3.85
1076,Delhi,Current,40811452,26,932776.3623,35876.01393,153561.3438,0,2,7.69
1077,Hyderabad,Current,42948192,23,856201.7142,37226.16149,241635.5625,0,1,4.35
1078,Mumbai,Premium,68640800,25,720126.5486,28805.06194,131427.4063,16,4,16
1079,Chennai,Current,25251710,23,458395.3412,19930.23223,125673.7422,4,3,13.04
1080,Ahmedabad,Current,82468168,23,405988.9346,17651.69281,104343.8594,0,1,4.35
1081,Kolkata,Current,199132240,14,1006021.693,71858.69238,203814,0,1,7.14
1082,Hyderabad,Current,446328800,38,3089919.583,81313.67325,265785.7188,5,7,18.42
1083,Pune,Premium,67626288,23,1217394.382,52930.1905,262630.4688,4,3,13.04
1084,Mumbai,Current,68302000,20,740753.9994,37037.69997,201471.9219,0,1,5
1085,Bangalore,Premium,46192012,26,595846.1853,22917.16097,196826.0156,3,0,0
1086,Delhi,Current,26893464,17,731154.8209,43009.10711,183905.1406,5,2,11.76
1087,Chennai,Premium,31023380,32,1283191.667,40099.73958,202383.4063,3,3,9.38
1088,Bangalore,Current,187538336,25,784657.2343,31386.28937,202975.5,4,0,0
1089,Kolkata,Premium,138726224,26,765825.4473,29454.8249,163250.1875,7,1,3.85
1090,Hyderabad,Premium,170777312,20,592641.5614,29632.07807,155168.7031,5,1,5
1091,Kolkata,Current,29706908,23,841188.6595,36573.41998,131568.7969,0,0,0
1092,Pune,Current,37090772,24,1942220.401,80925.85005,271514.625,4,3,12.5
1093,Pune,Premium,171683808,26,1154329.465,44397.2871,181121.9063,11,3,11.54
1094,Mumbai,Current,86132512,20,471243.4169,23562.17084,164777.0156,15,3,15
1095,Delhi,Current,149547552,21,570695.6613,27175.98387,187336.3281,4,2,9.52
1096,Ahmedabad,Premium,130425032,16,489584.7774,30599.04859,276587.375,0,0,0
1097,Pune,Premium,56006384,20,324893.8657,16244.69328,134805.9531,5,3,15
1098,Pune,Premium,29464752,21,423112.9417,20148.23532,67801.17188,14,3,14.29
1099,Bangalore,Premium,28065046,27,1419901.327,52588.93802,273768.75,14,3,11.11
1100,Hyderabad,Current,172446432,26,683209.2141,26277.27747,75728.07813,3,0,0
1101,Ahmedabad,Current,221254480,20,554413.2085,27720.66042,132053.2969,5,2,10
1102,Pune,Current,84195712,21,473255.3842,22535.97067,214620.9375,4,3,14.29
1103,Ahmedabad,Current,44485300,24,757368.5217,31557.02174,192675.0781,0,1,4.17
1104,Mumbai,Premium,164365664,27,1362556.743,50465.06455,178467.7188,3,1,3.7
1105,Mumbai,Premium,89292672,21,260085.2987,12385.01422,41075.55859,0,7,33.33
1106,Hyderabad,Current,46662844,24,425491.1612,17728.79838,199143.7031,8,2,8.33
1107,Hyderabad,Premium,38306888,26,1309319.32,50358.43538,275311.7813,0,3,11.54
1108,Chennai,Premium,90488112,22,870559.7195,39570.89634,230720.2813,13,14,63.64
1109,Mumbai,Current,61855668,22,640878.5413,29130.84278,157999.9063,4,2,9.09
1110,Ahmedabad,Premium,29848244,19,608637.1255,32033.53292,105774.6875,0,1,5.26
1111,Hyderabad,Premium,103965496,21,1521916.577,72472.21795,271050.25,9,2,9.52
1112,Mumbai,Premium,95958248,21,736248.0221,35059.42963,174676.9688,4,2,9.52
1113,Kolkata,Current,116729376,28,933950.2498,33355.36606,172586.2031,0,3,10.71
1114,Mumbai,Current,26917400,28,949447.1572,33908.82704,112954.1563,0,2,7.14
1115,Bangalore,Premium,134732448,27,871504.683,32277.95122,184380.1563,3,1,3.7
1116,Hyderabad,Current,60204300,18,644503.9814,35805.77675,111249.5,0,1,5.56
1117,Bangalore,Premium,34034844,18,498455.3798,27691.96554,174035.0469,0,0,0
1118,Mumbai,Current,303871904,18,1068093.632,59338.53511,240213.2813,0,3,16.67
1119,Mumbai,Premium,56271360,18,757291.8832,42071.77129,136894.6406,5,1,5.56
1120,Mumbai,Current,107791616,22,1343342.806,61061.03665,246567.5156,13,4,18.18
1121,Kolkata,Current,926313600,13,133112.8923,10239.45325,57704.76172,7,1,7.69
1122,Kolkata,Premium,17209380,26,447468.3397,17210.32076,133449.0313,3,0,0
1123,Pune,Current,50248580,22,912626.7206,41483.03275,167519.75,0,1,4.55
1124,Mumbai,Current,309878912,30,973808.7737,32460.29246,130925.9297,3,1,3.33
1125,Bangalore,Current,34580420,25,804641.3601,32185.6544,222717.3281,12,0,0
1126,Bangalore,Current,19790970,29,1635056.572,56381.2611,243925.3125,6,2,6.9
1127,Chennai,Current,102372720,27,1089591.64,40355.24591,199383.5938,3,0,0
1128,Pune,Premium,47273424,29,842130.9561,29038.99848,125026.5,6,2,6.9
1129,Chennai,Premium,44879704,24,767115.7222,31963.15509,140949.9844,4,1,4.17
1130,Chennai,Current,14999032,24,577931.1555,24080.46481,263148.3438,12,2,8.33
1131,Pune,Premium,33039254,25,1416894.644,56675.78577,256292.6406,12,6,24
1132,Mumbai,Premium,60178768,16,698829.291,43676.83069,157463.5469,6,2,12.5
1133,Pune,Current,178076848,20,469045.3161,23452.2658,186304.0625,5,1,5
1134,Delhi,Premium,81889104,14,798184.4316,57013.17369,167509.0313,7,1,7.14
1135,Ahmedabad,Premium,34691664,21,610328.8127,29063.2768,131742.5469,9,1,4.76
1136,Hyderabad,Current,51771588,24,583338.4005,24305.76669,63946.03906,0,1,4.17
1137,Mumbai,Current,201688560,21,271958.132,12950.38724,49911.91016,14,1,4.76
1138,Bangalore,Premium,240528304,24,473281.5251,19720.06355,102650,4,3,12.5
1139,Bangalore,Current,61472248,26,1838169.383,70698.82243,271609.4375,3,3,11.54
1140,Chennai,Current,105515848,20,921674.5559,46083.7278,126768.9688,20,4,20
1141,Bangalore,Premium,18317632,25,733614.8081,29344.59232,152224.6875,4,2,8
1142,Mumbai,Current,27610140,21,1151652.046,54840.57362,263344.3125,0,1,4.76
1143,Bangalore,Premium,206821872,28,1356452.765,48444.74159,260300.875,3,2,7.14
1144,Bangalore,Current,37416616,26,1123539.238,43213.04763,269768.5625,0,3,11.54
1145,Hyderabad,Current,152113488,23,206393.1233,8973.614056,58864.19141,0,0,0
1146,Pune,Premium,36257636,20,1406211.722,70310.5861,266739.6875,10,2,10
1147,Hyderabad,Premium,49808620,19,485406.0565,25547.68718,197755.0469,0,0,0
1148,Mumbai,Premium,41764600,22,783774.6625,35626.12102,230951.5313,0,4,18.18
1149,Pune,Current,70517168,16,889448.0769,55590.50481,195477.4063,6,6,37.5
1150,Ahmedabad,Premium,124329472,25,768932.6571,30757.30629,201813.5156,4,2,8
1151,Mumbai,Current,257175792,25,676300.5994,27052.02397,115681.1016,0,1,4
1152,Mumbai,Premium,46962752,27,1883460.002,69757.77786,224671.3438,0,1,3.7
1153,Kolkata,Current,361426048,23,1132683.077,49247.09032,205112.6875,4,1,4.35
1154,Delhi,Current,35282672,17,437298.4255,25723.4368,104675.6563,5,3,17.65
1155,Mumbai,Current,55583452,21,1313201.351,62533.39765,210053.75,4,1,4.76
1156,Chennai,Current,35011308,17,745724.0742,43866.12201,166353.6719,5,8,47.06
1157,Mumbai,Premium,33559512,30,978828.3576,32627.61192,148238.6094,3,1,3.33
1158,Bangalore,Premium,73745920,19,528369.917,27808.943,152310.2969,5,1,5.26
1159,Hyderabad,Current,51824400,13,229725.2899,17671.17615,68516.89844,0,0,0
1160,Chennai,Current,334617504,27,747632.9413,27690.10894,264367.5313,0,3,11.11
1161,Hyderabad,Current,76985800,24,1687224.705,70301.02936,196608.0156,0,5,20.83
1162,Pune,Current,57400528,20,568523.7648,28426.18824,183826.9063,0,1,5
1163,Bangalore,Current,54171176,21,1340172.626,63817.74411,179727.7031,0,0,0
1164,Hyderabad,Premium,80550232,15,421440.777,28096.0518,123352.2188,0,1,6.67
1165,Bangalore,Current,106269960,25,1054390.849,42175.63395,276192.75,0,3,12
1166,Bangalore,Premium,50076816,28,1205675.122,43059.82578,209525.3906,3,1,3.57
1167,Kolkata,Current,56069736,15,573347.522,38223.16813,128830.2578,0,3,20
1168,Delhi,Premium,35645488,16,347163.4518,21697.71573,207935.8125,0,1,6.25
1169,Delhi,Current,50454636,26,796779.839,30645.37842,144706.3125,3,3,11.54
1170,Ahmedabad,Current,98611560,17,1318721.988,77571.88166,278052.9375,11,12,70.59
1171,Chennai,Current,97493672,22,379591.4977,17254.15899,62130.42969,9,3,13.64
1172,Bangalore,Current,97332584,28,1292440.318,46158.58278,272591.5313,3,3,10.71
1173,Bangalore,Current,17006164,25,595269.3466,23810.77387,177455.375,0,1,4
1174,Kolkata,Current,58372732,14,878709.6429,62764.9745,179224.8594,14,3,21.43
1175,Mumbai,Premium,72934864,20,1125891.782,56294.58909,201375.1875,5,1,5
1176,Chennai,Current,25251092,13,362408.9023,27877.60787,123210.0938,0,3,23.08
1177,Chennai,Premium,28732202,14,143606.0186,10257.57276,48265.91016,7,1,7.14
1178,Kolkata,Current,71436680,20,660601.4475,33030.07238,182668.9063,10,6,30
1179,Bangalore,Current,21479728,34,2555856.16,75172.24001,220749.1406,8,2,5.88
1180,Delhi,Current,44029272,28,1112861.125,39745.04018,267002.875,3,1,3.57
1181,Kolkata,Premium,21677248,24,364942.1082,15205.92118,77031.65625,4,2,8.33
1182,Bangalore,Current,102403888,24,490416.4482,20434.01868,122326.6406,8,5,20.83
1183,Pune,Current,53491856,24,467031.8887,19459.66203,116390.6328,0,0,0
1184,Mumbai,Current,36702312,29,554750.933,19129.34252,85831.61719,0,1,3.45
1185,Mumbai,Current,90532936,23,1332644.629,57941.07082,274447.4688,0,3,13.04
1186,Kolkata,Premium,35594304,25,878011.1146,35120.44458,167043.1875,0,0,0
1187,Mumbai,Current,43903972,16,1114829.365,69676.83531,269845.9375,12,2,12.5
1188,Ahmedabad,Current,67616624,27,1024395.001,37940.55559,175121.1563,7,9,33.33
1189,Chennai,Current,94199376,25,1457939.058,58317.56234,225756.9063,4,2,8
1190,Mumbai,Current,55585472,13,410817.8116,31601.37013,104105.8594,7,1,7.69
1191,Mumbai,Current,45733308,25,663641.3906,26545.65563,167816.0156,8,2,8
1192,Kolkata,Current,264620624,26,1182112.038,45465.84763,235519.2813,0,0,0
1193,Mumbai,Current,76707064,25,875641.0735,35025.64294,183389.2344,4,2,8
1194,Mumbai,Current,94606176,29,1781531.143,61432.10838,218868.9063,0,2,6.9
1195,Bangalore,Current,39739024,24,657311.3197,27387.97165,164384.9531,8,1,4.17
1196,Mumbai,Current,138400448,21,302599.242,14409.48771,64758.08984,9,1,4.76
1197,Hyderabad,Current,53207700,28,1268902.572,45317.949,123065.9766,7,3,10.71
1198,Delhi,Premium,166093840,19,439374.8251,23124.99079,99995.22656,5,3,15.79
1199,Ahmedabad,Current,80657408,19,1385050.457,72897.39248,277323.6563,5,6,31.58
1200,Kolkata,Premium,24491050,17,881895.3168,51876.19511,183380.1875,0,2,11.76
1201,Hyderabad,Premium,35753200,25,930222.3845,37208.89538,123463.1563,12,2,8
1202,Hyderabad,Current,302795456,28,1872818.051,66886.35898,241404.5156,0,2,7.14
1203,Mumbai,Current,112149224,25,792683.6926,31707.34771,133957.9219,0,1,4
1204,Chennai,Current,77716192,25,886659.8423,35466.39369,173614.2656,4,0,0
1205,Delhi,Current,52398020,18,529706.0409,29428.11338,109865.2734,11,1,5.56
1206,Kolkata,Premium,53265456,24,1419470.728,59144.61366,272362.3438,12,4,16.67
1207,Chennai,Premium,227797824,21,639816.1316,30467.43484,76533.24219,0,2,9.52
1208,Chennai,Current,206844288,18,766672.1873,42592.89929,143718.7344,5,1,5.56
1209,Pune,Premium,98232200,21,1619400.751,77114.32149,264176.6875,4,4,19.05
1210,Bangalore,Current,57746780,33,1042442.018,31589.15205,135714.6875,3,2,6.06
1211,Kolkata,Premium,86426008,20,803967.8889,40198.39445,202465.5156,0,0,0
1212,Mumbai,Premium,181570576,19,506443.8042,26654.93706,205636.9219,5,2,10.53
1213,Chennai,Premium,462883968,18,719200.62,39955.59,174310.5156,5,2,11.11
1214,Kolkata,Premium,58344796,13,418223.0342,32171.00263,193228.0156,0,1,7.69
1215,Chennai,Premium,46449144,24,414755.1683,17281.46535,90710.47656,0,0,0
1216,Delhi,Current,49995664,28,1361273.489,48616.91032,204953.9063,10,1,3.57
1217,Bangalore,Current,36942472,37,1547374.35,41820.92837,275589.5938,8,4,10.81
1218,Delhi,Premium,55342656,14,1168863.31,83490.2364,190785.4063,0,2,14.29
1219,Bangalore,Premium,67519936,25,932761.3127,37310.45251,242247.6563,8,2,8
1220,Ahmedabad,Current,134397264,15,156378.5806,10425.2387,32730.2793,0,0,0
1221,Pune,Premium,691825536,21,719409.9755,34257.61788,176020.1563,4,0,0
1222,Kolkata,Current,68628392,13,711263.2694,54712.55919,239981.9844,0,0,0
1223,Hyderabad,Premium,30455546,12,936327.2958,78027.27465,275424.9688,16,2,16.67
1224,Pune,Current,63557908,21,1030041.989,49049.61852,254866.8438,4,2,9.52
1225,Mumbai,Current,490280736,21,877706.8203,41795.56287,263534.6563,19,5,23.81
1226,Bangalore,Current,142308928,25,334858.947,13394.35788,151477.0469,0,8,32
1227,Delhi,Premium,29877806,20,208804.0387,10440.20193,46958.05859,0,0,0
1228,Hyderabad,Current,62026376,18,395501.8291,21972.32384,93820.75781,5,2,11.11
1229,Mumbai,Current,169350912,25,857018.2595,34280.73038,233514.7031,0,10,40
1230,Chennai,Current,89145112,17,730923.8727,42995.52193,93818.32813,5,1,5.88
1231,Chennai,Premium,165535152,25,1146725.613,45869.02451,172359.8438,8,5,20
1232,Chennai,Premium,61099632,28,766826.4692,27386.65961,125548.6563,3,4,14.29
1233,Pune,Current,476378720,25,1097871.76,43914.8704,228309.4531,12,5,20
1234,Kolkata,Current,74706664,28,1134660.8,40523.60001,183067.1094,3,1,3.57
1235,Delhi,Current,27464176,22,470527.1764,21387.59893,127400.5703,4,2,9.09
1236,Mumbai,Current,127953320,18,565440.3395,31413.3522,114567.7188,11,2,11.11
1237,Chennai,Premium,43118348,23,539518.912,23457.344,181691.7344,0,1,4.35
1238,Delhi,Current,113116912,19,688481.3468,36235.86036,169506.6563,10,1,5.26
1239,Delhi,Current,9031684,24,967458.2228,40310.75928,190089.7344,8,2,8.33
1240,Delhi,Premium,22343000,19,370832.9319,19517.52273,69198.88281,10,1,5.26
1241,Hyderabad,Current,41937620,25,595404.6273,23816.18509,101111.1172,4,0,0
1242,Bangalore,Current,22460068,20,321291.008,16064.5504,121054.9063,5,2,10
1243,Bangalore,Current,22687034,22,1291342.188,58697.37219,273009.8438,0,0,0
1244,Delhi,Current,85709896,17,762863.912,44874.34776,207199.9688,11,2,11.76
1245,Chennai,Premium,22772092,29,740055.9518,25519.17075,185016.4531,3,3,10.34
1246,Kolkata,Premium,76662424,22,482765.9666,21943.90757,98822.46875,0,1,4.55
1247,Delhi,Current,15867739,27,640531.9918,23723.4071,174923.8906,7,4,14.81
1248,Mumbai,Premium,116285240,18,650674.739,36148.59661,255624.1563,0,3,16.67
1249,Hyderabad,Current,168200624,32,1005873.595,31433.54984,155458.1406,9,4,12.5
1250,Kolkata,Current,69530936,28,1657414.586,59193.37808,261152.2031,0,0,0
1251,Mumbai,Current,18711054,21,1064287.419,50680.35329,244159.625,0,1,4.76
1252,Chennai,Current,28106888,31,1160761.608,37443.92283,254635.875,9,5,16.13
1253,Chennai,Current,55039420,30,1960562.897,65352.09656,262085.9375,0,9,30
1254,Kolkata,Current,352103840,22,925993.1816,42090.59916,221153.7344,9,2,9.09
1255,Ahmedabad,Current,367993760,17,1179866.998,69403.94106,252162.125,11,4,23.53
1256,Mumbai,Current,11834630,18,107301.2301,5961.17945,19106.56055,5,0,0
1257,Mumbai,Premium,72792808,21,528305.5318,25157.40628,192666.4063,0,1,4.76
1258,Pune,Current,113883848,29,531065.3938,18312.59979,201478.7344,6,3,10.34
1259,Delhi,Current,16613282,28,1628413.537,58157.62632,263932,0,2,7.14
1260,Pune,Current,94454528,24,582148.2454,24256.17689,272260.625,25,2,8.33
1261,Kolkata,Current,183657216,26,869215.4124,33431.36202,119309.6406,7,3,11.54
1262,Kolkata,Current,97513392,27,1093265.122,40491.30082,258743.0313,7,2,7.41
1263,Pune,Current,205901248,19,845835.9189,44517.67994,247659.8906,5,3,15.79
1264,Pune,Premium,88088328,18,589408.6493,32744.92496,175446.2813,16,2,11.11
1265,Chennai,Premium,79725656,27,741042.7664,27446.02838,125745.3906,3,2,7.41
1266,Kolkata,Current,84155760,20,884396.9312,44219.84656,137625.4531,5,1,5
1267,Delhi,Current,233555648,22,1347725.23,61260.23774,252539.1094,9,3,13.64
1268,Mumbai,Current,88666824,23,697309.2664,30317.79419,125592.7188,0,0,0
1269,Ahmedabad,Premium,99400024,23,571813.9931,24861.47796,188856.9375,0,2,8.7
1270,Mumbai,Premium,58182128,27,1135777.546,42065.83502,207316.2969,0,1,3.7
1271,Kolkata,Premium,74189536,18,189878.3745,10548.79859,68926.59375,16,3,16.67
1272,Hyderabad,Current,68200536,16,594188.2709,37136.76693,156391.7188,0,1,6.25
1273,Pune,Current,100467128,23,534743.6193,23249.72258,121439.8672,4,7,30.43
1274,Kolkata,Current,39871108,23,1134551.626,49328.33157,208134.875,0,1,4.35
1275,Ahmedabad,Premium,38515552,28,675262.306,24116.51093,194243.375,7,10,35.71
1276,Kolkata,Current,342419616,22,671433.9175,30519.72352,153938.0469,4,1,4.55
1277,Hyderabad,Current,354581248,22,915549.3423,41615.87919,194136.2344,13,5,22.73
1278,Pune,Premium,71277616,26,1501394.992,57745.96125,227679.9531,0,2,7.69
1279,Delhi,Current,161028032,17,507238.3665,29837.55097,128858.4219,11,1,5.88
1280,Kolkata,Premium,39909756,20,974056.9033,48702.84517,173523.375,15,7,35
1281,Mumbai,Current,16565761,20,276124.7632,13806.23816,108070.4531,15,5,25
1282,Mumbai,Premium,99663680,20,1278517.536,63925.87681,247052.1563,5,1,5
1283,Chennai,Premium,172687584,18,1013275.797,56293.09981,198586.1875,0,3,16.67
1284,Bangalore,Current,21348876,22,321892.6266,14631.48303,103724.6563,0,0,0
1285,Chennai,Current,22922218,22,1686642.763,76665.58014,277956.625,0,2,9.09
1286,Pune,Premium,63780372,29,1387110.234,47831.38739,199714.8125,10,4,13.79
1287,Chennai,Current,95357168,25,684890.49,27395.6196,207214.9375,12,3,12
1288,Chennai,Current,35778852,22,773600.8229,35163.67377,183801.4844,0,0,0
1289,Chennai,Premium,293637344,22,1076328.622,48924.02828,258542.4219,4,3,13.64
1290,Pune,Current,32095548,18,676311.2682,37572.84823,250283.8906,0,3,16.67
1291,Delhi,Current,87520160,19,1074323.749,56543.3552,191695.4844,0,1,5.26
1292,Bangalore,Current,482077280,28,1322019.023,47214.96511,250694.9844,3,1,3.57
1293,Ahmedabad,Current,69108368,25,1197468.539,47898.74157,207411.8594,12,2,8
1294,Kolkata,Current,29250680,15,470470.278,31364.6852,130213.9375,0,2,13.33
1295,Delhi,Current,33612768,25,693279.5718,27731.18287,95034.71094,8,2,8
1296,Ahmedabad,Premium,146913280,24,518343.1663,21597.63193,135317.8125,0,2,8.33
1297,Delhi,Premium,37653456,20,760263.0924,38013.15462,194261.1875,10,1,5
1298,Mumbai,Current,34294700,33,797050.314,24153.03982,194703.1719,3,1,3.03
1299,Bangalore,Current,70985992,15,827214.7627,55147.65084,237136.2031,13,4,26.67
1300,Ahmedabad,Premium,17869878,33,592548.8158,17956.02472,114299.25,9,2,6.06
1301,Hyderabad,Premium,40295412,25,942401.1657,37696.04663,136533.7031,8,6,24
1302,Hyderabad,Current,39901232,24,667882.4214,27828.43423,194961.1875,4,3,12.5
1303,Bangalore,Current,129646648,11,196430.3193,17857.30176,68366.47656,9,1,9.09
1304,Mumbai,Current,77037120,16,1601515.073,100094.692,274372.4688,12,2,12.5
1305,Bangalore,Current,61002652,22,1022553.431,46479.70141,141741.2188,9,2,9.09
1306,Kolkata,Premium,42965428,27,1328536.531,49205.05672,237811.6094,3,3,11.11
1307,Pune,Premium,45872364,17,257170.4276,15127.67221,59690.80859,0,1,5.88
1308,Mumbai,Premium,37080696,18,929792.5869,51655.14372,194870.8438,22,1,5.56
1309,Kolkata,Current,48675504,19,723024.4979,38053.92094,252010.5781,0,3,15.79
1310,Kolkata,Current,20209206,22,611692.6759,27804.21254,136117.5469,4,0,0
1311,Bangalore,Current,53490340,17,160030.8422,9413.578951,40319.62109,5,1,5.88
1312,Mumbai,Current,32137336,25,1413629.14,56545.16558,187305.75,16,2,8
1313,Chennai,Current,95972088,20,860162.1326,43008.10663,153098.5938,0,1,5
1314,Chennai,Premium,204115760,25,791885.5043,31675.42017,138391.7969,0,0,0
1315,Kolkata,Current,558133248,19,439214.6115,23116.5585,152870,0,1,5.26
1316,Hyderabad,Current,444310912,10,432298.1771,43229.81771,155468.4844,0,0,0
1317,Chennai,Current,57990076,24,1367488.212,56978.6755,267244.5313,0,4,16.67
1318,Bangalore,Current,9850325,28,2385480.165,85195.72019,224592.3438,0,5,17.86
1319,Chennai,Current,35651284,26,1097020.656,42193.10214,212676.4375,3,2,7.69
1320,Kolkata,Current,70077352,25,1164865.956,46594.63824,275550.4688,4,1,4
1321,Ahmedabad,Current,54741956,27,820182.0517,30377.11303,166567.8594,3,2,7.41
1322,Chennai,Current,26329936,17,990932.4188,58290.14228,257332.4844,11,2,11.76
1323,Ahmedabad,Current,71029656,15,443950.4215,29596.69477,113351.0703,6,1,6.67
1324,Bangalore,Premium,61729504,23,734526.4474,31935.9325,256475.7813,0,10,43.48
1325,Hyderabad,Current,38336232,26,519416.3402,19977.55155,69338.77344,0,0,0
1326,Bangalore,Premium,367364384,15,586069.3496,39071.28997,208743.9063,0,3,20
1327,Bangalore,Current,79747088,19,1094366.718,57598.2483,176430.8438,5,4,21.05
1328,Ahmedabad,Current,193752912,18,509571.5024,28309.52791,194391.6875,5,2,11.11
1329,Hyderabad,Premium,737822144,26,571083.1075,21964.73491,128490.7578,11,3,11.54
1330,Bangalore,Premium,282636800,29,544567.8822,18778.20283,206614.2344,3,2,6.9
1331,Pune,Premium,21895730,14,542150.3302,38725.02359,238437.5156,7,2,14.29
1332,Pune,Current,82415496,21,495529.0483,23596.62135,144837.875,0,0,0
1333,Bangalore,Current,49146308,24,822186.241,34257.76004,156896.9531,0,2,8.33
1334,Bangalore,Premium,151304048,29,418940.4082,14446.22097,185076.6563,0,0,0
1335,Delhi,Premium,189490528,13,709210.1536,54554.6272,232365.9531,0,1,7.69
1336,Chennai,Current,37116880,25,1128228.806,45129.15225,203265.9375,4,0,0
1337,Hyderabad,Current,48410812,23,1796842.822,78123.60096,271432.9688,4,2,8.7
1338,Chennai,Current,17218784,22,1277280.092,58058.18598,232555.0313,13,3,13.64
1339,Mumbai,Premium,19414120,31,882571.0901,28470.03517,201406.0156,6,18,58.06
1340,Chennai,Premium,256208640,25,360654.854,14426.19416,56971.62109,20,10,40
1341,Chennai,Current,232915024,33,1542908.967,46754.81717,206595.4375,12,3,9.09
1342,Chennai,Premium,38693672,21,208559.7609,9931.417184,25834.94922,14,2,9.52
1343,Kolkata,Current,86251096,23,1647858.288,71646.01251,269622.5313,0,4,17.39
1344,Hyderabad,Current,99297296,26,688960.4034,26498.47706,164835.25,3,3,11.54
1345,Mumbai,Premium,51725864,28,624217.4702,22293.48108,125345.4297,3,1,3.57
1346,Bangalore,Current,51037812,36,548785.344,15244.03733,117156.0625,8,0,0
1347,Mumbai,Premium,55743532,28,898222.7596,32079.38427,180780.1094,7,1,3.57
1348,Bangalore,Premium,253498352,24,1180932.668,49205.52784,270097.5938,0,1,4.17
1349,Kolkata,Current,41679524,10,273963.9932,27396.39932,61133.48047,20,3,30
1350,Kolkata,Premium,25265488,28,912517.8911,32589.92468,181437.0469,7,6,21.43
1351,Kolkata,Premium,11928481,20,1166239.355,58311.96777,242914.6406,5,2,10
1352,Hyderabad,Current,72406112,20,814058.4323,40702.92161,134261.4844,0,1,5
1353,Ahmedabad,Premium,322143840,15,572556.8738,38170.45825,181330.375,6,3,20
1354,Kolkata,Premium,102888008,23,1157689.408,50334.32209,190282.1563,4,4,17.39
1355,Delhi,Current,148341456,19,1084969.505,57103.65815,187835.4531,5,1,5.26
1356,Mumbai,Current,61345004,23,336199.3682,14617.36383,77644.28906,4,1,4.35
1357,Chennai,Current,47859968,25,478375.3017,19135.01207,82839.90625,0,0,0
1358,Kolkata,Current,372859968,21,894886.4708,42613.64146,155423.7969,0,4,19.05
1359,Hyderabad,Premium,80424640,19,285142.7914,15007.51534,84565.10938,5,2,10.53
1360,Mumbai,Current,23946434,16,443912.3603,27744.52252,112253.1875,0,2,12.5
1361,Pune,Current,188074208,18,375960.1958,20886.67754,67266.75781,0,1,5.56
1362,Mumbai,Current,114797512,22,545462.3098,24793.74136,125965.0313,0,3,13.64
1363,Ahmedabad,Premium,49002972,15,576552.6932,38436.84621,225773.2188,0,1,6.67
1364,Hyderabad,Current,46058788,26,452113.6025,17388.98471,55927.03906,3,0,0
1365,Chennai,Current,425723488,26,1336889.521,51418.82774,258282.9063,3,2,7.69
1366,Pune,Premium,49279972,32,745446.4265,23295.20083,72280.96094,0,0,0
1367,Kolkata,Premium,83619720,19,880610.1196,46347.90103,194620.0469,0,3,15.79
1368,Chennai,Current,100126624,22,912746.6556,41488.48435,136321.9219,0,3,13.64
1369,Bangalore,Premium,29190894,19,836001.8624,44000.09802,247287.3125,5,1,5.26
1370,Chennai,Current,45436928,22,783741.8518,35624.62963,198977.0781,4,1,4.55
1371,Ahmedabad,Current,15082319,21,1004617.01,47838.90525,133748.3594,9,3,14.29
1372,Pune,Current,49765808,16,445584.1883,27849.01177,193722.7656,0,0,0
1373,Delhi,Current,19983758,19,676366.7837,35598.25177,202798.5469,0,1,5.26
1374,Chennai,Current,48660404,26,896920.6509,34496.94811,137845.9219,3,2,7.69
1375,Chennai,Current,85549840,22,388206.998,17645.77264,69230.40625,4,1,4.55
1376,Bangalore,Premium,16944716,14,431929.4214,30852.10153,135033.7969,0,1,7.14
1377,Hyderabad,Current,51804540,22,636023.7834,28910.17197,198616.3594,9,1,4.55
1378,Chennai,Current,65234532,34,1683594.116,49517.47399,273106.1563,5,4,11.76
1379,Ahmedabad,Current,69719904,23,910743.5725,39597.54663,232779.6563,4,4,17.39
1380,Hyderabad,Current,61496340,22,419791.3176,19081.42353,130462.3438,4,8,36.36
1381,Hyderabad,Premium,410340352,20,355311.7116,17765.58558,88549.36719,0,2,10
1382,Bangalore,Current,92158400,17,278062.682,16356.62835,65407.39844,0,0,0
1383,Delhi,Current,229342848,21,890291.554,42394.8359,170027.2969,4,3,14.29
1384,Pune,Current,49292192,31,795992.7912,25677.18681,274528.0625,0,1,3.23
1385,Mumbai,Premium,174682800,20,372551.897,18627.59485,80975.89063,5,1,5
1386,Hyderabad,Current,122696464,26,1091721.231,41989.27813,249462.4844,7,3,11.54
1387,Pune,Current,115861184,20,218157.6282,10907.88141,64616.33984,5,2,10
1388,Chennai,Current,32446678,19,1052292.4,55383.81052,247043.6875,5,10,52.63
1389,Pune,Premium,83637768,22,1074299.649,48831.80222,151815.4844,9,1,4.55
1390,Pune,Current,173950368,23,1580986.663,68738.55055,273661.9688,8,4,17.39
1391,Kolkata,Current,34759756,20,576401.6204,28820.08102,241212.2813,10,2,10
1392,Delhi,Current,88812056,21,856230.1911,40772.86624,245538.6406,0,4,19.05
1393,Hyderabad,Current,20382716,20,1342721.171,67136.05853,276822.0938,0,1,5
1394,Pune,Premium,106877368,19,461754.8915,24302.88903,133369.25,5,3,15.79
1395,Delhi,Current,29789758,30,754213.6848,25140.45616,108749.3516,10,7,23.33
1396,Hyderabad,Current,87345544,26,1341568.872,51598.80276,229769.2969,7,3,11.54
1397,Ahmedabad,Current,30688520,15,456566.2383,30437.74922,207510.0156,6,0,0
1398,Ahmedabad,Premium,388951456,29,1125684.395,38816.70326,189872.5781,3,2,6.9
1399,Pune,Current,58019268,45,2582204.313,57382.31807,235157.25,4,6,13.33
1400,Pune,Current,97809160,26,833979.5136,32076.13514,138198.9531,15,4,15.38
1401,Delhi,Premium,37878328,28,689936.2375,24640.57991,137907.0625,7,9,32.14
1402,Chennai,Current,69797024,31,850469.5517,27434.50167,131400.375,19,6,19.35
1403,Bangalore,Current,43817116,25,592569.7798,23702.79119,200111.9219,4,2,8
1404,Ahmedabad,Current,158391760,19,737840.2695,38833.6984,276067.7813,0,0,0
1405,Kolkata,Current,31864794,26,1102221.746,42393.14406,234205.7656,0,1,3.85
1406,Delhi,Current,136697296,30,1117088.817,37236.29391,207287.1563,3,0,0
1407,Mumbai,Current,30771912,34,842791.7246,24787.9919,197294.9375,5,2,5.88
1408,Ahmedabad,Current,73372488,30,830570.185,27685.67283,211822.1563,3,1,3.33
1409,Hyderabad,Premium,32953784,33,1146993.815,34757.38833,175745.7656,15,4,12.12
1410,Ahmedabad,Current,49144472,26,778735.1638,29951.35245,261582.3125,0,1,3.85
1411,Ahmedabad,Current,22022140,17,853601.0414,50211.82597,263494.6563,0,2,11.76
1412,Chennai,Premium,40578200,16,390096.9305,24381.05816,152391.2969,6,4,25
1413,Delhi,Current,232716864,23,703828.9728,30601.25969,191578.9375,4,6,26.09
1414,Chennai,Current,359607136,27,1684764.32,62398.67853,268078.1875,0,2,7.41
1415,Ahmedabad,Premium,37430552,32,1233651.939,38551.62308,181640.5156,3,1,3.13
1416,Pune,Premium,120574104,28,1119088.728,39967.45458,248149.2031,3,4,14.29
1417,Mumbai,Premium,69142104,30,1300576.868,43352.56227,253279.2813,3,5,16.67
1418,Chennai,Premium,36275112,21,495010.656,23571.936,132414.7656,4,1,4.76
1419,Bangalore,Premium,33511470,26,751604.9177,28907.88145,228870.7188,3,1,3.85
1420,Mumbai,Premium,65464684,25,1039180.511,41567.22044,239716.5938,4,4,16
1421,Chennai,Premium,155208496,18,586411.5544,32578.41969,139424.0938,0,0,0
1422,Ahmedabad,Premium,67486640,19,259712.4056,13669.07398,74156.47656,5,3,15.79
1423,Kolkata,Premium,133689472,24,467899.7788,19495.82412,64770.94922,8,1,4.17
1424,Chennai,Current,121744704,18,534648.3148,29702.68416,133626.7188,5,2,11.11
1425,Ahmedabad,Premium,30606670,19,996960.7789,52471.61994,251223.9531,5,2,10.53
1426,Mumbai,Current,56720088,24,1509470.446,62894.6019,261104.2813,8,6,25
1427,Mumbai,Current,11690030,21,1327859.073,63231.38442,249337.8125,0,4,19.05
1428,Pune,Premium,78551936,20,643151.5192,32157.57596,259247.3438,5,1,5
1429,Hyderabad,Premium,18849336,16,692586.4651,43286.65407,184922.2969,0,1,6.25
1430,Ahmedabad,Premium,77220624,23,566282.4904,24620.97784,177626.5469,0,1,4.35
1431,Delhi,Current,61146708,23,547784.3652,23816.71153,191981.4375,8,3,13.04
1432,Pune,Premium,46679112,21,459264.1453,21869.7212,119976.3828,9,2,9.52
1433,Hyderabad,Current,143134496,25,389997.3173,15599.89269,59748.98828,0,2,8
1434,Pune,Current,78944656,26,1031148.733,39659.56667,170107.9219,7,2,7.69
1435,Bangalore,Premium,66995976,17,395813.7332,23283.16077,134314.5625,5,2,11.76
1436,Ahmedabad,Premium,142325616,21,780102.1884,37147.72326,161918.7656,19,3,14.29
1437,Chennai,Premium,43676272,16,849488.787,53093.04919,174297.5469,12,1,6.25
1438,Hyderabad,Premium,70758768,13,793355.6411,61027.35701,198638.0625,7,2,15.38
1439,Delhi,Current,38898232,24,1193045.952,49710.24801,229476.6406,0,1,4.17
1440,Chennai,Premium,14145809,26,608039.9528,23386.15203,65712.22656,0,2,7.69
1441,Hyderabad,Current,153082512,33,1270334.292,38494.97855,209326.1094,3,2,6.06
1442,Kolkata,Premium,45785032,24,1123522.993,46813.45805,122825.5391,4,1,4.17
1443,Mumbai,Premium,69269216,26,1081950.184,41613.4686,180420.2344,15,3,11.54
1444,Ahmedabad,Premium,138741584,11,813552.5093,73959.31903,204607.4063,9,8,72.73
1445,Chennai,Current,135858752,16,387590.5505,24224.40941,99651.63281,0,1,6.25
1446,Bangalore,Premium,64574328,14,583297.7552,41664.12537,131175.4063,0,1,7.14
1447,Hyderabad,Premium,155086144,18,416097.3361,23116.51867,107553.9609,5,3,16.67
1448,Ahmedabad,Premium,60677760,17,719450.882,42320.64012,151530.6563,5,1,5.88
1449,Delhi,Current,25083786,20,994393.4905,49719.67452,206355.5625,5,2,10
1450,Hyderabad,Premium,148978672,23,1828041.047,79480.04552,250800.3438,13,6,26.09
1451,Pune,Current,33077490,29,1044098.223,36003.38701,127644.8125,3,3,10.34
1452,Delhi,Current,26194036,31,1452026.599,46839.56772,247500.2344,0,4,12.9
1453,Pune,Current,38630100,27,373052.3625,13816.75417,169732.8438,0,5,18.52
1454,Ahmedabad,Current,33712032,31,638769.6304,20605.47195,97446.57031,6,3,9.68
1455,Mumbai,Current,37263924,25,600571.8182,24022.87273,68190.3125,0,1,4
1456,Ahmedabad,Current,38014412,22,1511106.994,68686.68155,191741.7188,0,1,4.55
1457,Pune,Current,47067820,17,300285.3953,17663.84678,176744.2969,11,3,17.65
1458,Hyderabad,Current,102083896,25,421888.9702,16875.55881,57548.28125,4,3,12
1459,Bangalore,Premium,24686114,25,881919.9326,35276.79731,179657.125,8,1,4
1460,Bangalore,Premium,40373024,21,400494.3732,19071.16063,87801.04688,0,1,4.76
1461,Delhi,Premium,18777998,21,1230214.955,58581.66454,200620.8906,9,2,9.52
1462,Bangalore,Premium,40773504,24,679480.5088,28311.68787,136604.375,4,0,0
1463,Kolkata,Current,35477816,26,994580.1895,38253.08421,185209.7031,11,1,3.85
1464,Ahmedabad,Current,123380728,18,703376.9226,39076.4957,192968.6563,5,3,16.67
1465,Chennai,Current,24732518,19,782830.8267,41201.62246,241531.0469,5,4,21.05
1466,Kolkata,Premium,50291488,26,871214.5868,33508.25334,152408.2656,3,0,0
1467,Ahmedabad,Current,70437392,23,944573.5697,41068.41607,213425.3438,0,6,26.09
1468,Ahmedabad,Current,289755520,21,712155.3446,33912.15927,190437.5156,4,2,9.52
1469,Chennai,Current,31724794,22,1278225.389,58101.15403,270297.2188,13,4,18.18
1470,Hyderabad,Premium,37411076,19,1701598.359,89557.80839,251167.7656,5,3,15.79
1471,Mumbai,Premium,44776468,15,220380.4603,14692.03069,84462.32031,6,1,6.67
1472,Delhi,Premium,87679832,18,470283.2133,26126.84518,132637.6719,5,4,22.22
1473,Mumbai,Current,142908880,21,994416.673,47353.1749,262113.7969,9,3,14.29
1474,Hyderabad,Premium,1002521792,29,650374.6639,22426.71255,134724.9688,0,2,6.9
1475,Hyderabad,Current,621040640,25,1197004.233,47880.1693,263081.8438,12,5,20
1476,Bangalore,Current,50056992,12,829654.3257,69137.86047,221676.6406,25,4,33.33
1477,Pune,Premium,117014392,30,746965.4933,24898.84978,177012.1094,13,4,13.33
1478,Pune,Current,22876396,24,867385.8145,36141.0756,203763.75,0,1,4.17
1479,Chennai,Premium,70090216,31,494953.7511,15966.25003,158429.8125,6,2,6.45
1480,Delhi,Premium,86321232,26,1469655.072,56525.19506,225613.0156,0,1,3.85
1481,Bangalore,Premium,101019680,22,981938.6108,44633.57322,271747.4375,0,7,31.82
1482,Ahmedabad,Premium,182867904,26,609717.8846,23450.68787,76307.67188,3,1,3.85
1483,Mumbai,Current,249030960,24,986715.5591,41113.1483,181515.6094,4,8,33.33
1484,Hyderabad,Current,234516176,24,623198.2596,25966.59415,155375.4688,12,2,8.33
1485,Ahmedabad,Current,68906656,20,1230455.963,61522.79817,242633.2969,0,2,10
1486,Bangalore,Current,262021600,24,719119.3475,29963.30615,132448.2344,12,1,4.17
1487,Hyderabad,Current,278561472,22,894736.235,40669.82886,249288.5313,9,2,9.09
1488,Chennai,Current,17517016,17,722117.0937,42477.4761,172195.7031,0,0,0
1489,Mumbai,Current,30869612,24,1289346.072,53722.75298,249642.4063,0,1,4.17
1490,Hyderabad,Premium,115918752,19,1108625.608,58348.71623,247892.0156,10,5,26.32
1491,Pune,Current,20860312,17,978690.2856,57570.0168,249560.7969,0,0,0
1492,Chennai,Premium,36452432,18,829842.3369,46102.35205,198551.9063,0,4,22.22
1493,Kolkata,Current,55308068,29,683875.8331,23581.92528,211761.1563,10,1,3.45
1494,Bangalore,Premium,17515280,20,1005115.888,50255.7944,207066.125,0,1,5
1495,Bangalore,Current,62348436,17,789529.0356,46442.88445,177738.3281,5,1,5.88
1496,Pune,Premium,62617388,23,1246610.317,54200.44857,234955.7969,17,5,21.74
1497,Kolkata,Current,42140752,22,750114.5953,34096.11797,90169.57031,4,2,9.09
1498,Hyderabad,Current,120110160,19,822082.2141,43267.48495,196593.4063,0,1,5.26
1499,Chennai,Current,60115368,22,1079636.667,49074.39395,233385.8125,0,3,13.64
1500,Mumbai,Premium,41086368,33,979335.6631,29676.83828,145864.6094,0,0,0
1501,Ahmedabad,Current,166251600,33,1773600.062,53745.45642,224031.4844,3,3,9.09
1502,Ahmedabad,Premium,83797232,23,879635.9089,38245.03952,144943.7188,0,0,0
1503,Kolkata,Premium,80512368,26,264954.5797,10190.56076,41684.82813,0,5,19.23
1504,Kolkata,Current,19787312,19,924946.1995,48681.37892,202589.0313,0,0,0
1505,Delhi,Current,65850704,20,464684.869,23234.24345,136292.3281,0,1,5
1506,Ahmedabad,Current,25749406,21,394767.1599,18798.43619,153815.2813,4,3,14.29
1507,Chennai,Premium,29074808,22,1604133.99,72915.18138,199910.0625,0,1,4.55
1508,Mumbai,Current,46811600,18,1562850.107,86825.00594,269979.0625,11,3,16.67
1509,Hyderabad,Current,56561232,21,1631226.798,77677.46659,258451.5625,14,3,14.29
1510,Hyderabad,Current,143047136,21,265301.6081,12633.40991,107122.75,0,3,14.29
1511,Bangalore,Current,37486724,21,828214.5488,39438.78804,194997.0156,4,0,0
1512,Ahmedabad,Current,34932912,24,1335403.909,55641.82955,235007.9375,4,3,12.5
1513,Delhi,Current,31519504,22,472650.9075,21484.13216,67142.15625,4,5,22.73
1514,Pune,Premium,40677788,26,613692.0669,23603.54103,159395.8125,0,4,15.38
1515,Kolkata,Premium,164306704,24,881035.617,36709.81738,137647.0781,4,11,45.83
1516,Hyderabad,Current,27215098,15,362616.9487,24174.46325,127675.0078,0,1,6.67
1517,Delhi,Current,465573728,18,513271.4048,28515.07804,131515.4063,0,3,16.67
1518,Mumbai,Current,48567848,20,611052.077,30552.60385,148198.3438,15,0,0
1519,Delhi,Current,60949600,30,1170837.366,39027.91218,226600.9844,3,2,6.67
1520,Ahmedabad,Current,17454512,14,463345.9474,33096.1391,152928.9375,0,0,0
1521,Delhi,Current,33386514,22,291383.0606,13244.68457,39546.96094,4,3,13.64
1522,Kolkata,Current,119401416,25,924150.5031,36966.02012,130912.0469,0,3,12
1523,Delhi,Premium,100061056,18,173426.8516,9634.825088,50803.42188,5,2,11.11
1524,Bangalore,Current,73155832,17,1216784.796,71575.57621,215974.6563,11,1,5.88
1525,Chennai,Premium,223483664,24,501009.064,20875.37767,167502.1094,0,1,4.17
1526,Bangalore,Premium,54276612,23,1336071.565,58090.06805,205263.375,0,3,13.04
1527,Kolkata,Current,146810528,16,305528.6627,19095.54142,67347.17188,0,1,6.25
1528,Chennai,Current,36117896,28,1388431.615,49586.8434,248933.4844,0,4,14.29
1529,Pune,Current,56459196,22,351838.9669,15992.68031,134181.3281,4,1,4.55
1530,Chennai,Current,8512643,28,1975280.311,70545.72539,252581.625,7,13,46.43
1531,Delhi,Current,30276694,22,1236869.999,56221.36358,221307.4531,0,1,4.55
1532,Delhi,Premium,31599154,30,754299.8049,25143.32683,203367.8281,3,5,16.67
1533,Hyderabad,Current,93317016,26,282393.1115,10861.27352,63777.19922,0,2,7.69
1534,Delhi,Premium,29376794,21,881329.4045,41968.06688,230971.5938,4,1,4.76
1535,Mumbai,Current,14171307,23,405885.8774,17647.21206,50460.10938,17,3,13.04
1536,Pune,Current,51721932,22,830394.9186,37745.22357,251895.2656,4,7,31.82
1537,Chennai,Current,154706976,17,1067910.04,62818.23765,247936.4531,5,3,17.65
1538,Ahmedabad,Premium,65491396,16,163270.4571,10204.40357,65643.90625,6,7,43.75
1539,Pune,Current,83776936,19,542355.2605,28545.01371,102622.4922,5,3,15.79
1540,Mumbai,Current,72051504,19,1158620.715,60980.03764,269863.7188,15,1,5.26
1541,Mumbai,Premium,39230204,20,855924.2302,42796.21151,240425.5625,5,2,10
1542,Ahmedabad,Current,48547680,22,349548.7614,15888.58006,68660.96094,0,0,0
1543,Bangalore,Current,172615152,28,414290.1429,14796.07653,138278.8281,3,2,7.14
1544,Ahmedabad,Premium,122354224,16,536038.5906,33502.41191,265507.75,0,0,0
1545,Kolkata,Current,112485928,22,740975.1385,33680.68812,154054.4531,13,1,4.55
1546,Kolkata,Current,35452172,24,1731186.91,72132.7879,259832.0625,0,1,4.17
1547,Pune,Premium,55724276,14,237967.0504,16997.64645,57191.91016,7,2,14.29
1548,Chennai,Current,103553824,20,661183.7043,33059.18522,129451.0938,10,0,0
1549,Ahmedabad,Current,445961632,25,581621.0116,23264.84046,193317.5313,0,1,4
1550,Delhi,Current,81727000,25,1499303.641,59972.14564,164539.2969,12,2,8
1551,Hyderabad,Current,105810736,24,1035650.635,43152.10979,250355.4844,0,2,8.33
1552,Mumbai,Current,1755843968,23,452843.1926,19688.83446,224138.8438,4,1,4.35
1553,Hyderabad,Current,41516580,23,303156.1198,13180.70086,89260.00781,4,1,4.35
1554,Hyderabad,Current,51655188,24,337347.5699,14056.14875,51833.5,4,2,8.33
1555,Delhi,Premium,38952992,26,1312601.485,50484.67251,187110.5156,3,2,7.69
1556,Chennai,Current,35659456,14,166803.9923,11914.57088,50780.75,0,0,0
1557,Chennai,Current,43743268,18,1144708.593,63594.92184,202970.0625,5,0,0
1558,Kolkata,Current,50984868,27,1134026.778,42000.99177,170471.3125,3,2,7.41
1559,Delhi,Premium,190845888,28,480128.0979,17147.43207,60425.87891,3,4,14.29
1560,Hyderabad,Current,48730612,25,1589291.298,63571.65191,266600.5,8,7,28
1561,Kolkata,Current,102088808,21,1450607.213,69076.53394,277804.4688,9,3,14.29
1562,Chennai,Premium,422284672,23,617908.1082,26865.56992,174341.8281,4,6,26.09
1563,Kolkata,Premium,185527840,23,777296.7651,33795.51153,118036.1406,4,0,0
1564,Chennai,Current,50737004,21,1183695.613,56366.45778,189538.8594,19,5,23.81
1565,Mumbai,Premium,297199712,25,562869.2681,22514.77073,138395.875,8,2,8
1566,Hyderabad,Premium,50136972,23,418306.0479,18187.21947,175587.7188,4,6,26.09
1567,Delhi,Current,64296364,19,748348.9544,39386.78707,183567.2031,0,7,36.84
1568,Kolkata,Current,22155272,15,262177.0567,17478.47045,86005.4375,13,1,6.67
1569,Kolkata,Premium,75559200,23,781174.7307,33964.11873,226436.5156,8,3,13.04
1570,Ahmedabad,Premium,59381172,21,370867.6069,17660.36223,158808.7969,0,1,4.76
1571,Kolkata,Current,343989312,16,409695.3885,25605.96178,204587.6875,6,0,0
1572,Delhi,Premium,66502032,25,1223120.496,48924.81983,274504.7188,4,1,4
1573,Mumbai,Premium,26904876,19,372829.0596,19622.58208,62324.16016,0,0,0
1574,Ahmedabad,Current,182802496,21,657125.7376,31291.70179,197941.5,4,0,0
1575,Kolkata,Premium,45681144,27,1367677.286,50654.71428,165039.4219,3,3,11.11
1576,Kolkata,Current,29033628,30,1930386.976,64346.23254,211099.1875,6,5,16.67
1577,Chennai,Premium,78467016,20,778081.4478,38904.07239,187799.4219,10,1,5
1578,Chennai,Current,61236464,19,1290138.264,67902.01387,278057.4063,0,2,10.53
1579,Hyderabad,Premium,69821816,29,448713.8069,15472.88989,145054.0156,3,0,0
1580,Chennai,Premium,8925751,23,397359.844,17276.51496,64014.85156,0,13,56.52
1581,Hyderabad,Current,34118960,20,1235094.186,61754.7093,240326.2656,0,2,10
1582,Bangalore,Premium,249739056,19,809744.0641,42618.10864,174274.875,0,0,0
1583,Chennai,Current,151580176,21,889323.5725,42348.74155,194840.6406,4,1,4.76
1584,Pune,Current,32427610,19,566034.1384,29791.27044,183473.4219,5,1,5.26
1585,Kolkata,Premium,45822076,22,768464.3778,34930.19899,134965.875,9,7,31.82
1586,Mumbai,Current,48430900,29,786801.1419,27131.07386,215269.25,10,2,6.9
1587,Delhi,Premium,46154852,19,594175.0276,31272.36987,148813.125,0,0,0
1588,Pune,Premium,117519880,22,1515179.8,68871.8091,225340.5625,9,3,13.64
1589,Delhi,Current,78359536,22,694649.3351,31574.96978,142035.2031,13,1,4.55
1590,Pune,Current,89869544,25,1066054.798,42642.19191,243336.4063,4,9,36
1591,Ahmedabad,Current,181912624,31,1035470.863,33402.28591,223671.6406,3,3,9.68
1592,Chennai,Current,72953704,24,897992.6582,37416.36076,226144.1875,0,4,16.67
1593,Pune,Premium,59560492,25,963677.3448,38547.09379,230477.7188,0,0,0
1594,Delhi,Current,456508416,27,1329351.128,49235.22697,178262.25,0,1,3.7
1595,Ahmedabad,Premium,44143952,25,538837.1635,21553.48654,113877.6328,0,1,4
1596,Mumbai,Premium,110868584,27,967327.6093,35826.94849,183462.875,0,2,7.41
1597,Pune,Current,20612330,23,1477087.298,64221.18685,274765.9688,0,1,4.35
1598,Chennai,Premium,64017524,22,799312.5365,36332.38802,272392.5313,0,2,9.09
1599,Delhi,Current,41680020,27,421510.0915,15611.48487,145289.2813,0,1,3.7
1600,Pune,Current,21292962,20,856617.8564,42830.89282,168648.5625,15,6,30
1601,Hyderabad,Current,30696800,21,1171774.686,55798.79455,248432.625,0,2,9.52
1602,Mumbai,Current,293084256,22,467738.9602,21260.86183,60064.46094,0,0,0
1603,Pune,Premium,51428572,24,352700.7763,14695.86568,54888.92969,8,1,4.17
1604,Mumbai,Current,59430216,20,1187979.164,59398.95821,269415.7813,5,5,25
1605,Delhi,Current,46924040,21,914417.269,43543.67948,234387.4844,0,1,4.76
1606,Mumbai,Premium,152293872,12,241990.6687,20165.88906,67981.39844,8,1,8.33
1607,Kolkata,Premium,428216640,14,268101.8466,19150.1319,82476.28906,14,1,7.14
1608,Hyderabad,Current,48311656,18,454754.3141,25264.12856,150451.125,11,1,5.56
1609,Kolkata,Current,132157256,30,805303.1912,26843.43971,174033.1563,0,1,3.33
1610,Bangalore,Premium,170530000,27,1097088.79,40632.91813,219228.4688,7,3,11.11
1611,Ahmedabad,Current,41239932,19,626000.4052,32947.38975,267555.4375,5,2,10.53
1612,Mumbai,Current,63488480,22,734206.5773,33373.02624,167465.5469,0,0,0
1613,Hyderabad,Premium,11718590,20,535489.6913,26774.48457,248993.2031,5,2,10
1614,Bangalore,Current,34921040,18,591541.0994,32863.39441,136488.625,0,0,0
1615,Bangalore,Premium,38217556,21,704110.566,33529.07457,136589.1875,0,0,0
1616,Hyderabad,Current,120713080,23,843833.0269,36688.39247,214324.4063,4,3,13.04
1617,Hyderabad,Premium,138431216,17,914034.2037,53766.71787,259747.0156,0,1,5.88
1618,Chennai,Premium,43916828,20,985196.8354,49259.84177,180180.7969,5,3,15
1619,Chennai,Current,22564354,28,1121412.035,40050.42983,245619.75,21,4,14.29
1620,Chennai,Current,174050016,17,272903.698,16053.15871,102762.2813,0,0,0
1621,Pune,Premium,54710328,19,548691.8431,28878.51806,166532.3125,5,4,21.05
1622,Bangalore,Current,27040304,22,779327.0825,35423.95829,268082.5938,13,3,13.64
1623,Chennai,Premium,50041104,20,705458.2764,35272.91382,128512.3594,15,2,10
1624,Bangalore,Current,39438612,26,1159504.008,44596.30802,214193.1875,0,3,11.54
1625,Hyderabad,Premium,32259940,24,1054327.879,43930.32828,202641.0625,4,5,20.83
1626,Kolkata,Current,97041128,32,1840745.747,57523.30461,245845.4063,6,3,9.38
1627,Hyderabad,Current,70238360,19,626797.0195,32989.31681,148019.3438,5,9,47.37
1628,Bangalore,Current,81444008,25,1175377.593,47015.10373,175043.8906,0,2,8
1629,Kolkata,Premium,63661024,23,1253280.674,54490.46408,236891.7656,4,2,8.7
1630,Delhi,Current,54170468,17,404071.8948,23768.93499,111735.3125,5,5,29.41
1631,Mumbai,Premium,47906464,19,426551.0635,22450.05598,58455.51172,5,10,52.63
1632,Hyderabad,Current,80118304,23,499500.9127,21717.43099,209485.2656,8,1,4.35
1633,Bangalore,Premium,28758372,23,709309.1278,30839.5273,187567.6406,0,0,0
1634,Bangalore,Premium,44540356,20,251015.3889,12550.76944,76108.14844,0,1,5
1635,Kolkata,Premium,83067472,18,1178502.901,65472.38341,250166.4219,0,0,0
1636,Mumbai,Current,76328936,25,770878.1135,30835.12454,161361.5625,0,2,8
1637,Pune,Premium,19571556,20,1463698.841,73184.94203,190653.3125,5,2,10
1638,Kolkata,Current,147569008,25,209597.6505,8383.906018,55603.55078,8,0,0
1639,Ahmedabad,Premium,93967128,25,590274.5983,23610.98393,99908.13281,0,2,8
1640,Pune,Premium,48285508,21,680656.0547,32412.19308,151455.8438,0,2,9.52
1641,Ahmedabad,Current,188278704,26,408496.3673,15711.39874,86703.78125,11,2,7.69
1642,Delhi,Premium,26328910,13,162560.4945,12504.65342,88111.13281,0,1,7.69
1643,Pune,Premium,31197016,12,249351.4517,20779.28764,40648.03125,0,1,8.33
1644,Ahmedabad,Premium,148616768,24,1234563.499,51440.1458,232762.7656,4,4,16.67
1645,Hyderabad,Premium,36958352,25,1002514.308,40100.57232,156606.7656,4,4,16
1646,Kolkata,Current,96058520,21,607992.2188,28952.01042,134485.7188,9,2,9.52
1647,Ahmedabad,Premium,68490144,19,509825.4957,26832.92082,153116.2969,10,1,5.26
1648,Chennai,Current,269890880,19,392917.0613,20679.84533,118100.75,10,1,5.26
1649,Hyderabad,Premium,177399504,22,958684.4683,43576.56674,211225.5469,4,2,9.09
1650,Ahmedabad,Premium,89226256,27,833458.9974,30868.85175,239807.4375,7,3,11.11
1651,Kolkata,Premium,38597116,22,1030052.46,46820.56638,210100.8438,4,1,4.55
1652,Hyderabad,Current,37496924,18,1061223.786,58956.87699,240905.6094,0,1,5.56
1653,Bangalore,Current,36171220,22,788874.9384,35857.95174,206366.4531,0,2,9.09
1654,Pune,Current,56609024,18,524487.9161,29138.21756,125012.4375,11,2,11.11
1655,Ahmedabad,Premium,115138376,22,1138010.818,51727.76448,201109.2969,9,2,9.09
1656,Pune,Current,181941120,21,677084.5882,32242.12325,246411,4,1,4.76
1657,Mumbai,Current,338155712,28,1385209.396,49471.76414,208496.6094,0,2,7.14
1658,Mumbai,Premium,73892240,24,632873.09,26369.71208,162807.5156,0,2,8.33
1659,Chennai,Current,32110350,21,1729289.999,82347.1428,277870.8438,9,2,9.52
1660,Kolkata,Premium,55288256,25,1534113.251,61364.53006,260785.0469,8,3,12
1661,Ahmedabad,Current,52520828,21,1614906.507,76900.30987,234683.0469,4,5,23.81
1662,Hyderabad,Current,509845440,20,1389436.98,69471.84902,250047.0156,5,3,15
1663,Pune,Premium,80974576,21,638784.1338,30418.29209,199611.0625,9,1,4.76
1664,Delhi,Premium,25831926,14,506316.7651,36165.48322,237142.2344,0,3,21.43
1665,Ahmedabad,Premium,35621820,24,976370.8429,40682.11845,179416.7813,4,1,4.17
1666,Bangalore,Current,38826532,27,679192.4496,25155.27591,183017.7813,3,2,7.41
1667,Ahmedabad,Current,40537884,20,765386.8181,38269.34091,180038.5781,10,0,0
1668,Kolkata,Current,488740992,25,1672559.48,66902.37921,194373.9531,4,0,0
1669,Kolkata,Current,95052432,22,962441.8201,43747.35546,186260.1875,4,1,4.55
1670,Bangalore,Current,54499332,29,1776565.475,61260.87845,248539.4219,0,2,6.9
1671,Pune,Current,397641984,18,759346.7277,42185.92931,261652.2344,11,2,11.11
1672,Hyderabad,Premium,56396604,26,1119046.993,43040.26895,238076.6563,3,1,3.85
1673,Chennai,Current,35822664,16,309567.4417,19347.96511,171077.2031,0,0,0
1674,Bangalore,Current,28379188,20,918171.1935,45908.55967,226876.9531,0,0,0
1675,Kolkata,Premium,43761864,25,815025.3607,32601.01443,275584.5625,4,2,8
1676,Pune,Current,32932870,21,1051484.005,50070.66691,270617.75,0,3,14.29
1677,Delhi,Current,12824422,24,326236.2803,13593.17835,55874.85938,0,0,0
1678,Bangalore,Current,84517056,22,728317.5049,33105.34113,232981.0469,9,2,9.09
1679,Delhi,Current,81533384,20,617086.701,30854.33505,165632.3594,10,2,10
1680,Bangalore,Current,34581432,17,246462.7773,14497.81043,59068.23047,11,1,5.88
1681,Chennai,Premium,165048528,20,571579.9222,28578.99611,173640.625,5,5,25
1682,Ahmedabad,Premium,111031520,21,323230.3523,15391.92154,195168.4844,14,1,4.76
1683,Kolkata,Premium,59974532,25,850412.8218,34016.51287,194777.2344,0,2,8
1684,Bangalore,Premium,24232882,21,977210.1488,46533.81661,195366.6875,4,3,14.29
1685,Delhi,Current,37766728,28,890485.4857,31803.05306,187235.1875,3,1,3.57
1686,Hyderabad,Current,105213736,18,126852.1992,7047.344401,38594.82031,11,2,11.11
1687,Kolkata,Current,43283284,25,918170.1053,36726.80421,183061.6094,4,7,28
1688,Mumbai,Premium,52054000,23,1436730.25,62466.53262,268737.2188,8,6,26.09
1689,Mumbai,Current,98144392,26,530575.4792,20406.7492,115656.1875,3,3,11.54
1690,Mumbai,Premium,66321780,20,497352.8931,24867.64465,176715.2188,10,1,5
1691,Kolkata,Premium,21002944,23,666331.1568,28970.91986,225001.9063,0,2,8.7
1692,Pune,Current,25759714,27,383438.3893,14201.42183,58024.55078,3,9,33.33
1693,Delhi,Current,713220160,18,347636.5789,19313.14327,55043.26953,0,0,0
1694,Ahmedabad,Current,52321940,19,241233.8011,12696.51585,64261.73047,0,1,5.26
1695,Ahmedabad,Premium,38541952,30,650868.59,21695.61967,61317.30859,6,4,13.33
1696,Mumbai,Current,126848808,15,795777.6831,53051.84554,208942.4375,0,0,0
1697,Hyderabad,Current,68259768,27,886970.559,32850.76145,221145.3594,0,1,3.7
1698,Ahmedabad,Premium,37739376,21,1528899.674,72804.74639,222213.1563,4,3,14.29
1699,Pune,Current,141448848,25,1093042.821,43721.71283,248548.7031,0,2,8
1700,Mumbai,Premium,46296908,17,1087992.252,63999.54426,207122.9688,5,1,5.88
1701,Kolkata,Premium,91730832,22,1626223.44,73919.24726,203994.2344,0,2,9.09
1702,Delhi,Current,23068390,22,688262.9193,31284.67815,107644.5469,0,0,0
1703,Ahmedabad,Premium,54737904,26,526109.5079,20234.98107,67871.39844,0,3,11.54
1704,Chennai,Premium,139222896,27,344111.1485,12744.85735,37757.67969,7,3,11.11
1705,Ahmedabad,Premium,11061109,20,878549.3393,43927.46697,262445.4688,10,4,20
1706,Ahmedabad,Current,43861564,20,801377.7051,40068.88526,187178.0469,0,3,15
1707,Mumbai,Premium,27938262,27,2144055.962,79409.48006,240004.5156,7,3,11.11
1708,Pune,Current,98786864,26,806210.5911,31008.09966,158194.3125,3,3,11.54
1709,Chennai,Current,80739736,22,275193.7909,12508.80868,75619.25,0,1,4.55
1710,Chennai,Premium,81526272,24,297689.6747,12403.73644,78525.92188,0,0,0
1711,Hyderabad,Premium,330339616,23,551316.9327,23970.30142,154960.4531,8,3,13.04
1712,Bangalore,Current,23692058,23,1692414.11,73583.22219,277835.125,4,1,4.35
1713,Mumbai,Premium,60170552,27,569577.5094,21095.46331,249543.1719,3,1,3.7
1714,Delhi,Premium,135394096,22,339002.8691,15409.22132,120466.5,4,0,0
1715,Bangalore,Current,88763376,23,1202894.617,52299.76596,277559,4,1,4.35
1716,Ahmedabad,Current,110952736,13,64100.83041,4930.833109,15709.91016,7,0,0
1717,Kolkata,Current,67185736,23,1370336.775,59579.85978,194414.125,4,2,8.7
1718,Delhi,Premium,21462016,19,580317.7499,30543.03947,138232.3438,5,2,10.53
1719,Pune,Current,52060904,26,1426021.178,54846.96837,196331.7969,3,1,3.85
1720,Delhi,Current,179162016,17,740067.7966,43533.3998,203685.9531,5,0,0
1721,Ahmedabad,Premium,14893081,24,229007.1386,9541.964109,48849.10938,4,2,8.33
1722,Ahmedabad,Current,107315952,27,1689029.721,62556.65635,271473.8438,11,0,0
1723,Chennai,Current,98245984,19,314387.547,16546.713,58983.66016,5,2,10.53
1724,Pune,Current,159926944,22,191445.5699,8702.071357,60560.78906,0,0,0
1725,Delhi,Premium,31740898,22,647658.8306,29439.03775,270457.0625,0,1,4.55
1726,Kolkata,Current,717423424,21,610057.2979,29050.34752,129255.6563,4,3,14.29
1727,Pune,Premium,80935848,25,2207355.301,88294.21205,244402.5156,0,1,4
1728,Hyderabad,Current,80610112,24,621109.9,25879.57917,152348.9688,8,3,12.5
1729,Chennai,Premium,60126064,21,983273.2457,46822.53551,264377.75,9,3,14.29
1730,Mumbai,Current,280165632,21,1224783.287,58323.01368,245371.2031,0,2,9.52
1731,Hyderabad,Current,53674572,25,909633.8281,36385.35313,276793.9063,8,4,16
1732,Chennai,Current,15019599,25,1096853.443,43874.13771,265851.4688,0,4,16
1733,Hyderabad,Premium,24837228,15,452153.5247,30143.56831,201902.9844,6,2,13.33
1734,Ahmedabad,Premium,69270872,23,835825.0453,36340.21936,157977.2344,8,0,0
1735,Bangalore,Current,68025904,26,1896295.633,72934.44743,275404.0313,7,11,42.31
1736,Ahmedabad,Current,37070556,21,777929.2086,37044.24803,141144.1875,0,1,4.76
1737,Delhi,Premium,169288288,16,577960.6533,36122.54083,185017.4531,0,1,6.25
1738,Kolkata,Current,43661744,22,399727.1824,18169.41738,91118.07031,0,7,31.82
1739,Hyderabad,Current,31822040,21,418689.0289,19937.5728,57856.21094,4,2,9.52
1740,Delhi,Current,286534432,20,601701.5275,30085.07637,125983.6016,5,1,5
1741,Pune,Current,78934048,22,1425351.204,64788.69109,268055.125,13,12,54.55
1742,Bangalore,Current,41036436,23,1062014.706,46174.55242,203335.4844,4,1,4.35
1743,Delhi,Premium,286386208,26,1584159.18,60929.19924,242537.7031,19,4,15.38
1744,Pune,Premium,46618528,32,1246577.134,38955.53544,266580.375,12,8,25
1745,Hyderabad,Premium,97509896,21,1294936.162,61663.62676,277795.2188,4,6,28.57
1746,Bangalore,Premium,105263624,20,1061820.945,53091.04723,198651.8438,10,3,15
1747,Kolkata,Current,57435472,25,791593.6224,31663.7449,221921.6563,0,2,8
1748,Hyderabad,Premium,70386176,27,901285.8754,33380.95835,145481.2188,11,4,14.81
1749,Ahmedabad,Premium,252764496,23,473602.5917,20591.41703,127621.7188,0,1,4.35
1750,Hyderabad,Premium,121882680,18,750757.9588,41708.77549,171115.7344,11,2,11.11
1751,Bangalore,Current,24718334,18,709776.1378,39432.00766,172319.6875,11,1,5.56
1752,Pune,Current,55815080,19,632476.3098,33288.22683,113484.4766,5,2,10.53
1753,Hyderabad,Premium,56815600,22,1268417.134,57655.32428,186175.5,9,5,22.73
1754,Hyderabad,Current,145244768,21,1087552.541,51788.21625,178739.2031,0,0,0
1755,Delhi,Premium,61259636,20,359777.2716,17988.86358,158132.8438,5,7,35
1756,Kolkata,Current,80450056,28,824077.9026,29431.35366,156566.1719,3,0,0
1757,Hyderabad,Current,178869680,33,1456756.574,44144.13861,212303.4531,6,3,9.09
1758,Hyderabad,Current,13908522,27,2160053.32,80001.97481,247984.4844,7,4,14.81
1759,Hyderabad,Premium,25800072,28,400951.491,14319.69611,53248.96875,10,4,14.29
1760,Chennai,Current,19452938,28,1415847.13,50565.96894,200106.9844,0,0,0
1761,Ahmedabad,Current,39518340,22,1210719.23,55032.69226,250765.7344,0,1,4.55
1762,Pune,Current,31708974,19,547357.7865,28808.30455,129691.1875,15,2,10.53
1763,Mumbai,Current,185646960,20,238266.4985,11913.32493,25220.33008,0,5,25
1764,Mumbai,Current,42827544,37,1141125.355,30841.2258,178269.3125,5,0,0
1765,Kolkata,Current,598931264,16,682197.9536,42637.3721,205788.6875,18,2,12.5
1766,Pune,Current,54770328,24,690679.7729,28778.32387,182431.5938,4,1,4.17
1767,Pune,Current,62890296,22,549404.4871,24972.93123,190933.2344,9,5,22.73
1768,Ahmedabad,Current,67339496,24,1098619.23,45775.80125,230271.2031,4,2,8.33
1769,Mumbai,Current,42999892,20,205690.4097,10284.52048,40041.12109,15,3,15
1770,Ahmedabad,Premium,41353384,18,302396.8815,16799.82675,61493.39844,0,1,5.56
1771,Delhi,Current,71494688,24,773702.8104,32237.6171,189022.3281,8,3,12.5
1772,Bangalore,Current,21816328,21,344206.0388,16390.76375,50711.71094,4,1,4.76
1773,Delhi,Current,20730276,26,1266473.276,48710.51061,206133.0156,7,0,0
1774,Delhi,Current,63059200,18,595174.5682,33065.25379,174143.9063,0,3,16.67
1775,Hyderabad,Current,30485450,34,2373117.79,69797.58206,269322.5938,5,6,17.65
1776,Ahmedabad,Current,35226848,26,642284.9395,24703.2669,212133.9063,0,0,0
1777,Ahmedabad,Current,74636992,23,815737.373,35466.84231,187389.4375,4,6,26.09
1778,Ahmedabad,Premium,66655092,21,551273.6192,26251.12473,138076.6563,4,0,0
1779,Pune,Premium,68369608,30,1324344.192,44144.8064,159375.8125,0,2,6.67
1780,Hyderabad,Premium,73616216,25,956273.4269,38250.93708,254446.625,8,3,12
1781,Delhi,Current,36014616,25,796765.1712,31870.60685,93622.39063,4,2,8
1782,Kolkata,Current,80896024,22,774941.3549,35224.60704,134706.0469,4,2,9.09
1783,Ahmedabad,Current,80270048,30,1424666.023,47488.86743,265190.5625,3,3,10
1784,Bangalore,Premium,36564880,24,655230.5216,27301.27173,193286.375,4,1,4.17
1785,Mumbai,Current,160536384,25,903541.1809,36141.64724,214707.0625,4,1,4
1786,Chennai,Current,66430776,25,702552.0286,28102.08115,147876.5313,20,7,28
1787,Kolkata,Premium,61942428,20,621481.4378,31074.07189,200728.6875,15,4,20
1788,Ahmedabad,Current,51407024,20,396590.2397,19829.51199,130066.3594,0,1,5
1789,Hyderabad,Current,32641534,24,683402.2995,28475.09581,178360.8281,4,2,8.33
1790,Chennai,Premium,68969224,18,1025356.321,56964.24003,229343.2656,5,2,11.11
1791,Hyderabad,Current,68367720,13,164975.0877,12690.39136,37597.67969,7,1,7.69
1792,Ahmedabad,Current,38928820,31,1775642.166,57278.77954,272132.9688,3,2,6.45
1793,Bangalore,Current,53377928,24,944304.2587,39346.01078,122136.9688,4,2,8.33
1794,Chennai,Current,35231136,18,1223268.048,67959.33601,246815.5625,11,4,22.22
1795,Hyderabad,Current,86550528,25,1828696.3,73147.85199,256764.3281,4,9,36
1796,Mumbai,Current,17888398,23,603380.7431,26233.94535,250023.4844,0,1,4.35
1797,Ahmedabad,Current,49682616,24,789575.2126,32898.96719,134880.2813,8,4,16.67
1798,Mumbai,Current,27119400,25,613628.2277,24545.12911,116320.8906,0,2,8
1799,Pune,Current,44926824,30,824949.6588,27498.32196,182080.5,0,0,0
1800,Chennai,Current,214897824,25,1735243.724,69409.74897,274761.4375,4,1,4
1801,Delhi,Premium,27915008,27,1217716.536,45100.61244,185788.7344,3,0,0
1802,Mumbai,Premium,35318260,26,666153.5033,25621.28859,67842.88281,0,0,0
1803,Ahmedabad,Current,57186320,15,643133.6668,42875.57779,200246.7344,0,1,6.67
1804,Kolkata,Current,135567088,13,870495.5825,66961.19866,205127.0938,0,0,0
1805,Kolkata,Premium,38769348,16,511997.739,31999.85869,128295.1016,0,1,6.25
1806,Delhi,Premium,119096464,29,628823.5116,21683.56937,136850.1406,6,3,10.34
1807,Pune,Premium,40767980,26,2300136.932,88466.80507,253466.8906,0,1,3.85
1808,Mumbai,Current,111463976,30,1275023.28,42500.776,205384.6719,6,2,6.67
1809,Kolkata,Current,44676824,20,980533.2859,49026.66429,182523.2813,0,1,5
1810,Chennai,Current,16514993,25,494206.1429,19768.24572,245677.0625,4,3,12
1811,Mumbai,Current,77593680,25,549708.9946,21988.35979,119224.6797,0,0,0
1812,Chennai,Current,384127648,21,778548.7393,37073.74949,195698.2813,9,1,4.76
1813,Ahmedabad,Current,10802056,15,180871.5675,12058.1045,35080.55859,0,0,0
1814,Bangalore,Current,53598976,28,860179.8438,30720.70871,235595.4375,3,2,7.14
1815,Delhi,Premium,26334564,20,592331.705,29616.58525,127731.5469,5,5,25
1816,Chennai,Premium,83169448,25,415286.7029,16611.46812,131681.9219,4,1,4
1817,Kolkata,Premium,48165052,26,529168.7524,20352.64432,147161.7031,3,2,7.69
1818,Bangalore,Premium,223294272,16,352597.4449,22037.34031,88949.88281,12,2,12.5
1819,Bangalore,Premium,105553008,27,534728.7337,19804.76792,114707.8672,3,0,0
1820,Chennai,Premium,47263344,26,1478879.479,56879.97996,199321.9375,3,1,3.85
1821,Hyderabad,Premium,17210592,22,325283.6977,14785.62262,123705.9297,4,2,9.09
1822,Chennai,Current,32397426,14,293781.0358,20984.3597,125132.5469,0,2,14.29
1823,Mumbai,Premium,40738476,23,894115.6025,38874.59141,137095.3125,8,5,21.74
1824,Hyderabad,Current,94447528,21,1069761.683,50941.03254,259905.6875,4,0,0
1825,Hyderabad,Current,19115896,24,274722.5006,11446.77086,30492.41016,8,1,4.17
1826,Delhi,Current,35360532,19,357810.5532,18832.13438,170656.5938,0,0,0
1827,Bangalore,Current,120001064,21,99745.91074,4749.805273,39637.71094,0,0,0
1828,Hyderabad,Premium,59159152,21,422521.2516,20120.0596,182073.0313,9,4,19.05
1829,Bangalore,Premium,85769336,25,694005.5227,27760.22091,131567.2031,0,0,0
1830,Chennai,Premium,41029312,21,1057091.583,50337.69443,263569.3125,14,2,9.52
1831,Kolkata,Premium,68510600,24,914344.3416,38097.6809,208119.9688,8,2,8.33
1832,Pune,Premium,255813664,22,1214795.231,55217.96504,172268.5938,13,4,18.18
1833,Hyderabad,Current,33702068,13,282673.9894,21744.15303,43783.53125,7,0,0
1834,Kolkata,Current,418122656,22,1174406.548,53382.11583,202045.4844,0,0,0
1835,Delhi,Current,82887304,13,842656.9526,64819.76559,188086.6563,15,0,0
1836,Ahmedabad,Premium,47487568,17,527321.4587,31018.90934,98623.59375,0,2,11.76
1837,Mumbai,Current,45457932,14,333813.7877,23843.84198,160914.1563,0,0,0
1838,Delhi,Current,13773582,22,409840.9073,18629.13215,137563.875,4,2,9.09
1839,Bangalore,Current,52572220,18,228975.2604,12720.8478,65145.64844,11,2,11.11
1840,Pune,Current,183017520,26,1005207.766,38661.83713,187235.0156,3,2,7.69
1841,Delhi,Current,37720204,14,354676.4022,25334.02873,128131.8594,21,2,14.29
1842,Ahmedabad,Premium,49064740,18,287136.1606,15952.00892,86642.64063,0,0,0
1843,Delhi,Premium,111439696,24,521067.8885,21711.16202,105285.1797,8,2,8.33
1844,Mumbai,Premium,46448488,24,1113546.385,46397.76604,261285.9219,0,0,0
1845,Pune,Premium,204385920,22,1054339.041,47924.50184,223547.8594,0,2,9.09
1846,Ahmedabad,Premium,313598912,25,1095678.85,43827.15401,205513.4531,4,0,0
1847,Mumbai,Premium,82551408,27,375827.5576,13919.53917,86710.17969,3,1,3.7
1848,Delhi,Premium,44819848,15,675560.4274,45037.36182,188000.7031,6,2,13.33
1849,Ahmedabad,Current,183041808,16,228465.1101,14279.06938,63087.58984,0,1,6.25
1850,Hyderabad,Premium,22335634,24,1042628.659,43442.86078,266956.5625,8,3,12.5
1851,Delhi,Premium,49584824,22,568250.6347,25829.5743,149275.7188,0,1,4.55
1852,Mumbai,Premium,108510008,18,899608.2361,49978.23534,197519.875,0,1,5.56
1853,Mumbai,Current,33530352,28,899826.2314,32136.65112,177131.0313,10,3,10.71
1854,Pune,Premium,46155140,22,605395.8207,27517.99185,136439.9375,4,4,18.18
1855,Chennai,Current,56488144,24,698449.8062,29102.07526,205065.8281,0,1,4.17
1856,Pune,Current,176672864,16,716795.8958,44799.74348,184379.8438,12,1,6.25
1857,Pune,Premium,32718868,25,877952.7581,35118.11032,136957.8594,4,1,4
1858,Mumbai,Current,136718944,20,598609.8892,29930.49446,99093.40625,10,2,10
1859,Kolkata,Premium,105282544,19,685529.4937,36080.49967,192036.8125,0,2,10.53
1860,Chennai,Current,29789364,19,545324.1781,28701.27253,96286.3125,5,1,5.26
1861,Hyderabad,Current,776880064,28,570542.8399,20376.53,72529.6875,0,3,10.71
1862,Hyderabad,Current,74191744,20,1050984.543,52549.22716,271295.1563,0,2,10
1863,Chennai,Current,81387272,26,1818103.886,69927.07253,226893.3906,7,5,19.23
1864,Hyderabad,Premium,58215288,18,864900.0563,48050.00313,188180.7969,11,0,0
1865,Hyderabad,Current,34960292,29,946918.5472,32652.3637,231202.5,0,2,6.9
1866,Delhi,Current,61217324,21,1222280.295,58203.82359,247440.9063,19,3,14.29
1867,Bangalore,Current,72435112,21,975432.9712,46449.1891,264465.4375,4,7,33.33
1868,Ahmedabad,Current,24131336,28,1086623.622,38807.98651,195722.75,7,3,10.71
1869,Mumbai,Current,63490964,19,876934.4968,46154.4472,202830.0156,0,2,10.53
1870,Chennai,Premium,274165216,12,802545.116,66878.75966,178190.2969,0,7,58.33
1871,Hyderabad,Premium,38020244,17,782705.6487,46041.50874,259175.9375,0,0,0
1872,Pune,Current,19239454,22,363172.3611,16507.83459,58429.41016,0,4,18.18
1873,Hyderabad,Current,90008488,18,417583.2498,23199.06943,141315.9844,0,2,11.11
1874,Mumbai,Premium,38897520,24,309013.2251,12875.55104,90213.28125,8,1,4.17
1875,Mumbai,Premium,43248424,17,988974.9478,58174.99693,239689.4375,0,1,5.88
1876,Kolkata,Current,150025744,13,936170.7236,72013.13259,222047.3438,7,1,7.69
1877,Ahmedabad,Current,24097784,18,208577.2507,11587.62504,40418.67969,0,0,0
1878,Hyderabad,Premium,38918520,19,730732.5389,38459.60731,186192.3438,0,0,0
1879,Chennai,Current,110345048,17,1181553.75,69503.16176,260503.4375,5,3,17.65
1880,Hyderabad,Premium,33521216,17,1384659.338,81450.54931,271062.875,0,4,23.53
1881,Kolkata,Premium,74802984,13,303962.4014,23381.72318,128867.1016,30,0,0
1882,Kolkata,Premium,58913916,22,680813.1238,30946.05108,136069.7969,0,0,0
1883,Ahmedabad,Current,43522580,35,2052300.624,58637.16068,269417.5313,5,7,20
1884,Hyderabad,Premium,53180116,27,625519.6179,23167.39325,148588.1875,7,2,7.41
1885,Hyderabad,Current,61602240,16,675411.2929,42213.20581,276128.375,6,2,12.5
1886,Pune,Premium,560474496,24,997070.7925,41544.61635,184984.75,0,0,0
1887,Bangalore,Premium,168805680,19,558642.0538,29402.21336,132354.8125,15,2,10.53
1888,Mumbai,Premium,44272012,32,489783.7208,15305.74127,68400.60938,3,1,3.13
1889,Pune,Current,60935720,26,1709728.895,65758.80365,269560.4063,7,5,19.23
1890,Delhi,Premium,93755384,22,316873.1471,14403.32487,49208.96094,13,3,13.64
1891,Chennai,Premium,31940372,22,1170050.418,53184.1099,206110.4531,4,6,27.27
1892,Bangalore,Premium,46397556,29,538079.1653,18554.45398,179525.6875,10,3,10.34
1893,Kolkata,Premium,66385444,25,1764293.907,70571.75628,247897.9688,8,3,12
1894,Chennai,Premium,45936936,16,115135.2797,7195.954983,26963.36914,0,0,0
1895,Chennai,Premium,19473256,17,414231.9066,24366.58274,265914.4688,0,2,11.76
1896,Pune,Premium,62371264,21,713326.5576,33967.93132,140896.7969,4,2,9.52
1897,Chennai,Premium,135066848,29,717142.6634,24729.05736,108857.5234,3,2,6.9
1898,Delhi,Current,179864352,27,888432.9271,32904.92322,114263.3906,7,6,22.22
1899,Mumbai,Premium,34273772,18,920449.1633,51136.06463,235983.125,0,2,11.11
1900,Ahmedabad,Current,30702594,18,282393.8997,15688.54998,67924.75,11,2,11.11
1901,Chennai,Current,56145304,19,828089.3492,43583.64996,193903.7188,5,0,0
1902,Mumbai,Current,56133188,15,271185.5397,18079.03598,62194.78906,13,4,26.67
1903,Kolkata,Current,82261032,21,1453244.439,69202.11616,250649.2969,4,3,14.29
1904,Chennai,Premium,29790884,28,1405503.654,50196.55909,267817.625,7,2,7.14
1905,Pune,Current,27356314,28,753498.5205,26910.66145,274379.7813,7,3,10.71
1906,Chennai,Premium,173453296,23,955650.0982,41550.00427,271541.0313,4,2,8.7
1907,Pune,Premium,38988472,19,951039.3008,50054.70004,249407.2188,10,2,10.53
1908,Mumbai,Premium,76425784,14,308959.8916,22068.56369,65800.49219,7,2,14.29
1909,Kolkata,Premium,220796272,21,933114.9158,44434.04361,230774.0625,4,4,19.05
1910,Bangalore,Premium,47840904,26,669758.9142,25759.95824,231185.6875,15,11,42.31
1911,Bangalore,Premium,115864904,21,602799.3444,28704.73069,147121.9375,4,3,14.29
1912,Bangalore,Current,36763824,24,716605.9576,29858.58157,95383.5625,4,2,8.33
1913,Hyderabad,Premium,57699868,27,868655.3568,32172.42062,128491.1328,7,3,11.11
1914,Chennai,Current,127322360,27,1098032.268,40667.86179,236899.9844,11,7,25.93
1915,Mumbai,Current,36749184,23,313754.0559,13641.48069,68728.0625,8,4,17.39
1916,Hyderabad,Current,57601880,29,736077.6805,25381.98898,103618.5781,0,10,34.48
1917,Pune,Current,21240884,21,930721.0342,44320.04925,136889.0781,0,1,4.76
1918,Bangalore,Current,36599984,19,652617.6484,34348.29729,234262.3594,5,2,10.53
1919,Kolkata,Current,56782524,19,976710.2698,51405.80367,230352.0469,5,8,42.11
1920,Ahmedabad,Premium,172268176,29,1041363.384,35909.0822,131311.6563,6,3,10.34
1921,Bangalore,Current,109258184,25,1568959.106,62758.36425,197892.9063,4,2,8
1922,Chennai,Current,177242496,19,350856.3372,18466.12301,66835.25781,10,1,5.26
1923,Bangalore,Premium,413013088,28,1425732.295,50919.01055,270653.875,3,5,17.86
1924,Delhi,Current,29463210,27,1009612.876,37393.06949,187870.0469,11,1,3.7
1925,Delhi,Premium,24836498,27,1239128.93,45893.66406,276967.75,3,4,14.81
1926,Pune,Premium,363794496,29,315246.4483,10870.56718,93366.32031,3,1,3.45
1927,Bangalore,Premium,37266676,13,262767.0659,20212.85122,83859.27344,0,0,0
1928,Hyderabad,Current,122902968,27,885289.3168,32788.49321,213973.6719,14,3,11.11
1929,Delhi,Premium,70596960,23,1242470.098,54020.43904,242475.9063,8,3,13.04
1930,Chennai,Current,100494880,18,1156894.159,64271.89772,222731.6719,11,3,16.67
1931,Bangalore,Premium,23578886,14,358468.5862,25604.89901,103638.8984,7,2,14.29
1932,Pune,Premium,967827648,26,834286.7085,32087.95033,180836.875,3,2,7.69
1933,Pune,Current,95534168,25,952536.8984,38101.47594,161193.7031,4,2,8
1934,Pune,Premium,25678100,18,1142945.836,63496.99092,211666.75,0,2,11.11
1935,Ahmedabad,Current,35471256,15,764871.3315,50991.4221,270864.7188,20,7,46.67
1936,Kolkata,Current,40840356,26,357793.5697,13761.29114,59316.44922,3,5,19.23
1937,Bangalore,Premium,50956880,19,958268.592,50435.18905,187376.1563,10,2,10.53
1938,Chennai,Premium,101093024,20,1162210.259,58110.51297,232864.6875,5,1,5
1939,Ahmedabad,Premium,46978980,16,679169.5645,42448.09778,190135.75,0,4,25
1940,Kolkata,Premium,100877976,20,273130.4713,13656.52356,90262.24219,5,0,0
1941,Bangalore,Current,292838400,33,1304975.924,39544.72497,180011.7969,3,3,9.09
1942,Delhi,Current,85614448,21,614659.4915,29269.49959,117653.5234,4,6,28.57
1943,Mumbai,Current,45404856,24,608566.3367,25356.93069,197070.9219,4,0,0
1944,Mumbai,Current,22877990,26,1468363.716,56475.52755,225076.1094,3,2,7.69
1945,Pune,Current,36748624,29,2021142.374,69694.56463,264567.0625,3,4,13.79
1946,Ahmedabad,Current,139020432,27,902625.3399,33430.56814,226053.9844,3,0,0
1947,Bangalore,Current,49896980,19,564351.3173,29702.70091,201564.8125,15,2,10.53
1948,Pune,Current,91878352,20,569711.5817,28485.57908,205276.5,0,0,0
1949,Mumbai,Current,68317112,16,228250.7244,14265.67028,36427.10156,0,1,6.25
1950,Mumbai,Premium,51638640,23,941229.624,40923.02713,230983.5313,0,1,4.35
1951,Kolkata,Current,334154432,26,561708.9458,21604.19022,194109.2969,7,3,11.54
1952,Mumbai,Premium,154265552,27,882835.9781,32697.62882,187357.6563,7,2,7.41
1953,Hyderabad,Premium,74821440,19,789328.2869,41543.59405,169213.6875,0,0,0
1954,Mumbai,Current,80792816,22,1147060.864,52139.13019,273233.8438,0,1,4.55
1955,Bangalore,Premium,43345032,23,889047.7137,38654.24842,199440.125,0,1,4.35
1956,Pune,Current,202821872,32,1250295.291,39071.72784,274606.7188,9,2,6.25
1957,Pune,Premium,30188736,17,477171.5642,28068.91554,148496.25,0,1,5.88
1958,Chennai,Current,38490784,18,427276.1492,23737.56385,126717.7188,11,3,16.67
1959,Pune,Current,44927088,16,167743.3075,10483.95672,79278.46875,12,0,0
1960,Mumbai,Current,41540788,31,1792650.134,57827.42367,234444.75,3,5,16.13
1961,Ahmedabad,Current,618544640,24,653215.5028,27217.31262,201318.6875,0,0,0
1962,Mumbai,Premium,86550456,23,511967.1709,22259.44221,138793.5938,8,0,0
1963,Kolkata,Current,45016984,29,704123.3065,24280.11402,232532.7031,3,11,37.93
1964,Delhi,Premium,55655560,16,702455.4824,43903.46765,108508.2891,0,1,6.25
1965,Mumbai,Current,35064336,30,1485704.405,49523.48018,196529.4531,3,1,3.33
1966,Bangalore,Premium,135452128,24,1094084.255,45586.84394,198087.9844,8,1,4.17
1967,Delhi,Premium,62731368,23,804262.9688,34967.95516,172859.7344,8,0,0
1968,Hyderabad,Current,78040920,29,725543.2127,25018.73147,97405.32031,0,0,0
1969,Delhi,Premium,230963984,32,1567885.542,48996.42318,231331.5781,0,2,6.25
1970,Chennai,Current,156774384,31,651354.5362,21011.43665,153867.1563,3,2,6.45
1971,Kolkata,Current,181924432,30,2298210.777,76607.02591,263684.25,6,5,16.67
1972,Hyderabad,Premium,67052452,22,1136492.617,51658.75534,138298.8438,4,0,0
1973,Delhi,Current,19895670,18,451470.5274,25081.69597,152042.7656,11,4,22.22
1974,Chennai,Current,18442260,17,285620.5255,16801.20738,68777.11719,5,0,0
1975,Pune,Current,18199210,20,884604.8072,44230.24036,253301.0156,5,1,5
1976,Mumbai,Current,164756096,15,1077651.095,71843.40634,225054.4688,6,1,6.67
1977,Hyderabad,Current,54923616,21,1192753.25,56797.77379,207793.7656,9,5,23.81
1978,Hyderabad,Premium,47595356,32,1950017.077,60938.03366,250033.7656,6,2,6.25
1979,Hyderabad,Premium,24639118,18,763478.8756,42415.49309,134624.4219,5,0,0
1980,Pune,Current,11880591,25,923334.6579,36933.38632,166905.875,0,2,8
1981,Mumbai,Current,427578368,21,1039880.817,49518.13413,193347.3594,9,0,0
1982,Chennai,Current,266293872,18,679314.4524,37739.6918,202009.9531,0,1,5.56
1983,Ahmedabad,Current,12809278,28,1246175.809,44506.27891,196337.9375,0,3,10.71
1984,Hyderabad,Current,91475728,25,1583584.987,63343.39946,217509.1875,0,0,0
1985,Ahmedabad,Current,103244592,18,748095.6471,41560.86928,162890.9063,5,1,5.56
1986,Mumbai,Premium,49754708,17,240214.7495,14130.27938,43328.58984,5,9,52.94
1987,Chennai,Current,696924736,29,496463.1069,17119.41748,152146.7031,17,4,13.79
1988,Pune,Current,176094528,28,1451196.966,51828.46306,276474.3125,3,1,3.57
1989,Bangalore,Current,21031492,22,397934.31,18087.92318,121330.7813,4,1,4.55
1990,Mumbai,Premium,30817484,24,213496.2374,8895.676557,79997.65625,8,2,8.33
1991,Kolkata,Premium,40968320,19,558381.0532,29388.47648,101942.6875,10,1,5.26
1992,Chennai,Current,67012428,17,309539.0007,18208.17651,126622.3125,0,0,0
1993,Hyderabad,Current,23167918,20,1338213.643,66910.68215,273925.3438,5,2,10
1994,Pune,Premium,38037596,23,754895.2173,32821.53119,107187.6016,0,1,4.35
1995,Hyderabad,Current,128415808,25,1041628.949,41665.15797,236536.0469,0,2,8
1996,Delhi,Premium,15555565,23,657123.7021,28570.59574,72379.00781,8,7,30.43
1997,Mumbai,Current,364825408,22,700305.4846,31832.06748,155341.625,0,0,0
1998,Mumbai,Premium,30101606,13,572489.8418,44037.68014,204883.4375,0,0,0
1999,Chennai,Current,39909120,21,1316170.16,62674.76955,207932.9531,4,3,14.29
2000,Bangalore,Current,304369504,26,1280694.961,49257.49849,229747.4844,7,2,7.69
