card_id,customer_id,card_type,credit_limit,status
24413979-d117-4cfa-a126-b13e6105cf90,1,Credit,894165831.41,Active
291fc0e1-71af-4927-8c05-567589aeafd6,1,Debit,201159011.66,Active
14c60b26-6e48-4139-8550-68336626273e,2,Credit,111554180.56,Active
67eeca12-aaf2-4984-ac3d-21c65df572e5,2,Debit,27108390.92,Active
45fc0555-8d0b-4d44-886b-6fe605fe34a0,3,Debit,419474889.51,Active
97071517-50e1-411b-bd4c-66ba905b3b19,4,Debit,98724204.58,Active
2af61beb-d20d-43af-81e3-7e74b6f26945,4,Debit,98724204.58,Active
ea517eab-6444-40ba-96d5-a0cea9bae292,5,Debit,38645412.06,Active
8f1685a8-620f-489b-b9d6-67629ea63c76,6,Debit,173043364.23,Active
edf1df89-8632-493a-ab74-325c567ac621,6,Credit,792881246.4,Active
71b7877b-6402-4fcb-920e-9b1f78948b5d,7,Debit,69297365.14,Active
c42eae08-592a-42be-8920-95e155ea09e1,8,Credit,1800380797.59,Active
1eb1bbcc-3643-48b5-aa99-38ebfbee5f25,9,Debit,235067905.9,Active
8d2cbe2a-71dc-4502-b217-9b7e929c85a5,10,Credit,209254684.72,Active
e5481e2c-d770-409a-a5b2-eda404809f6c,10,Debit,43463527.51,Active
d52f0242-08d7-4805-bf5d-b0ce5290ac89,11,Credit,174923682.58,Active
77c2becc-8ccb-47cf-abf4-07d1f3d55f55,12,Debit,31126258.93,Active
274e5aa8-e241-4466-9453-737ce82fd683,13,Debit,23702266.01,Active
e2ee7c8f-6d19-4436-88d7-fbf5873e4b5f,14,Credit,103010949.38,Active
13094a92-3766-42b6-ab5d-05a042c2947d,14,Debit,32575932.35,Active
c8d450fd-2713-48d5-a9e6-97b80f70e424,15,Credit,143935657.48,Active
1f5f44ac-529c-48b0-8d4b-1160281c0e6e,15,Debit,48719666.82,Active
512b891a-a425-47e5-8e75-cc5126fb583a,16,Credit,82769029.02,Active
404c3005-9b5a-4e42-826e-4427ef29538d,16,Debit,26629758.12,Active
663e8c50-f488-4fb2-871c-d9f93b0c31df,17,Debit,41436313.57,Active
96f371a5-efa2-4f99-a1b8-f95445a69eac,18,Debit,11900254.91,Active
b0648e81-28e0-402f-af80-bf6458f00630,19,Debit,270811461.26,Active
7a82e166-ffce-4476-b696-59f056bca0f0,20,Debit,47767803.02,Active
178a59f1-bf1b-46ce-8d60-9dcb7b2b19f2,20,Credit,202781184.01,Active
fac249b2-4ebf-443d-a06c-78db28dcb989,21,Debit,17452225.66,Active
45706f2f-b22f-4562-b282-ad4459dbe97c,22,Debit,21277655.8,Active
6ee55fab-3e17-4660-bcb3-e36a84f3ab94,23,Debit,38854005.21,Active
91da51cd-b0a8-4cc1-8e7d-292f384a1841,23,Debit,38854005.21,Active
2f45e952-0bff-4915-aab1-7c8825b234e3,24,Debit,127383218.71,Active
e1cc6f80-9d7b-46ea-a34d-1681ec2edb52,24,Debit,127383218.71,Active
8b17da0f-7327-490d-823a-cc1e455b84e6,25,Debit,92685353.58,Active
442ae619-b4fc-4a3b-8c35-b240040bd8d6,25,Debit,92685353.58,Active
2e4bf2a3-2395-406e-91b0-9a7a0072f246,26,Debit,74334664.81,Active
a3789a9b-2c47-40e5-accf-fa78adf648cb,27,Debit,344999000.5,Active
667a6f07-43d3-4984-933e-8af5ac0de3c4,27,Debit,344999000.5,Active
af13f187-0039-4c9f-b4ba-f3e198242a91,28,Debit,95348132.9,Active
e986cdbb-f733-470a-9627-5327bb57e831,28,Debit,95348132.9,Active
ad156180-badb-49c1-ac13-b68f989cb478,29,Debit,50699136.26,Active
112ab292-ee68-4d17-b807-5556bd6e6110,29,Debit,50699136.26,Active
779d5dd3-71d0-4902-b50d-c03d35b8708a,30,Debit,8910958.85,Active
9b4cea5f-fef0-4f98-96b1-700eb6dac5dd,31,Debit,40723117.54,Active
0f5e623f-7517-4db8-ad3d-ea0383e31f00,32,Debit,194489516.52,Active
3e33e5ce-a950-4ac0-a716-a3c127f1f1b3,33,Debit,219541178.99,Active
e5a12049-5c6b-4bbc-ad00-d442a415b0d1,33,Debit,219541178.99,Active
73e927d5-4258-45a5-8a96-35760934a14e,34,Credit,308324263.7,Blocked
323d1989-1c1f-4f29-82cf-3e3e6bcd63fe,34,Credit,339271231.01,Active
041567cb-14c5-4451-95e9-7381a11f9638,35,Debit,39102523.43,Active
887ed64d-0c5b-492c-91f2-e780d14854f9,36,Debit,31159126.44,Active
5f250d62-53f7-450e-8b38-9d6257d41cd2,36,Debit,31159126.44,Active
a702ed45-a28f-43e8-9ed6-09bad30e7562,37,Credit,164080586.75,Active
6c04228f-0386-4e2a-859e-2ed57f6ebc17,38,Debit,50255179.8,Active
b7bdea67-7330-4dc1-8f17-5f31b569b8c0,39,Debit,31265033.11,Active
ec4177c6-d260-4f1e-9cbd-0f431860026b,39,Credit,75780141.76,Active
8fec03ad-3f3c-4401-8caf-c0903d46d622,40,Debit,33893406.38,Active
40867b75-0001-4d83-8069-0d7630e366bd,41,Debit,36685396.85,Active
fa1d594b-ecf1-4990-9fe7-d14b2a0a4bb2,42,Credit,34900313.89,Active
78c60dcb-8f43-46c0-9bc6-3b7dfe9ed351,43,Debit,66606606.28,Active
e8d325bc-5697-4124-813d-0909faa0cf1c,44,Credit,107229485.01,Active
71fd330b-4482-4ac0-83a7-48551f6b8a4f,44,Credit,84145892.58,Active
cfc57189-1f56-456b-b1bc-33a8857d0ee8,45,Debit,28093387.58,Active
cbc6ed06-0a6d-4370-86fd-569bd779e820,45,Debit,28093387.58,Active
fe8839d1-b3fe-45b3-85a6-a58dffa9ab7a,46,Debit,36323331.38,Blocked
319ac7d0-cee9-4cd2-8458-e4f01c8d8c7a,47,Debit,172886764.17,Active
ca59acd3-96c6-4dd2-b111-4314354748c2,47,Credit,397733641.68,Active
53a6e80d-f17a-4211-bcfe-c7c2c400408c,48,Credit,25233989.69,Compromised
270c7e26-5157-4681-ab40-8cf1444e8412,49,Debit,17891980.4,Active
e1616d74-0cf7-40c5-8648-a01255107e29,50,Credit,57738117.88,Active
ec789cfb-9385-4b81-8dc7-e65f917b1add,51,Credit,147936421.27,Active
112677f3-b022-48fc-b1c6-9a4c99de2dc6,51,Debit,43790394.0,Active
28f29275-c58b-4a65-9aad-80283110d514,52,Debit,55469840.06,Active
2778313c-2d9a-40b4-bf71-fbb69ade5a7d,53,Credit,86686976.03,Active
d63edf10-435b-4722-9f14-1f4bb3621c76,53,Debit,33138914.1,Active
d02e9f2d-d606-471a-abb4-e15a061fd5e7,54,Debit,80312111.21,Active
f42a8f0f-9dd0-4c29-afb1-cdb9e20bd95c,55,Debit,100442438.45,Active
866d8fe1-c70c-489a-82a2-52531dc81a38,56,Credit,172415950.05,Active
e7484eac-44be-4145-8864-3d20d94b88ff,56,Debit,53724362.16,Active
fe8af996-66f8-4909-b33c-11d55b3653f5,57,Debit,28536945.58,Blocked
34866201-683a-4783-8e1f-922e2ec83091,58,Credit,164754630.94,Active
f4baa42e-c84d-44f0-9ebb-ba5487ace049,59,Debit,29289863.78,Active
1c57763b-31fd-420f-af76-c6504f86e6f3,60,Debit,44418681.1,Active
2562a8e8-e710-41f6-8018-869aac55269b,61,Credit,246009453.48,Active
5bb54b26-6a76-454f-9342-5399c53fa13b,61,Debit,78676183.35,Active
d18b96d1-1933-4ae1-93bc-c25de78aa838,62,Debit,66363948.16,Active
37f766c7-b1d3-4319-a87f-9991a541af00,63,Debit,450964665.93,Blocked
725dc1e5-dbf9-4b92-bed7-909fa3bfdefd,64,Debit,91605092.89,Active
c2d7ed5b-be14-4ae4-8e3c-5e3aac0147fc,64,Debit,91605092.89,Active
3e684fd3-2ff8-4f23-a3c7-1c5a1ab7215c,65,Debit,104822537.35,Active
94ec4564-6c7c-487d-a890-97ed263596ff,65,Debit,104822537.35,Active
5a971a69-d0bc-4c9a-9a87-ef16b336c125,66,Debit,27146397.8,Active
764a6a03-2b19-49f3-a9c4-cdbc17c15ca6,66,Debit,27146397.8,Blocked
c6317ada-024b-40b3-ac7f-8d37a9a7046e,67,Debit,74424404.62,Active
f11772f8-9176-4706-9195-274c094e1401,68,Debit,39009723.75,Active
bc01405d-3e4b-49dd-b4b7-3db364b0875c,68,Debit,39009723.75,Active
75384878-e615-4d5c-8a8a-4d4b63d141ae,69,Credit,91771693.74,Active
32d3420d-4a81-4594-9868-1f5da0fa140e,69,Credit,97804086.42,Active
77e99dd3-8919-4834-85bc-22daa3707ebb,70,Debit,153263605.66,Active
2abd1492-cbe8-4670-92e5-175528dd5125,70,Credit,672325278.25,Active
69d3ace9-f1e4-4c84-a740-9070267ced77,71,Debit,76532785.3,Active
003cc1fe-22a2-496b-b7f8-4337f3a14ffa,72,Debit,386522570.2,Blocked
f781ad13-eee6-48ac-a9bb-0402748b42c6,73,Debit,84081293.06,Active
98f67724-72e2-4f2c-8673-274b3cdbc0e7,73,Debit,84081293.06,Compromised
b14b39ea-bde2-4c45-a3d7-cfdb27acb02c,74,Debit,241239846.16,Active
8619d759-faa7-4b49-a55e-1d4722580f08,75,Credit,78070553.22,Active
453feac5-66ab-4419-9176-d248f9b9d5bd,75,Debit,40890295.8,Active
91026532-cd42-4ff8-8e47-5c2ebf44095b,76,Credit,264492761.49,Active
83fba520-d042-464f-9526-10c7e6abd7a1,76,Credit,306520076.31,Active
6b974a21-cca5-45f4-a752-b4f21a3ce64a,77,Credit,183015122.44,Active
fdf4c9a1-e5aa-4f81-bffd-6e137f07dc94,78,Debit,70448831.05,Active
27135341-c343-462b-82ca-d11209f488f5,78,Debit,70448831.05,Active
6d243a0f-bc1b-48a1-ae9d-945862cc0e36,79,Credit,31641035.91,Active
4baced8e-2520-4fd7-af66-b3c37b7da5f1,80,Debit,174004704.59,Active
0006f7bb-feed-4e78-9d49-317ce925b546,80,Debit,174004704.59,Active
94c8c327-98ff-4684-8d1a-d8f4ed21b7cc,81,Credit,403605059.22,Active
4d400f9d-5c1f-4e0d-89dc-7ee79de828aa,81,Debit,122757673.39,Active
d630de2f-4325-4ae8-acfa-7885396207f2,82,Debit,33107785.18,Active
03e9a2fe-41da-43fd-b7be-b171dda9ba0b,82,Debit,33107785.18,Active
862d91f1-51ff-417c-923b-3d62236561bf,83,Debit,36742126.99,Active
18245079-7a12-45f4-985e-1823f6ad4e80,84,Credit,102577083.72,Active
678390a9-7995-4f2c-8cbb-5fb5dafb771e,85,Debit,17252328.16,Active
92b9c9df-e147-4074-99a4-1423dfc79b6e,86,Debit,54076313.17,Active
15481d0a-095c-410c-adfc-1eeb073772ea,87,Debit,72606109.97,Active
c046522a-551d-4dcb-8daa-4952e68e9700,87,Debit,72606109.97,Compromised
5c0e056f-ee02-499d-8082-e85a1b05a949,88,Debit,43326049.06,Compromised
e38198b3-90ad-4229-9bee-3d4b7bb57760,88,Debit,43326049.06,Active
a12ded6d-334e-4912-b8af-6ac664d0238d,89,Debit,13881781.65,Active
1dd53843-4bab-49e3-a792-954b72f60afb,89,Debit,13881781.65,Active
0013a0fe-edb0-4e0c-8fe6-df494f1faccd,90,Debit,413464725.34,Active
1f8060c8-3806-4268-8a27-4227abc90eb6,90,Debit,413464725.34,Blocked
4ec6c7f0-927a-4826-8d4e-394d5d2daa62,91,Debit,38871845.19,Compromised
ab98dadb-9378-4b83-abb1-99fb9894927e,91,Debit,38871845.19,Active
9436964d-ec72-4833-91d1-48e9ed4ad01e,92,Debit,63240468.94,Active
042f65eb-7739-43a0-a557-7512ac957bb1,93,Debit,20253953.86,Active
213c0404-b953-4700-9687-5a4f9d5b1a0b,94,Debit,52546849.06,Active
ffa3d80e-02be-405c-9bea-899f69957b34,94,Credit,99531720.43,Active
ee07349d-d8fe-45cc-bcf0-88f6eff871a5,95,Credit,57973613.64,Active
8c5188a6-a135-4c51-9542-b6fc4a95aebf,96,Debit,111706501.63,Blocked
35c5b0ef-5086-4ee1-80bb-eb0c7a44c3e0,97,Credit,197399417.08,Active
7fbb2c3d-89f5-4e96-98eb-b998f339ae99,97,Credit,126057996.56,Blocked
b6b7dc85-d468-4a6a-8dc5-350429911385,98,Debit,27028258.67,Active
4b12d4c2-bb35-4d0d-881e-d7c1ab06949b,99,Credit,155426354.14,Active
05b3937b-5ef1-4ba4-afbd-066b358f2b38,99,Debit,65362089.89,Active
108043e9-7c2e-4668-91c8-d18a568199a9,100,Debit,21678904.88,Blocked
8eece047-2c80-41ea-8774-4524057f792e,100,Debit,21678904.88,Active
5763a8ce-2ca2-44c3-b58e-594939326095,101,Debit,20745795.3,Compromised
5630c13f-0277-4ac3-b527-6dad5078dc87,102,Credit,128546184.22,Active
5213ff7c-4a39-4332-a4cd-4d9b535678e5,103,Debit,30108226.33,Active
15b69b01-c23a-473c-8b2b-856a6d438542,104,Debit,101324078.66,Active
9ca2a940-0bb0-41f4-986b-bbb10773c9a9,105,Debit,34652081.44,Active
b1d66497-d49d-4829-8341-e82bbd9fb0d0,106,Debit,21046638.06,Active
0a4daff5-05b4-4465-821c-1cce9951f3c3,107,Debit,246432601.28,Active
7d649cc1-c7d8-4812-9432-99e9cdba170f,108,Debit,146242238.98,Active
aabfa21f-35eb-43b7-9142-7fb2cc04233d,108,Credit,657918467.41,Active
bbb6b22d-23ad-4411-994f-4787bcabcb25,109,Debit,57595841.78,Active
b6a21f8c-0c9e-4a98-b48e-f43c4d9988b0,109,Credit,201282188.87,Blocked
ed24d23d-da23-44e8-ad8e-bb4b32e3fd75,110,Credit,88634237.34,Active
32e26852-4e1d-45aa-8563-a35119f54e03,111,Debit,129970313.13,Active
00892486-9368-4c8b-aafe-3bfbc2277251,112,Debit,128959247.85,Active
3df6efc4-cadf-4bcc-a1d5-b977c811aad5,112,Debit,128959247.85,Active
2e738164-452e-4b2c-b4b2-b2047ac97fe1,113,Debit,51419153.28,Active
d9c62cf4-7db4-468d-812c-b9a747e5b9eb,113,Debit,51419153.28,Active
2d2a3b7c-9d45-46a8-b66d-31f342e6eaac,114,Debit,57707245.1,Active
8ab0c62a-33a1-40d8-a0ab-df2792df79c6,114,Credit,140853088.0,Active
d32e9161-c11e-4ad8-96fd-55d328b62c37,115,Debit,239697809.37,Active
9d21f41c-9f72-4461-a335-3dc2eb98e2ef,115,Debit,239697809.37,Active
ff003e27-5550-4578-87fc-73a79432c3dd,116,Debit,216908266.46,Active
43b7733e-9865-47ea-ac0d-5392410c6ece,116,Debit,216908266.46,Active
f9b75c93-91bc-4ba4-a4fe-4780569accdc,117,Debit,159055558.15,Active
92b07de7-3377-4a6f-866f-6d73819fc7eb,118,Debit,63595476.87,Active
a218b54a-7f65-4d1e-b00d-7372026f68c8,118,Debit,63595476.87,Active
0f978a5a-1cbd-4b69-b9ca-f838676c83c0,119,Debit,81282797.84,Active
4fde15a1-e74d-437f-8ac8-e08610b2478e,120,Debit,64354718.32,Active
bb204c94-a67a-4359-84a7-5a89bc8b7a39,120,Debit,64354718.32,Active
c4b19188-268a-46db-baf3-16fc7548f91c,121,Debit,98238814.16,Active
d67ac356-3f81-407b-9ede-e4c27c957d66,122,Debit,30383765.29,Active
d2e5fade-5bd0-4046-968f-12d0c3cc0199,122,Debit,30383765.29,Active
bb0041b4-6e59-4df0-ad72-fa1460ddc07a,123,Debit,8375765.06,Active
06d9aede-1844-452c-b0ad-df3fbc0c3954,123,Debit,8375765.06,Active
953271c9-0766-4ccd-a0dc-1eee78babdb1,124,Debit,95647597.48,Active
851c4153-9ecc-4beb-8c51-0f1a97fbade5,125,Debit,14316684.43,Blocked
c3866d33-c40d-49a6-b5a2-3eb8e57482ae,126,Debit,27277531.03,Active
64cf9c8f-caaf-4cb0-b4b1-192e1af0356c,127,Debit,80397487.48,Active
488a3c79-be44-4c07-ad64-d76529e0822e,128,Debit,368920253.03,Active
0de6839a-d764-492f-98b4-35df3cafb96e,129,Debit,48479724.3,Active
bd6c8151-8b95-414b-b29c-09729671ad3d,129,Debit,48479724.3,Active
41093c4e-2be5-4919-b484-a1742d66c1e5,130,Debit,20277008.84,Compromised
9ead3528-7dc3-4941-a442-c0720ea6a21e,131,Debit,123559063.25,Active
80c05296-edd9-47ae-a7e5-d80fa72af895,131,Debit,123559063.25,Blocked
d3c7dc81-3650-44d4-b79a-d902ed6d2369,132,Debit,248398685.6,Active
b2454d97-8033-417d-9f1e-2065f477d698,133,Debit,25485741.02,Blocked
4f5f526c-20b9-4c07-ab48-b6352800ed8b,134,Debit,67534173.01,Active
74d47522-edbd-46cc-8ee1-6bf3c9041bf0,134,Debit,67534173.01,Active
4cb77545-e26c-4a66-a563-75eabae13a9c,135,Debit,23256446.94,Active
06e0756f-66c9-4824-8777-d1220a27debb,136,Debit,14908394.78,Active
5cd347cf-55eb-498f-b11e-10fcf8e78657,137,Debit,909576723.81,Active
506e4a08-da25-4f7f-9b4f-cd77122f6b42,137,Debit,909576723.81,Active
0e1e2461-de64-4bab-bc42-62125eab6fa9,138,Debit,126335457.1,Active
6c570bfb-2f28-4fc3-bceb-30a17bb1e432,139,Debit,81648477.9,Active
fd8dabc4-36b4-474e-a8ef-2b1d651a9d64,140,Debit,10638792.94,Active
af62ea43-e0f4-4f1c-aab3-c6851e774b2e,140,Debit,10638792.94,Active
ae4fa142-992e-4167-b1d9-8c263619ab37,141,Debit,131565072.21,Active
f60afd94-ee5b-479e-b5fa-14cc6f2928c9,142,Debit,40692440.66,Active
8626af46-ea67-4529-ad34-e1cdf5e3e39a,143,Debit,388773679.48,Active
e2004b4e-aee7-47ef-81ec-0c3ea3da36aa,144,Debit,69689765.14,Active
e45d4978-a8ea-4fb6-88c9-e41d185f9549,145,Credit,152897514.16,Blocked
f1a8cb4d-d8c5-4885-b138-5626afecb086,146,Debit,189998938.25,Active
047ff46e-a2c6-4351-a820-ea63636e33ae,146,Debit,189998938.25,Active
745a973a-c734-41ec-b53a-52aa76257a99,147,Credit,238839539.7,Active
5c6039dd-fa2d-4b9e-a7ce-7c9837161a5a,147,Debit,68969136.65,Active
b6710ca3-796f-4049-813f-778882882b3f,148,Debit,476141742.6,Active
485b3dc2-139a-48c4-8f68-7b47bdc4d3b8,149,Credit,272129689.86,Active
51728909-1ae9-417d-836b-ea2d26b92707,150,Credit,155957561.79,Active
247d0a9a-cc94-4dfe-a342-a2e6f1b15b9d,151,Credit,406046397.1,Active
2fed89b0-a075-498a-9b9f-7b0bddac2fed,152,Debit,34456231.06,Active
a62332d3-a8c5-4418-afab-29bb7abc3f81,153,Debit,22537063.53,Compromised
1210bfcc-7307-46c2-9324-a04229a11234,154,Credit,56574283.21,Active
6e89f586-3b12-4c49-9c60-a9a06e901fe6,154,Debit,17428214.34,Active
91b1e578-82f2-4802-a455-0589b1dc9a40,155,Debit,27763396.32,Active
f5afd1f6-e2ad-422d-b531-8113d1b0963f,156,Credit,82368202.37,Active
bb7e3b85-f1b2-40b1-a6d7-c231bcc6cb4f,157,Debit,59964476.65,Active
9c26738f-d1a6-4ae8-b000-372787f47770,157,Credit,292753707.05,Active
c7a5fdf8-f079-4838-93bb-e4fdccdd5706,158,Debit,27983669.39,Active
9d8f1518-0bbf-41ba-ae56-5fd3cc641a11,159,Debit,43628987.06,Active
13c5420a-ac89-4e2e-beaa-33a50139581f,159,Debit,43628987.06,Active
6fdeb5e3-111d-4942-9cf3-320e587b2eff,160,Debit,17599923.48,Active
9d46a2e3-8a58-4bc9-9b54-f254c4393bb8,161,Debit,183606658.71,Active
417651ea-d64c-4172-b073-4298e613a574,162,Debit,44421064.47,Active
c0f24249-25c6-4176-adb6-3e421d9de6d1,163,Debit,39888664.88,Active
6034bf26-5781-4670-bc4d-8b45f431caff,164,Debit,39923090.01,Active
5b17a2ad-0543-4a56-8d8d-f42947bd871d,165,Credit,217744424.34,Active
ce3b0fe8-088a-4f8d-a6ea-db6489991905,166,Credit,219784017.71,Active
65eafe06-862a-4cff-bb31-e9bb7a73d054,166,Debit,91589471.31,Active
f9d288a5-fe83-42b1-bf67-f9de173ca429,167,Debit,41201372.26,Active
eead8de4-d6f8-44d0-a7d7-7f414f3555c1,167,Debit,41201372.26,Active
20bb76a9-dc97-4294-b25d-8565852a52ca,168,Credit,634253328.58,Active
09c4b463-b452-4058-8c87-50cd9b5f8273,168,Debit,305358186.57,Active
2cba82d3-5979-4214-8604-9ee1e2713314,169,Credit,286185347.91,Active
71c2fa9a-7dab-4e60-8c74-a668de24a75e,169,Debit,91167561.87,Active
db6e57a9-dcf0-49ec-b3cd-f4c8789069c2,170,Debit,93796904.65,Active
4eb4a789-ba8b-4d60-8ed1-1a7d37617374,171,Debit,38408939.7,Compromised
585a613e-7bc3-470e-8ba1-05a1205a93a3,172,Debit,157035666.66,Active
3f494e10-ec3c-473c-867a-ed861815a4c5,172,Debit,157035666.66,Active
f2595299-a73e-47fd-bf70-fb85a93a10c8,173,Credit,75966952.5,Active
24c19e1f-0a99-4041-9985-a237add68dcb,174,Credit,236155821.55,Active
5774031b-4ef3-44f5-8620-8928773807d5,175,Debit,26753595.98,Active
d6c0271e-a337-47db-ba9e-fbb44a91a212,176,Debit,337078012.48,Active
f4086c4a-cd4b-4895-831d-5025af7ae393,176,Debit,337078012.48,Active
2cf8e86f-e987-4eb8-ab3c-beb6f14886e8,177,Debit,28156193.36,Active
fd00ad15-777f-4a9f-95da-75b8f8a462ff,177,Debit,28156193.36,Active
d39910f9-20b8-4ca8-b2a0-3cb27b5222e0,178,Debit,57332076.15,Active
f5149733-0829-41c6-93d7-834f7e177d87,179,Debit,163660389.05,Active
cbde4fcd-d10c-4fa4-8abe-08c032e6b828,180,Debit,47931611.94,Active
28939b2e-beaa-49ed-af58-9ed00cb4ac13,180,Debit,47931611.94,Active
388fbe89-da5f-432f-b6c0-0b477f098a36,181,Debit,28747028.06,Active
e09e410c-2fa4-4040-ab68-9ea43cc6c133,182,Debit,155731213.53,Active
cb91a8a5-968f-4dbc-893d-e08d0b211cca,183,Debit,208851826.05,Active
11e21161-4eee-4699-ae3a-50658472964a,183,Debit,208851826.05,Active
b223c7e1-46b8-47b3-8cea-58dc8a92e116,184,Debit,76273328.64,Active
45baa9c3-cf13-450e-9f07-af17f87f48f3,185,Debit,113909777.02,Active
00cf6a0f-027f-40ff-9613-158d1e881663,186,Credit,569314172.17,Active
0b8da278-2955-44de-88d3-a13204f27333,187,Debit,43869365.72,Compromised
025b4c2e-1008-4854-ae56-a50470151835,187,Credit,123018440.74,Active
2d69410d-9d88-472a-a911-981fbfc5eb97,188,Debit,236536853.02,Active
489c3494-0482-487a-9291-c96aa462e660,189,Debit,91099678.76,Active
cc699488-5aad-42e9-ac29-a09e5eed91a9,190,Credit,148218700.27,Active
8850f6c2-32cd-4b3d-a4df-f6d6582363b3,190,Debit,44060124.43,Active
ff11571a-65a2-4974-85bb-4d6f9da927db,191,Debit,83259621.18,Active
33588438-9ba6-4fcf-9467-47b44135205d,191,Credit,408473151.66,Active
9632a53f-812a-4f0b-ae78-a131861984af,192,Debit,49177111.15,Active
c4f98f19-6634-4c42-bab8-c1a1a6018aef,192,Debit,49177111.15,Active
3e6897a8-036e-4db6-9f2f-27103bc8bc1f,193,Debit,40882007.4,Active
ee4f9d3f-98fe-453c-9d55-9c2c76bd8faa,194,Debit,10483657.29,Active
1d71ee2d-f352-42d7-9485-936e7124cb0d,195,Debit,57929217.45,Active
8e5d91bc-edfb-41e7-b22d-244763c663bf,196,Debit,120272557.37,Active
c86d5898-06bf-4783-bcda-db7992fd2239,196,Debit,120272557.37,Active
98ea11cb-aad4-42cc-84e0-ee13e505d2da,197,Debit,18507527.02,Compromised
83397359-8104-4fe3-b30d-a005284dd832,198,Debit,413274843.79,Active
ddc7d998-888c-4e89-af7c-883363c3441d,198,Debit,413274843.79,Active
f8fca0f3-2b4a-4b1e-93dc-1d97bd6f131d,199,Credit,108122811.87,Active
eb4f424d-b901-4c0d-95a4-b73b667ee82d,199,Debit,44124442.1,Active
243d20f2-5eee-40e0-b58f-f3eee174b0c3,200,Debit,60009532.48,Active
1c1cc25b-0a39-4789-83bd-4203e61dbf83,201,Debit,64941528.22,Blocked
d6e1e304-ede3-4cd1-930f-2058a2c94eed,202,Credit,127039241.56,Active
24e7bee4-6a34-428e-8a9c-6cf61391dd71,202,Credit,106868217.07,Active
359d4c40-b422-44e9-b07f-026c98db7f87,203,Debit,60070583.06,Active
751c3011-c8ff-4f74-be85-632483259410,203,Debit,60070583.06,Active
dd8728a4-a969-4e25-8257-4c3420bfbe67,204,Credit,106112681.5,Active
138b9229-6380-4d26-9b72-4b2470356ddd,205,Credit,98797555.39,Active
11919b25-dcc2-4f75-9d72-79d791cea9ae,206,Debit,26047208.96,Active
b26c7b36-221e-48b3-9185-c8da91cf3403,206,Debit,26047208.96,Active
c00f8727-0d2a-4a3f-9a73-534b0706b4ce,207,Debit,90805007.4,Active
49ecb91b-caa8-4bea-bd8b-92a3897598ca,207,Debit,90805007.4,Active
4beadec3-982d-4c09-aacd-30f163b76bd7,208,Debit,272818875.7,Active
135abda3-a598-4e9d-a7a8-00c0413cf777,208,Debit,272818875.7,Active
efed4de4-78fb-45fd-a623-e637734cf3be,209,Debit,373536760.8,Active
1993e62c-b885-4fc7-9dfa-9216cc32554d,210,Debit,44153002.54,Compromised
84d6c824-7bcc-4854-a69e-a6ccb388d301,211,Credit,131238425.27,Active
3367485d-a4e1-4792-9085-97d34444c99a,212,Debit,27795695.41,Active
d19c5bd0-de39-45e8-aec9-0bf0f39ac602,212,Debit,27795695.41,Active
0d665382-8b2a-403b-b334-1f1a1e6938b6,213,Debit,33605012.83,Active
4f1269d3-769f-4183-92bd-b4343f9a8125,214,Debit,14410408.03,Active
efa4b147-7a38-4ed1-9a2f-896d8b8dee78,215,Debit,107711653.82,Active
8c3520c9-9f4f-4c81-9791-5265f4d05273,216,Debit,29778022.22,Active
c1c186f9-c9ef-404c-b02d-7ddc4c8f2d58,216,Debit,29778022.22,Active
a8332188-d694-4c89-9743-048549c3301c,217,Debit,26944078.42,Active
bd30693a-c59e-4a8a-98fd-1331ae24bbfa,217,Credit,95247215.7,Active
a6cdb488-66dc-429b-9e52-b196d8bc0051,218,Debit,178706357.24,Active
92e19537-adba-44d4-ae59-e8e17ed20a75,219,Debit,241401165.86,Active
7397b555-c817-4767-9d6a-1a9bc16a9a0d,220,Debit,13333332.1,Blocked
e69a1439-abd2-459e-a01a-14bc385a56fa,220,Debit,13333332.1,Active
2cb1b9c1-af57-4b6d-8d58-6ab8b5681ae2,221,Debit,38127996.26,Active
8a8c851e-98ac-43f3-9e25-bd10950ff929,221,Debit,38127996.26,Active
555ae225-0508-41f6-8d0f-fc43b43c3689,222,Credit,187925055.18,Active
090bcc91-b308-47c0-b8e3-8e3b165bda96,223,Debit,98512107.78,Active
215fbad2-8adb-408a-b0a6-af00b7ff2351,224,Debit,98464394.56,Active
a31ce98f-e48a-4dba-a77f-7be63d6b5d51,224,Debit,98464394.56,Active
13b9fbe2-6e8f-4d9d-9287-28312d9e0e98,225,Credit,100650720.44,Active
2b6b095b-51d5-4175-a17c-af21eaef3789,226,Debit,38350510.06,Active
a152fbbf-71dd-4645-b441-6617793dff51,227,Debit,67958537.36,Active
4584925d-06b1-44e7-9a5f-c3197ce9c11e,227,Credit,187319713.5,Active
1668e4a0-fe39-4597-8411-1189bdcdf4b3,228,Credit,151514630.9,Active
cf09ad36-c980-4cc1-8dab-6b779b544524,229,Debit,26973092.46,Active
708df9e6-ca77-4362-bd3c-11b12078a2be,230,Credit,2698378828.41,Active
55e462e6-3db8-4e06-a889-f85240335692,231,Credit,155271078.08,Active
7d7fefd6-844a-4599-8de1-8d871e6d160b,232,Debit,79943437.47,Active
f85621fe-3f2d-409e-854e-5bf8ac704a4b,233,Credit,104263175.82,Active
6be6340c-c862-4069-9ebe-288a513a55ad,234,Credit,128881042.58,Active
e1a3b169-badd-4567-9174-e82f04e1a0b0,235,Debit,35840115.74,Active
b66e4c31-e0c2-4ab2-9818-91a6b7a46340,236,Debit,42285618.58,Active
b65b0270-1baf-4381-9091-f9db1e7e0df0,237,Debit,105036747.57,Active
bfccbc09-74e8-4475-a4f2-4de19ee7038f,238,Debit,71879522.82,Active
e2dfdb03-d1eb-4543-a90b-8bb742d6feca,239,Credit,328308454.61,Active
c7810863-8aea-4ab8-bd0e-60c04376121b,240,Credit,3228182416.79,Active
625b5074-f47f-413c-a12b-cb36946e3557,241,Debit,141522972.38,Active
18f30ffe-11e7-4192-a1a0-0748e9a14be1,241,Credit,562619573.37,Active
328afc29-236f-431d-a532-eaac2bb79c0a,242,Debit,37771139.02,Active
0c30e67a-226a-4a6d-b3b3-4efa235e0a24,243,Debit,68039684.69,Blocked
2d82dccf-f4c7-4b12-ba6f-fa0da1974c69,244,Debit,15283912.54,Active
83b07998-7c8f-4992-b46e-74571e38367c,245,Debit,67424202.25,Blocked
dfab226f-e54d-4217-a4a1-a03370b6a086,246,Debit,35833958.89,Active
2170ccfa-e13b-4816-a310-7dd9a2ff0144,246,Debit,35833958.89,Active
7db3b6ae-e185-4b09-9af8-c6af200a751b,247,Credit,73028985.62,Active
325072fa-af22-4f1f-b892-4437a95e62e3,248,Debit,20496402.7,Active
52c5e5f8-018e-4f75-a32c-73912ae8c360,249,Debit,107046249.17,Active
d7660c86-7ed6-4146-9fba-7e88b0a9e7e9,250,Debit,19937423.97,Active
6c973850-df7d-4cd4-86d0-a0409192d4f7,251,Debit,60925252.47,Active
a5351193-5da0-4991-95d5-ca5c2562ba50,251,Debit,60925252.47,Active
fe93d368-cebd-4009-b101-ee6da7d60d8e,252,Debit,17423197.39,Active
0acd4659-792f-4e1f-9d14-cf724243fac1,253,Debit,49554720.38,Active
6cac39a4-2278-4e45-9124-3300893418f9,254,Debit,80764860.9,Active
637ec55f-1c50-4f95-92fa-007f7656eb6b,254,Debit,80764860.9,Active
baadd42b-7f83-477f-adb6-99d5ad90bd40,255,Credit,411828897.06,Active
8a171589-95f2-4a0e-91e1-c7072e09e8eb,256,Debit,34471802.33,Active
36219f92-be0c-4765-83cf-3959b40d6165,257,Credit,67372676.17,Active
28575a68-1ee8-40ad-8d7e-cd0d83a4bf41,257,Debit,15948243.47,Active
1f61e7ec-0f66-4d2a-8743-6066e132e65a,258,Debit,17660229.46,Active
1ac9a479-16cf-4440-af3c-23a86f6b316c,259,Debit,82978833.3,Active
5229daa9-a4e2-46a4-9518-e766b52900c1,260,Debit,32754645.29,Active
fbb24b85-0be3-4bb8-9322-4206aeb7d90b,260,Debit,32754645.29,Active
80da572b-64c3-47da-9cdb-77cfbbeb8b50,261,Debit,241673329.24,Active
d99df1bc-75a6-4a17-b623-ac79df28b4ca,262,Credit,58917864.96,Active
d79b1826-5019-4898-966e-7ba4815ac97e,263,Debit,19590629.54,Active
98b2e7da-9eab-4724-8cd0-f0604b12a276,264,Debit,15586307.02,Active
11b45fa3-8c4b-423f-aef1-3589096ccaab,265,Credit,38669064.31,Active
0a963d35-f9f2-49d1-9916-f37c7976875f,266,Credit,194494257.43,Active
f1aa0aa2-11fa-4091-b456-5bfeb00ccbe1,266,Debit,81459304.08,Active
04897cc7-dd9f-4d5b-895a-26e4df912a50,267,Debit,92002249.34,Active
0de330aa-0328-4c84-b6f5-da6ffd3ab61b,267,Credit,302784098.01,Active
4a9924e3-810c-4235-812f-0b77d26bc698,268,Credit,127670809.46,Active
474c97c4-d8dc-40a1-8ec8-8b44a363302e,268,Credit,68922112.53,Active
91b766a4-36c4-4a0f-88e7-2b26d535c56f,269,Debit,163798188.58,Active
466b5130-70e2-4650-bf8a-d81fe17ce9f3,269,Debit,163798188.58,Active
6c056825-b3fc-46ec-b09a-f8b8f1ced85f,270,Debit,36588277.45,Active
3ad4b327-ad5c-41d1-9996-8ccddf0d7554,270,Debit,36588277.45,Blocked
5d344ca5-22bc-4d69-a4c8-60f1b19358f5,271,Debit,60616144.2,Active
57bd3484-fcb6-47a2-b50c-71168f362141,272,Debit,29776724.7,Active
10a741b1-32e9-410c-8077-071faf049a1c,272,Debit,29776724.7,Active
c46c066e-279c-4a95-aafb-967de3bf29e2,273,Debit,39346168.93,Active
3fea3d32-bb85-40a1-874d-ded1c9ceac84,274,Credit,210757189.38,Active
efacf945-9b8c-49d2-a92a-f03388b22b15,274,Credit,150226273.74,Active
eb06838a-3eac-4a3e-9905-98ebc4abd80a,275,Debit,25265731.51,Active
00ef9314-5200-4a50-919e-1ccaa1cc19c5,276,Debit,74274199.34,Active
0e2e0a7a-538f-435a-a9bc-5243144b14b2,277,Debit,262963694.12,Active
dcad319a-091a-48c9-aad5-204ed62b9cb1,277,Credit,1277143766.61,Compromised
77b971f7-c156-4748-9596-0e3420a8c6ba,278,Debit,61955736.97,Active
39e0e166-1f4d-444d-9f80-316180a604ac,278,Debit,61955736.97,Active
81c3066b-281a-471a-9196-5b51be29869a,279,Credit,89365599.14,Active
828632e4-901b-4c0b-9262-9e2d59981189,279,Credit,96375864.51,Active
b4fd8dff-6425-40dc-932c-bf3a35595660,280,Debit,38495362.19,Active
c0c4acf4-ce39-45a3-a240-1cec9b40f709,280,Debit,38495362.19,Active
ad9fa1bc-0162-4370-af90-295f0ecca5ff,281,Debit,23201314.62,Compromised
0022a662-3fe2-4cfa-b765-ff9431dd36e8,282,Debit,10006922.11,Active
15095a1a-e4c7-454d-be1c-d3add6850cb8,282,Debit,10006922.11,Active
0329f3fc-6319-4645-a36f-ea29c8bc7fc3,283,Debit,37192070.29,Active
633c6a22-dd76-4982-a33e-08cd9c70e61e,284,Debit,68163615.91,Active
051cbd76-2dcb-4114-bf95-857cb32c8123,285,Debit,34182419.18,Active
017a1d8c-2289-4bfa-90d4-7b473af6a10b,286,Debit,41393624.54,Compromised
29644b83-80bc-44e8-9373-c65d6c9b2c37,287,Debit,58983656.51,Active
37603bb3-7043-465c-9253-c92c086c8c66,287,Debit,58983656.51,Active
d72ad5dd-1541-4969-b60f-11e7953d80f7,288,Debit,328768232.93,Active
7123f719-b20e-4729-8177-f4af772e3ac1,289,Credit,260968301.91,Blocked
b6135d38-fd7f-46d7-a505-68f0c386a287,289,Debit,56451385.28,Active
af0f3c5f-6b8b-4133-820b-2faa94a9e966,290,Debit,371678145.22,Compromised
d7eb0a6a-976d-48ed-afd7-d320bae052a4,290,Debit,371678145.22,Active
646de050-b6b1-4843-b61d-50c84c0de0c9,291,Debit,417212682.5,Active
ebefb1ce-50c3-425c-8dbd-95b1e700f57a,292,Debit,115429980.27,Active
1c367ab2-68d6-4548-a5c2-12045a13b690,292,Debit,115429980.27,Active
3c3a567c-ef47-444c-ac1a-32fd96761dab,293,Debit,55521299.03,Active
1707841b-4d04-41c4-9eb8-309b56ec5149,294,Credit,209550781.78,Active
aa9c0140-f217-4e15-9e49-f63cf07b1493,294,Credit,188611582.24,Active
3fe9ca9a-b9a4-4826-a26b-f0a19789a6be,295,Credit,853664322.2,Active
ad712e28-c6ad-4cb6-9858-50ce743fe7f5,296,Debit,24068741.27,Active
b479dfb8-620c-467b-a54e-10f8e23bf144,297,Debit,37057772.72,Active
5bb7b910-7572-4263-9e29-157ea83d8352,298,Debit,121557398.87,Active
5ddbbd70-d0e8-4a46-ac04-5231004c33d8,299,Debit,116271292.26,Active
b65390f9-b44a-4065-b5db-494fa92c0188,300,Debit,57010216.23,Active
262e0493-1958-45c6-a933-532374c41082,301,Debit,84935373.37,Compromised
af5eec05-b489-45ec-8e7a-d202ef8ec91a,302,Debit,30429544.44,Active
719d9769-f6ff-45dd-85cd-edc99f0d6958,303,Debit,40821786.32,Active
cde1e948-6390-468b-8293-3d4ee5d35d47,304,Debit,20192601.22,Active
7e9370bb-9fdc-4b70-be65-1c15c9f2ac83,305,Credit,334563989.54,Active
ecf450c7-52f3-44c7-94fd-78d5d7eb5f73,305,Credit,481034078.91,Active
b607ac3d-c845-4536-bcbe-6ecea909cae9,306,Debit,24992051.64,Active
6d99fdae-efe1-4ea3-8010-b2626b4f733e,306,Debit,24992051.64,Active
5885991d-123e-4bc4-ba3f-0d21cf8280a5,307,Debit,119808007.98,Active
43119d4d-8d01-469f-9867-df48621035ff,308,Debit,588980388.35,Active
55c5d858-8916-44cb-9c47-e3383fb31bb7,309,Debit,277927923.46,Compromised
a2dfc3b9-aa09-421d-9353-1a2b47ec7c51,310,Debit,59046297.51,Active
63f690f6-d36a-49c1-a82e-daeb632ec898,311,Credit,532488805.36,Active
510af416-f553-4fa5-89a7-69763ab74f55,312,Debit,55431942.63,Active
52d00461-4090-4837-b0ba-94beac1af249,313,Debit,16820636.08,Active
9838e5d2-cb7a-4bc7-8647-e162324dbf4c,313,Credit,45053793.2,Active
865e277c-7454-4075-8866-7dc7fad9a500,314,Credit,55076584.49,Active
6dc385de-29de-40db-b7c5-7e92d1d02380,315,Debit,96934644.76,Active
873dab61-4f96-4fbf-8bb8-087abf17ffb6,315,Debit,96934644.76,Active
85c89ccd-6f35-4583-9c83-bc4f88fb8095,316,Credit,169311246.11,Active
34842603-f40a-435b-923f-d4d3c4e1c00e,316,Debit,49907133.04,Active
35edba22-d935-48a8-a776-1a42ea6df90e,317,Credit,686310364.48,Active
860b4ce1-b892-4b55-abde-d2fac8fdac1f,318,Debit,20295186.81,Active
2bf8435d-0247-4287-b8d7-954dbcfc447b,319,Debit,66478329.69,Blocked
31360cf1-c9bd-48c4-9636-a6fbd2ab70e1,319,Debit,66478329.69,Active
d459dab7-d7e7-4f82-be5c-23a6b8707706,320,Debit,22542514.42,Blocked
1d80b7d1-1317-4030-9ea4-13c82e11bb15,321,Debit,13618125.73,Active
f8f82a7f-51c6-49cf-9534-d67b1a16d604,322,Credit,73852174.82,Active
5aa50cee-217c-45fa-975e-c5f10e29b6ba,322,Credit,42114451.31,Active
0cad3cfc-e165-4f46-b687-196e0e2f9fae,323,Credit,123720439.35,Active
82395e49-4f6a-4d8d-bb0b-3115a51b1758,324,Debit,55110181.43,Active
7edad034-f94b-4939-adb3-89ad3a4047c2,324,Credit,230170119.77,Blocked
4827148c-19ee-4f04-9d11-8c8e7e49507e,325,Debit,293859614.9,Active
eaa6acfa-178c-4e08-955f-06163f154ab3,326,Debit,1096246169.83,Active
14761236-be92-425d-bc8e-5481083ea7ab,327,Debit,29966288.66,Active
33255359-fe4d-4d5a-96ea-1f5f68fcedc0,328,Debit,130988134.57,Active
0b86c1d2-1746-4c61-b9eb-b3c623288526,328,Credit,274336887.26,Compromised
d6d546d6-0d60-4dc8-9c04-eec559553917,329,Debit,25627883.11,Active
fd5b67bd-d142-4ad8-ade1-bf0c60c09f59,329,Credit,82437114.17,Active
ebad1dbb-57b0-4a63-b16a-d32edcac9eb8,330,Debit,86552600.54,Active
c9212286-2d64-4385-9012-a266291dfaae,331,Debit,123998123.11,Active
223a09c2-15aa-42ec-a2c8-1bbedabb542f,332,Debit,25218708.0,Active
f338537f-f3a7-49fe-883e-b2ae8cfd890e,333,Credit,55295169.11,Compromised
33172da6-ba70-474d-8e91-8cae3168fe59,333,Credit,63867528.79,Active
6afc48c5-b649-46c0-bdab-8a83f8eb0b05,334,Debit,44233934.89,Active
cb1bf8c3-22a8-4f5a-855a-e5467cbd6c2e,335,Debit,253698623.54,Active
354522ac-7368-40fb-9a8e-3c59eee303ae,336,Debit,30339416.98,Active
19ab8bfe-8490-40d5-88dd-86173a8381af,336,Debit,30339416.98,Blocked
eefdbf72-396f-4ff1-a2a4-15050f05749a,337,Credit,88300581.31,Active
07f35ead-e63a-4e12-be17-6235b04b01fa,337,Debit,25219533.18,Active
7863beb8-6dc5-40a0-a920-c48416116c14,338,Credit,110129974.06,Active
9e52b12d-c4a2-4ad6-b779-1834e8e0f646,338,Debit,44314166.9,Active
48a47463-a738-4bc3-aaa3-27a650fa182f,339,Debit,50294319.78,Active
08a6d0ea-43b5-44ab-b84d-28a3edc7d21b,340,Debit,106154928.43,Blocked
9b319cc2-bc06-4db7-891d-542f5a55f8fc,341,Debit,553024385.19,Active
050e75bf-f665-473b-8ba6-e790bf37c3a1,342,Debit,48403507.26,Active
b37deb75-b923-48ea-9dd0-449c402ede7a,343,Debit,82836877.99,Active
2f654c2f-afac-423a-b40d-e15a7d77bd44,344,Debit,30651327.54,Active
e2429019-b8b8-4d80-8e19-42d1ed86d3f7,344,Debit,30651327.54,Active
39a822f0-b77a-4a4e-aa48-15dc7a236175,345,Debit,49036354.81,Active
8bfb04f0-d336-47a9-9ab2-118f71ba8082,345,Debit,49036354.81,Active
745adf86-c400-4c65-8c99-7df8c6378b4f,346,Credit,213744435.84,Active
b4629e35-b7ab-45b2-afb2-6be15b1449d0,346,Debit,69203269.57,Compromised
c74db4f6-1a1f-4c7d-b599-caf55ec69b68,347,Credit,32767603.5,Active
3ffff9d1-7121-47cd-8283-6a37acaf6bf2,347,Debit,12273371.31,Active
a2757dd7-4d44-4b58-ab9f-ff4689620c63,348,Debit,143995024.29,Blocked
50d3b0ab-3645-4a22-a994-52c251abbbe9,348,Debit,143995024.29,Active
a193bf93-c0ae-49c2-94c1-ef1ffe83a930,349,Debit,46187991.77,Active
0b5d3b3a-c108-4319-9ab8-cff0d7d8ed90,350,Debit,219073349.0,Active
d2963f8f-a3b7-4bdc-a645-aebfbca699bf,351,Debit,34328799.16,Active
36094b7b-a2b8-4d87-95d3-7fab3efc96c7,352,Credit,848470672.55,Active
de0fb4bf-983a-4a01-87e9-f535fcb20206,353,Credit,612892769.13,Active
56f84267-ba0d-4417-9ded-bae3e6a56312,354,Debit,31100227.66,Active
8a30cdfc-500e-4b50-b61e-f37f2746cab1,355,Debit,73638466.17,Active
f3053e01-32d7-4333-a16a-fd8a9488f498,356,Debit,23353116.33,Active
28276052-d7a0-47c3-826d-edebe33ed6e2,357,Credit,269310921.23,Active
4cb3511c-f7ad-4f6f-8272-a720398f2987,358,Debit,89605656.11,Active
af9a5943-8794-48d0-9999-13ee58c519a6,359,Credit,198038536.0,Active
53fb0902-b5b5-4ec7-ace6-5ac43eda798f,360,Credit,842373872.13,Blocked
8a6d81e2-997f-40be-a62f-b058fdf07f3c,361,Debit,21337153.38,Active
fc28218d-2d01-4930-a76e-9fe184cd08cc,362,Credit,181238077.86,Active
00e78530-fa3d-4a52-977f-e6c0fd66d067,362,Debit,62728965.82,Active
7db46ad8-492a-4b5c-96b3-987cfdd3128c,363,Debit,36810500.3,Blocked
d7878508-d2c2-4ce5-8988-71d52cfbab3b,364,Debit,35110041.75,Active
8a34eb34-9c03-4f67-b853-e0135fa574a5,365,Debit,22931272.62,Active
5da94782-f7e4-4e0d-892f-c7e23c2be2d6,366,Credit,128938762.93,Active
2624196a-cf48-45ea-b114-d52fe5d85724,367,Debit,27677906.53,Active
a25075e7-fdfb-46df-b9ca-353fa43d23c7,368,Debit,65452781.99,Active
a0e4578f-23d4-4d82-8c59-3157b356f7cf,369,Debit,95339290.03,Active
16fb0637-a010-4e06-b529-ced1a70c34a4,369,Credit,385709283.01,Active
1ad7e103-950c-4899-8ebe-d4444a15cead,370,Credit,103202019.12,Active
304fa751-c522-4b23-a103-517f865efa20,371,Debit,63785338.7,Active
dbead1ec-58af-433d-9f6a-c62a1d7fa9c5,371,Debit,63785338.7,Active
699d12f1-d1f2-4ac2-8623-6dcbc761b578,372,Debit,199784632.04,Active
7f392765-8873-4401-b261-94435e4d9dfe,373,Debit,34108470.62,Active
9a71e29d-0041-40a8-9c3f-aa3e16a54c86,373,Debit,34108470.62,Active
337cff7a-db16-4579-8d84-a59e26a7eb2e,374,Debit,63570504.68,Active
fab659b6-b557-424a-a53d-4e14ceaedcd9,375,Debit,51422755.62,Compromised
38d81e52-14fc-43ce-add1-48529827f2ab,376,Debit,55101774.67,Active
b8d4ddb6-1cd0-464b-b383-7b4be178d98a,377,Debit,35315376.31,Active
50f41d96-f78d-4bad-a66e-567565040af3,377,Debit,35315376.31,Active
b97ffcce-b28b-4838-9a0a-3e1fc5c4630e,378,Debit,16088228.81,Active
4ac4a796-1118-4671-90ab-d7547f980a15,379,Debit,22459488.99,Active
f0d2bf3a-92f4-4727-96e4-684e6c7e46f6,380,Debit,10755750.6,Active
4cdcba54-e056-4e49-ab77-dcf3886d65ae,381,Debit,51334830.6,Active
68b4d41f-7d0f-45a3-90f4-036956e8deea,382,Debit,21143242.7,Active
013b5834-9c1b-4aac-b7ed-5f30da464df8,383,Debit,81644556.71,Active
77bafd58-9e6e-4a52-8e9d-1298e51e50e2,384,Debit,142314428.94,Active
302b64a9-8198-49f4-8149-8f1744f63100,384,Debit,142314428.94,Active
da252f72-ba77-4e1c-8a23-164e5c07a6bd,385,Credit,42845838.09,Active
9ceac885-ccc5-40d6-b6aa-9fb3f5762feb,385,Credit,60798849.3,Active
f5fe7f4c-ede4-49a2-86e5-9e3b73456c07,386,Credit,78437202.26,Active
6edd714d-8e15-47eb-9d6a-397804b176d3,386,Debit,40785334.15,Active
2d021751-78de-469d-8571-2e7406891f1e,387,Debit,65330647.8,Active
80333d95-68d5-4837-b714-923e37138dbc,388,Credit,338232333.72,Active
59a4643a-975b-4063-bf8f-c48382985a9b,389,Debit,30239385.78,Active
5a6bb6f9-adc8-446d-a5fe-b8fdcb2423cf,389,Credit,144796369.7,Active
2e17e3fc-98d8-46c2-a7b4-67b02005e983,390,Debit,72316760.24,Active
bfd3183d-6e1f-4073-b76f-b2d7c14dc98c,391,Debit,28673119.5,Active
7bb6fbed-3d6a-41e9-9853-c594e7811891,392,Debit,204578648.22,Active
513421cf-9134-4d0d-bc64-42694e490bd4,392,Debit,204578648.22,Active
65f7d796-0d71-4525-9127-94a4a3789216,393,Debit,493071095.14,Active
544002ce-615b-40ed-9e07-7014f8c503cf,393,Debit,493071095.14,Active
2fd1de2c-ada9-40ed-96b4-73d0bd98fe7c,394,Credit,218595130.96,Active
4a2ad9ee-8649-4429-8e80-2c875a9cb560,395,Credit,546871396.36,Active
f003cf57-39da-4594-a2fb-3faa0758d388,396,Credit,247933375.72,Active
6f51d89b-8da3-4f8f-b3b2-211a668e095e,397,Debit,387315753.0,Active
0349dde3-424c-4b41-b436-6d625b650c1c,397,Credit,1847020975.1,Active
ac86987f-8769-4286-b480-9dccc4e63107,398,Credit,65272389.66,Active
4c9e4728-7c99-47dd-a29f-8d2c8b57653a,399,Debit,55993477.07,Active
030149f5-fbae-457f-91a0-d7e612badfcb,400,Debit,6718520.65,Active
21621eb9-b0f4-4548-a351-431ab4f1308a,401,Credit,87634396.45,Active
74fa652c-222a-4c34-b24c-7d86d686630d,401,Debit,26925420.35,Active
8c12d9db-7552-4b7f-a3fc-98b36a0968c7,402,Debit,65794566.12,Active
565e4d5a-d83d-449c-bad0-352ee1ce157a,403,Debit,77938175.73,Active
72c3b3e2-9d4b-48f6-ba9b-b1bfb4b55095,404,Credit,878688024.01,Compromised
22830bde-5fb1-4bb5-ab17-3188a61bfb6c,405,Debit,26153792.4,Active
5cf85737-d6f6-4f57-b43e-14dc44d89345,405,Debit,26153792.4,Active
f3ce7a9e-0e0f-457f-86af-71509847aa9b,406,Credit,116122608.61,Active
b9acdd6b-305b-4921-bb3b-c0cd71a0f3c3,406,Debit,35959379.97,Active
f78f0e1c-58b0-472d-aa0f-0f8330ffa171,407,Debit,58244436.13,Compromised
96d3ea07-a007-41af-b991-af8ecfe50166,407,Debit,58244436.13,Active
70b74971-c60c-4aec-9700-1ad55637caf9,408,Credit,304816305.24,Active
58ec40df-1cf0-495e-b8b1-4b0f1c681f5a,409,Credit,247512640.85,Active
c098a1e1-4f9b-47b9-89d2-50e21787c1cb,410,Credit,39530356.69,Active
44a0d945-9d33-4569-a6a3-13a0004521f6,411,Debit,115515864.86,Blocked
dbe9fb49-0d80-46bf-995b-d7e3dc478430,411,Debit,115515864.86,Active
f644f8df-4383-4226-8d28-fc1e70ca46ad,412,Debit,350814730.94,Active
2be13164-ff8f-4585-a899-f84fb0d5f699,413,Debit,127567000.41,Active
e580296e-0050-4e78-8e87-ceb6ef074b66,414,Debit,31621600.46,Active
a59462f5-e4ce-4e5c-afde-92e7cf67420e,415,Debit,32212814.52,Active
4972cf16-af1b-499e-8612-44576969aded,415,Debit,32212814.52,Active
d78e768a-1a0c-4251-aa59-01528f72d2f8,416,Debit,147415291.63,Active
50776703-91b7-483f-a7ef-a5512032ffc0,416,Debit,147415291.63,Active
004c44d9-cfb0-4074-9334-d1ec91b6cee7,417,Debit,12696987.91,Active
7f7cb412-edd5-49ae-9ba1-4e2b5eb8d2d4,417,Debit,12696987.91,Active
1257721b-f0da-4870-bc68-1bad75d9a7aa,418,Credit,81413255.99,Active
75a339d3-ba97-4067-b59a-76cf9ed66595,419,Debit,35445531.39,Active
01bd8b45-d84d-45cc-8926-2a629b3539c4,420,Debit,44203056.36,Active
c2483fc4-6f0a-4ffd-bcb3-6bece9181f4d,421,Debit,70735728.07,Active
fd2acdfb-f15c-4d16-8349-04cb45e79c48,422,Debit,32585534.98,Active
0b3c310a-b15f-4900-88eb-489be8f4df2f,423,Debit,274823287.44,Active
1a5a9049-79b5-48c8-a05c-d0a4eb135520,424,Debit,32261786.29,Active
def1a3b2-4a68-4ccd-828f-d364bf8c2d9b,424,Debit,32261786.29,Active
15a84f2a-c440-4e71-a6bb-0b021dec3b5a,425,Credit,308975955.98,Active
7095c63d-9f36-4ca3-be7d-0922794bc4b6,426,Debit,31981335.47,Active
11759df7-ad7a-4938-84a2-a627cea0cd3a,427,Credit,147578242.24,Active
e3a9c19c-267e-4227-b911-7165dfe41f5f,427,Debit,46718460.95,Active
8bd95cbc-6f68-4865-8810-bfdb05ed03c0,428,Debit,112455608.71,Active
686719c2-16e5-4a69-86af-bdb4c47ef772,429,Debit,119320643.85,Blocked
f2efe5a5-f6d0-49c6-9bc0-1e9360ba674e,430,Credit,88895161.33,Active
603c1720-9bbd-4ad1-9751-e2531b7490d6,431,Debit,33532941.02,Active
89f14580-2cf4-4792-874b-bad730cc4875,432,Credit,36496811.42,Active
daf5d68f-52c6-474c-8a2b-848a535c5424,432,Debit,18109486.24,Active
b267d99a-7cd2-4b9a-8862-fd0859575042,433,Debit,197352812.1,Active
951b6465-9570-418a-b041-9c0a11d51f0e,434,Debit,125871682.94,Active
b0f545b8-f129-4112-9dc9-62ad29f91cd0,435,Credit,126250199.22,Active
11247991-f9fe-4411-9932-a477b1adc85d,436,Credit,130618773.08,Active
04a05874-9730-4556-912b-e18215fc159d,436,Credit,63485558.83,Active
f19aaad0-f0c6-47fe-9f3a-b6b771cada5b,437,Credit,1237526889.9,Active
26f2c276-d960-4b97-a48a-627938424456,437,Credit,1035075243.59,Active
885c2c41-dd1c-43b3-90cb-153dd72fedfd,438,Credit,203122083.77,Active
281572f8-e4c7-4e7e-b5cc-f9ab7826f624,439,Debit,352005893.9,Active
705d904a-8b3d-4be0-a418-53f72c5d3afa,439,Credit,1304754230.15,Active
c542d63c-6040-49c2-baf1-bafca6ffdd0a,440,Credit,284777609.99,Active
e98a324b-6628-45b6-8386-bdf2b9221503,441,Debit,25783400.82,Active
a4cc827f-726e-437e-bc6c-c042586aa4f3,441,Debit,25783400.82,Active
8d693553-3531-4671-bef3-7f5dbdf935d0,442,Debit,354557841.94,Active
3051a583-90d8-40d5-b343-e193bb8be849,443,Credit,551144797.83,Active
6910869a-32c2-4e02-a231-844ea57ba1ab,444,Debit,38177345.32,Active
1f7ad9a1-b2f9-4534-b43a-54d0b559e04b,445,Credit,141031057.25,Active
5d3a5500-6fea-48ff-9584-6b9fd40e12ab,446,Debit,57009301.09,Active
3afb1b75-b87b-495c-96d1-ff81f466d497,447,Debit,23739122.18,Active
8b889b65-e8a9-4825-a288-aafa851e0fe8,448,Debit,462053919.64,Active
74c054fa-bca7-4b95-984a-cef5c6742a3d,448,Debit,462053919.64,Active
23360752-e31c-4902-bd1b-42f415a57f28,449,Credit,508695612.17,Blocked
571a0988-b8da-4198-8d79-6a4e79da9bc4,449,Debit,204170303.41,Active
6d3a05c0-4d13-411d-9e23-c18334fda5f0,450,Debit,50373197.52,Active
02e3860d-3ee6-4edb-928e-970f0c06dafb,451,Debit,115127515.9,Active
99c8c96d-b073-4478-b61a-2e41ecbd6e76,451,Debit,115127515.9,Compromised
ea4ef230-5f51-41c4-aca2-ac637decc8ec,452,Debit,23227649.63,Active
eefb83d2-72be-492a-8a54-ec7bbd54ce82,452,Credit,69214637.57,Active
a1f53d1b-7f25-4d1a-9132-95707e1a3473,453,Debit,44425320.72,Active
fd9b7fdd-62a3-46d1-b9e4-ff1ed08ac2ce,454,Debit,14986426.47,Active
72ddfda6-b5ac-4e4a-a7f4-f36e6549b1d0,455,Debit,25611782.47,Active
0b29a2a5-3f09-4aff-87b8-680fb1341cfc,455,Credit,87770283.06,Active
f76037b0-5321-4c96-80a4-cfed9e149cf4,456,Credit,65881136.39,Active
ee157b33-d7a6-4c2c-ac50-5c0435126e21,456,Credit,83253240.17,Active
1a635b89-f970-40b3-8101-d717ab1f655a,457,Debit,37974051.23,Active
b4a5c0d8-1c05-4dc9-a4af-d65af9438acc,458,Credit,553283136.08,Active
6701c935-ed1b-4196-a8f6-0ffd397921c0,458,Debit,128912375.08,Compromised
24019702-38f1-48c1-8a4f-b193fad40821,459,Debit,97552240.46,Active
91de6be7-568a-453a-8b13-76874469082d,460,Debit,8100754.91,Active
a2da3b5d-f880-46d5-a7b5-d04ab348ea09,461,Debit,83803845.13,Active
3e0c277d-0800-42bf-a525-9a95da44451a,461,Debit,83803845.13,Active
0f5651a8-811f-49a0-a364-bcce64415f1c,462,Credit,84685806.67,Active
34266dd9-26e3-4120-a318-3c4be3a5ca31,462,Debit,31431909.65,Active
7171b384-5783-4219-be6f-59286d628dae,463,Debit,59337604.79,Active
4bfe2f37-2cb4-483e-88a3-021ada2c8025,464,Debit,8449270.78,Active
6567af0d-88c5-4f3c-a74c-168bf4c44a8b,465,Debit,81412214.06,Active
bf1cfd72-7568-4e8a-ad7c-24c3f2aeaaae,466,Debit,251023235.09,Active
d4c3ad9c-d45d-403b-9b5f-20bbd4e49505,466,Debit,251023235.09,Active
9beae269-69ae-42b5-9fc7-66cf9053e273,467,Debit,418587802.06,Active
ff7362c9-ff79-404f-9600-ce1bf636b31c,467,Debit,418587802.06,Active
38fca706-c12c-4c8b-9b11-8558d0adb76c,468,Debit,13971780.81,Active
222ede5a-3bc7-48e7-af98-b8c8dfc4f570,468,Debit,13971780.81,Active
8cbedf13-785f-42f0-8a06-eacc94b1119c,469,Debit,15120061.61,Blocked
51c7f6ae-7b4d-4b53-bc36-acb87ff23971,469,Debit,15120061.61,Blocked
b248842d-8aeb-4770-82b4-3cd9e626898b,470,Debit,63108917.43,Active
86c3b057-4740-48dd-b83d-f1c991c2dc09,470,Debit,63108917.43,Active
716b041b-c4d0-452f-9be9-de0d021a806e,471,Debit,33262716.78,Blocked
463c354f-35ba-4980-b4fd-9d0def6a5e72,472,Credit,215678023.5,Active
27fcdd5a-27d6-45ce-8120-09955ce5b9fd,473,Debit,61039735.33,Active
6744eabb-6981-43f7-96f4-213f16aa5ff8,474,Debit,77771948.62,Active
dd83c2eb-aaf9-41d1-adcb-a500c3632214,475,Debit,52498142.28,Compromised
d4c33a26-b7aa-494a-a498-17c56c659bb1,476,Debit,353335466.68,Active
eb0e4a9a-607a-4562-ae4a-cd656afe3912,477,Debit,50472479.9,Active
73effb78-1239-4d80-b07b-e6ffcbd8cde2,478,Debit,102180079.23,Active
30ea1555-ddb3-4ea0-b6e9-9d0cee048066,478,Debit,102180079.23,Active
7396cdae-1356-4c1c-a2ae-63c79d75b79e,479,Debit,133052581.84,Active
18657142-2ace-4b3b-86cf-356fa14d4928,480,Debit,41688178.26,Active
0e981b44-5a21-44d9-ba87-03891af61869,481,Debit,41425091.47,Active
154e02de-23f0-4064-ae37-15e476e969d5,481,Credit,187808468.93,Active
c1ac03c8-603d-4473-a711-82b1048d4fd5,482,Debit,56118532.31,Active
465ea04f-59eb-4761-8f96-ffa3e4c7d0b0,483,Debit,160801771.44,Active
6bd4a15d-a213-45de-8290-9fc64483596e,483,Debit,160801771.44,Active
02a1edae-19b6-44e8-9122-a497adb68c9a,484,Debit,97592578.68,Active
29f00b50-f1bf-4731-8a82-d6df3c7c9f9e,484,Credit,454197526.98,Active
d1c637af-e6a5-48a5-a258-2c98e8b5682b,485,Debit,49501517.43,Blocked
499c15f7-9e42-4390-aeea-b36ec0025cd4,486,Credit,118169792.66,Active
ba65f86e-d0e1-4c63-a335-1c8cfffe450a,487,Debit,120560278.09,Active
cf2fb909-7dd0-44fe-a7a3-59085aeb6c85,487,Debit,120560278.09,Active
56e46e7b-bb06-4485-8ab5-02ff459c1a6a,488,Debit,52596770.46,Active
c3b98fb9-2a12-44ce-b909-feea59347d79,489,Debit,89462652.04,Compromised
ccb7ef3d-51c0-4e85-b0f6-ec157605eed0,489,Debit,89462652.04,Active
17dce0be-9f4e-4d2e-83db-24eba2bf4816,490,Debit,69565340.05,Compromised
d14bf73a-d2d8-47bc-83d4-b236a05198ed,491,Debit,142922256.08,Active
fefc8851-9bf2-461e-a35f-9543c99f696b,491,Credit,686015254.59,Compromised
379750a4-36e0-4687-86f8-ada9bbfc542e,492,Credit,51531162.4,Active
5d1eda78-56ea-4592-8a3b-7d108c3fc108,493,Debit,228185861.6,Active
e303a1ea-1118-4dc5-aca2-de36de31f135,494,Credit,157056375.13,Active
070aa1ce-286e-45da-8d81-55312e1452f5,494,Debit,40824821.01,Active
3abf1d05-69f5-4fe6-9dee-ec133aa91ba7,495,Debit,160422734.46,Active
4ffc4dc4-b8ef-4cc1-a7a4-a713ff28d818,495,Debit,160422734.46,Active
011e2f4d-c56d-4835-be24-f6050b501e6f,496,Debit,46869989.18,Active
c005a046-7288-44c7-9f74-bc7b8e769260,497,Credit,362905722.41,Active
55beb71a-040f-46ed-b781-1a5268d15540,498,Debit,33913448.08,Active
9bf9f655-9e32-4aa0-a11a-aa72d149439a,498,Debit,33913448.08,Active
97129ead-7e9e-4d11-b592-702e9730a15d,499,Debit,33339031.31,Active
e16d22bc-c2c1-4568-9d80-ce64bba1953f,499,Credit,82383691.01,Active
87074214-28fa-4610-a535-fd7057e6222a,500,Debit,66997471.5,Active
669a16a9-b90d-4e1d-9db7-05015ecfc496,500,Debit,66997471.5,Active
6070afcc-769b-472a-973b-132f904ba844,501,Debit,56131253.32,Active
be9b107f-7683-450c-b0a2-69ca41cd0e90,501,Credit,213624877.14,Active
b367a3c6-77af-4cde-820b-0f81ba7bdeab,502,Credit,104764620.9,Active
8aa3c8b1-8b95-4dad-b9e7-16f3f80abff0,503,Debit,1767805161.33,Active
dd9f194f-0c1a-4a5a-9aea-ea5ebb68533a,504,Debit,124808974.62,Active
75668b53-963d-488f-b8dc-0a9b7d66f1f3,505,Debit,70559446.96,Active
bdebc510-939e-4224-b026-99b817e9c51c,505,Debit,70559446.96,Compromised
e831b4be-b10e-463c-ba86-d7355207be88,506,Credit,62320360.28,Active
66e33319-9d4a-43bc-a5ae-0dae5c1b9ace,506,Debit,21438603.4,Active
342edab4-ce87-43ba-8ea4-a751647ea940,507,Debit,386306194.76,Active
f320945a-38ef-488d-9242-f07ca9b6ca38,508,Debit,33975067.71,Active
b3dbd2ad-52a3-4f05-87b0-592b344319e3,509,Credit,132289324.36,Active
63eb8786-2361-4628-a37b-5cb949f015f6,510,Credit,177240087.64,Active
2334e446-be59-49a7-9456-fd2b4f3b95bf,511,Debit,46511325.38,Active
c182869a-b244-44ac-9218-ad414f3b2906,512,Credit,107275742.7,Active
7a17ac32-97e5-4bc1-8a32-3a2444bdf8f6,513,Credit,309967254.93,Active
877fd230-f397-40ac-99d5-880d42decd4f,513,Debit,102106295.04,Active
e748c00d-9bb5-4fae-949f-bac9f260a92a,514,Debit,29641375.63,Active
3617cd95-91d0-4a38-86eb-e5a4bf758f5b,514,Debit,29641375.63,Active
8a37a699-1304-4263-a760-792cf03031b2,515,Debit,76740541.56,Compromised
52ee4aef-2847-4938-966c-6357f480c725,516,Debit,117854965.32,Active
7cb6d3b5-827a-4083-aa74-bf5db024479e,517,Debit,431633487.58,Active
c211613f-4281-4d55-b93c-6c761dd8512a,517,Debit,431633487.58,Active
36e11a5c-5504-45ae-ad7b-e5c99a9669d2,518,Debit,28997436.53,Active
344d25ae-bcbc-4a5b-af89-3ea27e219e64,519,Debit,125881382.43,Active
b1cd5554-e6da-45f4-8916-de9a79c06f90,520,Credit,583593606.14,Active
25d7613a-8e56-44d9-8c6c-ed3db6184264,521,Debit,296265746.71,Active
ddb6930e-6211-4d7b-b8c2-2119beb00edd,522,Debit,168221727.9,Active
fd1bcabd-59a1-4ce8-b0b2-72f695159afb,523,Debit,33413467.5,Active
d310cd5a-fe25-4327-ab7c-c6df46da8dbd,523,Credit,160011643.49,Blocked
c724beb1-357e-4cee-9396-8e90aa3fdd3e,524,Debit,170459956.31,Active
0f82827e-2b6d-41b3-8a09-45ad161e6abb,525,Debit,17570225.36,Active
16c7e624-aaa8-4601-ac1c-49a3f771ed9e,526,Credit,111335418.28,Active
a8db7e80-644f-434a-a296-bf9ff9fcb13a,526,Debit,37217607.92,Active
1d983ec1-7d78-4906-88ec-fc4cadaba336,527,Debit,24993554.87,Active
0f7c9d3b-f026-44db-84e0-444facc04158,528,Debit,37074660.25,Active
0c93d786-26ff-4fc0-913d-546563235983,529,Debit,95342262.15,Active
d82508f8-e895-48a1-8fa4-fe4dc40f22cd,529,Debit,95342262.15,Active
662dd4e7-1df7-4acf-8e49-655d112c0b7a,530,Credit,257253118.76,Active
e0d365aa-d40a-4db4-8bc1-98e128c383f0,531,Debit,58574010.18,Active
5235582d-0016-4f8b-9b6d-bacc4115ce8a,531,Credit,113009170.35,Active
e31f8c0f-b27e-416a-9169-08b12b3410d3,532,Debit,22607821.09,Active
9eb7fa70-61df-47c5-a50e-88c7861698c4,532,Credit,56471783.73,Active
64ed84ad-eff4-4497-aa37-7324889ec119,533,Credit,1555365204.57,Active
bba80b13-ef17-43e2-8744-89199e83de72,533,Credit,1941975480.01,Active
383e998d-97b4-4465-be62-6970936544d7,534,Debit,45734633.02,Active
eb6b32eb-fb7d-4535-89bd-9fbc6bf93436,535,Credit,815423071.65,Active
d153309f-3c39-426a-bf19-1dffbd706c17,535,Debit,176359736.64,Active
92e9393a-a0ad-4679-9162-441b9bd7c510,536,Debit,471708168.69,Active
a068c22e-d2fd-47f0-95a2-9d78b7a8a731,536,Credit,1556051061.96,Active
b3c78b1f-1772-4487-927b-910120435cb8,537,Debit,147979396.96,Active
6f4434cd-ef82-4de7-9809-6579f403e562,537,Credit,411538607.66,Active
39aed08c-9a47-499f-ae44-27eb85ca4520,538,Debit,38249049.84,Blocked
06f90890-b35a-47db-a14d-dc4497328b49,539,Credit,513225773.64,Active
482c4e1d-7fe5-4c11-894a-d47a55ad35d7,539,Debit,221753929.9,Active
b7671816-924a-4910-8acc-284b24538a63,540,Debit,59590072.6,Compromised
980643a7-574f-4422-a23c-9f46fb3e7d28,540,Debit,59590072.6,Active
aaabb282-3ae9-40ba-8fea-6881b28ef142,541,Debit,58943940.72,Active
7350c8d5-4848-478a-8b13-a1bfb7255ba3,542,Debit,102254496.56,Active
ab8709c4-f7b5-4fea-bf6a-990435d82bb1,543,Debit,61754965.03,Active
b8cbac49-2ae2-4523-bd88-07cf9ee10554,544,Debit,56632467.19,Active
38e8d061-3423-49cc-af06-562a61105c34,545,Debit,75050498.95,Active
6aac9119-35be-4782-b046-e09543567bd4,546,Debit,45573473.01,Active
07f59f57-eb6c-4323-9806-ace5c2984ca2,546,Debit,45573473.01,Active
59e4af63-7915-40db-b9dd-332ffe05af78,547,Debit,45544338.64,Active
03ceedfa-3a8a-46a8-887e-64c25c1aea84,547,Debit,45544338.64,Active
a726dd63-5d84-44a9-8c1d-417b6046ca85,548,Debit,300417132.02,Active
843617ad-6cae-459e-821a-c367fbe73e64,548,Debit,300417132.02,Active
b3b34603-cc5c-42b3-94e7-eafdf27f6b31,549,Debit,174726274.58,Active
5e19058a-93bc-47c7-a0cd-689464465f3f,550,Debit,24266091.48,Compromised
2923411e-c279-48b3-a7cd-117015d93bed,550,Debit,24266091.48,Active
98a02464-1626-4837-8ae3-fa5b6f46f76f,551,Debit,20775130.4,Active
1bec0239-cd78-40e2-af5e-7217aeee783b,551,Debit,20775130.4,Active
767cdeaa-aba0-42e8-b83a-779eb39f7c7e,552,Debit,95401968.38,Active
53551ace-1a85-48c8-9c0c-374c0665ef18,552,Debit,95401968.38,Active
0957cfe5-035b-4061-9694-e32b2746ef30,553,Debit,54972314.5,Active
917b1585-803d-4b77-957e-7d957fb0420b,554,Debit,23131898.62,Active
8db3f862-94fe-4321-b5ed-dbdc640412e1,554,Debit,23131898.62,Active
4108cb7e-8023-4dbc-ac33-5906fb82c693,555,Debit,134816272.17,Active
80af4105-5af2-4041-880e-ee54e257a8f5,556,Debit,54816151.09,Active
e31c7c8c-ef30-46c6-912d-d7ba42d90ea9,557,Debit,37514691.53,Active
d40d549e-9223-42f2-b326-79988be72135,557,Credit,150789514.8,Active
84d54572-4ea6-41dd-a0e6-790308572b55,558,Debit,29907386.32,Active
498cc850-ffcb-40bb-95fc-6f01838086e5,558,Debit,29907386.32,Active
c27d7f43-b84b-46e0-ab02-357e79f4e778,559,Debit,266503003.66,Active
34e70cc1-1ccd-47fe-8547-4053d44cf077,559,Credit,1266335019.69,Active
fb645e57-0434-4ee9-9ad3-6fb3e640d80e,560,Debit,78558139.9,Active
91776ae9-7a15-4d60-94a9-afe7480da105,561,Debit,34659973.2,Active
b4cfe969-9fc0-42a6-ba0c-f9728dad0dcd,562,Debit,25057023.36,Active
14c0ab8d-e8bd-4504-a6a6-37959265e7c4,563,Debit,123926643.99,Active
3b341b2a-4d69-4ad8-a53f-07f0e8c7a3e9,564,Debit,52287957.19,Active
62674536-9568-446f-82af-ae18484f46a5,565,Debit,56042977.36,Active
92179a80-1d5c-4632-98c5-b85460922e71,566,Debit,28068482.78,Active
4e5b275e-0c48-4841-bbc7-b5ead1ccdfa1,567,Debit,43789842.3,Active
e57b0825-e5b0-42a7-9db6-cc81366782dd,567,Debit,43789842.3,Active
0137bd9f-0dd0-44d0-b415-83c0a2510a92,568,Debit,197338665.72,Active
bb7a52f5-6205-439e-9864-2faae61fcc3e,569,Credit,529129753.67,Active
06f1b7ee-9627-4d55-97ce-f60e7c73eb51,569,Debit,111320338.88,Active
4bb0dce2-ab66-47ee-b903-762a49797712,570,Debit,32341638.26,Active
87d7daee-5391-4d47-ad04-84890bc9c4bd,570,Debit,32341638.26,Active
62ef9792-07cd-4d44-94bc-5f402e92590b,571,Debit,38082804.68,Active
9ebde03f-9b91-45b8-b35a-334d5918e45e,572,Credit,72434073.88,Active
eff74268-06e4-4d96-9825-778158ffc44e,573,Credit,363490033.88,Active
3f09f382-b6e2-4eea-be9b-1ec3611dce38,574,Debit,32759672.17,Active
d31f5f75-cbc8-4223-a099-38aa98078bbf,575,Debit,44663941.94,Active
75684d72-4684-4c3e-980d-868e72db338a,575,Debit,44663941.94,Active
3749cf3b-83de-4903-a9e5-70d9cc03a346,576,Debit,54122995.32,Active
8dbb9e26-1766-4cb4-89e8-30a9abba7335,577,Debit,81440823.22,Active
c1a7e072-b293-4e2d-9b26-feae140327fc,578,Credit,326098748.83,Active
bdc1e2e4-e725-4806-b6c6-517d1ae13ad5,578,Debit,86361681.66,Active
d962d1ab-238e-479a-89be-7ed15be5af88,579,Debit,66568569.11,Active
58a0cdde-c88d-4fd3-b76b-64f24cd4c187,579,Credit,214611192.68,Active
8feef529-e404-4551-b0ef-b3dc3b06f24a,580,Debit,64055918.72,Compromised
548c65ff-8931-4390-bc43-066efc691eb0,581,Debit,22358293.92,Active
7d3833f0-f51b-4c47-8ffd-db3253498e12,582,Debit,76315611.53,Active
a12e3da7-f9e9-4d52-abeb-69dc589e8c8c,583,Debit,85464653.79,Active
70f5d231-d1ff-4101-9727-385a1d421d69,584,Debit,90206711.99,Compromised
8b10ded2-958e-4364-81c2-33a9f38a268e,585,Credit,36945732.06,Active
377c8e8a-7df1-4b22-b18b-49982e0d8dd1,586,Debit,110378918.46,Active
e5d9c8ad-f30a-457b-9e74-ba69c3ff2e83,586,Credit,407016508.46,Active
34dea744-da61-4117-b5c6-3f37236139ce,587,Credit,119422652.18,Active
a5cc058b-655c-4605-b0cd-42e37072ec74,588,Debit,52722678.68,Active
df23e8b4-9ff7-4aca-b2f0-e95031578753,589,Debit,41593408.01,Active
8905eea1-5a9a-4f20-97a5-fa057846ed92,590,Debit,367160321.21,Active
0d2cbbc6-2c40-42dd-8569-c72b4fc07f7f,591,Debit,66062015.21,Active
987be3c7-2b8d-44fd-9de7-06fc54b9e137,592,Debit,29837842.02,Active
5df0b31c-4c80-46e3-b8ed-7016f24cfb40,593,Debit,27295252.72,Active
e5bf6151-3295-46e2-8ff7-b5a7b37ab4a7,593,Credit,94810022.58,Active
6aeb29d4-d913-48e4-8d2f-82b88f4479d8,594,Debit,108360349.81,Active
14815b82-3983-4a3f-8208-5c5a3de394c0,595,Debit,47633456.72,Active
e7cc4a3b-70c0-4d4f-b6da-a5b4ef6637e6,595,Debit,47633456.72,Active
c04d7e71-0e3b-414a-a71a-7ac95a3f8c76,596,Debit,19697393.86,Active
9c1e798a-4b41-4b0f-9c28-763b486e2a5b,597,Debit,22192430.38,Blocked
cb4c1909-fa16-4ddf-af2b-2ffbd50bd9ab,598,Credit,422764159.21,Active
e4af84ce-b143-44ac-8277-8b2795f88cf0,599,Debit,81691585.99,Active
238afc44-3845-40cc-a00e-a5bb27dd26c4,600,Debit,33575227.88,Active
6ccba8fe-a720-40ce-ad55-7cc38a104a7a,601,Debit,67756392.06,Active
fb5665b8-25b7-474d-8a44-6577d63efb63,602,Debit,141698874.34,Active
17b490b1-1c77-49c1-a5d4-6f359f7acfd2,603,Debit,36433031.05,Active
6e3bacfe-ed13-4de7-96be-6fe5709eda53,604,Debit,41476400.14,Active
9637e547-7606-4b4f-9358-4fd3e9c9ece4,604,Debit,41476400.14,Active
1b8ceaaf-1b5a-4b7d-a572-a15f26ad6896,605,Debit,22152494.17,Active
0521e55c-d1a6-4b71-8955-ef8e21d3eff4,606,Debit,138529816.57,Active
6201449a-220c-4352-9466-67a07d29ac02,607,Debit,30598097.98,Active
da26bdde-7e8b-404a-b14c-c6fe3705b803,608,Debit,121718836.25,Active
d4bfc8fd-38eb-4b66-b74d-5725bc57bac5,608,Debit,121718836.25,Blocked
4988599a-85f0-4bdd-948c-894c49e331f0,609,Debit,27631089.61,Active
4f8945c9-e71b-4ab5-9bc2-828f89bb6f2c,609,Debit,27631089.61,Blocked
7fb3f94e-b3bd-430c-8295-bca758b6bd58,610,Debit,298808903.55,Active
c8b32344-c7f3-4353-bb1b-8ad167b37e93,611,Debit,12772011.18,Active
efeb7f5a-9dae-4a90-9a11-fae98ae4b3b2,612,Debit,31062108.64,Active
ffc55bff-8140-44f7-a485-303543969713,613,Debit,40629390.26,Active
701fb4dc-6a0c-42a5-8bcd-4cc54c911e8d,614,Debit,51276095.57,Active
48fb7c13-41a7-48f1-b049-01e15d08de3a,615,Debit,78613670.46,Active
81bfc5f1-e6cf-4b4b-9291-d3efa5eec891,616,Debit,32051639.18,Active
9e033264-5e26-4fc0-a59d-69ff3151ec08,617,Debit,19064185.19,Active
8016e51b-13fb-400d-b047-19f4383922f6,618,Debit,30928953.22,Active
88880560-3593-4ca8-a61f-8866ba92f3f3,619,Debit,155915230.22,Active
24b9326f-0a6e-420d-b36c-1f14fb85fe3b,620,Debit,59426177.19,Active
b5146883-b008-44db-90b3-1aee7dbb076a,620,Debit,59426177.19,Active
07e926d8-a6d3-4fa9-a4ff-868a98f2bd62,621,Debit,340197556.19,Active
656eef94-01d3-450a-944b-760a34c616eb,621,Debit,340197556.19,Active
ecba5e2c-ab6f-4746-889b-6c18159a9b73,622,Debit,145676595.52,Active
bb2dc1f4-9607-4cb1-8296-69ae10294760,622,Debit,145676595.52,Active
70c95321-f568-4d02-9a12-ec1ee6960054,623,Debit,37055839.14,Active
a708858c-3f65-49dd-b3ab-d7e7d8ff6d6d,624,Debit,182142463.5,Active
f1b7c6ec-1f0f-4a9e-acb7-24392a6e1521,624,Debit,182142463.5,Active
8d5492a2-f8fe-4768-8ac3-e416dd82ab34,625,Debit,105508308.81,Active
68b0cc96-55f2-4c34-b2a4-7f680617f35e,625,Credit,498241810.89,Active
cf46bf1f-29b9-4f70-b32c-d7c3573bc3b6,626,Debit,74549810.98,Active
ea96d580-9d06-4529-a983-efab309bf532,626,Debit,74549810.98,Active
3ee852a4-9ffe-4fda-b9df-3c6af85eea8e,627,Debit,32739598.92,Compromised
062e3deb-aadf-4a25-8bb0-9fa0f6278593,627,Debit,32739598.92,Active
e161d3f7-310e-4b60-a867-5b062ebbb04a,628,Credit,77710060.69,Active
2262e595-c3af-48f5-915d-3476d3d53dea,628,Credit,42329677.09,Active
669c5b99-71c2-482f-8384-9227b8165e85,629,Credit,133451078.75,Active
2f9b9fb2-8639-4a7f-8389-d88fcf639c4a,629,Debit,52658399.94,Active
cb1c29c8-4903-4a7f-90d1-5ef529ec1add,630,Debit,31635614.97,Active
00dbd14b-63b0-4009-999c-afc626c0b775,630,Debit,31635614.97,Active
82d8bf8a-2c6a-4694-a714-5d45b99a2901,631,Debit,121232943.33,Active
43003cbf-5c0c-42fd-adc9-654e2c693e56,632,Debit,38342493.91,Active
6adfa1df-0516-49d2-92d7-b3d976a2653f,633,Credit,88831070.77,Active
b3975287-35cc-4804-b288-9553d7aa7afc,634,Debit,80386370.86,Blocked
86af0b8d-8e4c-484b-86e5-63454e89ef12,634,Debit,80386370.86,Active
c644d014-fae6-40ba-877f-aed87d48bae5,635,Debit,12724262.38,Active
81680c7a-2b2c-40ea-ad42-fa2796a3e25b,636,Debit,31318467.38,Active
6561bab0-e0aa-487d-bc07-7a8f297416ff,637,Debit,19618707.37,Active
1560b249-ed4f-489d-9874-4ad6f808a91e,638,Debit,13708332.86,Active
b034f7e6-8a2c-4d2a-b992-777ca0aabe3e,639,Credit,122905089.75,Active
71e6f4f7-189e-4f71-9e67-da63cd8f5d4f,640,Debit,24969124.14,Active
8582a5da-847c-4a9f-b329-4df515ad96e8,641,Credit,47946401.27,Active
d11b1e59-979d-4b39-8b9e-baf2064acd53,641,Debit,19125604.4,Active
2a794f4e-9f94-44db-b1e7-9c5b54c8101f,642,Debit,266149803.47,Active
3cb6aa19-6c68-4ea7-aedc-8fbac28450e5,643,Credit,656982914.53,Active
9c1eaea2-8fec-4269-b905-bf71c68619a9,644,Credit,281885957.14,Active
e5d0d4ee-6da5-4033-b7bd-12e8659d4b26,645,Debit,22147205.84,Active
43831bb0-4103-4960-82fb-285ab7e85932,646,Debit,26125297.21,Active
071c4c1a-cdbf-4c88-9786-d0953186f1d1,646,Debit,26125297.21,Active
1b61dd47-83d7-425e-abec-094050fb70b6,647,Credit,519589258.3,Active
17ae3eca-ef9f-41f1-991e-a66a0363fcde,647,Debit,106637543.13,Active
8879f312-0cf1-419a-997c-b85d8241cb04,648,Credit,2054285883.46,Active
310eebbe-097e-4700-adce-d91617d5fc2c,649,Credit,543114141.43,Active
7a136c69-480b-42c1-9eb8-aace914a09c4,649,Debit,163383792.54,Active
8d5e13ee-d656-4981-8c70-8346d283e0da,650,Debit,21679717.91,Active
21bb27ff-9d50-4af6-8bb4-ff7e75b3a1f2,651,Debit,20626769.42,Active
663afca5-e4b0-4794-a69a-0e227f7d3e9c,651,Credit,48721742.23,Active
97889511-b789-46fd-afa6-ad2be77ce78e,652,Debit,600784583.05,Active
ff384bd8-2346-4eff-8619-13f797c6c1a8,652,Debit,600784583.05,Active
a41ca7e5-d75e-4223-a3b0-c24c40e12b91,653,Debit,14410276.74,Active
537cb5b0-4328-4506-b185-7dc8360e947e,654,Credit,319903441.53,Active
8f3a7e5f-c02d-40e4-9a4d-7fffafcb985c,654,Credit,287230150.58,Active
e13fa020-027a-4b6e-b687-dc510856316b,655,Debit,48894898.89,Active
3573c25d-837e-4b21-b08a-fd9a22837b9c,655,Debit,48894898.89,Active
b15052b6-297e-4e1c-9ba5-1d1a49e3b3a9,656,Debit,42860678.54,Active
5d970055-b708-40c0-bca3-982874fdc4ea,657,Debit,58460497.16,Active
35f2bd0e-647c-4fc5-885a-af0ae30475e1,658,Credit,1875016051.31,Active
3066a97f-7685-459a-8197-f3b18ac3cc2d,659,Debit,55671824.02,Active
8370bb8f-2f6c-425d-86f4-c18b4611254d,660,Credit,128403316.99,Blocked
1752718a-e266-470f-b638-098f407ce90c,660,Debit,28375876.85,Active
b527ba1f-508d-43bd-9d68-0f729a0b14ce,661,Debit,30183200.31,Active
a1510fe4-aab9-4d9c-ade2-808761768bfa,661,Debit,30183200.31,Compromised
fd51284c-601b-4498-9e70-fe08f00715fc,662,Credit,37500628.64,Active
6baf5516-c2cc-4b61-9b20-2461c9b04d5f,663,Credit,55804086.71,Active
d25c6a94-5083-48b8-8540-335e6722076c,664,Debit,33603326.29,Compromised
487a1f1b-ace1-4331-bbe1-8e7d4aa4a7a4,664,Debit,33603326.29,Active
d7b9781b-46bd-4f13-b60c-655f45240e52,665,Debit,32289731.83,Active
a4605e9a-1e97-4e09-ba39-438f28a06da1,666,Credit,1710167583.02,Active
9e89bafb-6bcf-45f0-a1e2-894f7d200e32,666,Credit,1531369049.88,Active
e9542e43-3c66-40e6-9277-9066284591a5,667,Debit,82476133.86,Active
75935180-1a35-4637-80ba-c1f5b40bf886,668,Debit,196312664.48,Active
e9798d38-6102-456b-a946-7a0650a7a998,669,Credit,207245382.72,Active
9022f6f2-a8d0-48a8-a048-00dee8c1bd9f,670,Debit,35210251.33,Active
c75be3b4-3752-468e-a06d-20b18846417b,670,Debit,35210251.33,Active
07cb51ad-a526-4453-a034-683a96b1d21b,671,Debit,74414186.58,Active
f4dc868b-a530-4794-acb5-08c89918c502,671,Credit,275859864.41,Active
b03e54ee-385d-467d-a9c3-49e2c97cd815,672,Credit,652902654.47,Active
c12bf5e0-5781-4d70-931f-f2054296e19d,673,Debit,50246552.98,Active
c60b8db5-8533-48bd-9cd1-fd775541f8cd,674,Debit,75302645.36,Active
e4ccd12e-69fc-42f4-b7d8-a95bb4e70301,675,Credit,121860332.85,Active
26cf3d88-c73f-4e74-820c-e75977218c86,675,Debit,39189666.26,Active
84c86a7e-e429-448b-b338-2aa6e19b08c5,676,Debit,25428240.17,Active
9ecef50f-3083-4159-8e36-81e11e939deb,677,Debit,43493749.56,Active
a41bada7-a0bb-45c9-8935-3e9e117ffd22,677,Debit,43493749.56,Blocked
a6ad0064-03e2-4c03-ae81-734574cf61d2,678,Debit,53283086.97,Active
87b52317-f964-4aac-a075-21b1ac6e6068,679,Debit,23685575.82,Active
eae53930-f253-4d61-8d18-bbb271d19a3b,680,Debit,58848494.98,Active
e0672c41-d11d-4ffa-b3df-e4a94b8888ce,680,Debit,58848494.98,Active
080935e0-8142-43fd-a0c5-ee6bd2275b66,681,Debit,34692515.42,Active
f2f7edb0-96a3-41f5-a402-2e2cc350a3fa,682,Debit,63526222.17,Active
a114dea3-88e4-4d8d-9251-038acd65c77f,682,Debit,63526222.17,Active
7170719e-bfdf-4ebe-8c7d-26cead849b9a,683,Credit,313983235.95,Active
fa0eda5e-ac5b-48da-b90d-1d034d93813f,683,Debit,125513354.37,Active
0a78bd30-c830-4c0a-abc8-01e771e95364,684,Credit,93443151.05,Active
8cbce870-ee00-4a30-8197-c82b651ed854,684,Debit,23815549.45,Active
da7680f2-4828-4c19-9464-1cec034abc5a,685,Debit,36009754.87,Active
d1dbe8e7-8bfb-4565-b7d2-c6072a7c06c0,685,Debit,36009754.87,Active
f1f9aae6-6dfc-4ac3-be06-3e0c480b86d8,686,Debit,91236638.54,Active
b60e0122-58b4-45a0-b82c-e0032e37ce82,686,Credit,322031942.1,Active
473e3fef-be4a-41e5-abc0-95319763e230,687,Debit,48686914.54,Active
235f67f2-8e32-4a08-9529-3de937fb8c25,687,Debit,48686914.54,Blocked
76597b96-ce37-4a6d-9d19-da335992e231,688,Debit,16204829.86,Active
5795ed05-a288-426e-bfe2-d41c77b30979,689,Debit,105360417.57,Active
66c06a85-5a11-4fd2-a76f-33d03add712a,690,Credit,49081710.43,Active
36ed90d5-4b60-49c6-b31e-776771a15a4a,691,Debit,36689471.93,Active
671d5051-f198-41f4-bf97-f8cf9b697158,691,Debit,36689471.93,Active
1355e899-376c-45ba-9485-63f21de737f6,692,Debit,143466981.72,Active
9aedd0cc-f18e-477c-b551-6364bcbd4d59,693,Credit,337359635.98,Active
60988094-0c2d-4ee1-864d-4b84cf628e20,693,Debit,92649599.36,Active
71cf971a-3904-49c7-98f9-1aaf2a3b654d,694,Debit,16501728.57,Compromised
17c28c08-6787-4ec7-8a4c-89cab8642e9e,695,Debit,36571409.43,Active
31e74570-91b3-4151-95cc-9cb90948f487,696,Credit,84816637.95,Active
81ac995e-0d26-42c6-8c6b-72c5dd10b51e,697,Credit,37029083.55,Active
83120f26-0cbb-455a-8af9-4612c9b0a030,698,Debit,383869822.98,Active
5c7bf47e-1206-4f25-9b1c-61767c4d6c22,699,Debit,43138999.22,Active
780c752e-e1fb-47c7-a856-f175074afad0,700,Debit,31460706.22,Active
4d612956-e875-4727-83c2-72b3e582ebd2,701,Debit,541493203.58,Active
26682f40-c721-4a2e-b25b-7c464cddfef5,701,Debit,541493203.58,Active
9c478aef-ca1e-4a02-b669-d181db3dcb11,702,Debit,58256539.42,Active
b0dcbf4c-16e8-4555-b5b0-bfe09201cee2,703,Credit,128999010.5,Active
9cb10e0f-a527-48c4-967a-430f57f999a1,704,Debit,28572886.26,Active
414bae5a-f75e-4b9b-b4b8-1c10afd8de80,704,Debit,28572886.26,Active
ffc9c289-c74c-4f33-90ef-83f4802cbc45,705,Debit,40295298.32,Active
933ce673-95f6-47f1-98bd-7ab271ee1fb8,705,Debit,40295298.32,Active
4717d8b2-7dff-4c2b-8986-072e97b14209,706,Debit,40440020.9,Active
2eb5e48c-e6aa-418d-9cf4-476e36b128a2,707,Credit,124579962.91,Active
68f8312c-2676-4a5a-89d5-6f2c55559bc2,708,Debit,52162277.44,Active
9ea99e6e-b65d-4897-9320-390dc8358757,709,Credit,63087598.07,Active
1c7c8c90-0105-4896-8411-b104759de03e,709,Debit,13888774.53,Active
18ce5e24-a501-40f5-a937-01fe4acfa3ee,710,Debit,121397056.27,Active
88813599-fd14-4903-a4b5-475a8ffb5045,711,Debit,183285563.15,Active
0e37ced9-7988-4cc6-959f-ec4a3a4e22b0,712,Debit,17360094.78,Active
8c13c0b1-5547-4877-ba3d-4279e12c2972,713,Credit,234185164.87,Active
640ab64c-a3ca-48f5-aa29-faaac6048c58,713,Credit,229530895.67,Active
944fbd88-ab9c-4ef2-a17f-5a960f548764,714,Debit,64453292.58,Active
171555c7-65f4-4ae4-ac38-bdd893b410c7,714,Debit,64453292.58,Active
51804be5-777d-427a-918d-977959c26231,715,Credit,294682485.39,Active
365f35a3-db83-4777-947a-850b9a3440dc,715,Debit,71197593.88,Active
76f21433-e4a2-400b-9176-57c98aec855b,716,Debit,22741181.87,Active
0ec37369-c26b-452c-9379-c76275c20d31,717,Credit,115459984.61,Active
a68a2a6b-7bda-4593-af14-a2c36925cecf,718,Debit,40406184.07,Active
dfd9c26d-6541-40f4-861d-3a882b3c2e3c,719,Debit,27820821.84,Active
f89049af-8f24-4b5a-a023-f61a732b48d4,719,Debit,27820821.84,Active
ca108bc0-a40f-4376-b1a1-f88d4225d78a,720,Debit,24412455.87,Active
9ac361a5-2e74-4959-a6eb-ea3789c38dd1,720,Credit,67465645.86,Active
7fdb97ee-078f-4899-8c51-12c1b772d84e,721,Debit,16048466.81,Active
3a67d2fa-3f26-4e70-8e0c-e200e1e525d7,722,Debit,41495115.86,Active
4f0d480a-0649-4d24-836a-301aed7ae336,723,Debit,36770220.62,Active
6766905f-3c54-4419-8381-8f7388a72b3b,723,Debit,36770220.62,Active
9bc4841a-a950-4b6d-a5a1-aa7e3eb49676,724,Debit,289639311.62,Active
c729f8ac-5811-42b5-a36d-e6919c8af60e,724,Debit,289639311.62,Active
6648957d-9e31-4ed5-81c3-a4bc6b20b4aa,725,Credit,147042914.36,Active
e4569f36-1359-4402-a289-82d596196576,726,Credit,60980079.47,Active
2ca58498-2325-4357-a44d-9d78b0c7c139,726,Credit,44019865.43,Active
232ecc60-57f5-4044-b63b-009d3a81bf9d,727,Debit,65935222.32,Active
16aa9a09-c548-4013-965e-cbd1bb6c5dbd,728,Debit,33100735.76,Active
476d882f-ca42-4a9a-8cdf-982552632cb8,729,Credit,77893004.26,Active
50984c57-e274-49e0-80ee-87f103d18acd,730,Debit,29926021.89,Active
fec9416d-2aa0-4346-93bc-bf79a43ff4bf,731,Credit,135870531.76,Active
4f99954e-1f18-4d27-9cb0-666ed7e7a1cb,731,Debit,28191444.42,Active
cedbe065-c439-4864-8703-f54797e67bb7,732,Debit,180581172.34,Active
5dc0b9db-1158-4f38-9a47-0ceadad934db,733,Debit,62625764.9,Active
17b98375-0c6d-4863-9f8c-653af0e94fd6,734,Debit,41245261.41,Active
a144c444-1b8b-42e7-9b54-655a96c664a1,734,Debit,41245261.41,Active
ccb56378-859d-4762-9581-825deef9af5d,735,Debit,24241793.42,Active
981abef9-291b-4060-8a4e-0bddbc271cbe,736,Debit,20762139.72,Active
21096406-e520-408f-9685-3d2802cae4ee,736,Credit,77479073.24,Active
d9647bc9-1c22-4022-b3bc-42fd9d552629,737,Debit,57273124.94,Active
117a8bc0-88cc-4035-ae70-feba5bb62369,738,Debit,55858192.22,Active
6d7e2df1-baa6-44e5-85ad-342d590fbd73,738,Debit,55858192.22,Active
9c6f602c-0df9-408b-9743-bdbc3a079762,739,Debit,54194945.11,Active
6e7e2d94-df7e-4630-8e81-44c222aad74b,740,Debit,70535993.98,Active
d372806e-191f-41f5-96d7-ade3665a775c,741,Debit,345038822.3,Active
df5afbc7-5401-4024-bae8-4f717e25a0bc,741,Credit,1515478557.04,Active
4b56a129-22b5-4230-bf4f-ddea2101d5b0,742,Debit,73959833.33,Active
9c8a627a-f587-4561-8e4a-636cbc322ace,743,Credit,50105728.64,Active
8a5bb026-019f-4182-90b9-d6cf398d4be6,743,Debit,22630727.76,Compromised
e3e1214c-7d66-4d85-9ddb-04cd0e81ef2f,744,Debit,23734952.42,Active
24b92222-438e-4b5f-938d-4e6d19ed78ba,744,Debit,23734952.42,Active
5ba4c772-c847-4d92-a4d7-70aee0325232,745,Credit,153836466.97,Active
3dc7a2c6-a63f-42e9-8771-4ff5e1e2e09b,745,Credit,128878937.45,Active
d134ae7a-e7b3-4450-b4f1-94e0ca5d44d2,746,Credit,48427866.91,Active
3f0272cf-b30b-4df3-bb2e-bbbc28b04f04,746,Debit,10908516.28,Active
97149e11-7d50-4db2-a241-13f503a873bd,747,Credit,38528967.72,Active
e76d8a88-2c25-4d05-ae23-9eef6c602878,748,Debit,13427111.25,Compromised
4f04c9c3-d7a3-4e1b-82a6-a2a752d11971,749,Debit,258784556.71,Active
b46dd7a1-c369-4843-ad2e-de9ce7554552,750,Debit,29614460.38,Active
e2f962bd-650b-456f-aba7-8c26f8f3785d,751,Credit,524696595.78,Active
fa51447b-2a6d-4700-a931-82079aefa6dc,751,Debit,146736248.67,Active
b257b06e-e503-4c1d-a2f8-0987c9b94b40,752,Debit,32985426.73,Active
db0a733e-93f4-4429-907c-2ecf677eaab9,752,Credit,155761837.15,Active
46ed69b8-545c-4557-831e-289bfcd1c165,753,Debit,36789351.42,Active
531e6ae2-252c-4e4d-82df-d74a13bd7c7a,754,Credit,56889047.12,Active
ac795f97-a158-4332-84e1-6f444dd4e054,755,Credit,169186839.02,Blocked
f9390bea-6271-464f-a118-6aab0604be2e,755,Debit,38978169.66,Active
3f88e020-4f1d-4247-9d1e-e2b85073cfdc,756,Debit,165040800.83,Active
a995bb60-2f86-4ee8-89d4-0a0165d046d7,756,Debit,165040800.83,Active
95c0a92f-fd10-4042-b9d3-65c237c0cb77,757,Debit,16716717.82,Active
2ce6f925-25cb-4257-873b-6705fd5b6c2b,758,Debit,28755208.66,Active
b0981d98-0020-47b5-b1e1-444a74c218db,758,Debit,28755208.66,Active
2fcd5f9d-fe84-47b0-99ab-7f1574625019,759,Debit,26408795.42,Active
7b940b16-0d27-429d-a121-d194bdf023b1,760,Debit,14445964.88,Active
66ea8a35-0bb1-45e8-a3c1-72d69b328092,761,Debit,22572930.74,Active
603d860b-e1e7-40a3-8a95-ab539890490f,762,Debit,29183600.8,Active
80f5fcbb-eec4-4ff3-bdbc-940736ed4d4a,762,Debit,29183600.8,Active
66a34484-ad32-4d3b-a87e-0fe9fb5bf415,763,Credit,104347084.47,Active
64b67856-8603-4a1c-957a-52c8115b47d4,764,Debit,155303712.18,Active
e75106c0-dd95-41c2-a646-1c9727500a28,765,Credit,47843197.89,Active
3ccdbb5d-1d2c-4e53-901d-59ef619bc51b,766,Debit,16304503.94,Active
8c259fe0-25d2-4dde-85ae-648903df4315,766,Credit,70531995.23,Blocked
bee0272f-5bf8-4bf7-ba72-bfe3e96e8a40,767,Debit,43256367.77,Active
426bd825-6a61-49ab-89bc-549ee0c286a3,768,Credit,56199920.39,Active
0995c84b-2020-465b-bd02-f1ec66dce47f,769,Debit,54788687.82,Active
77f91de3-5228-4304-be7e-4748b10ef6f2,770,Debit,36183892.6,Active
14f0158c-12c9-40e3-a10e-893474760205,770,Debit,36183892.6,Active
5b6b0ace-0e22-47b1-91cb-229e78276296,771,Debit,46362745.9,Active
7c0b9416-f8e7-46ba-afa4-ba0ee8066f57,772,Debit,65771805.04,Active
69e204e2-7647-419a-ad19-6535f135f0f5,772,Credit,295336666.46,Active
6f773b68-28f3-4e52-b182-44c134eff3c3,773,Debit,33189369.58,Active
f4ec5a79-b746-44bd-b7ea-62a2453c5a82,774,Debit,32033694.02,Active
9b0d5caf-76bf-4b32-a774-67941a22b0c9,775,Debit,100157869.23,Active
3fe35702-a58c-4bbd-a950-2d5cd4e7ae4f,776,Debit,63418127.8,Active
bbaab932-e66e-4f97-8b6a-baa2fa6f1ebb,776,Debit,63418127.8,Active
88897763-cd59-4453-91f8-906f169be3ef,777,Debit,28428662.23,Active
531c54d0-bc16-4879-bfb8-d2ccdbb865a7,778,Debit,33470970.55,Active
1914f3fe-8a02-47dc-a708-41fbb110e296,778,Debit,33470970.55,Active
924dfaa1-dc1c-4edb-935f-2f0fc62c38e0,779,Debit,290559211.33,Active
cb14b27a-2425-4944-9d82-a2c0a425b48e,779,Debit,290559211.33,Active
7a36cc3b-573c-4370-8603-4c210009af4f,780,Debit,143531271.93,Active
df283ee4-00b8-4064-ae68-3505b90cef89,780,Debit,143531271.93,Active
9fb4dabf-5372-4522-87f3-239ce3208991,781,Credit,706216340.24,Active
dbf6569a-62b0-4ec7-b62b-247b5e3c2d04,781,Credit,505158239.66,Active
22727985-b8b0-4a0d-bce3-8b8de0479da6,782,Credit,221837210.12,Active
5a36498c-3199-41ca-af71-32716e61c7d1,783,Debit,82137592.61,Active
5e10f259-8d1b-4929-aaf6-6d9084463202,784,Debit,12796684.9,Active
b4cbde2b-256f-4650-be1a-28bf15ffc9ae,785,Credit,686950818.01,Active
0fc74b83-d017-4343-a8a1-a3ff3b0a857d,786,Debit,55254302.04,Active
4bef9859-91b8-4d7f-959e-bdc8f5e55064,787,Debit,19842401.78,Active
bb373f52-4ad6-4cdc-9164-fb19f543fcba,787,Debit,19842401.78,Blocked
2b7ddfb8-7d87-487e-aa2a-c9c1334dee44,788,Debit,192370947.39,Active
6a06a5d1-0db6-48d7-ae77-cbc602ad5bb5,789,Credit,235608646.12,Active
3348f3f0-825c-4b70-a105-2c3ee7bdb417,789,Debit,64185311.12,Active
7a25f351-60c9-46fd-bc98-1c263335e7b9,790,Debit,8298304.28,Active
088c7f3c-624d-494c-a87f-b751fd360b35,791,Debit,237756495.54,Active
70b14915-aa1a-46bd-a08c-29d16126a462,791,Debit,237756495.54,Active
5ce548cd-218b-4b4b-8206-473d50b1f6f1,792,Credit,65840893.94,Blocked
67f0ee27-1d0b-4c03-a3e9-e234000a1a7d,793,Debit,27834510.02,Blocked
a973fca9-a847-4cc5-a69b-599641f1294d,793,Debit,27834510.02,Active
0f16995f-3b77-41f0-a5c0-a9d63e90fe58,794,Debit,44125564.06,Active
30282e2b-42e6-4d82-b6e8-79761cb35552,795,Debit,140706661.88,Active
35a419cb-5340-4036-9efb-cd4baf4e7541,795,Debit,140706661.88,Active
268534c7-84f3-466f-9d0b-e25823051396,796,Credit,301129336.47,Active
e4964d22-00fb-45f4-93bb-ef2a5521d18e,797,Debit,57236421.52,Active
aaa5ba20-527d-4ad6-af5d-63006c7e7aed,797,Debit,57236421.52,Active
0d62cbd1-ecfa-4c38-a543-76d0c068c9e1,798,Debit,29012482.98,Active
b86c6a94-796c-461e-99ae-0afcbdd1661f,798,Debit,29012482.98,Active
7691ca86-732b-46ef-a69a-abd9b0802dca,799,Credit,447269070.51,Active
d68cb664-e466-4b3e-bb1d-da26a600f305,799,Debit,97071211.17,Active
796b428a-d05c-4594-9460-08aa13c41496,800,Debit,25692724.72,Active
7218d83c-7b87-49b4-a751-1ab25f333566,800,Credit,61652816.32,Active
4b39997e-c020-493b-aa20-925d13b0f0ca,801,Debit,46969894.96,Active
05de877a-d714-4808-bf66-29d21e8f1fde,802,Debit,49246157.9,Active
9c50c82d-ee32-4186-8631-56c2ad40890f,803,Debit,36341950.72,Active
5ce0e371-e8a5-4da9-890b-e1910ac4ce3f,803,Debit,36341950.72,Active
6de3f46d-8643-4e5d-b6e1-b56a39b076e8,804,Debit,23891211.29,Active
601b8f2e-4307-4c12-9e78-898cbd47f0b1,804,Credit,88694199.29,Active
05480a2a-11cd-452f-b7d8-2b4f0f21828f,805,Debit,127142416.3,Active
852eca75-f906-475b-9833-4192e7517187,806,Debit,84117309.61,Active
8f29822c-ae82-42c5-963b-1fba60e35eaf,807,Debit,36933511.21,Active
e22437e0-bfe6-4aa6-bae8-86d3cf5f4e2d,808,Debit,15055134.76,Blocked
1e292593-03eb-4c1e-a990-11387ecc30fc,809,Debit,79489743.8,Active
32b5e0a2-d1f5-481b-8cba-2ce3d99782a2,810,Credit,149916093.76,Active
c6bd37d1-a790-4977-8b56-6cf1b4ea2a37,810,Credit,108760473.87,Active
7bec592c-2e43-4769-a804-def1822d3504,811,Credit,192499146.15,Active
100ac202-3881-4e8c-ad4c-8f136cd452c2,812,Debit,100263565.97,Active
4c287e61-0f65-4611-8e61-730882d4f51b,812,Debit,100263565.97,Active
532c50f8-d1e6-4f6a-935c-143d34fc9826,813,Credit,174939289.02,Active
23051959-a70a-4caa-bf3e-b63dd46d0e4d,814,Debit,19612783.67,Active
d7ef91b3-dafe-4971-ac97-33c25b717eba,815,Debit,22305315.11,Active
ff723327-0eae-4d64-be14-d1cf1894f81a,816,Debit,40039882.22,Active
29a98a24-13ed-48c1-b4b4-3bcb217d3260,817,Debit,29030688.27,Active
d9fd3a26-7e64-405e-8eb8-99013a86c76a,817,Debit,29030688.27,Active
465296d2-5426-41bb-8867-aa2f1c7b5082,818,Debit,92301182.96,Active
29cd1d18-e80a-49d2-8ead-bdbedb73b7ef,819,Debit,22658439.41,Active
d3db3655-2261-4c20-8057-44ba11aa69ca,819,Credit,50684442.85,Active
3992effa-8a01-4cb4-820c-baef32e15549,820,Debit,27758283.02,Active
dc4a6dd3-2844-44a3-ab63-a8312075ac79,821,Debit,32952881.44,Active
f021b716-5c8f-4c92-8118-aca3969fb211,821,Debit,32952881.44,Active
4cdc6965-b56a-41a7-b0d0-bd4c6952985e,822,Debit,31567296.24,Active
d258738e-4803-4077-a9b4-f78f59cf4ad6,822,Debit,31567296.24,Active
c5dc30f1-d3d7-4379-8bc5-1d5ed1e151b8,823,Debit,34654461.12,Active
3b96c854-86ca-4cee-af72-2176dc20fb87,824,Credit,452422890.44,Blocked
9f837e7e-45a7-49bb-a6e2-782172b0be98,824,Debit,239214028.99,Active
9183628d-8867-4b71-8133-ba01b229c017,825,Debit,72219711.23,Active
5532ecc6-d075-4bb8-9e03-cac0ec80ff45,825,Debit,72219711.23,Active
be01d39d-137d-4c25-8116-3177e3dd7b69,826,Credit,290350503.06,Active
405f45b0-0790-4527-9d5e-71f323543bd4,826,Debit,62255783.49,Active
c9f5100a-8021-441c-a0ba-930faa222e94,827,Debit,81157879.14,Active
9dd09a08-a478-4d39-a91f-74601e753d22,827,Debit,81157879.14,Active
92558f7d-c699-4495-aa41-54258a59faa4,828,Credit,106814014.62,Blocked
825382f6-6360-430d-ac56-baa8d80cc682,829,Debit,50623841.17,Active
bfafff28-5ffa-42cb-b68c-74ecd61e3496,830,Credit,65344543.97,Active
bc0d4148-73a3-40a4-8eb4-ac1862584f2b,830,Debit,34596622.11,Active
19f32a0d-53db-4bc0-bdd7-42a604ecdb95,831,Debit,76080969.47,Active
2213341c-c08c-46dc-8366-828b088a3c52,831,Debit,76080969.47,Active
65476ab9-7e23-49ee-80f3-0bcdff7d0372,832,Debit,80461535.3,Active
6323dca2-d450-4f4f-a0f2-531f86249ae0,833,Credit,198490544.65,Active
5cb2454a-8ecb-48a7-b266-e89353830d73,834,Credit,200864021.0,Blocked
64f86b7c-4b56-4462-874a-8bebe5300cad,834,Debit,40340026.19,Active
e0943940-f855-44c3-b826-838cd3ed2dca,835,Debit,22166536.76,Active
04104d85-3fe2-45e4-b50c-20df5996acfb,836,Debit,35226128.59,Active
c96aef21-4f62-4909-a47e-6ef90e971286,837,Credit,169401052.28,Active
dbc90b0d-0d52-4368-80af-6ceb0b2fbf55,838,Debit,288929282.17,Active
d4916d79-43db-47ac-a214-7f5ea6359097,838,Debit,288929282.17,Active
114407e6-7f9f-468f-997d-110fc49ced8d,839,Debit,128345999.6,Active
1f131bc9-f128-4e87-b84d-67e96660740b,839,Debit,128345999.6,Active
63cd54a3-d136-4897-977e-9bf6c401f1e5,840,Credit,104053023.07,Active
d1d2ecff-af9b-4fc3-b0e7-093d6e4ac7f3,841,Debit,36629650.15,Active
3f281c54-5b4e-4753-b81c-9276fc9c3c00,841,Credit,155399440.14,Active
c967f92f-7c42-462a-8bc9-aef36b7dc0df,842,Credit,621032416.39,Active
184eaa8c-1d28-4b20-9bed-d6701869be5e,842,Debit,137908786.78,Compromised
07006c47-c3be-4b0c-a99a-1c71a20dcd76,843,Debit,90414040.7,Active
47119874-9d13-4207-be6b-5323b48fca7c,844,Debit,169036893.54,Active
0bace433-654b-45ab-be34-4dc48cc7f348,845,Debit,70299578.82,Active
5c5d1d51-97db-49ce-9cb6-fbfd33e5b53d,846,Debit,143077736.08,Active
50092880-376f-4eea-98d5-2e3f53accdfc,847,Debit,23909628.73,Blocked
7a94d313-0fde-42c5-af80-df4c29e26727,848,Credit,211687721.45,Active
86c747da-b1ce-45af-b62a-fd10b280f4cd,848,Debit,87286365.38,Active
25c7bca6-91d8-4ea0-8001-5676f336daab,849,Debit,208596200.44,Active
39a3891f-9229-45f5-b7a1-16e99bcdddbb,850,Credit,631751548.29,Active
b4aac3f5-bcd2-4c1d-82b9-e910ff071e6d,851,Credit,199644490.6,Blocked
f92b0866-27db-495a-b65f-2472df84a65e,852,Debit,101776506.43,Active
0570b68b-0d91-4b57-b02b-9870cc2582a9,853,Credit,116764344.1,Active
0ca9975c-fb7c-4e7f-a5e0-9605e6c2090e,854,Debit,49441689.37,Active
cd28b6fa-21cd-4824-bb72-db6a939331d1,855,Debit,357850265.66,Active
f5b7b7e3-5e61-4fdd-9a17-be4acb02e22a,855,Debit,357850265.66,Active
c55a810b-4956-45b5-8bcd-45466b39a699,856,Debit,21568880.97,Active
99ce852c-c34c-4046-9883-21c41a4c54d2,857,Debit,258437171.13,Active
9175eae3-f8bf-4d31-a1d2-b622cc4d5b8e,858,Debit,48527708.14,Compromised
23d41d3f-39cf-41df-a0d7-e47416c3ac3d,859,Credit,365554188.1,Active
d1e18e7a-ad0f-4141-ba31-9f5ac7daf9d9,859,Debit,76104868.13,Active
db30d0be-dcb4-4d46-96d1-9d7cc1e52451,860,Debit,748240925.87,Active
16843ab5-c07d-4515-b9a3-e8509946ab16,860,Debit,748240925.87,Active
02116ec1-d6eb-47f3-9272-1578227968d0,861,Credit,153928566.25,Active
4d42b104-dd7a-48f7-b2c7-7d0d73f25cfc,862,Debit,80413323.05,Blocked
6706901e-da31-4e63-9ce9-c16056b8f80a,863,Debit,98079555.26,Active
d4384eef-6ae7-4716-80e4-cf24f92b3f89,863,Debit,98079555.26,Active
2156a899-d47f-4d11-8876-60f81752c61c,864,Credit,162996890.66,Active
7972adb8-489a-42c5-b53d-7a10c61760d8,864,Debit,73215412.79,Active
f2f7137e-ae10-4d57-be10-13e4e485c286,865,Debit,43664718.86,Active
c5a4bda5-2db1-4b1a-b019-3ec79c8ea558,865,Credit,176997851.21,Active
64473d9e-69bc-4484-b67c-87b3f651dfeb,866,Credit,185053880.11,Active
527a9055-b76d-4d4d-9eb1-d8dbf7fb1df6,866,Debit,51143969.23,Active
bd02ffa2-aa57-4994-bcd4-10bcaccf5885,867,Debit,52218590.87,Active
b563989b-69ac-415b-8bf0-9773cedf1333,868,Debit,39903230.61,Active
6b755166-c676-4cf7-837d-8266d2b1da12,869,Debit,20348539.28,Active
8ed7c412-f575-404b-a1d5-250e1a53895e,869,Debit,20348539.28,Active
986a61a4-84f5-4566-b4c9-9644f6c10de3,870,Credit,171794627.22,Active
94522dfc-d784-486c-ae3b-4c39223fd553,871,Debit,324197177.01,Active
7e39ac51-36af-48ab-b411-6cec1da119a6,872,Credit,484198616.49,Active
2ef5c06c-f55d-4bac-9b76-1e0398b4b303,872,Debit,175637392.77,Active
4138eda2-db46-4896-ba67-9bd49ea4c280,873,Credit,141127207.28,Active
f8b9f9b9-5d47-4d8d-8fb5-954596ab7810,874,Debit,111891201.67,Active
dbe1bc95-e984-4481-b7e3-c530548ff84a,875,Credit,74298113.05,Active
993fcadf-ae22-4f10-85d4-e7a5114206ae,876,Debit,35525708.3,Blocked
79ae7b97-4977-4362-8477-057f7ce22239,877,Credit,96544915.29,Active
6431f81b-b88b-4ecc-8f34-b296b4ea9dc0,877,Debit,27163317.29,Active
b66ce715-f7fa-48e0-ba8e-39e674ee379f,878,Credit,264367068.0,Active
69a913a5-a04c-4cb6-902c-1d3376741c2d,878,Credit,307795076.02,Active
e980c8f6-b528-45fb-b9b0-a95ea5677c32,879,Debit,31701593.65,Active
cbef8097-9cd5-4b30-9883-3f12e7f9a617,879,Debit,31701593.65,Blocked
efbe2957-2b7e-4262-87a5-939458218b2e,880,Debit,190178938.96,Active
3d9505dc-fa2e-4745-8fb9-fda292de6c7e,881,Debit,32968895.71,Active
9f24ed9d-ad55-4981-8d58-fc0038bc23ff,882,Credit,176472414.46,Active
8fae8123-915b-448e-909c-f6fc590bea1f,882,Debit,40205633.3,Active
1a4362b9-5891-43d2-b34e-60e50377cf00,883,Debit,107606853.45,Blocked
0cfd2b40-6965-4050-9db0-f058e7ee47d7,884,Credit,103058153.02,Active
7c25b7a5-a3c6-41da-b134-31816ed255f2,885,Debit,46184425.92,Active
96f5d4cf-5fd6-40d7-92bf-f00312895a89,886,Debit,79613075.68,Active
e2846475-01ca-466b-83a6-3f68a4a30bd9,887,Credit,265509100.52,Active
a423c325-cdf0-4526-89f5-983ae80d9b12,888,Debit,48184695.45,Active
9de88218-be8b-43f9-ab4f-59455934c2c1,889,Debit,298942300.2,Active
f7240adc-1951-494f-ac76-89c2465b3d39,890,Debit,53914675.54,Active
90bf5aa4-4f53-43fd-a94a-a74f474612e4,891,Debit,313974085.51,Active
7f6f3c91-828e-475a-8215-4fc60a06d1c2,892,Debit,128348957.54,Active
b1fe2e92-d48f-48aa-98e4-e44a9d5a6baf,893,Debit,34103851.34,Active
b3ecc59b-bc98-4731-8475-d51d10477369,893,Debit,34103851.34,Active
fcfde4d2-5a90-4188-ae5d-ae02189dd268,894,Credit,194040818.97,Active
0fa0b965-819e-4a87-8d24-04fc383425bb,895,Credit,460838311.75,Active
513d49b8-dee1-4faf-b556-1ab047b85002,896,Debit,18560473.17,Active
81fac763-84b4-42f5-ad12-87139e12d22f,896,Debit,18560473.17,Blocked
9ed72a09-3ce1-4744-b617-5fde317c737c,897,Credit,192953635.71,Active
805b9ac6-fe82-4d97-87b3-5b8acf9fff4a,897,Debit,80018612.47,Active
df2dfdff-5ae8-4e7f-b2ac-8383ca56edfe,898,Debit,118951810.17,Active
362944d5-70b8-427e-911a-56eefe0b37c6,898,Credit,395435760.93,Active
da55a25e-2baa-4727-9016-1c1d7db05516,899,Credit,181893078.95,Active
8f1a5115-0ce6-4812-82ca-a643f50025ec,899,Debit,47608554.39,Active
52d77d6e-a337-45de-967a-abaf5c79cc7e,900,Credit,382527442.13,Active
e151b32f-c52c-45d5-b28b-606e8295c9ed,901,Debit,19151621.89,Active
5b18005d-2d85-4f3a-ad81-a60c90775d02,902,Debit,163652258.09,Active
d8b79203-37d2-4024-9920-1edc47df8923,903,Debit,178651674.59,Active
1a6adbc1-e788-4c05-8c80-5814c7f6d3d6,903,Debit,178651674.59,Active
585a3244-9b35-4576-bf26-52c647c9ee06,904,Debit,60524364.66,Active
d588261d-a48b-41b0-a741-2a15693d694a,905,Debit,22061501.94,Active
d393d106-770b-44c3-86c8-6a2390c72f07,906,Debit,44127987.49,Active
db5b13f1-d3e9-4b07-a480-2ed7776841e3,907,Debit,220370828.32,Active
a1535244-87ca-49a9-95d1-285462facce4,908,Debit,37614205.99,Active
6e1fff52-cc3a-4db8-870c-aedc8f688716,909,Credit,207416492.01,Active
362861fb-375a-47d3-8639-1d003e2a2944,909,Debit,48332596.71,Active
bcad7ca0-9528-4985-a1ce-d2c815606b84,910,Debit,63487124.18,Blocked
44ea3882-2b21-4e2e-806c-74502f402ed0,911,Debit,17053919.15,Active
0f1e4045-45b3-4261-bb96-7dfe47575a98,912,Debit,239892150.88,Compromised
f0df0ab6-6045-40bb-b470-a424875a22d9,912,Debit,239892150.88,Active
a67a283e-9ad8-4132-9e97-da603b43c19b,913,Debit,235819881.72,Active
e8c18b70-41ee-48e4-a714-10d6c7183da0,914,Credit,112600254.02,Active
88004f5d-1085-475d-af75-45f351457e9c,914,Debit,26750379.08,Active
1a6422c9-ecb3-412b-b7e1-10a1ac99cead,915,Debit,175084844.42,Active
1b798718-faa3-473f-9b63-8acc3e1d1c9c,916,Credit,106061360.46,Blocked
f815f131-59a1-4511-9c2a-81814a264de3,917,Credit,44107092.21,Active
c37cc0f4-11e9-4989-ae9a-87f363e40b78,918,Credit,146215979.58,Active
cdf4733a-b828-43e4-9016-d443f552f03c,919,Debit,257514514.23,Active
ad94724e-8e92-4ca0-bde8-4402578ea0ba,919,Debit,257514514.23,Active
b69bd8fc-0104-4c01-911b-5d9ec828e43d,920,Debit,18757450.08,Active
2cf5525b-e7ce-45b2-9f51-aa7e5a57b4c8,921,Credit,201766632.0,Active
5aa2002c-7f3e-497b-9118-b4aa8a8360b6,922,Debit,27616902.5,Active
d7cdd3b6-77a9-4bd1-894a-f19881fdb87a,923,Debit,44468595.46,Blocked
1cf35376-d11f-46d4-9de1-cdf211e026ad,924,Debit,59232710.37,Active
f1c5c391-0bde-475c-be74-ec2b52e2ae65,925,Credit,136970169.82,Active
67a19a26-02a5-4cae-aefa-f78a0095bc4a,926,Debit,22916199.13,Active
f2a16843-4389-4939-ad89-9890622065f5,926,Debit,22916199.13,Active
ec20c402-8591-4830-84a3-cfe3dc49772d,927,Debit,20364968.9,Active
ab3dcbde-1df0-4bc1-bcd9-550a25884ff1,927,Debit,20364968.9,Active
7b9fa8e0-de0e-483a-be03-56761e986365,928,Debit,33679708.12,Blocked
0039e3fb-57d4-440f-9f48-976f3af1c9f1,928,Debit,33679708.12,Active
01ac0c9f-7bed-413a-9fd5-4df08d035e76,929,Debit,412673686.09,Active
d3dd7390-65aa-42a5-b9fd-6ab3a0587656,930,Debit,28837500.05,Active
620b58ff-3939-433d-8f4a-7f567212f4bf,930,Debit,28837500.05,Active
e0a4226b-ab54-47dd-8891-1a5d22752304,931,Debit,23027830.23,Active
5b1e9631-38b7-4c25-b3db-8b3d999b846b,932,Debit,62313548.62,Active
26315469-5d92-4304-b16f-4be1251741d0,932,Credit,235882243.11,Active
ac4008eb-4325-429a-9b77-78a8270fd200,933,Debit,26090278.61,Active
60d64ab7-b2f4-4ff1-bc1e-87adbea7f195,934,Debit,6824694.48,Active
d04a3078-4669-4e57-ae74-9884164ad39c,935,Debit,57483386.73,Active
474b5151-d304-48e7-9cc6-0bf7eb6d64a0,935,Debit,57483386.73,Active
8668ad3e-dcc5-4575-98ba-b23c95864901,936,Debit,474442866.92,Active
9b68a5d6-f90f-460b-9bfd-45adf9bc2fab,937,Debit,32457228.5,Active
0ace45d6-d4aa-499e-959b-77b7d1dff585,938,Debit,22297789.53,Active
40013339-59a5-4e6c-af46-fba70ece5778,938,Debit,22297789.53,Active
a003c2ea-31f1-488f-90dc-bca26a45d10f,939,Debit,23462402.94,Active
1ca05678-0323-402e-9703-9343c591b764,940,Credit,178614451.82,Active
bb88e2e9-5f7e-41ae-84c1-27677a88e263,941,Debit,226629470.47,Active
930a1778-f50e-4f52-90ff-27db185538a4,941,Debit,226629470.47,Active
a3943747-b31c-4e56-b42a-026623102a8e,942,Debit,76142075.5,Compromised
5c2c5cf4-3ebd-4187-98cb-3213312dbf6a,942,Debit,76142075.5,Active
06c70860-6e18-41e3-a57a-cf9e323e0c6d,943,Debit,24322919.32,Active
f5693c45-f5fe-4eb9-b0a3-4ba67494f3f3,944,Debit,60888868.31,Active
b3d305a1-b646-47f2-b932-62bdcdb846d5,944,Debit,60888868.31,Active
bd787ea2-cab8-4e21-ac9a-412c3725583a,945,Debit,111765552.27,Active
68637472-d32e-4e75-ba5d-d11fab428637,946,Debit,34819715.5,Active
d26991ee-bfaa-4489-972f-f46b5f33b8ea,947,Debit,401275797.98,Active
60528434-5837-4f3e-92a0-628525899247,948,Debit,88394201.54,Active
d1404d9d-1598-4170-82d3-4306af1f89ee,949,Debit,138951354.93,Active
844ae808-3132-43de-8918-891f41acbf84,950,Debit,38335076.81,Active
4dd0f508-d3db-4e55-9bb7-eb35548d97cf,950,Debit,38335076.81,Active
5d5d0408-a6a4-4194-82f3-65d8a4803a2a,951,Debit,60509314.18,Compromised
20741e0e-57e4-4533-b798-92417236cac8,951,Debit,60509314.18,Active
b34c3ccb-c100-4082-866e-255a0e77bae8,952,Debit,41937510.48,Active
7d17ef47-f22e-4207-813e-ad814db20554,953,Debit,50296245.59,Active
83b96ea5-829d-401a-a408-a258796beb21,954,Debit,38060350.74,Active
de4fbe0d-0698-4e49-92c3-8e7e010ec656,955,Debit,53539723.73,Active
8b5e5cb8-b52a-45b8-ba02-e0f9f9bad14a,956,Debit,52803854.1,Active
b95cbda8-a5db-4770-ba43-1629d8c33a17,957,Debit,107809733.46,Active
ee815d12-b5f8-420b-afc8-fa6301efec48,958,Credit,99875650.02,Active
1b95a8e4-e05f-40c2-9348-08ce42841333,959,Credit,210354721.53,Active
ffaa8d80-cd07-4b81-a0ac-c17c2153de38,960,Debit,49383798.9,Active
befbf11d-f459-4a19-8f56-78b1f86b9b98,960,Debit,49383798.9,Active
07416302-029c-4303-a388-06ed2fabb273,961,Debit,57769086.5,Active
47bbf791-9998-446b-839a-6570de912460,961,Debit,57769086.5,Active
04e70372-7b0a-4f31-8e64-3bb51063c57c,962,Debit,39675343.02,Blocked
db21ec3e-09de-4508-bf27-e1b54a969750,962,Credit,152647683.96,Active
d53a7e13-dc90-4ae1-b8a5-80749d84e0a3,963,Debit,204840538.59,Active
89542c76-afd4-43b0-913d-17230c302765,964,Debit,32646406.92,Active
508b6381-4ac8-4fac-ad2d-b420cf147e10,964,Credit,63893586.02,Active
7888ce4c-d958-49e9-98d0-2800d5a77e67,965,Debit,52499940.94,Active
ec492ad9-fc7c-4a9d-b2fa-c4b7a0215d05,965,Debit,52499940.94,Compromised
1d8d5681-2912-42b8-9c5b-cb271e303678,966,Debit,12176137.78,Active
c1c67551-d2b4-47a0-b268-dc9568921889,967,Debit,92340643.72,Active
8015030f-1f3c-4ad3-9ded-5f797b272db0,968,Credit,89197403.94,Active
e204699d-7357-46a6-9e4e-13f78b28964b,968,Debit,30491267.1,Active
af32de12-31ae-4dd7-bc98-b0cf825386d5,969,Debit,27328256.43,Active
5fddef7d-2a26-42ed-9c67-9b08f4348aeb,969,Debit,27328256.43,Active
52b3a107-6aa4-429a-b379-a33451825e8b,970,Credit,82314237.56,Active
f23ccdd4-a6c5-43b8-a899-c219f1b14373,970,Credit,65828751.38,Active
9d6cbdcc-1e11-4396-bb1d-13f72d2d5074,971,Credit,163444280.71,Active
3a713917-03ce-4527-a5de-4870819f72b5,972,Debit,65883200.18,Active
3886de2a-2084-42b2-b75c-1440b785b103,972,Debit,65883200.18,Active
296286c6-11a3-440c-bd68-c3f2a6b51635,973,Debit,27759997.53,Active
b068100c-91ac-4829-a805-5da7289a5d7e,973,Credit,84523732.69,Active
bab88c4e-3d0c-4202-8625-a589fd7368ea,974,Debit,48104639.98,Active
689bb114-0441-4318-b284-920807fcd314,975,Debit,41925618.86,Active
17d97644-8dd0-4294-951b-c6f45d00e658,976,Debit,335839557.59,Active
7bc1df15-b0bb-44ec-9901-ecfae9259cbf,976,Debit,335839557.59,Active
e7fee9e9-2cd1-48c1-bfa7-88b6863fa55a,977,Debit,21877456.11,Active
6fdf479b-1ef4-41be-b94e-a7601a8ea109,977,Debit,21877456.11,Active
4acbb876-1c29-44c1-b338-d47a5702d690,978,Credit,500438274.57,Active
bfbd015b-7992-43af-b29d-d7fd304157fc,978,Debit,196459709.96,Compromised
40c5200f-6761-4fee-81a6-8d34752f0ae8,979,Debit,54515459.38,Active
c2bf4b53-bbdd-4432-9665-711406dc7bf6,980,Debit,47651509.98,Active
089af437-cb68-468c-abe5-4d23a4c888ad,981,Debit,43808521.41,Active
99f3241f-cb4a-48c8-8d9f-0836e7626130,982,Debit,70798254.34,Blocked
d729eff7-dac2-4227-92da-364f22e5fad6,983,Credit,99062211.89,Active
2ff88704-c203-404c-b0e1-0068945fcb82,984,Debit,34072107.78,Active
628cc1f1-7744-4394-ad33-7b816f886358,985,Debit,14019212.88,Active
49b5dc70-0803-450a-b450-d99ad639d944,985,Debit,14019212.88,Active
ffe12df8-837c-481e-aece-f5f3777ab1cf,986,Debit,147610428.67,Active
3300a0f1-203a-4a4b-b5e9-bd44dfe2edcd,987,Credit,216571069.67,Active
ee6c6f23-3f05-4b1d-bfff-2668c7fc14f9,988,Debit,28893033.42,Active
44a4715d-22cd-4365-97d8-6f6ff922c383,988,Credit,98714274.86,Active
1e41268b-c941-4d96-922b-15bb818e5dcc,989,Credit,120956058.5,Active
15d1bb67-491e-4262-9dca-cf90def4b5c9,989,Debit,40380405.79,Active
5bf4ae7e-09c1-4644-b9f9-b7d80a518824,990,Debit,21974557.61,Blocked
a99798dd-3db8-4686-aed2-fed6c7971379,991,Debit,26277953.78,Active
c22460e7-1696-43b4-accf-87476ae17c3b,991,Debit,26277953.78,Active
97b45f0d-41a6-41ff-bd87-6de5c827a963,992,Credit,60744778.35,Active
431037ca-493f-4223-858e-51b4fcb91f35,993,Debit,24920186.5,Active
5cf0469d-c1a3-47a1-b398-090a36bc91ec,993,Debit,24920186.5,Active
4e5eaee9-978e-4902-b866-cbfd2ddb8ce8,994,Debit,99304130.14,Active
ca1e0a84-12aa-4ad0-a31a-d92a8972ed12,994,Debit,99304130.14,Compromised
e987b4ba-4c27-4ca3-b727-46a8f133279a,995,Debit,31120886.0,Active
bcaee7d7-41bb-43bf-a647-2a8e2013cbbe,995,Debit,31120886.0,Active
5f77731f-f04d-463f-a366-bc6033527565,996,Debit,66527910.62,Blocked
c00fa397-3d03-477e-ab85-5813fbd4fc39,997,Debit,42622464.18,Active
15198a7c-d545-4744-a546-5653bfb35212,997,Debit,42622464.18,Active
8197b474-a240-4714-860a-5b3a2e217261,998,Debit,79475049.58,Active
d69e79fb-1122-4347-bf04-1394dcd34cbd,999,Debit,20551128.25,Active
e93bde3a-f98a-4743-ae53-8d2b4382b205,1000,Debit,298213269.18,Active
09805bad-d79b-4346-80fd-bda41339d318,1000,Debit,298213269.18,Active
67fea201-d539-416b-8503-6668f4ef672d,1001,Debit,75291149.16,Active
59223747-a144-4df1-b985-d8209d54addf,1002,Debit,47382270.83,Active
15d38252-abb1-4783-bad1-1bfebba84706,1002,Debit,47382270.83,Active
b432623d-8f68-47d8-b88b-e6212198e133,1003,Credit,110434548.8,Active
ce183087-4680-4d14-970e-b38c77e48809,1004,Debit,89687778.01,Active
c22a3c89-a041-4542-a819-cb31c1c6eb09,1005,Credit,137983139.11,Blocked
db427df2-00ab-41bc-80c5-c9aab2dc9e7b,1006,Debit,36265404.7,Active
3f4a37ec-6751-4391-9f51-57b808521c8c,1007,Debit,152645782.46,Active
648a8d76-187a-4170-afd7-0d0435d386eb,1008,Credit,181859728.17,Active
f85f0be9-026a-438a-bd7f-a646cbeef6f9,1008,Debit,43573625.69,Active
c94142e4-cb96-44f8-aa51-b3ce6937eef8,1009,Debit,21334369.1,Active
83e79dda-6f97-426f-a5af-00cabde4c969,1009,Debit,21334369.1,Active
63340399-350a-414a-80b2-4f07c87a38fc,1010,Credit,125235167.39,Active
5d86a947-ba37-4575-8dcc-8100a0afc906,1010,Debit,26417727.21,Active
1d3ebefb-e784-4186-8437-9e36dacc9af1,1011,Debit,49282400.56,Active
e7bbb3c6-3df7-42df-bb8a-2c6d642a92ec,1012,Credit,131853013.28,Active
267d2f2a-73f7-404e-a6c6-0b9c5b7c6466,1012,Credit,114594954.41,Active
62104334-4629-41a8-81c8-9eb63be3de38,1013,Credit,238941119.44,Active
1013facc-8450-4c79-831d-9e222e51dd6b,1014,Debit,164761639.42,Active
7013b4c9-8a29-422f-9091-098def239c2b,1015,Credit,444207074.14,Active
8551d011-0e9d-4f31-8a5d-c844f4db7357,1016,Credit,31984084.39,Active
f137b513-bdbf-4d6a-9755-b80a3159a9ab,1017,Debit,37740435.3,Active
62227739-daf0-479c-bd72-94601cb9ad9a,1017,Debit,37740435.3,Active
922f30ce-1a41-45c4-96d3-a7772114e8fe,1018,Credit,148186785.62,Active
345ffd1f-5bbf-4778-8de2-c20dd11d82c8,1019,Debit,77191720.99,Active
b18258a5-268a-4e1e-8a0e-82ece1772597,1019,Debit,77191720.99,Active
b4a7a0c6-325f-4b83-90a3-60c5495f8545,1020,Debit,65021941.92,Active
46c8670a-cea5-422d-954c-3e9de302fb8a,1021,Debit,22894982.62,Active
765dc2b6-36bc-42bb-b518-4bfe2ed41df2,1022,Debit,65290877.71,Active
565ae656-abaf-451d-b414-81a527e9204e,1023,Credit,678210689.9,Active
642397da-4dd1-4d41-b70d-0cdb494a98af,1023,Debit,139525212.68,Blocked
645c2381-e4a0-4b9b-97f4-fcad92ff0073,1024,Debit,30405967.26,Active
826906aa-1109-45c0-8629-450d3e7425bb,1024,Debit,30405967.26,Active
8ee32b8f-b562-4eac-a913-7cc1a58c8da4,1025,Credit,666398996.44,Active
22f6608d-8de6-4297-a113-343b3e276f5e,1026,Credit,229284805.96,Blocked
c4312c0e-97a1-4ab8-91b8-5ae8e898b5bd,1026,Debit,49487966.82,Blocked
db7c6968-8d89-46b9-8304-405fcfe9e167,1027,Debit,22978238.46,Active
edcbda14-b606-4226-939e-8f848a0d2b9f,1027,Debit,22978238.46,Active
cee78f79-b197-4dab-aef3-4e438cd1616f,1028,Debit,231481962.83,Active
39b57f78-be62-4068-bd41-f002e438b04f,1029,Debit,19531226.11,Active
0d79b250-787c-42c9-8d8c-b49c851bd15c,1030,Debit,32638717.92,Active
d17fb6b2-0126-4cdc-81a7-52e86ef90e30,1030,Debit,32638717.92,Active
1bbb390f-7c05-4a5c-8174-b5651daad802,1031,Debit,20718419.79,Active
96eb3daa-52cb-4159-9d33-05c93a8dd018,1032,Debit,24210339.28,Active
02f64d9d-ebdf-4f9b-9538-87b6daeb6708,1033,Debit,52495338.69,Active
802defbb-a3c6-46bc-bae8-14fa93bd218f,1034,Debit,32406520.34,Active
cc431ba9-7c21-40cf-9406-16bcd219dd39,1034,Debit,32406520.34,Active
722444a1-7e08-42af-9783-4c5917d8bf00,1035,Credit,710714035.6,Active
cd7a7d3b-9da7-4b07-a732-9302c1201319,1036,Debit,16423745.4,Active
a1e27640-ce53-4124-9ecb-8080bc5326e7,1036,Debit,16423745.4,Active
b2e8ccd7-495a-4715-a2aa-5998d3153862,1037,Debit,30852179.78,Active
0beaede2-0aae-4eb5-911d-eaac9f6bb453,1037,Credit,59498629.81,Active
69e845c1-b318-4f46-90db-d25e9978f90b,1038,Debit,199892842.95,Compromised
45ed55d2-db7e-49b4-bbb4-2ec9337c376c,1038,Debit,199892842.95,Active
2665f3a1-1639-43a1-bfbb-598ff9db9145,1039,Debit,27721035.71,Active
ad252d13-fd24-430a-8e68-b0c2ecca6f86,1039,Debit,27721035.71,Active
4d0c6c5a-cd07-4264-b71b-2de26cab1ecd,1040,Debit,59570271.87,Active
77f7e334-6b33-4980-95f2-205d2bb923aa,1041,Debit,51059757.06,Active
3e6a0e1e-599e-4593-913d-fbdfd7d60ce9,1041,Debit,51059757.06,Active
93e3fafa-9c00-4852-b7e8-5035e97a6027,1042,Debit,13720026.15,Active
87af0bd5-53b1-421c-8cb4-22c0bf56ab03,1042,Debit,13720026.15,Active
47a18c24-4162-4ca5-8197-3277bc00b483,1043,Debit,18156054.54,Active
10124db1-0de8-4ab1-bb3f-d1479c1e249a,1044,Debit,83544961.42,Active
7722affb-a3f2-49c5-9367-c8240a74958f,1045,Debit,711035250.08,Active
e2f82f58-ff48-4223-aacb-e19aa76c61d7,1045,Debit,711035250.08,Compromised
eaee1155-0c6c-4dbd-af90-7fd02ba68130,1046,Debit,40165425.49,Active
d5cd94c0-0fdc-4e9c-aa83-3cf2fdb60e86,1047,Debit,72730839.97,Active
5f0c32d3-1f8a-4aa3-b1ad-d1860630c9dc,1047,Credit,296405982.01,Active
0ab3b327-b5a3-4ce3-8e60-f6a8deeefd9b,1048,Debit,99443045.01,Blocked
62ab6a9f-289a-47b7-9711-aeb49487fce1,1049,Debit,14226335.22,Active
4a0cbf64-9768-4be8-bd93-cc9d020a7203,1049,Debit,14226335.22,Active
ad13c43b-7886-40c4-a706-64ae883e06cb,1050,Credit,106138168.94,Active
a50cb642-984d-414d-8b0c-ed3c0f7f9b00,1050,Credit,70312268.22,Blocked
03e692d2-4fb8-45f3-91f0-74bde2fb59f3,1051,Credit,38420924.78,Active
a5f1899e-edf9-4581-8917-4a0446ef8871,1051,Debit,15374910.27,Active
dfcd6629-44f2-4b57-bb3e-5b1aa4ad58bf,1052,Credit,2483495396.82,Active
a2b9297c-d782-48d3-9191-be0f0899e743,1053,Debit,30678027.96,Active
cfbcdd48-b7ba-431e-a6e5-95f0fae6b6e7,1054,Credit,246794968.69,Active
ad462537-d4b1-4681-9da8-601ec1ddd831,1055,Credit,203741275.93,Active
c4b4fd8b-43a1-4949-9e1d-defefbbc52cc,1056,Debit,43319747.66,Active
7a177374-0cbc-4acc-9cc8-03ed015e67cd,1057,Debit,16069533.03,Active
edbf0b9a-d284-44a4-a6e8-43648750e94d,1058,Debit,28272612.13,Active
3c57d102-2cc0-4482-9e9d-2d8a285b3895,1058,Debit,28272612.13,Active
3b2742a8-605c-4997-a212-eece0ddc7961,1059,Debit,90209511.82,Active
61c77a85-87a6-4898-bd17-2e24c754e941,1060,Credit,73402733.73,Active
02bc2e07-0368-46be-bcfb-858269109395,1060,Credit,73873665.27,Active
50131884-b721-4689-9d3b-cefe47509a13,1061,Credit,249429004.17,Active
fd4a889d-7bb5-47da-9e92-848fb7f0e880,1061,Debit,74510402.3,Active
458dd09e-543b-4b9e-ad30-328168d1d2ca,1062,Debit,40804533.66,Active
e4a1e775-3e9a-4a28-9242-e5eb0b8e3d18,1062,Debit,40804533.66,Active
8aa14def-c09f-4966-b244-11e61c94f9bc,1063,Debit,56384954.54,Active
c4390e95-a345-4a71-80a2-9675727cd921,1063,Debit,56384954.54,Active
ac66defb-85c9-4b30-bf39-f1b48c136e8c,1064,Debit,27499976.85,Active
d8e88d67-e341-46d2-b9b0-57d7a7357838,1065,Credit,70270823.37,Active
1b15095b-2564-4fae-a16b-edba5aa6c178,1065,Debit,29377371.58,Active
0bdea61d-1b23-4fe1-b75f-9182df645ce1,1066,Debit,16896883.75,Active
5d0c8ba2-b71a-4765-9318-0e39ccfe466f,1067,Credit,96884610.71,Active
323f06bb-d3d2-441f-a52d-d1a4d7b5b704,1068,Debit,249011522.14,Active
04bf186f-b7a0-4ffe-a70c-6b29b11441b3,1069,Credit,78162050.65,Active
011221c2-0da9-4c65-81c1-77c6161142d2,1069,Debit,37306629.58,Active
e9c1cd21-ba84-4c29-af85-1e217bacecd8,1070,Debit,78167626.9,Active
722228a6-044b-4f23-a2cc-ced04ad41f38,1071,Debit,60697704.39,Active
0797e6d5-2710-47c3-bb3d-329d498f0a39,1071,Credit,242514269.3,Active
d4623f5d-2998-4fb3-a947-f7d7314eaee3,1072,Credit,267461555.6,Active
e6c012f7-a91d-4757-ae0e-1fd068977c8d,1073,Credit,77888967.88,Blocked
5dc32e36-749e-4c9b-b64b-e4737367dfd0,1074,Debit,47659176.38,Active
8a817407-cda8-4c57-8645-a5e6106f3fa8,1074,Debit,47659176.38,Blocked
4efa6357-b3ff-411c-98b8-67dd2e9ba4ef,1075,Debit,184410424.26,Active
6ca43346-8721-44f6-8243-141961c42c67,1076,Debit,32649160.79,Active
6fd0c8bb-61db-4e41-9017-c7fedac1c7d9,1076,Debit,32649160.79,Active
bd445a2d-917c-42e3-b242-eb2216c577a9,1077,Debit,34358554.02,Active
4b13862f-1380-47fc-a6de-ff955b98b158,1077,Credit,135437343.44,Active
5d1f5a00-65dc-47a6-a870-20d6e7779554,1078,Debit,54912643.02,Active
6821c5bd-81c3-4125-a15d-de98ca3563ea,1079,Debit,20201368.39,Active
fdb2fdbc-47c3-42b5-89b0-9de04a3376a6,1079,Debit,20201368.39,Active
82ab057f-5293-43a6-9be6-cc3fa51c6dca,1080,Debit,65974537.31,Active
770a5f4f-9098-41af-b41b-d1bc5e146550,1080,Debit,65974537.31,Active
df3908b1-b474-4b1a-b11d-64570e86f04c,1081,Debit,159305791.82,Active
cba20df9-669d-483b-a8fd-f28f55489d1d,1081,Debit,159305791.82,Active
d52c99eb-e39a-440a-b308-75f9e1e98fe2,1082,Debit,357063040.77,Active
b9feb159-8a44-4c59-b04d-69cb13a911ca,1083,Debit,54101032.28,Active
64ae7cee-e86d-453f-b592-c166a972b252,1084,Debit,54641602.25,Active
e88b3e61-d69a-497e-9a4e-ebf49d5e9673,1085,Debit,36953608.1,Active
18accfc4-cda4-43f1-bea0-c3e6be10788c,1085,Debit,36953608.1,Active
d7913cd5-9ae5-49f3-ad3e-15628b0aab4b,1086,Debit,21514771.4,Active
ed7c3ab6-0a0b-43df-a4c9-a36bed0cfd9d,1086,Debit,21514771.4,Active
03bcb228-e65b-4b5d-bb7f-976c9e85da9e,1087,Debit,24818703.7,Active
5db2f295-ee72-4c7a-9a2e-b25bb80d1297,1087,Debit,24818703.7,Active
1a645eb1-7b32-4842-8bcd-959ba357ac52,1088,Debit,150030672.34,Active
704b8f55-9abf-49f0-8b5e-ff4b1352035e,1088,Debit,150030672.34,Active
bd45a646-e0d3-45ab-91a7-f65bfc86d5c8,1089,Debit,110980974.38,Active
cdfb840f-945e-4895-a8c7-57e5543ff468,1090,Debit,136621852.88,Active
540d5767-ec38-489a-b92b-2724545f1305,1091,Debit,23765526.45,Active
a82f3746-b1de-41ec-923e-b59c684ce758,1091,Credit,63608470.63,Active
e7fd57f3-9b02-423f-8b99-c93dfdeb8be5,1092,Debit,29672617.4,Active
5b608197-ce54-4baf-ad91-92ee22b08ed3,1092,Credit,83507749.9,Active
14fdc0fb-33fb-4d62-8607-650285c7c904,1093,Debit,137347041.16,Active
0b98430c-ce6b-4a26-adc8-09bbc3de05b9,1093,Debit,137347041.16,Active
52fa1a2c-80be-4e5a-9535-49534350d3b2,1094,Credit,265441084.88,Active
4e35089c-dbe7-446f-8cb2-aecd5ba55cde,1094,Debit,68906008.55,Active
10c3ba6c-4fe7-4f8d-869a-5cd2051c1875,1095,Credit,497444518.83,Active
5e76de30-5c84-4462-a3fe-bb8ffddfd52c,1095,Debit,119638042.16,Active
8acfc8f0-cd4c-488b-aef9-ddd8110eebf4,1096,Credit,407894043.87,Active
e0d483a8-dcda-49b1-810f-ca34f201f09b,1097,Debit,44805106.08,Active
9be14849-5d9d-4571-b6fc-a72c66f83c2a,1098,Debit,23571801.19,Active
a3cc212f-1345-4613-bfe9-d213468a039d,1099,Credit,76082104.14,Active
5dfa118c-c974-40c1-83b6-7b9792d92172,1100,Debit,137957140.37,Active
392693e3-5b33-4f6f-8546-67455755d552,1101,Credit,455218643.79,Active
ee0c0693-d1e1-429d-ab0c-8dcb8f5449c7,1101,Debit,177003588.16,Compromised
c6d63026-563d-428c-aaec-74ef9e916a8b,1102,Debit,67356569.14,Active
63900c4a-71e5-4ea7-8b90-50307b891fe9,1102,Credit,278056004.4,Active
92d97e73-4968-4390-94fb-d783d11a9ea7,1103,Debit,35588241.46,Active
182d8edf-f03e-43e4-9787-c7435af493b4,1103,Credit,141228696.37,Active
24f5c3e6-954b-4fd4-a6e5-bc14088d03b6,1104,Debit,131492536.79,Active
e8521cc0-901f-4109-8c8d-7718ab56e1ec,1105,Debit,71434138.32,Compromised
6ab9f573-10d3-459b-b64a-119d0834caea,1106,Credit,108959449.27,Active
8ecb610d-69a5-4ed9-9f93-7ef0f8d08216,1106,Debit,37330274.2,Active
332b4cb1-1616-46da-853e-d917daf01d55,1107,Debit,30645511.5,Active
ac6432a9-74b5-4659-b9c8-67349873f713,1108,Credit,338939671.34,Compromised
65a88d22-2c00-47e8-9c43-3edf5e92d737,1109,Credit,221517205.03,Active
e7c26ee4-ebe1-4434-89d7-44fa3aa66481,1109,Debit,49484533.52,Active
6e18b0e9-4407-4c87-9c6b-b0231cf0537d,1110,Debit,23878594.65,Active
ea67ff2f-13b8-40b9-a091-919a677f4833,1111,Debit,83172394.48,Active
16b52aeb-0de3-4440-91ac-aa7d1063fc10,1111,Credit,372322984.71,Compromised
3d5c8c89-b212-4347-a68c-133e96682618,1112,Debit,76766595.59,Active
21c70e02-b476-420d-903f-c1f0f5d57479,1112,Debit,76766595.59,Active
7994ce3c-d155-4240-ac2a-ee3a5f596400,1113,Credit,175343196.62,Active
08c84d34-fad2-48d0-9765-57202aa0e4c3,1114,Debit,21533920.43,Active
3116ec53-a811-430c-a128-b81b7a4dbfe4,1115,Debit,107785958.66,Active
f1312b8a-01a0-4ef5-9561-9275d3e25bcb,1116,Debit,48163441.1,Active
05f55924-1a21-48e7-b252-7832eab0673e,1117,Debit,27227876.34,Active
ae018f58-345a-479b-9f6d-17864b94bdee,1117,Debit,27227876.34,Active
5965bcec-e02f-468d-b39e-217cd61cd717,1118,Debit,243097523.82,Active
786cce00-a124-4b1c-a5dc-6c6f217b57cf,1119,Debit,45017087.26,Active
d411367a-91b2-4477-bef0-7304b60f7ee8,1120,Debit,86233294.6,Active
2c99f687-1db7-4813-adb0-7be2ca00f9ed,1120,Debit,86233294.6,Active
96976a72-35ad-4829-be8b-68858c70b38e,1121,Debit,741050875.88,Active
38316e58-101d-4f47-af95-b8269aa8c85d,1122,Debit,13767503.9,Active
8580ecd9-429e-4bb3-979a-3f1b9584c9fd,1122,Debit,13767503.9,Blocked
cadfbf38-1292-4ecc-9f28-9af1af78c251,1123,Credit,92514055.82,Active
2ed4a910-34ac-4989-838e-7d707af4d709,1124,Debit,247903127.01,Active
44d08daa-09e1-406b-82a2-6c75965fb704,1124,Debit,247903127.01,Active
96f4e9a7-f67b-4609-8e06-a91f632929a5,1125,Credit,118504733.62,Active
703e1a78-7df4-4ae6-90bf-aa6f043d2992,1125,Debit,27664334.93,Active
2503a154-fe29-48ea-a9bc-924a9b117001,1126,Credit,33592547.92,Active
397051e8-01c1-41b8-9c32-ebf9cfdddacf,1126,Debit,15832776.18,Active
f348755d-1d84-47cf-87c7-01bdf0dc0527,1127,Debit,81898175.02,Active
554ee8a7-fb83-4a75-92df-74b1dc6bf580,1128,Credit,185017646.11,Active
15d040c5-685c-4737-9e1d-370d07a2d7bf,1128,Debit,37818739.94,Active
b0aa74ca-3c34-41fb-981c-8169c51bba2a,1129,Debit,35903764.78,Active
c37e5204-b1c2-4925-8bcc-2e1fa2603274,1130,Credit,52867148.96,Active
acce940b-d830-4348-9b53-bcca242ec413,1131,Debit,26431403.82,Active
1b59fa64-86a1-44fc-adc4-a56636e96cb6,1131,Debit,26431403.82,Active
cef2931f-bc7e-46a1-a28c-4a65ef3a523c,1132,Debit,48143014.54,Active
1a7ef119-50e6-4efa-8ade-872539d316cb,1133,Debit,142461473.66,Active
c6dc870d-09ba-447f-8486-c1e5eaebcd8d,1134,Debit,65511280.53,Active
9719d7b3-0f77-4482-8f09-1ff6b631b652,1134,Debit,65511280.53,Active
3727056f-ce62-40bb-a54c-bb6485f9c50a,1135,Debit,27753330.42,Active
b789f481-5a96-4df1-ba24-0f6de3ff785a,1136,Debit,41417270.07,Active
eb9032a6-d634-47c6-b77e-597bf8c95856,1137,Credit,465978437.48,Active
4226efad-073d-44c2-b31b-2cbe00185a44,1138,Debit,192422644.54,Active
bf4e51ba-3df1-4a15-a172-c165d08a8b91,1138,Debit,192422644.54,Active
22fdb8c9-0943-4390-b691-9c0c0f4f9aa4,1139,Debit,49177798.47,Active
af465bf7-4b65-4576-847b-b454de56613a,1139,Debit,49177798.47,Active
3c9bbd0d-2c8f-4db2-aab4-21f0480428f2,1140,Credit,316959611.3,Active
9fef300e-f86b-4016-be7c-e4220e1ac6de,1140,Debit,84412681.0,Active
ef23660e-da8b-4e47-8048-057065650b14,1141,Debit,14654105.06,Active
4c1e7645-cad3-4596-85c2-7d6878d3761c,1142,Debit,22088112.56,Active
ef24efd9-5653-4c4c-944b-e05129b9deae,1143,Debit,165457496.2,Active
b10143c5-107c-4396-92e4-516e2b54c965,1144,Credit,103450043.78,Active
0d9ecf04-bcf1-44fb-a7b1-74f4f327f75d,1145,Debit,121690790.4,Active
c6882276-3484-4c58-aaff-99506402adde,1145,Credit,380835514.57,Active
7498b1ef-b339-48df-ad76-fe696946bf4c,1146,Debit,29006108.72,Active
48946042-22a2-4533-b3b5-20fbeffa183a,1147,Credit,143189958.33,Active
dedf228d-8eaf-4212-bbfb-c412efa66879,1148,Debit,33411678.54,Active
0ee4b4c1-626f-4eaa-a96c-ff4f344f2372,1148,Debit,33411678.54,Active
e973883c-132f-4d55-b76b-db034a385af7,1149,Debit,56413734.76,Compromised
6652095b-7e01-4772-97c7-c0034cd0f832,1149,Debit,56413734.76,Active
a9bea1c3-f939-49f2-b289-6d01ec7613e0,1150,Debit,99463575.66,Active
40c6cd3f-619d-4d41-a9e5-4af2b0bd6eaf,1151,Credit,550805317.36,Active
06aac6cd-8db0-4e59-8151-7dd46873199e,1151,Debit,205740633.37,Active
7bee17c2-5347-4e31-9af8-b2e7455104d3,1152,Debit,37570201.62,Active
7de8c9cd-dafa-499d-b655-71b9ebb278ba,1152,Credit,155056490.88,Active
41659322-7b16-4814-bf2a-773f0f70bc13,1153,Debit,289140847.98,Active
9e841a36-7659-4a95-81d3-b61526f69095,1154,Debit,28226138.04,Active
da5f60a4-6651-4891-a575-bf94df19e366,1155,Debit,44466761.92,Active
c3819b59-deeb-4a06-9f52-dad0c83c009e,1155,Credit,109941711.98,Active
87ec575f-a39b-4ac0-9466-480dd61a2e57,1156,Debit,28009047.51,Compromised
40e0334e-18bd-4d37-b6a6-e4428b2bede1,1156,Debit,28009047.51,Active
d14102ed-0c66-4879-a249-dd1371c1e482,1157,Debit,26847608.88,Active
f1e36790-6ccc-43d9-9397-e50fdfddce8f,1158,Debit,58996738.98,Active
00fa95e8-059b-4e75-87b6-594a2ada11a4,1158,Debit,58996738.98,Active
2eecca86-7f2e-434a-8d90-1e430b0a9fb9,1159,Debit,41459519.53,Active
783d155b-c385-44ec-a3d6-1ecfc45c6d1d,1159,Credit,106369341.08,Active
f018ce4b-b459-43f1-9f54-4c035f54caac,1160,Credit,1022660800.43,Active
93339a0e-a199-4a0c-a6fb-cb7303ba92ef,1161,Debit,61588637.48,Active
eb4a936a-edfd-4901-8829-f91a84be76f2,1161,Credit,284582154.67,Active
f40de358-49ae-45f4-b058-44bfd40a8537,1162,Credit,140572984.92,Active
eb903300-2083-4b3c-9450-f91722f7d036,1163,Credit,176596124.77,Active
890796df-51ed-4611-bf7d-2c8868fffb04,1164,Credit,276835721.16,Active
2a0899a6-5570-4f51-80a1-f54b173b8637,1165,Debit,85015968.55,Active
8536dc56-7967-4919-9d0b-4f5947c984c0,1166,Debit,40061454.12,Active
bc8efcc4-40cb-49c6-b343-98f8db295ae7,1167,Debit,44855787.86,Active
8edbed9a-d2b3-424d-8201-917595e1d928,1168,Debit,28516389.7,Active
091c4264-d99d-462d-9038-d3d3c4fbe9d7,1168,Debit,28516389.7,Active
b8d00b1d-7fa7-4036-a04f-1b3d3ed03343,1169,Debit,40363708.32,Active
29131ff7-00b9-4ead-a6d9-83a081fe2123,1169,Credit,122502970.11,Active
02850b7d-e193-44fb-ab50-96d1bcbf88e4,1170,Debit,78889246.38,Compromised
4a468627-8f35-4e84-99ae-b68e8026a4e3,1171,Credit,388972030.76,Active
2ff55da7-7f8d-4ef6-a04b-52c7cff520be,1172,Debit,77866067.1,Active
bf774efe-7407-4fed-9936-64018eb9cb98,1173,Debit,13604930.54,Active
119f48b1-df41-4aa3-b5e5-836ef15997e7,1174,Debit,46698184.46,Active
07e34312-8cc7-46f2-a15a-d69f65f2244e,1174,Credit,108992376.95,Active
bd14804a-f21e-43a1-97e9-bf59285336de,1175,Debit,58347888.43,Active
16aab324-236d-4994-81ef-bfd3263d7f04,1176,Debit,20200873.96,Compromised
e2ecde4f-7566-4030-a201-1593aea1c417,1177,Debit,22985760.94,Active
80593dd2-3f5c-487d-b9e1-d83e691b414b,1178,Debit,57149343.18,Blocked
c514c312-32f6-400e-a631-ca904d1d60ce,1179,Debit,17183783.15,Active
9c7cc330-0531-40bd-a502-a2ea083db4d6,1180,Debit,35223416.57,Active
5e2a0f38-efc8-4aaf-a9aa-cc00ee66d03b,1181,Debit,17341797.98,Active
551fae70-13ea-45f6-936a-ccb4663f5765,1182,Debit,81923113.11,Compromised
eecb2ff3-61b1-4764-84da-a730260b966f,1183,Credit,123786371.91,Active
949a908f-5ede-42d1-bc80-1bf2602b3c4c,1184,Debit,29361850.35,Active
ebe39812-2579-41e5-abbe-cc3b00606143,1185,Credit,292057734.07,Active
a5f97d4a-f91f-46f2-a206-e8bcf5d43e20,1186,Credit,115684522.72,Active
52b5bf58-b3ad-409c-a673-969fb89c7659,1187,Debit,35123176.26,Active
df21174a-7321-41ba-8cc7-b2e6550967cc,1187,Debit,35123176.26,Active
da3b5454-b5d7-43a3-9a34-49c4c1b9dbae,1188,Credit,102769522.91,Blocked
cb8293c7-12c4-4006-9e5c-a5c6aa2241cb,1188,Debit,54093299.04,Active
51338d1d-9908-4d58-9355-5d2e3116fe9f,1189,Debit,75359499.63,Active
fb114e52-4656-43d3-a5c2-54098d76118d,1190,Credit,116805764.76,Active
1a7804d5-eb2f-485b-8906-a8f9f6544ed3,1191,Debit,36586644.89,Active
edea53b5-f2d8-4bc8-8933-f6f93ba73920,1191,Debit,36586644.89,Active
46985a0e-62b0-48b3-9a64-a5c423649341,1192,Debit,211696505.55,Active
379e9ad6-ea1d-4180-91dd-8402a928faa9,1192,Debit,211696505.55,Active
df69b7ca-1f32-4230-926f-4451b14b15ac,1193,Debit,61365653.74,Active
2a21448d-eed2-40a9-8522-de43c5e7b71e,1194,Debit,75684940.25,Active
8ac0f3ec-9744-4114-81a5-e3ce9afde0f7,1194,Credit,255066961.4,Active
83a2093a-ffe4-4168-a29c-782befa35d8b,1195,Debit,31791219.12,Active
86e04fba-2672-4755-96a3-e38e0be9cc38,1196,Debit,110720361.36,Active
a2aa3224-cfbb-484d-8d06-0ab5842e77a8,1197,Credit,147483807.01,Active
2b3c4d30-3e85-4fcb-be66-803db11ebe03,1197,Debit,42566161.52,Active
ce05ba5a-cec0-4d20-ae2b-96637e0c3153,1198,Credit,620947666.65,Active
7cef1220-c8c4-4734-8f2b-9405514e7a76,1198,Credit,642934203.21,Active
277aa5b0-0fcc-4143-a77c-0477d1373fa4,1199,Credit,234325525.07,Compromised
32874c2e-443c-4a1a-ae25-5afe36110ae8,1200,Debit,19592840.28,Active
7ab4bbef-c303-427f-94e0-2557536e0cc3,1201,Credit,102446736.11,Active
efa6723b-a7aa-45fa-aa96-8147efc4ecb8,1202,Debit,242236370.46,Active
24d94f61-b7ed-401f-bb0d-385367777104,1203,Debit,89719377.47,Active
cbfb6432-9760-4b03-9437-b38155ecc15c,1203,Debit,89719377.47,Active
79e668b6-84d0-4c66-95c9-96c0f0db6e68,1204,Debit,62172953.98,Active
fb61b0ea-26d9-419c-8635-67f7b7ceea60,1204,Debit,62172953.98,Active
6b0fd370-e24c-45b3-85e1-16dca408494e,1205,Debit,41918416.3,Active
6544441e-b979-4ada-94c0-e3d9457a1623,1205,Credit,181292013.81,Active
5b624688-a211-405f-816e-35be35020b2f,1206,Credit,157303903.02,Active
b4a85941-2c9c-4b0b-8ea5-547ed31c033d,1206,Debit,42612363.33,Active
12a593f4-51c9-4ac2-b281-f5f05938abea,1207,Debit,182238257.5,Active
1f067da1-f6a8-4318-baed-289eb465108b,1208,Debit,165475427.33,Active
b04f82f3-7824-43ba-8460-02fdf2997347,1208,Debit,165475427.33,Active
4ea09832-21e3-4311-bf55-e8a2a52b4599,1209,Debit,78585758.7,Active
98f40f42-de15-42b1-b930-0c269131f430,1210,Debit,46197423.8,Active
9d8de876-8f5a-4752-8d77-92f6d7d66c9c,1211,Credit,179186821.45,Active
459224f2-9cd1-4de4-8518-ead728dd8d6d,1212,Debit,145256458.24,Active
35439b12-445a-42f0-bc4d-88c899787f0b,1212,Debit,145256458.24,Active
392d45f6-a11a-4c5b-a5c5-0a957afe893e,1213,Debit,370307165.09,Active
eff61db2-b45e-48e1-a3f4-bbbc68cfa8fc,1213,Debit,370307165.09,Active
cd294305-75db-4db2-9932-e3b65739a638,1214,Debit,46675837.89,Active
ec13b271-ab20-47c9-a9d3-10fdf4496e09,1215,Debit,37159314.46,Active
9091dc9c-8196-4dd9-a203-578f8771b353,1216,Debit,39996531.62,Active
e6c9d9ed-4ecf-40f4-a516-650cecb6833b,1217,Debit,29553978.06,Active
56ebcbcb-0b80-4b85-84e0-0d19957cf468,1218,Debit,44274123.93,Blocked
4fa3aac6-7d7e-4e36-b85a-7b071e867a87,1219,Debit,54015948.05,Active
a6413f29-c8e3-4d1a-bc2f-617322c83962,1220,Credit,364271780.22,Active
66cde37d-789f-4a57-b60d-130f9e5f6cb4,1220,Debit,107517813.79,Active
65a0cb38-4b87-4527-8224-c1c9558e935c,1221,Credit,2328522503.49,Active
56301673-2380-46eb-852b-8ecfe7c8777f,1221,Debit,553460437.16,Active
a64f7d19-f3c9-4f83-a2bc-52dd4b2fa36f,1222,Debit,54902713.81,Active
eb1574de-0260-47d8-811a-060964eb6688,1223,Debit,24364437.04,Active
a2a0f0ea-ae3d-4095-88b7-a7872ec52ce8,1224,Debit,50846327.72,Active
ed2c3b51-8514-4786-8724-ae7a64a6a239,1225,Credit,1782996428.27,Active
6a25fc5a-1d18-41c3-b30d-361099483dc1,1226,Debit,113847147.11,Compromised
e55dad42-acc6-40fc-8192-4b59a2c46fb3,1226,Debit,113847147.11,Active
163338f7-c8cc-40e3-9c0a-7d3f86d2b02f,1227,Credit,59196811.97,Active
8be26443-f816-4884-ac5e-311e6bd6db57,1228,Credit,105611519.95,Active
9482c073-dd45-4000-bd4a-08497e03d9e8,1229,Debit,135480732.78,Compromised
6528a1d9-37fc-43f2-aa9c-4957e1dd18f0,1230,Debit,71316091.86,Active
81c625e4-a050-4c60-8273-1571de9d4d8f,1230,Debit,71316091.86,Active
aac1d9f7-0592-42d7-88e0-8c789a69ee8d,1231,Debit,132428124.18,Active
58acca6a-becd-45e2-91d3-50271bb02b10,1232,Debit,48879705.07,Active
b834b1a9-d3b8-40ec-b3c0-0a2dc95e4527,1232,Debit,48879705.07,Active
b603e195-c5dd-46e0-891a-dbdd87a55da1,1233,Debit,381102987.1,Active
f72768fe-705f-48ff-bb96-4a94d4f341c7,1233,Debit,381102987.1,Active
f17b05cb-444a-4660-a6ac-0e764b7c7d0f,1234,Debit,59765330.59,Active
9f38b2c8-e424-4226-a471-bae843a07ec2,1234,Debit,59765330.59,Blocked
c64c62f7-9689-4b2b-b82b-7f0c8a582c46,1235,Credit,89433524.98,Active
f80b2c53-c50e-4f96-9aa8-8046897e408e,1236,Debit,102362654.54,Active
325242f7-6014-4b5c-8ffb-a2af470548a7,1237,Debit,34494678.94,Active
5944b02b-3e02-4b88-951f-fb2db07fc38c,1238,Credit,351156315.79,Active
1fa26d7f-6330-4dbe-b047-6c70eebad4c5,1239,Debit,7225347.17,Active
d6f7e1ba-c758-43bf-a4e1-e4ec3c41a890,1239,Credit,22970766.66,Compromised
1defb40e-9f5e-4e8f-91f8-32cb15ced7ee,1240,Debit,17874399.26,Active
747142f8-f67a-4663-b40c-97573465b6c2,1240,Debit,17874399.26,Active
e897e7f0-3d58-4ade-ba00-590b4fd806ee,1241,Credit,119139494.22,Active
4e6f4f70-5a0b-4573-b077-d9a8e2c95417,1241,Debit,33550095.16,Active
93c605d7-abe5-48fa-b9b6-d4eda57fe731,1242,Debit,17968053.68,Active
b2701984-b32e-4eec-bb80-31ff5762397f,1243,Debit,18149627.73,Active
29e5afe2-042f-4723-b914-47742275542e,1243,Credit,76102712.34,Blocked
7d3cfc13-5627-40da-9ed9-e146228f6b9e,1244,Debit,68567915.1,Active
b0730429-111c-4de5-95b4-42edb037fdf5,1245,Debit,18217673.23,Active
1f74813f-f821-4a63-af3b-d2f88b59e8d8,1245,Debit,18217673.23,Active
2c9a9b12-55ba-4262-87f8-18db3473edbc,1246,Debit,61329941.62,Active
b053a381-3058-4b9b-98cf-dce93c338ec2,1246,Debit,61329941.62,Active
a766ae0e-559e-403f-83e2-3ebbf6b90c2a,1247,Debit,12694191.22,Active
aab46b64-9bcd-4c7d-8a00-4d61b952a3df,1248,Credit,277522593.86,Active
307b3c84-bba0-40f9-99cb-75232a59b008,1248,Credit,251088389.97,Active
46ea9581-f252-439c-bde1-3667a276102a,1249,Debit,134560503.98,Active
3a2d18a7-ed9f-4326-accb-8ed4e154631e,1250,Debit,55624747.57,Active
d21109df-fe4e-44d1-a3cd-e73359b0c193,1251,Debit,14968843.79,Active
ed904be0-6301-4727-a563-453c15b0f15a,1252,Debit,22485510.29,Active
518b99c7-217f-4913-bbad-53652a5a966b,1253,Debit,44031535.1,Active
8447803c-5a61-4446-95a1-9986ac00f435,1253,Debit,44031535.1,Active
806c2ab2-e1e0-4036-8dac-09702fec3881,1254,Credit,881148498.94,Active
e1c23792-b78c-44cf-aa3f-4702430724f8,1255,Credit,814792128.19,Active
920a78b0-dcf6-4553-94e5-aba5fd4dc8a5,1255,Credit,1211920966.83,Active
27df96a0-cab5-45d0-9e20-e72c631e882f,1256,Debit,9467704.17,Active
73aa2436-5fbd-4c9c-8b2f-61ba469bfccb,1257,Debit,58234248.89,Active
c837599c-fce4-4197-b7d4-4291de477c1d,1258,Debit,91107078.97,Active
d0987ece-b505-4a93-8969-4a8a63c949ad,1259,Debit,13290625.39,Active
b3847dd3-5d7a-4d1d-9441-df78d1cb8bb0,1260,Credit,251986513.29,Active
76bfce0d-addd-4874-99e3-7e1e5d2d2ff1,1261,Credit,286981079.12,Active
a5a4d56f-03f1-4966-856c-89b763ec0748,1261,Debit,146925770.54,Active
18da50c7-ea69-4a3f-b314-bc5be5300acf,1262,Credit,376262091.19,Active
8034a5aa-4cbe-44a9-8dd8-1432959db887,1262,Debit,78010712.92,Blocked
53776251-a418-4162-8987-79e91093f02f,1263,Debit,164720999.24,Active
cb2c419b-8a59-405b-b55e-99803426d357,1264,Debit,70470665.04,Active
b4677748-6538-4e0b-a7a2-59e1b6aaedcc,1265,Debit,63780526.85,Active
67161c1c-6c0f-4423-b0c3-c929e439b534,1266,Debit,67324606.98,Active
09c071d9-9ed3-4cf2-8e96-c51969454eee,1266,Debit,67324606.98,Active
63218774-716b-4b9d-9ee6-466c31abd841,1267,Credit,487492692.01,Active
0d0fc675-0af5-42bb-aec3-7e48dab780e3,1268,Debit,70933458.28,Active
ed10ea35-c258-486f-a35a-e516bc07d678,1269,Debit,79520020.99,Active
deef0a34-7c69-4d90-925c-9204716f0d2d,1270,Debit,46545703.62,Active
34a9fbe3-4671-45da-9491-e5bee08e6c51,1270,Debit,46545703.62,Active
6f165c87-1d19-4081-a76c-2d3ceedf4dd0,1271,Debit,59351625.65,Active
8a891aee-c06b-4a2f-967d-32e9c6fe4683,1272,Credit,224257371.69,Active
438ec72f-c5be-4e79-964c-e272e4781a84,1273,Credit,236452465.36,Compromised
e5060c00-86f8-4ea7-9c33-d2b22e547074,1274,Debit,31896887.95,Active
7d8059e6-1cab-4454-b4f6-31e378ad276a,1275,Credit,129645175.62,Compromised
a8006b55-c27c-4876-b5c5-52d0d40d3621,1276,Debit,273935684.18,Active
fdbb96f1-dffd-4b89-8336-b1b0d314c1cc,1276,Credit,985766678.94,Active
35a2bfb1-cc82-4b09-a973-67c0812b0e9c,1277,Debit,283664990.71,Blocked
659c0518-1807-4a84-8b25-c5f5ca5846ff,1278,Debit,57022089.94,Active
df2acebf-5da7-48ad-990a-9961d715dfe8,1279,Debit,128822423.25,Active
b6de2ea1-d73a-4040-b826-9b5f29ed8f3e,1279,Debit,128822423.25,Active
70216f3e-57b7-4e65-8de6-33ffeaca6f50,1280,Debit,31927804.27,Blocked
0c503928-7d6b-4f4b-bb01-6f4eb0a48023,1281,Debit,13252608.7,Active
bcd9aefb-a1da-4ce3-8344-e3b7ea46b07d,1281,Debit,13252608.7,Active
81f204f1-2292-419c-a6da-4e0725b39714,1282,Debit,79730945.5,Active
801edf37-01ef-4fac-990f-790d6c929e2d,1283,Credit,466888066.79,Active
5e268f18-af41-4813-8881-c498230dc2f2,1284,Debit,17079100.7,Active
7d78d28b-e136-493e-ac95-d871f976ed46,1285,Credit,78446320.3,Active
d5879921-70b6-47df-9366-a9bca9cfe5ad,1286,Credit,195434115.39,Active
0aeadd2c-d415-4604-9ca7-6fc6b183f3f4,1286,Debit,51024297.82,Active
86d3ed35-1390-4191-8486-c1cf0118e37c,1287,Debit,76285735.64,Active
6c9d33be-1bc2-4277-b68f-c614cd8fb4a1,1287,Debit,76285735.64,Active
6dedfda7-514a-4683-b158-8577d226fb23,1288,Debit,28623082.41,Active
63d161cc-6f07-4572-b214-15d11531e45c,1288,Credit,88985674.75,Active
3104df96-a8ba-49f1-bff3-1fc0f1ea02dd,1289,Debit,234909871.21,Active
5efd5d97-a84a-4c72-af4c-13363af8b340,1290,Debit,25676437.98,Blocked
e2340e83-9097-45b5-beed-81b9cf54c807,1291,Debit,70016130.31,Active
6bc9cf3a-06af-4fec-b02a-e7e397fa1882,1292,Debit,385661830.71,Active
a678ddef-9208-4a62-9e06-7a2dcf9582fd,1292,Debit,385661830.71,Blocked
efe29937-d56a-4bca-8da4-6734ffff310a,1293,Debit,55286696.45,Active
8fa23b3b-3355-435b-ac32-09d462e631d1,1294,Debit,23400544.61,Active
e6d6059b-d046-429d-90c2-63cae59ee3f2,1294,Debit,23400544.61,Active
94a72621-9773-4581-bfe0-8df10e462c40,1295,Debit,26890213.16,Active
7b19820c-57fb-4800-b5ac-28e87eeb1f83,1295,Debit,26890213.16,Active
9d309795-2bb2-41a1-aa3c-829c59ba154a,1296,Debit,117530628.51,Active
607b684a-b5a9-4557-83f9-8eca3d07fefa,1296,Credit,543223616.39,Active
38ba8d32-97e3-43ef-ab7e-1b6e6af2fc12,1297,Debit,30122765.03,Active
1c90733a-7e7c-41fe-9c51-792945dc3ffc,1298,Debit,27435759.34,Active
1fe9a719-8015-42a1-8d04-3fc7087488b1,1299,Debit,56788792.81,Active
d999f80a-7edd-42e3-a3c4-94f2561e1e94,1300,Debit,14295902.49,Active
431a04f8-5a51-4da1-906f-e517cbc40a71,1300,Debit,14295902.49,Active
b3130ba2-e13f-4ebd-93ad-f9eb1b7b0b66,1301,Debit,32236328.48,Blocked
9e22325a-32ab-4570-9d1f-e1406a9510f0,1301,Debit,32236328.48,Blocked
81008299-b9c5-4551-b398-520f7513da97,1302,Debit,31920985.42,Active
4e43ebb7-73c8-4111-8b75-c346fe71c62c,1303,Debit,103717315.82,Active
dbae578e-78dc-4d61-90f7-f7ee75106ac0,1304,Debit,61629693.53,Active
4e5f972d-475a-49a5-963c-ea8f90d73f9f,1304,Debit,61629693.53,Active
f6ebd7d2-1793-41f9-ab5d-76f0b454a3e7,1305,Debit,48802121.1,Active
0fa0397d-8a2b-409b-9cda-b74cee811f92,1305,Debit,48802121.1,Active
1de0ad2f-747c-410c-8c61-29dafdd9483a,1306,Debit,34372342.45,Active
72c316b7-f1dc-4149-9833-4f47174048da,1307,Debit,36697890.36,Active
d18ae2e1-7bef-4d3b-bf17-478b0766336a,1307,Debit,36697890.36,Active
db58a309-690b-427f-a0f8-10dded46b817,1308,Debit,29664556.17,Active
a9218b13-c8a1-4bd9-be45-97cf76f719bf,1308,Credit,121309821.09,Active
1e57358b-16fb-4af0-9972-1e10246d3f40,1309,Credit,75243344.59,Active
ba35b1e4-fc3c-47e4-a0a0-a4a38d54d63b,1310,Debit,16167364.5,Active
c3794e44-859f-40aa-9322-c34c80cd728e,1310,Debit,16167364.5,Active
72f7b137-6c48-43e7-8bd3-206bef77b4a7,1311,Debit,42792270.91,Active
9a410d06-5733-4c07-8042-52ef44b50669,1311,Debit,42792270.91,Active
379e6de2-5fbc-4202-a1ca-3bfba16dfe4d,1312,Debit,25709869.1,Active
58a88f47-b833-4b24-b004-1c597fa2e727,1312,Credit,94685574.75,Active
bd926f95-23a1-4885-99f9-dfbb6edb6569,1313,Credit,341529523.11,Active
5a338a63-9054-4f26-8daa-602e5bd0765a,1313,Debit,76777669.55,Active
d58fe9f5-e92e-4c3a-a8f3-2c6361860c45,1314,Credit,474481269.49,Active
4b45479e-197c-4f1f-9f94-e359dc35dd2c,1315,Debit,446506590.93,Active
0e35975e-885a-4339-9123-e65dade43e97,1316,Debit,355448720.94,Active
422a7a71-385c-4d4c-8b22-4e4ef2ed2de5,1316,Debit,355448720.94,Active
0da7e4bf-6d6c-412c-aacb-fad8e9a709c4,1317,Debit,46392062.38,Active
e72ba212-43aa-4460-99c8-94eccdc1f5dd,1317,Debit,46392062.38,Active
a2958d49-53a0-4573-b636-0b8da9e01617,1318,Credit,38178001.22,Active
cf5a8757-5d5f-46e3-87d0-86b80b237bfc,1319,Debit,28521027.91,Active
c16ec2b2-23d8-4642-8841-44783c54d55f,1319,Debit,28521027.91,Active
b0a81325-1110-4a39-8523-36228dc8da47,1320,Debit,56061881.59,Active
058053c6-5d9c-43c0-bb5e-da8ef959d95b,1321,Credit,101073829.16,Active
ff5ab26c-0791-4efb-b81a-fc3730799a16,1321,Credit,102330275.22,Active
a8af791c-f124-4a0b-897f-158c8a636b3c,1322,Debit,21063949.54,Active
6370252f-f034-4d73-90c1-b742fe5a2d1d,1322,Debit,21063949.54,Active
47b68bc1-83e5-41af-bc3f-f87ddb5506c9,1323,Debit,56823727.69,Active
3778b346-0bbf-4891-aa10-d178944dc744,1324,Credit,226729827.08,Compromised
48593e4b-64a7-435b-ad36-b8fe089a7833,1325,Credit,76928544.34,Active
4b8c318a-386f-4ed9-89b5-421ee057bc45,1326,Credit,1314055762.78,Blocked
fed30e88-7742-4e5b-97ee-35fad839d875,1326,Credit,1348864615.78,Active
208ff6aa-28fc-45f8-bed4-a1b6ca450410,1327,Debit,63797668.67,Active
1efd9899-fe78-4fa1-ba64-a2fbb31071df,1327,Debit,63797668.67,Active
7ccdc2c3-5e64-420f-94b0-d39fac83a601,1328,Debit,155002334.84,Active
2e8d1d4e-08e3-441c-8793-d815ad10289d,1329,Credit,1937884605.09,Active
744b8fec-7750-46b5-b0b9-24866199fa7d,1329,Debit,590257727.2,Active
4449ed81-e14e-4da8-85e8-a9def61017fc,1330,Credit,829480650.06,Active
2adf41fd-f0ab-4c3b-8bfc-2bb6974b21e3,1331,Debit,17516584.42,Active
8fe725d0-5368-4d17-98ab-eb8f66776764,1332,Credit,180361307.27,Active
3cc4ebf9-59dd-4970-927c-c788086fd036,1333,Debit,39317046.18,Active
1d653a23-a985-4350-a555-4e5ccc28cc05,1334,Debit,121043232.13,Active
4138bfe9-12a1-4071-a66b-42068eb263c8,1335,Debit,151592422.37,Active
8b79ba1d-0afc-460a-896e-9e4e9e015ad1,1336,Debit,29693505.29,Active
d44e66fb-7d0b-4416-9d8c-0da4641f2fe4,1337,Debit,38728649.06,Active
5435164f-f22e-4e15-a54f-ce9f358639b9,1338,Debit,13775027.46,Active
2f7dc86b-f303-4878-8366-7e8ddee673b7,1339,Credit,71439789.37,Compromised
1e6b4ee8-8520-4656-89ef-f6a6bf1e9986,1339,Credit,58650442.95,Active
2456631d-245e-43b1-936d-3126bd5872e7,1340,Debit,204966907.09,Compromised
c3dfe3a6-c3f3-47ed-9629-6e230f10d33c,1341,Debit,186332018.21,Active
479683ab-b201-463a-9ff8-e1c74cca32fb,1342,Debit,30954938.18,Active
8ab4e7d8-be3f-49c8-981f-c7c5ad504c26,1343,Debit,69000877.03,Active
7e887f65-f7af-4a5c-9b48-770596ad3d1f,1344,Debit,79437836.35,Active
334ef1d5-42f1-474c-bc6e-ac2a8af810fa,1344,Debit,79437836.35,Active
418ea2f0-4022-4872-bd3c-4926ff8da0f5,1345,Debit,41380692.2,Active
78cc83a3-58ba-4531-a47d-b17e99a9d8be,1345,Debit,41380692.2,Active
a1c5835a-f21d-4dd3-b905-ee05fc4cb12b,1346,Debit,40830250.54,Active
28fac8ec-c063-4fe4-9a2d-b9f834f7bd75,1347,Credit,143896977.32,Active
4808b13e-9d84-49c3-b378-887df3c5f380,1347,Debit,44594824.61,Active
1616b28e-f72c-42ac-95ba-4df6f5b9b965,1348,Debit,202798683.89,Active
a3d211da-ab70-4173-9e08-bc7751a79ecb,1348,Credit,805400842.64,Active
7b6c5875-20e6-4fe5-832f-f1bcecd1a308,1349,Credit,133601965.28,Active
6628f270-96a7-4103-9a98-77395148c67a,1349,Credit,121816040.49,Active
d0033257-f833-446c-b7be-bc8e836c2c0c,1350,Debit,20212390.19,Blocked
eecab733-cf73-4ded-b3da-74bd8765b625,1351,Debit,9542785.16,Active
493a7b4a-fc02-4a75-a2a7-c3a63e322676,1352,Debit,57924886.78,Active
a0ee2e43-8b53-4464-920d-34d67cf34e66,1352,Debit,57924886.78,Active
4e8972ee-1015-4132-a2a1-b4410855770d,1353,Debit,257715074.34,Active
5c9cd510-2331-43f8-9768-102d82668b13,1353,Debit,257715074.34,Active
70db0185-1e12-482f-9eeb-279d87263255,1354,Debit,82310407.43,Active
943d8e9b-5f24-4ff1-8b6e-678a1f93e6c3,1355,Credit,358986202.27,Active
ee33cae5-b47c-4443-a5a0-4c7902f16289,1356,Debit,49076004.58,Active
365cc499-0edf-4c95-959d-0bf46bd684b2,1357,Credit,162462259.75,Active
74f04abf-50c2-4bd1-a110-3999e35acccb,1358,Credit,1139626434.55,Compromised
3033e62a-f201-49dc-a4f6-548583fdec31,1359,Debit,64339712.53,Active
d58b0f08-25c2-41ca-9df1-c55af574656b,1359,Debit,64339712.53,Active
eac76e03-5fff-42b7-a9aa-127fa293845d,1360,Credit,52841139.22,Active
a788e233-5893-4e68-9ba1-241421b172c8,1361,Debit,150459369.8,Active
28b77b34-35ef-414f-b26b-55aa50797e70,1362,Debit,91838009.93,Active
bad4ff87-6fb7-46f4-b15d-764add97a37c,1363,Debit,39202376.08,Active
24dce8a4-08de-4afc-8241-09168425bff9,1364,Credit,167265072.63,Active
d7c12f6a-b924-4ff8-a5d5-2510473874cd,1364,Debit,36847030.49,Active
db75268c-8b7e-4b33-b7bd-77427dc2f7e4,1365,Credit,881425724.71,Active
867881f6-5be2-42dd-9c59-0a8786424515,1365,Debit,340578793.92,Active
81cda131-06aa-4692-bf4e-cb227bbfd850,1366,Debit,39423979.0,Active
4779edb0-92f4-401d-95dd-dfd66e2bc2b9,1367,Debit,66895774.86,Active
31df2d1a-2a1d-410a-ac82-44ac92cca007,1368,Debit,80101296.38,Active
cfdf527a-d80b-4a49-9387-8f94b233f0e4,1369,Debit,23352715.21,Active
aa520d9a-15b9-4d3c-a4fa-abccf16a0cea,1370,Debit,36349542.64,Active
edb9bb1a-54b5-4f65-a14a-140ba52df1fa,1370,Debit,36349542.64,Active
1f23f0c1-3a93-4cf6-bf09-05dd7369cd99,1371,Debit,12065854.81,Active
def884ba-9653-4c7d-9d94-725bb8aa35ad,1372,Credit,86952166.61,Active
3001ad02-888d-40d6-b965-293cc2b97cec,1373,Credit,45251160.81,Active
bee05cc1-867d-49ab-b271-e2f9818b90f5,1374,Debit,38928323.65,Blocked
679fab26-ee0f-4561-aecc-321332a03c8a,1375,Credit,269130608.33,Active
cb4143a5-598c-463a-9d9a-f87d47869743,1376,Debit,13555772.71,Active
351c708c-f8fd-4250-b0d0-058295c20d11,1377,Debit,41443632.54,Active
0b8c845f-ae46-42f1-b15f-563fd3815515,1378,Debit,52187624.16,Active
845f7ea7-754f-4c08-95a7-c3f3b19bae62,1378,Debit,52187624.16,Active
06490e15-8c1f-4a0c-ae83-35a011aec93b,1379,Credit,150614228.83,Active
d1b51512-083e-4e11-aa4e-a2057837390f,1379,Debit,55775921.42,Active
5e3ce9f0-57c1-44c6-99c0-8a4e3dd5bd51,1380,Debit,49197072.73,Compromised
3343c822-a547-4508-98a2-407c018a2152,1381,Debit,328272288.28,Blocked
04fbb70d-9d4e-4556-8c39-4f8a17deb80a,1381,Debit,328272288.28,Active
90cb4f3a-58f7-4048-a07c-6ec4171a43db,1382,Credit,290179073.82,Active
7bbe4ce4-ff1a-4eea-bb88-9aae06f60dc4,1383,Debit,183474272.09,Active
f9b7bc73-498c-4213-b51e-70759869bb49,1383,Debit,183474272.09,Active
f2182eb9-bc4e-4532-a724-6e605714e08e,1384,Credit,125657497.94,Active
31b57169-396d-4481-8090-5921dcbe0814,1385,Debit,139746241.8,Active
96b4fb09-950c-4a2d-bc7a-a62c0c0330c1,1386,Debit,98157173.24,Active
f0cb6a35-f770-4750-bd51-fc9bd17549ca,1387,Debit,92688944.82,Blocked
749c2c7e-5514-4775-be2e-e3c5b1ec8582,1388,Debit,25957341.79,Compromised
692e3698-c441-48c6-a703-59645bc45627,1388,Debit,25957341.79,Active
56d3a788-2e90-4da3-96c6-88b1a584ffa2,1389,Debit,66910217.54,Active
836c33fc-536b-45f7-a87c-8fa8c182298d,1390,Debit,139160298.02,Active
9e761074-963a-4748-95d4-2535540fa6f1,1391,Debit,27807806.03,Active
da22ee5b-422b-46c3-97ff-b49628447da2,1392,Credit,244439502.22,Active
c37e2b2f-6197-4550-a721-9fa3350a8774,1392,Debit,71049642.6,Active
156f7e4c-a743-4f60-9adf-65238551d42d,1393,Credit,41177529.6,Active
658c13c1-69da-4563-aa48-d47be8dcaed2,1393,Debit,16306172.44,Active
6a037af1-e3cc-48eb-bf4b-1867ecf0108c,1394,Credit,365415317.89,Active
b992cec6-6cec-416b-bf7b-53c492115fa1,1395,Credit,102669052.38,Blocked
a4a4753e-8c30-4749-b355-75c8f77cd4c5,1395,Debit,23831807.15,Active
1be234c6-e34d-4d01-a8ab-15aadb7ab221,1396,Credit,333342362.39,Active
7b203f88-da77-44b8-82a0-74e6c5367f1f,1396,Debit,69876432.16,Active
fcde11b6-d4b9-481b-888c-a59ee85f571e,1397,Debit,24550815.55,Active
fc13b80b-a628-4239-9748-48ca6cfe97a6,1398,Debit,311161158.07,Active
cc205e68-45ca-4fa3-a89b-44d4cc610b1b,1399,Debit,46415413.18,Active
1b722c13-ccc0-4437-bef2-e681d8a982a2,1400,Debit,78247328.07,Active
504cf69d-e9aa-43f8-8535-88bf7c0fb573,1400,Credit,305104857.52,Active
84491bea-c12f-4be3-b972-7592fdf366f6,1401,Credit,76419608.35,Compromised
980fa215-9e57-40a7-8633-b2a9b57b45d4,1401,Credit,112590738.48,Active
d9e9d93d-2ed8-4b5b-aa82-2b9b18ed139c,1402,Debit,55837620.25,Active
ea5fdcbf-a623-47de-8a4b-0139e7b2e904,1402,Credit,197938156.88,Active
6529e91e-b490-408d-96bd-1a937d016a6a,1403,Debit,35053693.73,Active
9b6efe76-6410-4df3-ac5b-11231423ae1f,1403,Debit,35053693.73,Active
0aea2109-5e7c-4b4d-a9d9-d461a46f9b23,1404,Credit,326250641.57,Active
a6bd0f04-0e74-4599-bc5c-959a77c44b0a,1405,Debit,25491835.74,Active
15234180-791a-4558-bf10-c31bab1567e4,1406,Credit,208313605.27,Active
8e1e0f90-beab-411e-bee3-2062d20b0c2e,1407,Credit,91503604.72,Active
8fe85158-99ec-4a3f-a4a8-c1e96b314f94,1408,Credit,264363683.22,Active
049b82c2-09f2-4b5d-9869-007c8f9d250c,1409,Debit,26363027.1,Blocked
7f408ce1-7e89-4742-97e0-e79371597f26,1409,Credit,130483720.97,Active
8b854796-66ca-4750-bfae-0e5f743a2d95,1410,Debit,39315576.78,Active
fab36f55-faf4-42c8-a197-69354f7eb769,1410,Debit,39315576.78,Blocked
b06a1da2-2032-447d-80c0-d3c811f53d07,1411,Debit,17617711.58,Active
26f5e76b-89f1-4597-bc1d-c0dc575b4540,1412,Debit,32462559.2,Active
c3ff9b12-246b-4420-a347-80335a7a4f48,1412,Debit,32462559.2,Active
92e4dfd2-978a-4dc6-afc8-027618657cad,1413,Debit,186173491.34,Blocked
fb22cbce-2785-4dcf-a445-ee74dc0ce21b,1414,Debit,287685716.41,Active
9c96988c-eabd-494c-82cb-36b755088263,1414,Debit,287685716.41,Active
5488a39c-0156-4e2f-8fab-846a47fc483f,1415,Debit,29944440.71,Active
fd29b99b-2aba-4506-8b50-ef3d5a213b5a,1416,Debit,96459282.06,Active
a88dd54f-4ad3-424b-8e16-bded3faa5cc6,1416,Credit,253820541.16,Active
50f9a9d5-efec-4004-8940-db319041df8c,1417,Debit,55313683.37,Active
7a5cb5c2-e34f-42c1-b380-e23be8728c2e,1418,Debit,29020089.95,Active
8ef7c46f-5464-4b14-9f86-e5f57c50cd71,1419,Debit,26809176.51,Active
c808454c-f9a0-4496-9871-c3e29a89ceda,1420,Debit,52371745.9,Active
51ae6293-224a-4c8b-a9f3-12146cd69bba,1420,Debit,52371745.9,Active
93bc36ff-be30-4a5a-9e96-c60d30e79bc2,1421,Debit,124166799.78,Active
cf5683b6-2d8a-4497-a0d0-ac163c0b56a0,1422,Debit,53989314.19,Active
683a6720-a0e3-44c4-9f04-5048fcf9f229,1422,Credit,197120898.95,Active
563c13e1-baf3-4233-934c-1459ce0f7844,1423,Debit,106951574.61,Active
1a472978-9389-45f0-b487-846beb8d3e17,1424,Debit,97395762.9,Active
75e21981-2ed8-4c8b-9382-97ada467a746,1424,Credit,357985861.12,Active
0f9e88c8-4b6c-4bd4-bcaa-0646874ad41a,1425,Debit,24485336.33,Active
f0efeb03-54d3-4e66-b68d-08592474bc03,1426,Credit,210132471.55,Active
c76581f7-22b6-4292-8516-2ff6aeb67dc0,1427,Debit,9352023.64,Active
ae866865-ffd9-4c51-81c7-d651a4629df4,1428,Credit,206935059.77,Active
95b42efe-8526-4651-93c5-1f1646afdfe0,1429,Debit,15079468.86,Active
bb01445a-d930-4f17-863c-8b282f9e0cf0,1430,Credit,306867672.67,Active
a9ab91fe-9d32-4ac2-ba8f-a6d944d7b581,1431,Debit,48917365.91,Active
603ebf2a-0302-4bdd-a858-d5bd11a633ea,1432,Debit,37343288.54,Active
fa6c8bf2-81ab-4b9b-8c65-a8e2d5f5b9e8,1433,Credit,410873276.2,Active
3b6d091c-8e75-4181-a50d-63fa4690d300,1433,Debit,114507600.15,Active
a84d9a25-4cab-4682-abef-3046044c5187,1434,Debit,63155726.83,Active
b9a8787f-3036-49e6-bad8-7479a61e1081,1435,Credit,163352619.05,Active
c3458f67-66b3-4da0-8d88-14694ee46a71,1435,Debit,53596781.76,Active
e0f943e2-c99d-4c82-be4b-27bc7e2a98a5,1436,Debit,113860496.44,Active
a8f9b08c-d89a-4fab-bf97-c03342561fe4,1437,Credit,99735921.98,Active
8d3b7587-7806-432b-96ca-e22fda9d9936,1438,Debit,56607014.8,Active
6805abc4-a425-495b-aba5-6b6d5f6c49f5,1439,Debit,31118584.88,Active
a3c6ec2f-ee00-4738-96de-2dbd401fd7ca,1439,Debit,31118584.88,Active
072afd22-a4fc-4f6f-bc38-9cdf1aa3f489,1440,Debit,11316647.39,Active
c3639c1a-671d-4aa2-b145-af769f9449e9,1440,Credit,31577183.39,Active
ed1f9256-d5de-499f-86ea-024d35a5c94d,1441,Credit,420405717.19,Active
03899295-2f05-45f2-ae5d-e2e48434f94f,1441,Debit,122466012.84,Active
21ee2eb8-fe32-45a3-a1f1-f7986f15584b,1442,Debit,36628024.59,Active
752b42a0-3b4d-4088-a462-6809ddb43ec0,1443,Credit,251459350.18,Active
d6414ba8-24fc-406b-88b1-071e6dda74fc,1444,Debit,110993268.19,Compromised
10ad24ad-96a8-4433-ac4c-ea0e8a4746a3,1445,Debit,108687002.64,Active
c3149b56-a846-4873-90df-a6c5887558d0,1446,Credit,200801496.65,Active
e5fe5732-ec9e-4775-9415-114b863dbfee,1446,Debit,51659463.3,Active
eefdc31c-b390-45de-a6b0-9e0a14a17324,1447,Debit,124068920.45,Active
0f90edf9-9800-458e-9432-b2099e2724a9,1447,Debit,124068920.45,Active
d495cddf-c048-4f8e-bea5-c1110249be96,1448,Debit,48542207.68,Active
7146574e-0074-4e6e-9889-c39c78b83dbf,1449,Debit,20067028.42,Active
125d3b4e-321c-4c18-ab38-265256022e87,1449,Debit,20067028.42,Active
4b5fbb4f-a7db-4148-8596-4668a3640338,1450,Debit,119182943.24,Active
51dda75d-f3be-437f-9e55-1526d57f5137,1451,Debit,26461992.04,Active
ff9e6074-5f02-4343-8d7f-705e959cc539,1451,Credit,65022648.16,Active
c4c8fe86-b9e9-4ea2-bd91-829701b9d3d8,1452,Debit,20955228.42,Active
37fbe341-d0d1-4956-b898-614285e4e8ab,1452,Debit,20955228.42,Active
f1e00736-4616-476a-bc1c-9ee3fae0e304,1453,Credit,129210335.2,Blocked
6a76e11c-1c46-49f8-8000-a4a0f8438405,1454,Debit,26969625.34,Active
e7567920-98af-40a8-84c7-beddbe792ec7,1455,Debit,29811137.88,Active
1d632a09-1600-4821-a6f3-644fc29da09e,1456,Debit,30411529.47,Active
1c95ffbf-9e76-4287-8cc4-57789f9b64cb,1457,Credit,90736327.41,Blocked
f1c3ccc9-6dbd-4c72-9d74-d73c28ed1dd9,1457,Debit,37654257.58,Blocked
5c9c1b49-c87d-4bcd-b3ee-4cab40d3f805,1458,Debit,81667118.5,Active
9f9a1610-5386-4604-86a3-24a376177dd0,1459,Debit,19748890.72,Active
4172ed72-7416-4f6f-84cb-9bcbb3d3d4ac,1459,Credit,60303056.63,Active
4a14dd8d-af5b-489f-bf64-4061f6332275,1460,Debit,32298420.55,Active
31daaabf-4646-43aa-aa55-1b2fd4ee5c56,1460,Debit,32298420.55,Blocked
6fe5acfa-0729-4a1a-ab38-37e1ff1265e2,1461,Debit,15022398.7,Active
cee64993-0eca-4b46-a397-5a8f89803244,1461,Credit,62270920.05,Active
d84caeaf-3e9e-48a0-87e3-c0399a0a22d9,1462,Debit,32618802.02,Active
69f26336-2681-4314-8174-c146cc35ef1d,1463,Debit,28382252.34,Active
07de599b-bd60-4b0b-91c7-bf11fd3d25c9,1464,Credit,441971068.89,Active
462aa380-4e77-4651-a1c7-048719b4d35e,1465,Debit,19786014.68,Active
8b88c4c0-eaa8-4343-9719-fac5793f66a9,1465,Credit,67408568.95,Active
ea78e632-d473-412e-92cb-b93cfb3a29c4,1466,Debit,40233190.99,Active
76d5836e-bffa-4ea4-9c49-594548265346,1467,Debit,56349915.22,Blocked
7cc0a951-a4b2-4fb2-8113-f9044d4025d7,1468,Credit,886450529.67,Active
eddb361d-80d9-498a-b88e-39cf3a58aa57,1468,Credit,868378284.99,Blocked
49189017-f30d-4d1e-aa95-eb5e5e6b5869,1469,Credit,79426048.06,Active
66e382f5-23bd-43b6-8b1d-608abbfe63f0,1470,Debit,29928861.4,Active
d1503b4a-032f-4fec-b409-2df73a7f1fb9,1471,Credit,175344348.59,Active
6fae7326-d1f6-4aee-b2af-6e3416b8eb14,1471,Credit,118151461.26,Active
b5d7a34e-12a9-4dc7-88c1-969d45fda37a,1472,Debit,70143868.34,Blocked
fe75dca2-0711-4d77-8fbe-7fb0bd271b27,1473,Debit,114327102.05,Active
7f1c5026-2dfd-4c44-b4e5-4ab1571b42a5,1473,Debit,114327102.05,Active
3fe5a2ad-0aca-445d-b17b-761b70ad1fdc,1474,Debit,802017415.9,Active
e283eddf-bded-4d8f-ae63-ee1c9ca224d0,1474,Debit,802017415.9,Active
eec2879a-d105-4272-aceb-2c2c9b23e95b,1475,Debit,496832529.98,Active
de52cb9d-e470-4390-97f8-31d75f7d72f6,1476,Debit,40045592.55,Active
39d626ec-3954-45a7-9937-d365655bc68a,1477,Debit,93611514.58,Active
809dfa0a-983a-4c43-85a8-a0d8acaca68d,1478,Debit,18301116.45,Active
e51018c2-98a3-4b85-b2be-a442e7df312c,1478,Debit,18301116.45,Active
21a914d4-8b45-4b72-9148-33b897d4d777,1479,Debit,56072171.9,Active
996fc80e-8633-480c-820d-114f46943905,1479,Debit,56072171.9,Active
ffde9489-66a4-42dc-af5f-fae247b14fdb,1480,Credit,338175381.1,Active
bb00d5ff-c561-41bf-9b5c-33f01a007bb1,1481,Debit,80815745.25,Blocked
9b1c5111-6048-4eaa-99c2-cea6a92973c3,1481,Credit,171096546.22,Active
71ab2096-f399-4d6b-8537-7682df58bdcb,1482,Debit,146294317.7,Active
bc0ed8e8-8dd2-41a4-b0ba-ba187aceb887,1483,Credit,870892657.85,Compromised
5966eb21-98e7-468c-b351-b0291b62a325,1483,Credit,379899325.63,Active
48e40b1c-b96f-4316-bd03-1a6d3edb91b4,1484,Debit,187612947.11,Active
9c3564e7-b774-464f-a335-c695fb7456dd,1485,Credit,251848106.06,Active
81b946f3-198a-4dd3-b3af-81a3569112d1,1486,Debit,209617279.03,Active
d0ab8992-8cba-42ad-9a65-7852a17b2e61,1486,Debit,209617279.03,Active
65ad5e56-0835-49ea-965d-073c6c11a74c,1487,Debit,222849165.66,Active
714dd278-d1f6-47eb-9dd2-ca563d2d7de1,1487,Debit,222849165.66,Active
4866e91c-180a-460a-adfd-69bca1b450e7,1488,Debit,14013612.75,Active
6d92d764-de4b-4eda-ae7f-476d1db81976,1488,Debit,14013612.75,Active
c0ac8742-eb18-455d-9c36-c3f64dc21634,1489,Credit,50210261.03,Active
a8c8cf37-63cd-43ef-86f1-b0ea1732abfd,1490,Debit,92735003.1,Active
aff0a4d2-01e7-4d15-a000-6cd195f83de0,1491,Debit,16688249.68,Active
eb84f08d-05a5-4024-826b-a7670d5d908e,1492,Debit,29161945.35,Active
5a771826-297a-4338-89ef-af5b39afe64d,1493,Debit,44246454.54,Active
9c31722c-131f-4a0d-b5d8-cde3a8c16130,1494,Credit,53679523.12,Active
f3a45290-bdf6-4870-866a-b6e510edcbbd,1494,Debit,14012223.26,Active
21e0476d-dd60-4322-bb45-146ad0013cbc,1495,Credit,210286467.5,Active
dc1a0776-9fad-4b2c-b61a-283e9f5101b3,1496,Debit,50093910.11,Active
9c44f953-c0c3-4261-b129-1df4b38f3568,1497,Credit,149825635.59,Active
541e063d-7a92-484f-a2d7-4cd69ea7f7d1,1497,Debit,33712601.35,Active
0de76b90-a030-4ea1-8569-59870288359c,1498,Credit,375595990.66,Active
8554cce6-795f-4604-b208-bb7ff8d8b9d3,1498,Credit,477168245.76,Active
6ba97eb2-df94-4d2b-91e6-0a31437cd63d,1499,Credit,200843904.14,Blocked
361be414-4047-4e4e-9ae5-627a44a57811,1500,Debit,32869093.28,Active
da561c83-073d-4755-805a-03fbafb1e004,1501,Credit,655862468.47,Active
9c499566-3ee9-4e44-a472-d766ac4dcb55,1501,Credit,426968064.03,Active
79ff87f6-50be-43e5-92d0-fa6dfcd0f5aa,1502,Credit,332217280.68,Active
2db95182-2bd2-46f9-baf2-f2612f9cdc9a,1503,Credit,245609023.89,Blocked
7ccd83ce-b71d-498f-a384-150d1fbe2a3e,1504,Debit,15829849.75,Active
fc6546bb-216a-4de7-8ea5-a079f0f9d86a,1505,Debit,52680563.86,Active
0d3caf7b-d930-4d77-853a-c5c760583733,1506,Debit,20599525.3,Blocked
2df22c7b-a71e-427d-9cc0-6ff12c7a6690,1507,Debit,23259846.69,Active
94c9ee8b-e86d-4d7c-bed5-35ac94f18435,1508,Debit,37449278.94,Active
8b9af281-5e76-4890-a928-9579f1a6bdfe,1508,Credit,172930151.83,Active
db6a9196-a158-4e97-8008-b6ce3912e4a3,1509,Debit,45248985.68,Active
2992079b-991e-4c2c-8f92-e982cacd2bc1,1509,Credit,161407773.82,Active
7c0b3b85-6c7f-4e40-b7d8-587be32793be,1510,Debit,114437704.46,Blocked
75ac2340-497e-42eb-94ce-dd42d8beff9b,1511,Credit,145626782.68,Active
148ef7e8-180a-4dbb-9f16-52a15748e1b0,1512,Debit,27946330.42,Active
7771b6d5-99c9-4e78-9ad5-f06f6a6bd87c,1513,Debit,25215603.2,Compromised
c7ef4419-4d5a-4958-9b9c-f25e98043b82,1513,Debit,25215603.2,Compromised
c29b719f-3397-4851-9379-a23d7c891ee6,1514,Debit,32542230.96,Active
f063bad2-8e14-4f4e-812f-ab0f14e7d3a5,1515,Credit,312434970.75,Compromised
5f7ae633-7ced-4c32-bcbb-2e238d295d53,1516,Debit,21772078.9,Active
bec55069-422a-48df-af30-42e598a5fc7a,1517,Debit,372458980.0,Active
6f717ea0-30ee-4507-a750-f05c5dc66574,1518,Debit,38854277.95,Active
be5a12be-0b5c-468e-bfaf-6ac7dce40492,1518,Credit,84180364.65,Active
8f2460bf-72e8-4fb6-8fc8-d74be81aab28,1519,Debit,48759679.94,Active
5469a897-3933-434c-a8d7-cd3e08e80d6e,1520,Credit,65868924.6,Active
9f502bfa-aac0-48fd-8879-f5e9d7ae9322,1521,Debit,26709211.22,Active
5932a559-f835-4362-8588-0fe318d9b834,1521,Debit,26709211.22,Active
e39e5e21-1924-45a7-91f7-4c6486e7678f,1522,Debit,95521133.46,Active
bff94e42-3242-4236-9eea-b8bfabcf9233,1522,Debit,95521133.46,Active
85430702-b518-4c4b-8761-838741a99dde,1523,Credit,173379800.41,Active
e4e47319-cdf9-4014-a5aa-69e19495115b,1523,Debit,80048847.85,Active
83860b1e-802a-482a-aa1e-a172105b7e25,1524,Debit,58524663.18,Active
37272416-87a4-41a0-9cf5-fb91d775cd8f,1525,Debit,178786925.22,Active
1659de87-9d12-468a-b61c-df2fb8bfa36a,1525,Debit,178786925.22,Active
634e5e5f-1a6b-4f83-8fb6-1efb5d4b9af4,1526,Credit,146618946.17,Active
24b2f8c0-df55-4f3c-bec7-dfb45a3e5225,1527,Credit,506518675.85,Active
8430ae9a-0cef-477b-8bac-e86b84533e1e,1528,Debit,28894315.68,Active
367753bc-5d2d-4965-99df-0c4919bf0e2d,1529,Debit,45167357.5,Active
95693766-833d-40da-abfa-26cd29ef2664,1529,Debit,45167357.5,Active
af0c1ece-a8af-47ff-81c5-731143e447a6,1530,Debit,6810114.52,Compromised
89fabeb6-8258-4da6-9483-9d179ce09c42,1530,Debit,6810114.52,Active
ffcb6ac4-da1c-4f24-a31a-f0074f7ed9c9,1531,Debit,24221354.69,Active
32df9ff3-341b-4d06-b0be-b8bbc44881e3,1531,Debit,24221354.69,Active
19cd8a23-b99d-4145-937a-a73db78c33ca,1532,Debit,25279322.9,Active
c57de0f2-3d1c-425c-8b5e-11f70e73cb79,1533,Credit,256519689.35,Active
84400d67-6556-4e31-907f-ef70f7375fad,1534,Credit,97013579.47,Active
494d0f51-6c2c-4541-a0bf-e6bab5782fa6,1535,Debit,11337045.66,Active
2786e70d-e860-4d66-a776-d120f262af89,1536,Debit,41377544.78,Blocked
c4655396-54fb-41f0-a26c-901143bcbf55,1537,Credit,254043959.37,Active
e8023bc1-8b69-427b-acd8-2b45d87345cb,1538,Debit,52393117.86,Compromised
05aa1205-15d8-4e73-b5dc-a76e4cf5c32a,1539,Credit,270440409.56,Active
4e6f09a5-3e78-4d8b-a691-23fb9760a499,1540,Debit,57641203.09,Active
f7c5cff0-b242-4d7f-b70d-3a013572420b,1540,Debit,57641203.09,Active
6b78fe4d-c8a3-4e1f-aca4-855be193ae69,1541,Debit,31384164.45,Active
bfc13ef7-8129-4852-964d-a89ae3c4a155,1541,Debit,31384164.45,Active
c820e832-a98a-4a7a-a7bb-24ac306fd660,1542,Debit,38838144.48,Active
444f25a1-e1f5-4022-9e91-9996732fc1d2,1543,Debit,138092125.84,Active
9b7e9d98-b51c-4f9b-a967-eb84606c2602,1544,Debit,97883382.35,Active
d0253d9d-fb70-4333-8dcf-0243e80cdb6c,1545,Credit,349837755.18,Active
b04a6674-32f1-47c1-9572-8e6713ac6b0f,1546,Debit,28361737.18,Active
8ab50236-25f9-44f8-8c5a-0e5c5dd5b7fd,1547,Debit,44579421.31,Active
f5aa5174-4f19-4fe9-9e67-5c4c3bdca305,1547,Debit,44579421.31,Active
0a97b42d-482b-40ab-83b9-6f6687ba9e99,1548,Debit,82843057.99,Active
8809b092-7c56-4433-b9d8-3e4b10397e8b,1548,Debit,82843057.99,Active
f7db324e-553e-4fef-a344-70103d2ed21d,1549,Credit,1256545934.29,Active
1a71c1ca-7b74-41f4-8c3c-04a743d1a886,1550,Debit,65381597.34,Active
d1f7f80d-84b7-4a6e-ab10-9e9547475525,1551,Credit,260971032.75,Active
0053abc0-1c61-49f6-b60e-57eb826482de,1552,Debit,1404675224.35,Active
4841bd7e-66bc-43bf-a230-38bb9b3ff82c,1553,Debit,33213263.3,Active
b0f806c5-f914-4cb6-9f9a-28d8b1c05c55,1554,Debit,41324150.58,Active
1ea318d8-6b50-4757-b946-535ef3155ce7,1555,Debit,31162393.22,Active
889c4929-8eb7-41ae-97d8-fd724011cc12,1555,Debit,31162393.22,Active
317804d3-805f-4aac-980d-9dd01502beaa,1556,Debit,28527563.44,Active
5be78fe2-2e6f-4891-be98-f17f40f8873c,1557,Debit,34994615.38,Active
e27f6c0f-d2e4-42f5-85d0-3364c5c4db5a,1558,Credit,120557059.96,Active
fb412b19-d55d-4081-bc75-627c03334d91,1559,Debit,152676704.73,Active
4fa4659c-36ca-48d5-8eb5-b42802b0046f,1560,Credit,140696775.46,Blocked
50ea914f-9b96-4d7d-ab4e-ce7e688b8ef2,1561,Debit,81671046.1,Active
cdadbac6-249a-4f75-b8f8-30e2a3136aeb,1562,Debit,337827747.78,Blocked
8089789c-577e-4c66-9e7d-86920c398938,1562,Debit,337827747.78,Active
90e7f56f-52c3-4588-a33e-76cd55f72e4f,1563,Debit,148422266.84,Active
d7d6c6b4-7d65-4229-9b87-6c66768b01f5,1564,Debit,40589602.26,Active
9c0be543-3eab-4682-942b-f9f77be79b18,1565,Debit,237759777.7,Active
357706db-773a-4577-bb76-7e3d00231dc7,1566,Debit,40109576.72,Compromised
7f77d860-1138-470d-a6b1-d6d4fb22d95e,1567,Debit,51437091.81,Compromised
9b1acedd-13e0-4118-ab3b-e7a0e833e5d9,1567,Debit,51437091.81,Active
8e9b46ca-e6ed-41a9-8479-ea92205e6388,1568,Credit,68130352.78,Active
92709b8f-4f10-4677-9819-410034b332d7,1569,Debit,60447358.7,Active
e69d1762-c2ac-41cb-9d28-d95b3dde2f79,1569,Debit,60447358.7,Active
27bea9a9-f994-4b9d-bc46-ddefa9751a4a,1570,Debit,47504936.42,Active
bb635792-19f8-40ef-9abb-1054fc9b6a97,1571,Debit,275191456.7,Active
41d365cb-33c7-420e-9dc4-6de996d96b1f,1572,Debit,53201625.13,Active
c48033b5-a302-4e8d-91c0-a740b6401fac,1573,Debit,21523901.05,Active
a6b1d29f-c73c-4694-959f-1a6325ced197,1573,Credit,74418666.22,Active
3abf2fa1-2f9d-4493-b359-497ffc4d5d5d,1574,Credit,696407400.17,Active
15f50201-4cfb-4bfc-bbca-e3c7450efc11,1575,Credit,159026087.42,Active
c5b7623b-eaab-4f95-96e5-f05f91d34018,1576,Credit,53563488.87,Active
305ec0f4-01b0-4bb3-a28b-5c27bc687e11,1577,Debit,62773611.91,Active
75233506-5564-42a2-a611-91c37b194892,1578,Debit,48989172.06,Active
a341c723-d325-41e0-8dcc-56aee1e070b1,1578,Credit,116519200.31,Active
ceb2fa5b-1547-4240-9f2f-59012cb5ef99,1579,Debit,55857455.02,Active
c979b39a-ebdc-4ecf-8d71-fa74ec4db186,1580,Debit,7140601.18,Compromised
bdc312c9-97ee-4d9b-b347-7cbf9d81b9e6,1581,Debit,27295167.02,Active
188739f3-9b66-47fe-a47b-970e0a69f842,1581,Debit,27295167.02,Active
46956d0f-aff2-4026-b294-f532f1376900,1582,Debit,199791242.96,Active
a207dea5-aa90-41ae-8369-a7f2aae7f481,1583,Debit,121264134.59,Active
94a0be3a-b1be-463f-a098-017a3436ba3f,1584,Debit,25942088.18,Active
75251826-1c0a-4672-9d9a-c7b3aefdeba8,1585,Credit,136992661.81,Blocked
e324b854-784b-4f81-b2ce-6fc2d56d50a6,1585,Debit,36657660.49,Compromised
4428106e-5995-4714-8771-bbb5f6a94381,1586,Debit,38744721.16,Active
370f6f5e-9bd8-4959-9c6f-77bb30c535fc,1587,Debit,36923881.86,Active
f0c47444-6dee-4a5d-80aa-cd9c2b5b3be2,1588,Debit,94015901.71,Active
634ed190-bb7d-4d4a-9b6a-5f2e42ab48c7,1588,Credit,435765232.74,Compromised
61767d99-1aa8-4017-8ab1-aca0d6b036a4,1589,Debit,62687631.81,Active
57c30cdd-d58d-4e4b-9d21-fe1d1ec57ae3,1589,Debit,62687631.81,Active
89f6ce2e-65a7-4e69-9c37-8f1410393b61,1590,Credit,173666043.41,Blocked
760fbb33-e31d-4efe-9ca0-9b852362900c,1591,Debit,145530095.27,Active
f8e74ff0-2396-4287-9743-bf0b0808e48c,1592,Credit,157972109.43,Active
8ac83570-5877-49a9-b302-77119bc63c0f,1593,Debit,47648392.83,Active
04e10dfd-feac-4b15-97c8-63292001e44a,1594,Debit,365206742.42,Active
7e981824-2382-4ce5-a137-e1fb83ff3b80,1594,Debit,365206742.42,Active
7164eb8c-e8c7-4e84-9982-9dcf51a846ff,1595,Debit,35315162.43,Active
654272f7-8d34-4417-ab2f-51d21617a8b9,1595,Debit,35315162.43,Active
f86d0cf1-069a-4980-8e39-7cab2d074600,1596,Credit,231827312.83,Active
4b9d95c5-703d-43d1-9c0c-2332ea4dc084,1596,Debit,88694869.64,Active
48b85e5b-4ce2-4f89-976c-8bda27e472bb,1597,Debit,16489863.22,Active
078ae31b-c67f-4c47-859f-ff54d83a259f,1598,Credit,139523070.82,Active
3617834b-92ab-43e5-a405-4c782144f884,1599,Credit,143576465.5,Active
9b3ba4e9-ab73-418d-8ce1-0dc1472fa21c,1599,Debit,33344016.14,Active
81f40278-2504-4aee-bd67-e2be31bc331e,1600,Debit,17034370.27,Compromised
1d91661c-b78d-4786-a8a2-38a41af22242,1600,Debit,17034370.27,Active
9598b2cc-dea8-400f-9e99-f4827f604353,1601,Credit,59644948.41,Active
c837f94f-f04c-4b66-ac1c-7e82e3d286ab,1601,Debit,24557439.45,Active
99238698-6152-4eba-b741-da18e13a8154,1602,Debit,234467413.75,Active
dad95f2a-8e07-4ac8-96c5-3229b97dc497,1603,Debit,41142857.02,Active
8f59073f-c44c-4eb0-ad6e-21d99a1a73b7,1604,Credit,151839648.68,Blocked
1f42278f-d04a-4e70-a9cb-abca62353e25,1604,Debit,47544171.58,Active
dcea6ff1-6eab-416b-9a2d-1ec934ef37e5,1605,Debit,37539231.38,Active
245f9033-9485-4cfc-a273-21a7b6945933,1605,Debit,37539231.38,Active
3666ce13-2c04-40cb-ab16-dbe94932a259,1606,Debit,121835094.62,Active
9fdd468a-a893-42eb-aa95-a6b8a2382fde,1607,Credit,1448535278.07,Blocked
6a1cbe0a-4386-41e1-b25d-8990467eb85a,1608,Debit,38649323.53,Active
524a838b-a557-428c-9729-a0a44cb19e20,1609,Debit,105725805.32,Active
a2865fbf-2f00-40bb-9f95-5841bc4deab7,1610,Debit,136424005.16,Active
8365280d-021e-46eb-9d4c-ae4f263e2d7e,1611,Debit,32991946.65,Active
9c07f296-4e40-46c8-adda-bf250f7d4b5e,1612,Debit,50790785.21,Active
7c3119b7-ddb6-45bb-bfd1-ade9802072b5,1613,Debit,9374872.3,Active
2aeeed4c-d7bf-47d9-bb92-bab3a0733899,1613,Debit,9374872.3,Active
2fb19323-88bb-4012-be84-3aaae900d945,1614,Credit,127253246.11,Active
b37ced77-6e01-4d2d-9e18-db2169e60adc,1614,Credit,105868476.04,Active
a9a2bc1a-22e1-4c2a-abf1-90cf42e12faa,1615,Debit,30574043.66,Active
ed0f810e-b474-490e-8314-0c0407fae6a6,1616,Debit,96570464.97,Active
3f29a45d-84bc-4a67-8be2-902ca3497cc9,1617,Debit,110744975.97,Active
80962adf-3f4b-469d-b46d-9d84fee4cce1,1618,Credit,84908568.24,Active
deca4c33-5496-4fea-bb09-91fa77f24e5d,1619,Credit,35665237.6,Active
183ad333-07e0-49ff-8037-b050088ccd8c,1619,Debit,18051482.59,Active
0375d083-50ad-4b53-aa60-0d3596dffd95,1620,Credit,280153964.33,Active
bafd31ac-ea2c-420f-ad4e-c13d07e83c8d,1621,Debit,43768261.3,Blocked
88fd7f0e-100c-4943-91dc-3e6376078785,1622,Debit,21632243.26,Active
4b8f7fda-2134-4182-a60b-7bedd4a9166a,1623,Credit,150022866.83,Active
73e97bd4-2fee-4717-90f0-ff3f848ad8c4,1624,Credit,121771747.8,Active
594763f2-be52-4226-bc6d-5616524585a7,1624,Credit,131342387.6,Active
66772ca1-1029-4c7d-be6e-0dcc6064c535,1625,Credit,115260843.0,Blocked
ddbd47bc-3a80-47f1-89d7-1178f3c2318c,1625,Debit,25807951.26,Active
9a73466a-0d5f-4fa4-875d-02d4e579a58e,1626,Debit,77632904.8,Active
136cc30a-c297-4482-8a64-68856d2c7363,1627,Debit,56190688.98,Compromised
adedc28f-e4a3-4fa3-a3be-27f70afb3ff8,1627,Debit,56190688.98,Active
ba3fb7c0-65be-4584-9c8d-ed79becac6e8,1628,Debit,65155208.8,Active
087353ab-5428-4efc-b93c-0006bae075c1,1629,Debit,50928819.46,Active
01f3b48c-92ca-4a24-907f-bad0233cd40a,1629,Debit,50928819.46,Active
f731986d-ebe9-469b-9a94-eccddaabc314,1630,Debit,43336374.2,Compromised
10cea014-2ad6-4315-852b-f6e7e2072639,1631,Credit,189285816.6,Compromised
1980ba1f-5de9-4958-8bf1-597bf3e5fafc,1632,Credit,199414287.04,Active
96f60d7d-da59-49b3-9df4-bb576bcba8a7,1633,Credit,44127182.43,Active
475c9065-cd0e-416f-8561-70d603e0dbc8,1634,Debit,35632283.65,Active
343538ae-e873-4921-9431-4b7c525963c8,1635,Debit,66453978.97,Active
e29d3b9a-9032-466c-9c26-cadd7a52049b,1635,Debit,66453978.97,Compromised
e92dec82-56a2-48dd-9e42-e20b7e0a2fb9,1636,Debit,61063147.46,Active
01f3ac57-94cb-4473-ab6d-b0023acc7e8a,1637,Credit,60893230.54,Active
10741bf6-5f85-407d-b7f6-17684748c99e,1638,Debit,118055207.82,Active
5312adf7-fe5a-42fa-8736-62229cbae34e,1638,Debit,118055207.82,Active
b6ea8979-9276-4c28-ba44-2929daf261ff,1639,Credit,148125549.92,Active
64037143-f603-4876-9fab-e42c961d51cf,1639,Debit,75173703.92,Active
cea6fa55-8b3b-479d-8e23-f36ede75a4ab,1640,Credit,161391853.33,Active
14e41d34-12ce-47a3-b6c6-b16486548767,1640,Debit,38628407.82,Active
3dbbb7a0-75c1-4db7-b441-92ce9c2ced1d,1641,Credit,626232043.46,Active
258e690d-b594-4270-800f-ffd0a042e572,1642,Debit,21063127.77,Blocked
d4a4810b-5322-48c6-9c9d-f41b1bb5f192,1643,Credit,70944613.59,Active
153e0cf2-8373-4310-b7cd-df7b9977df66,1644,Debit,118893417.48,Active
d4dbf636-deaa-4069-a3bb-a3b5658de0fb,1644,Debit,118893417.48,Active
ea1d0fd3-ba25-4c1f-b256-affea6c2603a,1645,Debit,29566681.74,Active
eaf1a088-5796-48c6-b497-20582807dcdb,1645,Debit,29566681.74,Active
1abf61ef-ba1e-4825-ab0c-2209eeb2446e,1646,Credit,275122080.87,Active
43584c8e-3a64-4cdf-8708-a87edce3361f,1647,Debit,54792115.38,Active
7f233531-f9c4-47ed-969f-d7652299ff74,1647,Debit,54792115.38,Active
3524bc61-615f-4ffc-b24d-5ea4971e3005,1648,Credit,490206656.43,Active
41787785-849e-4980-8036-695f80a828dd,1648,Credit,806670611.86,Active
dec10f04-7a7a-4db1-8560-18cf88153771,1649,Debit,141919604.1,Active
546dbf43-7445-4477-9103-8d40a9002d44,1649,Debit,141919604.1,Active
60ef20ad-868a-4493-a36c-895aaacb4ba4,1650,Debit,71381002.55,Active
4e359e4c-ccb6-40ec-86c0-0086fd2dfc36,1651,Debit,30877692.72,Active
1efd7242-6a8d-4cc5-a193-e1f38a07c2a3,1652,Debit,29997538.9,Active
8dad5c1e-0ceb-48ac-9193-53d08f8580f1,1653,Debit,28936977.32,Active
bef30464-2c71-43d1-b06c-adbb91fdef5c,1654,Debit,45287217.62,Active
4f5bc9b1-6a3a-48b7-ac2b-e2dbfb610b03,1655,Debit,92110703.87,Active
8ef9fed0-e718-41a9-b390-d38118bc07dd,1655,Credit,327761535.83,Active
f16133aa-24e7-4daf-b759-c2f0235f4075,1656,Debit,145552892.04,Active
4813727e-5b52-4039-b3f8-c4261cee25e7,1657,Debit,270524563.27,Active
aea640bd-59cd-457e-a033-e0615f750534,1658,Credit,126686594.43,Active
558216a3-e856-4242-b92a-3ed949490676,1658,Debit,59113789.77,Active
58bc413a-a92f-49f2-9d5e-2b5d36e6deab,1659,Debit,25688280.02,Active
c6b574ce-5633-4ad9-9fe7-213a1b8982b2,1659,Debit,25688280.02,Active
c76807fd-77e1-4e1c-88c2-e69190869aac,1660,Debit,44230604.78,Active
3d18ee0f-44ae-485f-aaa9-4cf5bad159fe,1661,Debit,42016661.11,Active
9bfaf208-20d8-46ef-afef-b4486ab2c913,1662,Debit,407876360.7,Active
b25bff92-d903-47c2-81dc-48807304c2c1,1662,Debit,407876360.7,Active
45a517bf-d0b1-4d98-b834-9dc830ec3071,1663,Debit,64779659.18,Active
706faf56-6b7c-4b37-8a19-39bd017c2bf6,1663,Debit,64779659.18,Active
1fd4b392-3803-45ae-86cf-a511979b8b2f,1664,Debit,20665540.93,Active
e935d953-8ef0-4e81-88f1-465855971a6c,1665,Debit,28497456.44,Active
57f74994-be71-41da-8ea5-efa8284f0d3e,1666,Debit,31061224.4,Active
5722e29a-87a1-427c-a750-47ba0fecae65,1666,Debit,31061224.4,Active
1eb85a0b-7721-4021-b006-cd470347e9ec,1667,Debit,32430308.79,Active
8718ea64-74c4-4166-927f-a9aa91b4fb08,1668,Credit,902346361.19,Active
6e0951a9-a874-4d65-be69-1f30d35f361f,1669,Debit,76041945.3,Active
c1e6542d-5269-4c90-a9d6-ec3a40a1a937,1670,Debit,43599464.06,Active
114bcf2e-5fb3-45ed-8208-9815ff883323,1671,Debit,318113576.63,Active
1c5c3cda-b2bb-4841-87ed-5912d8e44c5a,1672,Debit,45117282.82,Active
99663e14-8a51-43b5-a937-9a7045f49ab0,1672,Credit,109800843.82,Active
f8d404fc-fb12-4fbf-8aa9-58c4c634dc6f,1673,Credit,141635738.01,Active
3cf607e3-346d-4b93-979d-05adb18f4808,1674,Debit,22703350.22,Active
0f696625-eb43-448f-80d5-5d72e5ce6b44,1675,Credit,111469197.98,Active
ae1c1aa9-7e75-490d-8de7-e337e06afce8,1675,Debit,35009491.07,Active
46d57c10-745d-41d0-a06f-13b7a78f4a68,1676,Debit,26346295.56,Active
01286da1-c46f-4f0d-bc8c-b8f6d0963699,1676,Debit,26346295.56,Active
d7753c88-c1d8-4d82-88e2-abe5d26a1f85,1677,Credit,42297231.18,Active
e8204583-8f65-4450-bbff-28b6662ce1d6,1677,Debit,10259537.3,Compromised
f21e243d-5b51-4607-a6f6-466992990e83,1678,Debit,67613645.62,Active
96705bba-9cd8-47dc-9516-dc2d245910d9,1679,Debit,65226707.77,Active
77be4ddb-e4d4-407c-bbbf-5e4c1fb0e45a,1679,Debit,65226707.77,Active
e54df042-7f17-4dee-9760-84a359d2a067,1680,Debit,27665145.13,Active
f5fc8766-4187-48a1-bd06-26a1a13feee4,1680,Debit,27665145.13,Active
366ad68c-4f6f-40a3-90d9-2c78d0e1c269,1681,Debit,132038826.07,Blocked
e50c0af2-af57-45bb-a050-2118905201c4,1681,Debit,132038826.07,Active
549051d4-8f5e-449e-894c-feed272789bd,1682,Debit,88825213.23,Active
7f7400dd-8100-485e-a502-2139ff2399bf,1683,Debit,47979624.38,Active
fd94d9fb-abb0-45c9-b4dd-18b56385c90e,1684,Debit,19386305.28,Active
d6b52220-8f96-44e7-a201-50a97f0540af,1684,Credit,70984753.16,Active
5c41e8e9-1a94-489b-a529-134698c4cb9d,1685,Credit,75118870.99,Active
9a035249-b689-4bbb-9d53-8bd25dd72c74,1686,Credit,356455876.26,Active
8a7f222d-b0c6-416e-a32a-5d7fd903a021,1687,Credit,113041596.86,Blocked
a2f14301-f74b-4cdc-bce4-2f0d5e4a2bc3,1688,Debit,41643200.24,Active
bbd46e47-6e2a-4689-8d68-7ee7c87ef35b,1689,Debit,78515513.94,Active
2b84a1bf-0585-480b-889e-9fe673c2c6a0,1689,Debit,78515513.94,Active
81c21350-5a0c-4ed9-8e1b-9addf31be0b2,1690,Debit,53057422.42,Active
0f0b68c7-749b-4c47-8158-e6ad714717b6,1691,Debit,16802355.42,Active
4f0410b6-10fe-40db-b5b5-8794471927a2,1692,Debit,20607770.57,Compromised
d39c3a06-8098-4c05-89f3-aae8ec42aeb2,1693,Debit,570576140.11,Active
a62896bf-2aba-4dcf-bfd8-ada00a769ff4,1693,Debit,570576140.11,Active
ed70fed0-f518-495a-a899-70e3540089bc,1694,Debit,41857551.43,Active
6daccdac-d4db-483b-b9d1-aa9dffee6219,1695,Debit,30833561.79,Active
69430cbb-07e9-498f-afa7-119cc8288d06,1695,Debit,30833561.79,Active
714c913a-5b58-47f8-93ce-10fddf445453,1696,Credit,476802855.1,Active
fafa2695-1b35-4701-804e-583d5f01b5cc,1696,Credit,428763027.29,Active
7a6b9ba6-6f8c-4e97-ad3c-6ce2631395e4,1697,Debit,54607811.6,Active
f608e400-24bb-4b88-a4a4-3b95a726d999,1698,Credit,97272612.44,Active
6559ca97-82b0-4761-95e1-2338c6b5896e,1699,Debit,113159074.48,Active
e0572933-5646-4eb7-9ea6-204a14cc1a62,1699,Debit,113159074.48,Active
1adef9be-676f-4d90-9e17-a113d162a628,1700,Debit,37037527.91,Active
95edb818-4272-4559-b788-6818332efb25,1700,Debit,37037527.91,Active
00fd35f7-1cfd-46e9-a5ed-28d2d916f9f0,1701,Debit,73384663.86,Active
55b5674e-6770-4a8a-bd8b-2a3bea4a656d,1702,Debit,18454711.61,Active
853e9a8b-ac5f-4202-823e-63184b18e06e,1703,Debit,43790322.96,Active
3dffc160-35f9-4645-b10f-6d0fff5b55be,1704,Credit,478722955.35,Active
ad7eb67a-5d7b-4f72-855f-df2c62b1b776,1704,Debit,111378311.08,Active
57283ff5-5487-4664-b187-d559aac86cf4,1705,Debit,8848887.18,Active
c2ae1b8c-5a9e-43b1-b50f-867534a5c016,1706,Debit,35089250.26,Active
d7dfd6be-a4c7-4ebb-b100-78556e381ed1,1706,Debit,35089250.26,Active
694e258e-1e70-4cdd-b94f-22eaab499570,1707,Debit,22350610.14,Active
5462c7ff-60fe-446f-8f38-e6fda6112610,1707,Debit,22350610.14,Active
26ff6656-87b6-415e-b1a5-62514ff25dd8,1708,Debit,79029491.72,Active
9e18d311-1552-4405-8ba3-2f88f77a877d,1709,Credit,228242992.71,Active
c4a88588-85bf-4807-ac7f-6cb07fff2a69,1710,Credit,145157236.37,Active
0cb6f565-179b-487d-81a0-bd47b4919606,1710,Debit,65221018.34,Active
f934d678-6faf-4dbc-b81b-064885b3f2b9,1711,Debit,264271687.44,Active
ceb0f1b1-448d-492c-a89a-ab10635f0fd9,1712,Debit,18953646.87,Active
98456cff-c708-47b7-a6cf-5cba3fde8896,1713,Credit,221045417.15,Active
7a4ff302-3ffd-413d-b500-e95ac4e8b9e2,1714,Debit,108315277.24,Active
80862997-691f-4fd0-a678-c13bbfe2393d,1714,Debit,108315277.24,Active
16ac760d-8e86-43ae-9515-9922cf47707b,1715,Debit,71010699.18,Active
d380a5cd-ad01-4262-9aec-9e988f31e7ac,1715,Debit,71010699.18,Active
07d744f7-b933-4cda-8c2b-da0db85e414a,1716,Debit,88762191.19,Active
853ba4b5-0b09-4e78-a80f-5a4659933b65,1716,Debit,88762191.19,Active
fe29df2d-1aaf-4585-8d35-44ada6346e2c,1717,Debit,53748591.0,Active
b6ea9c76-d692-488c-8893-d61097864f21,1718,Credit,77521665.19,Active
26a8bdb4-f98b-4101-b7a0-f867da2cd675,1719,Credit,90587403.11,Active
d86685a8-1e5d-4a5d-9cc1-569787ca9a1f,1719,Debit,41648721.78,Active
5ddb8312-4e42-4987-b154-e6feb13f0e77,1720,Debit,143329606.5,Active
bfce5270-2b65-4f0c-a2b2-d9c097f3972b,1720,Debit,143329606.5,Active
10e92fd2-1ff4-42e4-aca1-212d5d38c1d2,1721,Debit,11914464.59,Active
f2ab18de-1416-4297-a4d1-b56c71d10cf6,1722,Debit,85852764.32,Active
7c0e9d6a-bb46-452a-a1cd-3cdfe35d8280,1722,Debit,85852764.32,Active
cf8abe46-d000-449d-9ea1-9e14c7dfd5c0,1723,Debit,78596785.76,Active
493388a9-25a1-4484-9db2-8cd25f7688fd,1724,Debit,127941557.69,Active
17013c37-25b9-460d-907e-df030b8ccdc6,1724,Debit,127941557.69,Active
05e9e172-b5f7-4a50-bebd-2b87bde1bfae,1725,Debit,25392718.4,Active
81dd44f3-c43e-427f-a5ad-39bb0742b1c6,1726,Debit,573938758.02,Active
08a2b0b4-b94b-4286-a5b8-92f8ea15a459,1727,Debit,64748680.44,Active
a9a713c8-3abd-4050-a8a8-fbc97588613c,1728,Debit,64488088.7,Active
c21c5e0e-2261-41d7-a9db-575bc58c7c18,1728,Debit,64488088.7,Active
68913d0e-7d5b-4988-90a2-ccac6dabf87e,1729,Debit,48100852.02,Active
38d2e142-c6ed-400c-b818-fed6d6228cf4,1730,Debit,224132507.9,Active
4b2d929d-bc5b-4cf5-9764-624debd67bd1,1731,Debit,42939657.53,Active
af7da736-dab3-4bdb-a5eb-90dccce1fd76,1731,Debit,42939657.53,Active
46224d41-cd73-4a2c-9803-99cabd1a97d8,1732,Debit,12015679.11,Active
318e95ac-7869-4bf3-b5fc-6a70418be78a,1733,Debit,19869781.74,Active
5f3e1a7f-8342-4a02-8dfb-0d5d791c8c8a,1733,Debit,19869781.74,Active
9d29bfd0-c668-4005-8e83-09bdb473a17a,1734,Debit,55416698.29,Active
9e2a1fb6-de6a-43a6-9ab2-9f22a54507cf,1735,Credit,222638079.47,Compromised
183c8b22-18e6-47f9-b536-3c8bcfbcf727,1735,Debit,54420725.94,Blocked
b20048fd-6726-4c19-9b54-eda012b095c3,1736,Debit,29656444.94,Active
d7980a95-b45e-4aca-b389-770c49195de5,1737,Debit,135430625.46,Active
f92ea6a5-e866-4f28-9132-dd6fe262bce1,1737,Debit,135430625.46,Active
592d8daf-91b5-4acb-8b22-1ef9964e3f37,1738,Debit,34929396.31,Compromised
f2700487-6804-4b75-951d-ae1aa72a214d,1739,Debit,25457632.75,Active
c92987b2-58b3-4f5d-8f5a-381f79e34e49,1739,Debit,25457632.75,Active
7bab7203-907d-43ec-9403-3bfc9767c85e,1740,Credit,691507352.92,Active
16919819-d16b-4a41-8fa3-63a700e9b305,1741,Debit,63147236.68,Compromised
a84834d0-1b02-471c-90c6-f8f62d08ca18,1741,Debit,63147236.68,Active
599d5d97-7068-46f7-84d7-abbb91ae0169,1742,Debit,32829149.87,Active
16579129-f905-4c07-93d7-77d8a2de98bc,1743,Debit,229108966.7,Active
bba59121-0a0c-4db7-80e7-54cb28ceaa39,1743,Debit,229108966.7,Active
fce31393-baec-4d13-9416-0770f31bfe14,1744,Debit,37294822.44,Active
ff522ed7-3e28-4f89-9258-327a7f6567ab,1745,Credit,295316227.85,Active
c4d6f3b1-374b-4507-9812-116e4db09655,1746,Debit,84210901.0,Active
f0f44999-c81e-4aef-bf10-bf02e2130c37,1747,Credit,193702291.69,Active
cc432655-161d-4739-ab78-f938845ab412,1747,Credit,135338389.51,Blocked
ac6c3b9c-05dd-4976-8a0a-1b2b62bb014a,1748,Debit,56308940.02,Active
d9375289-7dd3-4f02-a011-1367fe207fc2,1749,Credit,775289172.47,Active
f6efe960-4a74-4fc1-9c69-15521938655b,1750,Debit,97506145.35,Active
a5454f46-6f48-4595-83ff-b5a5b84cf016,1750,Credit,456195358.08,Active
5c8c3e1c-f33a-491c-b581-37ddb8fb4956,1751,Debit,19774667.12,Active
7ef6cbea-cca6-4883-bc50-55d1bcdce061,1752,Debit,44652062.57,Active
9d22ea84-7f7f-47a0-8efd-7f043eb4c63a,1752,Debit,44652062.57,Active
a222a681-bde8-4e3c-97d5-7bd114ee0065,1753,Debit,45452480.74,Active
1253d632-f2c4-41ce-ba82-2016d75b7c1e,1753,Debit,45452480.74,Active
6d61d59c-c4a7-4d25-b256-3d1894c6a823,1754,Credit,464249403.33,Active
28e52a05-b1df-4d40-ae38-44fde5385a93,1755,Debit,49007707.55,Compromised
453bd51c-b910-48e6-8f5b-efd8cad7cf57,1756,Debit,64360044.71,Active
6fab066b-aa89-4575-abf5-ebad77946c7e,1757,Debit,143095743.47,Active
df66f231-2f89-4730-bfe5-e850f9257501,1758,Debit,11126817.49,Active
ff8013ec-8458-404e-b24a-97e676f05553,1758,Credit,45236841.68,Active
e8cd5664-0df7-4507-89a8-85d3ddfa5f91,1759,Debit,20640057.86,Active
c1b650d7-06ae-4609-84a1-ecb5b71e356b,1760,Debit,15562349.94,Active
94dcb7a2-26c3-4cf8-921b-13a22ee8a0d8,1761,Debit,31614673.26,Active
231c97ec-3fd9-4ef7-a033-1648a69b0d03,1762,Debit,25367178.86,Active
6b2af2d9-f166-4458-8407-d5b869138813,1762,Credit,104333229.83,Active
0fb32c33-b377-4a5e-b221-89a94758e1cc,1763,Debit,148517566.14,Compromised
11dcb858-0adf-4224-a45b-cfef353e2a70,1763,Credit,615684540.34,Active
f935ba09-4cda-4a37-9e0b-2239498fab0f,1764,Debit,34262036.27,Active
8239469b-5be2-4da7-a99f-9f9e32a6eaf6,1765,Debit,479145029.9,Active
463bd8c0-be0e-4143-8e5e-41037c9df2c9,1765,Debit,479145029.9,Active
0d809718-6ab0-4494-b861-7efe446aab21,1766,Debit,43816262.06,Active
f310e665-7008-443b-9ea9-f3a5b8c0b3c5,1767,Debit,50312236.12,Blocked
fdb21569-5bf9-41a1-bfa4-23fb0d0a4da2,1768,Debit,53871597.44,Active
4594a45e-7b86-4661-aede-f1eaead9d7dc,1768,Debit,53871597.44,Active
284b3f2e-67d8-4cfc-986a-e2c930be5787,1769,Debit,34399912.06,Active
bb7d1cec-ca1c-4a95-a9ed-5e4f8e2e85e7,1769,Credit,81172426.62,Active
6f796496-853f-4cea-8f3c-1a8a187e6996,1770,Debit,33082707.65,Active
1e6dedca-9c16-42fe-821c-df9707e23dca,1770,Debit,33082707.65,Active
683d18d8-fa4d-4581-9cc9-4169b8da2c89,1771,Credit,163807657.09,Active
8cbfda62-4521-404a-b385-3099289a9457,1771,Debit,57195752.26,Active
5488da7b-f2b6-46c0-bf3e-cbfcdee74814,1772,Debit,17453062.54,Active
97abbbe1-53b8-41b8-9aec-c49dcaa9d5d4,1773,Debit,16584221.22,Active
ee1cf2dd-07ba-4a87-be8a-1a6a4434d1c1,1774,Debit,50447359.32,Active
6b0234de-54c5-4902-9392-8e4f4c4cdce6,1774,Debit,50447359.32,Active
068676c8-04da-4f26-8e8d-a4c08046ef97,1775,Credit,71504882.18,Active
1f8a04d6-696d-410f-ac5c-9f448ea7e66b,1776,Credit,82692456.67,Active
9293b62f-8568-4cf2-8573-757c927b4e53,1776,Debit,28181478.15,Active
b5518694-1fe0-4247-b4e4-36aa9c2d90bb,1777,Debit,59709593.33,Blocked
6f05aa09-ba6b-48ab-8114-cc16d366983d,1778,Credit,258316531.91,Active
a392bbbc-eb81-4098-856a-acab231fc97d,1779,Debit,54695687.98,Active
05c03c4f-ab33-478a-8345-05a92b868dea,1779,Credit,144807808.84,Active
8f18845f-d4ae-4564-94c1-a97448c7b8f9,1780,Debit,58892975.74,Active
2c50c43f-ff26-4a5b-ae73-ed572b127a9c,1780,Debit,58892975.74,Active
23367273-d300-4726-a1f0-e0945b56b3ec,1781,Credit,93263418.2,Active
91f490ad-b286-43f7-a44e-80ba2b5918fd,1781,Debit,28811693.14,Active
4237ee7e-1c01-49ca-accc-ced3ed615a5f,1782,Debit,64716821.44,Active
8e2c105c-82e2-4e67-aa32-92f0967a5d82,1783,Debit,64216041.48,Active
bd0cae26-21b2-4b55-84a1-bd23370d1629,1783,Debit,64216041.48,Compromised
66c5398e-e52b-4335-8cf8-31b611132402,1784,Credit,92719432.97,Active
c6224c55-2fe4-4dde-8e0f-55e572ec0a7f,1784,Debit,29251904.27,Active
c00d1955-9009-4bea-8f0b-45e7b87f2dbd,1785,Credit,306506433.83,Active
98f4e2fe-e0ba-4db6-8166-eb07f83b4a4b,1785,Debit,128429110.39,Active
63229190-6a0f-4c97-8ae1-924c03a4e8bd,1786,Debit,53144621.27,Active
6d2d0797-377d-4c01-9a2c-cf50d83eb5fd,1786,Credit,190986652.88,Active
ac031e90-5ef0-46e6-8398-a92648ad141e,1787,Credit,96035752.46,Active
10a7ac29-3a12-4496-8321-baef0dcee2d9,1787,Debit,49553941.4,Active
d2419d2e-e046-4925-8286-2586c5ae8671,1788,Debit,41125619.15,Active
a48a3d8f-7554-4c9a-84ee-1426dc7b385d,1788,Debit,41125619.15,Active
91151aa9-c5d9-478b-9e70-3c07c783d3cd,1789,Debit,26113226.95,Active
8ec0db4f-eb92-4b6d-91a8-a1ea6fca65aa,1789,Debit,26113226.95,Blocked
a880844c-d843-4730-8807-11ac4d9cf790,1790,Credit,118888400.72,Active
28c6a373-b41a-4944-a0ac-ef269d5c9a8e,1791,Credit,110552985.87,Active
e031ed67-f0db-4fb6-816d-e6ba4e3805b2,1791,Debit,54694174.55,Active
a9327dee-cb82-4c96-83e7-ac5ebeb6d129,1792,Debit,31143054.41,Active
fb098aab-6d60-4a00-b78a-7413bcd591ff,1792,Debit,31143054.41,Active
83e18cfc-f629-40fc-957a-bdc24e0d3c79,1793,Credit,95619443.91,Active
e9a52bae-3306-4c14-808f-f73a62c9e858,1793,Debit,42702342.46,Active
6db325b3-24ff-400e-9ce0-203ec7f27dac,1794,Debit,28184907.59,Active
7ca06879-8348-44b1-8461-335ecf525e24,1795,Credit,290336527.12,Compromised
0716a752-6cda-4d61-8a81-6a519174b18d,1796,Debit,14310717.63,Active
3feabffc-d354-42cc-a827-687af37026ed,1797,Debit,39746091.24,Active
414603f6-e051-4a7e-ba78-404e35f6ddc7,1798,Debit,21695519.25,Active
4929562b-b590-4061-b80d-c6394337340e,1799,Debit,35941460.45,Active
760d27d7-5665-4a70-b77e-024221bbbffc,1800,Debit,171918264.74,Active
800e0d93-c2ba-4e49-a493-daaa7374361b,1800,Debit,171918264.74,Active
ee5f8738-41e7-4090-b19e-cb0b52db0935,1801,Debit,22332006.22,Active
66cb738f-3930-4cbf-9874-0483a5efa521,1801,Credit,45030977.13,Active
9474e331-9cb0-42c8-a984-d0f673954994,1802,Debit,28254609.1,Active
4f253101-431f-40b1-a4cb-aeb1240e979a,1802,Debit,28254609.1,Active
a156dcd7-63fc-4ebb-adc2-59b56754dcd0,1803,Debit,45749054.46,Active
3e59fa9f-b1bf-45bd-89d7-4053ceb9af9a,1804,Debit,108453676.23,Active
c6ac17b6-d73e-44a9-bc10-ce1d64d996d4,1804,Debit,108453676.23,Active
d9b78eda-a527-41f7-a35b-c221cfac445d,1805,Credit,80369459.33,Active
3169cfbb-6162-4428-a828-7944270ba3b3,1805,Credit,122991206.99,Active
f5004dc0-fa23-4e3d-ad25-c3d9e85df0da,1806,Debit,95277170.39,Active
3881144c-a138-4e01-9d37-6d3dd90f53bd,1807,Debit,32614384.53,Active
e5d0ebed-bab3-4b03-833e-4d4e3d6f6f28,1807,Debit,32614384.53,Active
cda7777a-3507-459e-ae8b-c5dbf328215f,1808,Debit,89171182.34,Active
219e2f41-c930-4edc-b9b6-462dc932eede,1809,Debit,35741459.51,Active
67715d76-cfdf-4272-b6ff-f37def687bc7,1810,Debit,13211994.44,Active
e4905484-e68e-4bee-8e57-e0ad376df222,1811,Debit,62074946.11,Active
4ec6b46b-4bc9-447f-ba69-73cf789f5347,1811,Debit,62074946.11,Active
72449496-cc8a-4ab8-a1f0-b381995d1018,1812,Debit,307302108.86,Active
f84fa7b1-1ae4-41c8-b7a9-da6ac61c8eb7,1812,Debit,307302108.86,Active
a319d1b3-1394-4091-99cf-af554bb7572b,1813,Debit,8641645.06,Active
771d2336-ea54-44d6-9846-4cc8b7d0c25e,1814,Debit,42879181.42,Active
e233ffdf-e501-4d80-ba4b-fd17913b86e1,1814,Debit,42879181.42,Active
228b1ec0-552b-4351-a487-3b23a7e63bd6,1815,Debit,21067651.0,Blocked
d4eb5a2c-6fad-4528-943b-46e35a90c20e,1816,Credit,135868834.26,Active
b909b08b-e2b2-4680-963b-c5db10dbefe6,1817,Debit,38532041.75,Active
fba489e7-0ee0-40b8-963e-a55a781f142b,1818,Credit,698947825.59,Active
02aeaec7-1045-4249-87ad-b4150bb2d5c8,1818,Credit,798693788.83,Active
87399087-728b-4b0a-996b-5f9b66e3a14a,1819,Debit,84442407.86,Active
6aadfb71-108c-42ee-bfef-25aa20cb77bd,1819,Debit,84442407.86,Active
162cb26a-0f6a-4620-b2f7-d6dc873a045d,1820,Debit,37810674.53,Active
77bffdeb-7e61-48ef-9bd0-c509ff06a00a,1821,Credit,49726685.9,Active
8c554b27-bb7b-4d3e-b016-50ff5f1e258a,1821,Debit,13768473.32,Active
b75a5cf3-b748-4d17-ad87-3c9e3e2e4f17,1822,Debit,25917940.95,Active
9260547a-2610-44a1-95ce-d336b5923920,1823,Debit,32590782.2,Active
3d508810-bb1b-4811-a100-f925b6689669,1824,Debit,75558022.49,Active
debeac86-5005-480c-ab9e-0015b8a2eba9,1825,Debit,15292717.3,Active
386df653-e6d0-4a5f-92b9-3876c060c44d,1826,Credit,68409018.63,Active
56a039b5-f7ba-4bef-b832-9efd01c9b3e3,1827,Debit,96000852.83,Active
a6e38e3a-0490-4027-9188-039ab3cda596,1827,Credit,248559752.41,Active
5ecdc83c-db52-4d43-a02c-33c44ea0fc99,1828,Debit,47327322.78,Active
07c0a073-dd35-459c-a9ac-05ab80af88e6,1828,Debit,47327322.78,Active
d28dd7c4-9c96-4008-9297-98228ee70fe7,1829,Debit,68615467.94,Active
6cb9a825-6f0d-44d4-b2a8-8a7c140126f2,1830,Debit,32823448.42,Active
dc95dcf2-eabe-479f-8d9c-e0542524ceca,1830,Debit,32823448.42,Blocked
df65419f-576a-45fc-8689-10f4f8337af9,1831,Credit,165591852.8,Active
50c85096-b6fd-495f-8e11-204af492f8a2,1831,Debit,54808481.19,Active
dc09e61e-5852-4b7a-9edd-a0cc12097538,1832,Credit,1016073949.42,Active
ff499545-d107-499c-8687-532127769170,1833,Debit,26961654.8,Active
8d92dbbe-3d06-4ccb-beea-17414c76e69b,1834,Credit,651378905.17,Active
b873971b-f2bb-4964-8197-47bbdd3a650a,1835,Credit,263059646.49,Active
b991076f-8536-4c27-a1f4-944ccefe90d8,1836,Debit,37990056.0,Active
d97bdac8-6fed-48c7-b498-6709dc16113e,1836,Debit,37990056.0,Active
75acb41e-615e-4665-99d2-f31623963a8c,1837,Debit,36366345.89,Active
bee55dc7-127a-4c54-b96e-fc8904a3f09d,1837,Debit,36366345.89,Active
c534def9-d6ba-49a1-820b-127aaeb299d1,1838,Debit,11018865.26,Active
b6aed8de-ef24-4b45-ba9d-05eedece42b6,1838,Debit,11018865.26,Active
b5915761-d8c4-436c-a04c-0eb2cf455811,1839,Credit,86748935.16,Active
32ae07dc-d352-4c2c-85c0-c3ce641ccb2c,1839,Debit,42057775.77,Active
e92b8b05-0fe6-4612-90f3-662fa5899fd6,1840,Debit,146414020.98,Active
1f6fa31a-e6ee-45a0-ac28-a54f3e962881,1840,Debit,146414020.98,Active
8fd9988f-45bf-40de-9312-2755936c772f,1841,Debit,30176162.63,Active
bdba4241-8212-41f1-a27b-100210b972ba,1842,Debit,39251791.05,Active
1a3859a6-a8d4-4bce-b306-7bc029d0420a,1843,Credit,289587830.76,Active
75d9ee98-d95d-4dce-8631-6d501ba1471f,1844,Debit,37158789.33,Active
1463186a-f2a0-47aa-a6e8-11fc2a5c85c4,1844,Debit,37158789.33,Active
55546bc7-7691-4538-b8af-182bfc9eee17,1845,Debit,163508737.8,Active
f2f76d6e-b2d0-4ae3-acc7-5d006fa29fd6,1845,Debit,163508737.8,Active
1a7834ec-1f48-4716-ab9b-c40e8f872632,1846,Debit,250879129.5,Active
beb74afd-a330-43ad-9abc-ff365c11430b,1846,Credit,1073279732.06,Active
f92a6714-c019-434b-98fc-1e438fe12d57,1847,Debit,66041128.89,Active
64be5992-4f56-4b17-84b6-f26e2229d633,1848,Debit,35855879.93,Active
8a897de2-13e2-4ec7-b499-8d7761f6278c,1848,Credit,172302906.5,Active
45e4a78c-ede1-4e99-976d-ea1e8042e15e,1849,Debit,146433451.59,Active
72b0bc7a-7d2c-48d3-89fb-25d97da8390a,1849,Debit,146433451.59,Active
8e0f4278-7717-4610-ad2f-5ea5d6be22f8,1850,Credit,54812161.86,Active
81519060-60f7-4a7d-a130-06ab945cc2e4,1851,Debit,39667858.95,Active
1598da69-cad9-4709-a3cf-758ef6ff1d44,1852,Credit,318369924.62,Active
9b3d05e3-60b0-40f6-a8ff-b48e0f14a46d,1853,Credit,94074464.43,Blocked
05748879-bd07-43f6-b314-3bab1be09910,1853,Debit,26824281.15,Active
99eacc2d-3b64-4e70-8343-b561870360a6,1854,Debit,36924111.9,Active
66c2c04b-15f2-4335-945b-58f50c430daa,1855,Debit,45190514.44,Active
bf8dd18d-cb9f-43c5-af23-58b1f528c93d,1856,Credit,612559799.89,Active
479744a7-5db6-4785-9617-4233cc3e1147,1857,Debit,26175094.24,Active
8d739a03-d30d-4deb-907f-be2dee5c207b,1858,Debit,109375159.57,Active
184e7b95-5ad1-472e-9231-0512f3dd77ed,1859,Debit,84226035.71,Active
149b441b-fb89-4c13-87e3-bd7a90fabaa0,1859,Credit,393166478.87,Active
d438f9fd-64cc-4685-b240-bc31bca58631,1860,Credit,102103596.14,Active
8ca86d6a-4dd6-45d8-8226-a9661e8e23d9,1861,Credit,1798383227.45,Active
c131503d-b0bd-4fd4-a7ef-8579524f2188,1862,Debit,59353396.05,Active
d0991dd5-2261-4349-b7da-17da94f2741e,1862,Debit,59353396.05,Active
c866a45d-9b3c-4462-ab87-1621314cfaac,1863,Debit,65109814.9,Active
7096fcf2-b3e6-4d1f-9fb3-9bcff0d0dacd,1864,Debit,46572231.97,Active
227ef1fb-8816-40b8-8e0d-1996134650e4,1864,Debit,46572231.97,Active
0a252a0a-4b99-43ed-a4be-3529353de305,1865,Debit,27968232.14,Active
352ead8c-605c-435f-9846-38d07f3fdc55,1865,Debit,27968232.14,Blocked
1cef41ce-ce90-44ef-8a3e-5285dd17f6a1,1866,Debit,48973858.04,Active
8e722047-956c-4db2-bb96-fbba4f9b6fb0,1867,Debit,57948090.16,Compromised
331c7066-eec2-48ad-b331-efdd3c8a0297,1867,Debit,57948090.16,Active
e520891c-e33e-488a-b9de-00d3a27e7a05,1868,Credit,50914916.23,Active
7e21577c-4b3f-42c7-849c-4316b4e30552,1869,Credit,189766434.86,Active
fc67df78-bbec-4542-af2b-c19adf1ec0be,1870,Debit,219332180.22,Active
83fdf6c3-1681-45da-8c9b-6d55ecd0a391,1871,Credit,90183121.17,Active
592e7881-16cd-414e-98df-aa8b04bb246e,1872,Debit,15391563.09,Blocked
32683a02-ef43-4e8e-8af3-d1bd97d64d4e,1873,Debit,72006787.48,Active
b7839db2-8960-4bdb-a46e-808686d8c611,1873,Debit,72006787.48,Active
9a8c3ed1-daad-4ca6-9d0d-2b85549c8e3c,1874,Debit,31118016.1,Active
f97beabd-3c99-43f8-a16c-185108eb1fb7,1875,Debit,34598738.95,Active
042135aa-ae37-4d22-9fad-185a6079f1cd,1875,Debit,34598738.95,Active
c689da1d-e8f4-428a-8b1a-07c7fd3faba1,1876,Credit,546353948.58,Active
59509499-d8d7-4beb-ba06-e9ba7cf255b3,1876,Credit,383730416.26,Active
f8727af7-c911-4ddc-9caa-2fe1953590ea,1877,Debit,19278227.44,Active
48efc901-535e-488f-be42-c7e9deef96d3,1877,Credit,44215066.06,Active
dbc9d91d-7981-44d0-a695-4e026e0d8510,1878,Debit,31134815.55,Active
3825e698-857e-4e3e-a9bb-fac7742eb407,1878,Debit,31134815.55,Active
ebfe5f41-b77f-416e-97d9-729e2c547177,1879,Credit,286541685.74,Active
2a9a6aaa-a077-4fef-8835-34ee225a2cbd,1880,Debit,26816972.49,Active
4ce2e4ea-b62f-45d0-be47-f3204b7afa72,1881,Credit,218038319.16,Active
192c124e-d550-47a8-9986-ac4da3a47c21,1882,Debit,47131132.74,Active
f86fcc5e-389f-43a1-9038-772d3267550c,1883,Credit,127838068.26,Blocked
96753d7e-2135-4ac8-a175-fefe61e21d90,1884,Debit,42544091.93,Active
65f06023-4db4-4d2f-8a34-c5616b026ca4,1885,Credit,98041460.76,Active
e3f8d9e3-9243-4ff4-b06d-c5738fd13847,1886,Debit,448379579.87,Active
2fbfa3fd-2bd4-43eb-a088-741009eccb59,1887,Debit,135044537.81,Active
5a982da9-fc2a-44c5-9a38-8bd932b96473,1887,Credit,552527169.76,Active
9ae5d363-840c-43ae-b42e-68f579f671a8,1888,Credit,130204512.44,Active
5118cbaa-3751-46ec-a60b-c5818319ddcb,1889,Debit,48748575.9,Active
e38bdf55-e470-46b2-9e43-4338339a2e6a,1890,Debit,75004307.09,Active
c502fbc4-54cd-49a5-9cf8-fd53a5977e51,1890,Debit,75004307.09,Active
8c0a63ef-87a9-4211-8e00-192af0b342b8,1891,Credit,73577500.58,Active
cdef2f79-2adb-419c-998b-cb7c9021c289,1891,Credit,95431213.55,Active
6b79e4d8-cf89-4dd3-a5b7-9426dd2d925f,1892,Debit,37118043.35,Active
c257894d-f0d1-49ad-9111-7865c4b42bd8,1892,Debit,37118043.35,Active
5f8d837b-eee4-4c65-9581-eca5e07c2ed7,1893,Credit,167355489.19,Active
66405608-f038-46e4-b653-9e21a8aa922d,1894,Debit,36749548.01,Active
c634d576-b69c-45e5-836b-ad6f182045dd,1894,Debit,36749548.01,Active
7924477a-9156-46f0-978c-1830cdc230fe,1895,Debit,15578605.42,Active
047810a9-a784-42ff-8f04-17a843a84188,1896,Debit,49897011.54,Active
1a58d0c9-9d2a-42a7-aacb-b428c456c2ec,1897,Debit,108053477.53,Active
8ac90de5-3e61-42e0-a3eb-3db6d3c10847,1898,Debit,143891484.72,Blocked
1b273609-5a26-45bd-8ae0-d927f94920e9,1899,Credit,107146582.0,Active
d24e1032-d844-4ef1-835c-d97b102449b2,1899,Debit,27419016.59,Active
79528a66-b4b2-4bd5-a8ff-5e7c4093d92c,1900,Debit,24562075.38,Active
5ab4b9ab-b41a-481a-ab44-ca81f10b4f4f,1901,Debit,44916244.27,Active
0b5e78ef-e7d7-423a-be31-71fa11719a84,1902,Debit,44906550.98,Compromised
75e012cf-064e-49cb-8757-c88a0d1e653b,1903,Debit,65808823.49,Active
80829a7f-051a-460a-89b6-a8736f0b02b1,1904,Debit,23832706.8,Active
d36802d0-4c4a-4de3-82ad-6d084d678572,1905,Debit,21885051.83,Active
5cb7c3fc-43dd-4f90-9112-a3c34dfb6d3b,1906,Credit,514275648.46,Active
3fd6c471-6c3f-443e-a7b8-8d999f152cac,1907,Debit,31190779.19,Active
d09be484-56bd-466a-89d2-2a3802e35f47,1908,Credit,207054648.29,Active
2b0e3d48-566b-4b92-b531-5aacbc5f4660,1909,Debit,176637020.24,Active
15208071-0ca5-4f24-95e2-217c6b0e6cb2,1910,Debit,38272722.29,Compromised
bbe0d00f-a332-4b63-9767-ae6ed6bbab85,1910,Debit,38272722.29,Active
a81c4db2-cc79-4ffc-a8bf-8d040271e817,1911,Debit,92691922.7,Blocked
2528aa7a-b08a-4de0-a0fa-ac970929a3d5,1912,Debit,29411058.33,Active
7c6cf970-dd99-45fa-bb2f-8d7432c96f18,1913,Debit,46159893.75,Active
940f00d7-42cd-4fd0-93f3-a989ace243bf,1914,Debit,101857890.86,Active
54898e36-ff1a-42b0-b318-aac68364c646,1915,Debit,29399348.35,Active
bfa594ec-7569-4439-8067-8ed8ee91d815,1915,Debit,29399348.35,Active
41557b2c-541b-4fe1-b8a7-176f16eddf4f,1916,Debit,46081503.39,Compromised
da34c779-790b-421b-b323-0efd34341367,1917,Debit,16992707.64,Active
313dfd6c-c58f-4bf5-bb79-cf3415c3d137,1917,Debit,16992707.64,Active
38cf90ac-cb58-49a3-90f3-b70220b6dd6e,1918,Debit,29279986.25,Active
704a1cb9-35f8-4d4f-a1c5-d570091ed2f6,1918,Credit,67019764.89,Active
560a754a-9a1a-4edd-8100-f4d758e059ae,1919,Debit,45426020.69,Compromised
4c0743b8-08b6-449b-8140-75fd5f8ed2aa,1919,Credit,218147033.94,Active
0c4e3a4d-738c-4f51-ad9d-f117f89c8d6d,1920,Debit,137814538.58,Active
eacb0519-2111-44ea-b591-61eb09188944,1921,Debit,87406545.26,Active
4f5ac78c-c36f-4861-ba95-fe1b95a13e6d,1922,Debit,141793993.13,Active
4697bde7-66cf-4c4f-9637-3d755843a0de,1923,Debit,330410466.25,Active
46f4c863-18f5-4479-a197-dbcfb299eea7,1923,Credit,642877121.83,Active
d81839d4-7294-47cb-a626-281702d92f0b,1924,Credit,46720190.12,Active
138546aa-af25-4ca8-a21d-203a48992a66,1924,Credit,85545720.68,Active
161b979f-9f2c-4093-b484-b537aab0cea3,1925,Debit,19869198.09,Active
c4c26e8f-7d4e-4a4e-ab36-2fc9f6cdc116,1926,Debit,291035595.85,Active
bedfe043-9ccc-448c-ac40-09acc234f6bd,1926,Debit,291035595.85,Active
7a5eb064-034a-4e40-a2ea-9897b2e8fb35,1927,Debit,29813339.82,Active
0cfb385a-1492-4e5b-939b-958dbf1fbde0,1928,Debit,98322374.35,Active
9b7b7860-3875-4cb1-9585-e48187e66910,1928,Debit,98322374.35,Active
75cd210f-ac15-411c-a6c7-7a478724954d,1929,Debit,56477568.72,Active
feed0931-6089-4940-a37f-604ff71790b1,1930,Debit,80395903.02,Active
b271f303-4956-4d88-87e3-8f9c40bc18fb,1931,Debit,18863109.22,Active
fdaa2856-af7b-4f4d-9fe8-5ea76b1fb4f2,1931,Debit,18863109.22,Active
0901ab73-bfb8-45f4-903a-2d3dc14c905b,1932,Credit,1995495155.33,Active
0bc22a6d-ea87-4101-888a-4492c306b68d,1932,Debit,774262093.88,Active
aeff0752-b41c-4e5a-b5f0-f8faa94e30c0,1933,Debit,76427331.38,Active
8cac7b10-6981-4760-abbe-d7be53e91013,1933,Credit,266390886.23,Active
a591e396-6505-4fde-a6bc-ae6eb6528222,1934,Debit,20542479.21,Active
703411e7-337b-44d4-8df3-ca8e35378753,1934,Debit,20542479.21,Active
52d8ad88-82d5-44dc-82c7-08bf38c78596,1935,Debit,28377003.52,Blocked
60e9796f-ba56-46e6-a760-cd99ce6d5c95,1936,Credit,93483459.08,Blocked
a9d76691-cad1-439b-8dbd-646b405a845a,1936,Debit,32672285.89,Active
97d73c56-2020-4d1f-bdc9-19ab88e6a586,1937,Debit,40765503.26,Active
1b1c9d85-a13f-4ab6-b666-588e6f9973b7,1937,Credit,158676363.0,Active
cdb71402-e1f1-4d62-878d-49068dac1f44,1938,Credit,311259882.41,Active
100a0ad6-14fc-446f-b20f-c9f0f409b120,1939,Debit,37583183.86,Compromised
0090ce30-4a10-470c-a9b0-34706804967e,1940,Debit,80702383.27,Active
c078c126-70f6-45a6-9831-3973404beb74,1941,Debit,234270724.06,Active
42c940be-d8e1-4e06-af43-5f621b69f13b,1941,Debit,234270724.06,Active
e1dd1995-6836-4069-937c-b6120e7133dc,1942,Credit,331574694.73,Blocked
2901ba36-5922-439a-b804-0114d730b691,1942,Credit,274949942.64,Active
35f4151a-4dad-478e-8438-03264fb1cf9d,1943,Debit,36323884.13,Active
9b5ff5ea-59bb-41bf-95f0-250734ac0848,1943,Credit,107965686.66,Active
94014006-e583-4fe1-add9-b36092d91d1c,1944,Debit,18302392.26,Active
e919090d-9ab0-4a90-8d09-80294a89a598,1945,Debit,29398898.87,Active
90655395-e28b-4b2c-8c35-fb10bf018891,1946,Debit,111216348.41,Active
201f8be4-e409-4de5-9763-f561978182bd,1946,Debit,111216348.41,Active
c0cab27e-24e3-4831-b317-631a773e76f8,1947,Debit,39917583.56,Active
be7f042e-cdc1-4fb3-b2d4-0b21cb6ce1a7,1947,Debit,39917583.56,Active
6c0242bc-5850-4915-8452-4b17d81cd059,1948,Debit,73502681.54,Active
0bcff8ae-e281-45cf-a1df-13522091d73a,1948,Debit,73502681.54,Active
5fde64f4-b545-4cd2-bbae-f3261eae66e6,1949,Debit,54653692.7,Active
361bf19d-b9a7-4440-9fd6-f28776b6484b,1949,Debit,54653692.7,Blocked
732ad946-638f-454c-8755-6b83ea56c33f,1950,Credit,136843955.17,Active
9e539eb7-fb7a-49e4-b88e-2c293dad0ca2,1950,Debit,41310911.24,Active
66769793-8905-4e2d-af57-8d329d40eff3,1951,Debit,267323540.37,Active
8cda765f-0818-4dca-9170-c223ed8a4fac,1952,Debit,123412444.63,Active
8d7ccea7-3c2a-41a9-aa20-9e62bc3e693d,1952,Debit,123412444.63,Active
0113283c-b4a4-4ed7-970e-86210ded4418,1953,Debit,59857149.57,Active
ded90127-f56a-43b2-96e0-7f4195cc1523,1954,Debit,64634251.87,Active
d31b5fc8-05bd-43fd-8745-21a849f2dade,1955,Debit,34676025.97,Active
69b290ba-1a59-48de-bd45-8e44d8df69a0,1956,Debit,162257503.52,Active
40b3754f-b21f-455e-8383-30bd10a7f6dc,1956,Credit,732751038.91,Compromised
cecee63f-6fa1-4246-a829-80daf8d20b30,1957,Debit,24150988.22,Active
1432909e-460c-4880-9b93-a7ba8f469a9b,1957,Debit,24150988.22,Compromised
f3d6bc6e-b78f-45df-becd-c2a667ecc87b,1958,Credit,89404798.72,Active
a0c4a988-727d-4dc3-b329-289e9513e194,1958,Credit,130567157.89,Compromised
959eeeb4-c03d-4338-ad7c-fc8d6f78c155,1959,Debit,35941669.84,Active
b64d1ee3-4370-4c7d-94d3-31a31783b2dc,1959,Credit,129350333.63,Active
10a54b04-c21f-426e-8728-b42ebc9638c2,1960,Debit,33232629.63,Active
f1203a9d-37e0-43dc-b6af-07105065b231,1961,Debit,494835724.19,Active
45388e8a-a0d8-47da-b632-0cf83052caea,1961,Credit,1650849853.17,Active
31e5356b-c470-40af-a85a-43ff4cb73f26,1962,Credit,175149660.92,Active
24627982-1fc1-4195-b574-5322be135cb1,1963,Credit,93633505.5,Compromised
7ebeae75-fc6a-49ec-b859-0bbbaa50f9c8,1963,Debit,36013586.35,Blocked
7b64d4c9-28f6-4121-9d50-e8a5443fb33e,1964,Debit,44524446.86,Active
67792618-387a-425f-b974-4f2097108003,1965,Debit,28051467.8,Active
a42b20fa-cccf-4647-b0b6-955e93f554d8,1966,Debit,108361701.55,Active
cd953cef-6e62-4e26-8f82-51007192a112,1967,Debit,50185093.65,Active
5dfc567a-357b-4644-8d58-0e18cb39aa0a,1967,Credit,195100710.6,Compromised
b73b1404-0752-42ed-afb4-5dba54c03c05,1968,Debit,62432732.87,Active
66ad46fd-8c95-432f-9557-63cd3a3e63b7,1969,Credit,669761142.35,Active
9a622ccc-f12a-4f57-84a2-95675e4f674c,1970,Debit,125419500.93,Active
65a94891-ef7d-418d-b55c-370885f90c51,1970,Debit,125419500.93,Active
21013706-6f92-4827-9d2f-a4e9e3068488,1971,Debit,145539541.7,Active
cea30bf9-d181-44fa-957d-2cfdcc9dfec3,1971,Debit,145539541.7,Active
9d8ef218-13dd-42a2-9142-e02f81b68603,1972,Debit,53641960.68,Active
4a74818b-5b7f-4221-9a6c-8f9b694318c0,1972,Credit,238296984.34,Active
bb9d9bb4-1e53-4ec2-8c67-c628eaaccde5,1973,Debit,15916536.49,Active
8a5d1ac2-b030-4467-843b-a11591c2c863,1974,Debit,14753808.38,Active
72316c18-5242-4e71-ae1b-5cdbb8ef540c,1974,Credit,44554112.34,Active
7e8ced63-e2e2-44a4-8f4e-a8e1524274f0,1975,Credit,67978314.78,Active
7b790c72-c648-4f22-8358-fdb20bb635b8,1975,Debit,14559367.77,Active
0390f64f-edbb-4623-8aec-b3fd709b72bb,1976,Debit,131804875.62,Active
97d25ea0-76cd-41a1-ba6f-9b2bd4f2d958,1976,Credit,337247768.72,Active
6bc5f804-74f6-444b-a5c6-394b849ead84,1977,Credit,166942923.48,Active
2053ce5b-5846-4f83-96ce-e64b63c8be5e,1978,Credit,182516173.39,Active
6b6c040a-525d-47b6-9326-ada6e18f8c8f,1978,Debit,38076285.71,Active
62b92550-1e81-4822-ac41-2d823157306a,1979,Credit,37153777.77,Active
937bf22e-c957-4e24-b778-58699c29b6b1,1980,Debit,9504472.46,Active
47b98f99-cf2c-4a64-9449-a7923461bc80,1981,Debit,342062706.31,Active
1bd76e22-9286-421a-aecd-7bc93ff43375,1981,Debit,342062706.31,Active
d2eb33ce-0c9f-4353-a4b0-394ddc541ac4,1982,Debit,213035095.38,Active
29e747f0-40e0-4443-b1cb-e2023c04c169,1983,Debit,10247422.53,Active
e1eecf80-7346-43cb-8ec6-6323ee95d3f3,1983,Debit,10247422.53,Active
ebc74fbc-e149-468c-baca-bc5765a4d4e9,1984,Debit,73180580.74,Active
81d1a297-b15c-4a17-90de-20fa62728373,1984,Debit,73180580.74,Active
c1714fd1-ce46-48d1-8c98-14654ccfb523,1985,Credit,227615851.13,Active
dd95a24c-c661-4cac-9eb3-f777e99d25b9,1986,Credit,141344392.76,Compromised
b826f212-9a88-4ff8-bb3d-865f6e9b26c0,1986,Debit,39803765.31,Active
b5501448-7838-44dd-aea6-9c1e7b367a66,1987,Debit,557539789.75,Active
dee97706-1087-4c04-8ebd-2bec0ff48a46,1988,Debit,140875626.7,Active
08efb9d8-34c3-4c57-87f4-5d7cc8e25ec7,1988,Credit,394802244.71,Compromised
51b2bbd4-7fca-4490-b59d-36d50e8f7483,1989,Credit,74195293.94,Active
56a4283e-b0e2-49a2-949e-74c7eee32b4a,1989,Debit,16825192.84,Active
b4d43f57-c64b-4d5b-b91f-ddbb0273ada6,1990,Debit,24653987.95,Active
a97c23e4-b2f9-4609-b955-9255cf6cb69d,1991,Credit,100450996.36,Active
b85b5d90-8bca-4c32-b937-786d7649815f,1991,Debit,32774655.02,Active
f35bba44-cc1c-4c11-a0e4-c77ea4c077f5,1992,Debit,53609942.46,Active
76964a0b-45a4-484d-885e-aaa06fe038ce,1992,Debit,53609942.46,Blocked
76e13b34-f7f8-461f-b18e-dddb444419f7,1993,Debit,18534334.58,Active
5f07234e-52bd-47cb-adaa-3bf5797451c2,1994,Credit,105647232.95,Active
704d3e59-e8c6-44b1-8143-e372264c7ed2,1994,Debit,30430078.31,Active
de8e7762-87ce-4408-a6fb-ce60a7e9a491,1995,Debit,102732646.49,Active
978b61de-9a22-446d-b2ad-6aa1dc0eed04,1996,Debit,12444451.74,Blocked
fb2dbea6-8470-4ced-a2df-49035e7e454e,1996,Debit,12444451.74,Active
168766fa-ec62-4ab6-a0cd-7982b6090603,1997,Credit,1004535578.66,Active
cc54ce8f-4b0a-49b2-8c2b-46eb0925a6a2,1997,Debit,291860318.87,Blocked
5511448c-8275-445c-bb97-2fe76b766b42,1998,Credit,75318973.67,Active
5c3e1090-ca7c-4d08-a616-ddc3a36910e0,1999,Debit,31927295.76,Active
ed40884b-4324-4eee-b672-e211394ed3b6,1999,Debit,31927295.76,Active
9bbbf4ee-346a-4c99-81d7-bbd8d96eb496,2000,Debit,243495598.65,Active
bd307a7e-27a2-43aa-bedc-11eda45531d9,2000,Debit,243495598.65,Active
