customer_id,age,income,city,account_type,join_date,tenure_days,risk_score,is_active,avg_txn_amount,std_txn_amount,total_spend,txn_count,fraud_count,fraud_rate
1,56,251448764.58,Kolkata,Current,2024-10-27,580,0.045,True,45621.79,61501.02,1049301.28,23,1,0.043478260869565216
2,41,33885488.65,Chennai,Current,2019-01-24,2683,0.065,False,43101.94,47820.7,689630.98,16,5,0.3125
3,61,524343611.89,Bangalore,Current,2019-04-20,2597,0.002,True,67177.96,84533.03,1410737.16,21,4,0.19047619047619047
4,59,123405255.73,Pune,Premium,2016-07-28,3593,0.173,True,13757.3,16961.32,247631.39,18,1,0.05555555555555555
5,68,48306765.08,Mumbai,Premium,2018-12-25,2713,0.218,True,62847.55,65063.81,1508341.11,24,1,0.041666666666666664
6,21,216304205.29,Delhi,Current,2024-04-04,786,0.189,True,41159.07,73451.21,493908.8,12,1,0.08333333333333333
7,37,86621706.42,Mumbai,Premium,2022-10-11,1327,0.167,True,11774.22,15744.26,223710.11,19,2,0.10526315789473684
8,57,576471089.33,Hyderabad,Current,2019-03-04,2644,0.021,True,69229.07,89412.52,1384581.45,20,1,0.05
9,35,293834882.38,Mumbai,Current,2025-08-22,281,0.02,False,30254.78,50937.24,574840.88,19,0,0.0
10,38,54329409.39,Delhi,Current,2019-06-16,2540,0.083,False,44407.4,56006.72,621703.63,14,2,0.14285714285714285
11,77,59542783.39,Ahmedabad,Current,2016-08-03,3587,0.249,True,10315.92,19127.62,257898.11,25,2,0.08
12,25,38907823.66,Bangalore,Premium,2025-02-28,456,0.221,True,26845.37,35037.42,671134.18,25,2,0.08
13,76,29627832.51,Delhi,Premium,2021-08-01,1763,0.362,True,35510.09,36370.31,1065302.61,30,2,0.06666666666666667
14,72,40719915.44,Ahmedabad,Current,2020-09-21,2077,0.223,True,52934.22,53248.42,846947.52,16,2,0.125
15,52,60899583.53,Kolkata,Premium,2024-03-26,795,0.206,True,22702.34,30069.76,590260.89,26,0,0.0
16,44,33287197.65,Chennai,Current,2018-08-22,2838,0.003,True,42724.78,72333.91,769045.99,18,2,0.1111111111111111
17,49,51795391.96,Chennai,Premium,2026-05-24,6,0.325,True,45123.65,62686.4,812225.73,18,3,0.16666666666666666
18,46,14875318.64,Pune,Current,2017-10-30,3134,0.029,True,24078.24,29953.93,577877.7,24,2,0.08333333333333333
19,59,338514326.58,Pune,Premium,2017-06-23,3263,0.169,True,49135.0,55378.57,1474049.88,30,1,0.03333333333333333
20,75,59709753.77,Mumbai,Current,2025-05-17,378,0.241,True,29071.56,57469.55,755860.58,26,2,0.07692307692307693
21,79,21815282.08,Pune,Current,2016-08-13,3577,0.203,True,57486.26,64237.77,1609615.18,28,1,0.03571428571428571
22,68,26597069.75,Ahmedabad,Current,2025-02-19,465,0.017,True,34118.78,34761.34,887088.36,26,1,0.038461538461538464
23,58,48567506.51,Bangalore,Current,2016-08-03,3587,0.07,True,29874.19,55721.92,627357.93,21,0,0.0
24,66,159229023.39,Hyderabad,Current,2023-10-17,956,0.098,True,51900.49,67596.86,1193711.3,23,2,0.08695652173913043
25,54,115856691.98,Pune,Current,2018-03-29,2984,0.045,True,56910.78,76826.84,1365858.67,24,4,0.16666666666666666
26,21,92918331.01,Pune,Current,2026-03-10,81,0.324,True,36780.38,53385.99,772388.04,21,1,0.047619047619047616
27,69,431248750.62,Bangalore,Premium,2017-03-30,3348,0.165,True,37450.42,50446.21,973710.85,26,2,0.07692307692307693
28,46,119185166.12,Delhi,Current,2017-09-04,3190,0.022,True,55340.5,61000.54,1217490.97,22,3,0.13636363636363635
29,36,63373920.33,Mumbai,Premium,2022-02-04,1576,0.218,True,21740.73,35890.72,586999.74,27,0,0.0
30,40,11138698.56,Ahmedabad,Premium,2026-03-05,86,0.323,True,44817.28,58460.22,1299701.05,29,3,0.10344827586206896
31,74,50903896.92,Mumbai,Premium,2017-03-29,3349,0.319,True,31433.85,29404.09,943015.62,30,3,0.1
32,65,243111895.65,Mumbai,Premium,2023-11-17,925,0.19,True,24893.81,63133.42,597451.34,24,1,0.041666666666666664
33,28,274426473.74,Mumbai,Current,2019-05-16,2571,0.037,True,23823.8,49610.86,500299.84,21,2,0.09523809523809523
34,46,94998129.34,Bangalore,Current,2019-05-04,2583,0.049,True,40758.03,47992.16,692886.43,17,1,0.058823529411764705
35,58,48878154.29,Ahmedabad,Current,2019-09-11,2453,0.037,True,20937.46,30206.42,460624.02,22,1,0.045454545454545456
36,34,38948908.05,Pune,Current,2018-03-31,2982,0.051,True,23635.64,41378.37,709069.26,30,2,0.06666666666666667
37,63,48685373.81,Chennai,Premium,2022-03-23,1529,0.193,True,33940.84,53618.87,848520.89,25,2,0.08
38,45,62818974.75,Ahmedabad,Premium,2022-08-03,1396,0.173,True,29412.57,33388.01,735314.32,25,2,0.08
39,52,39081291.39,Chennai,Premium,2024-03-02,819,0.225,True,52106.04,63158.15,1094226.93,21,1,0.047619047619047616
40,66,42366757.98,Hyderabad,Current,2022-08-31,1368,0.098,True,49055.34,68485.52,1226383.5,25,2,0.08
41,38,45856746.06,Pune,Current,2018-06-08,2913,0.039,True,44194.06,71127.39,1016463.33,23,1,0.043478260869565216
42,57,17163809.37,Kolkata,Current,2023-04-27,1129,0.067,True,15341.12,18907.73,276140.16,18,0,0.0
43,44,83258257.85,Kolkata,Current,2026-05-01,29,0.221,True,38002.57,46629.59,912061.75,24,1,0.041666666666666664
44,72,37437096.18,Hyderabad,Current,2020-05-01,2220,0.211,True,30545.69,26674.19,549822.5,18,3,0.16666666666666666
45,74,35116734.47,Delhi,Premium,2018-07-13,2878,0.303,True,71026.44,77602.62,1278475.91,18,6,0.3333333333333333
46,40,45404164.23,Pune,Current,2017-09-04,3190,0.016,True,52479.94,62365.19,1102078.79,21,7,0.3333333333333333
47,75,216108455.21,Hyderabad,Current,2023-04-25,1131,0.233,True,43657.12,62368.0,1309713.67,30,2,0.06666666666666667
48,22,15864075.78,Pune,Premium,2022-04-19,1502,0.319,True,36089.46,67702.24,830057.57,23,13,0.5652173913043478
49,72,22364975.5,Delhi,Premium,2022-02-28,1552,0.325,False,44712.94,56488.43,1251962.41,28,3,0.10714285714285714
50,40,14848294.22,Delhi,Premium,2021-09-25,1708,0.156,True,48652.05,60767.11,1216301.16,25,0,0.0
51,51,54737992.5,Chennai,Current,2018-01-29,3043,0.066,True,32621.96,48569.0,978658.68,30,4,0.13333333333333333
52,72,69337300.08,Pune,Current,2025-02-02,482,0.166,True,39420.51,51046.05,867251.25,22,3,0.13636363636363635
53,31,41423642.63,Ahmedabad,Premium,2017-10-28,3136,0.168,True,49697.76,64970.16,1242444.1,25,3,0.12
54,65,100390139.01,Chennai,Current,2022-04-22,1499,0.046,True,46449.21,63291.08,928984.14,20,0,0.0
55,27,125553048.06,Ahmedabad,Current,2022-07-04,1426,0.093,True,45655.75,64200.9,821803.45,18,0,0.0
56,22,67155452.7,Delhi,Premium,2021-11-29,1643,0.394,True,50874.02,60085.31,1271850.52,25,1,0.04
57,49,35671181.97,Bangalore,Premium,2023-09-17,986,0.196,True,63026.72,65450.44,2142908.63,34,6,0.17647058823529413
58,29,105696225.01,Hyderabad,Premium,2020-01-01,2341,0.241,True,20860.25,41910.21,417205.02,20,1,0.05
59,29,36612329.72,Delhi,Current,2025-07-06,328,0.084,True,22579.23,34785.04,451584.7,20,2,0.1
60,68,55523351.38,Chennai,Current,2018-10-25,2774,0.07,True,73340.96,75654.82,1760183.06,24,3,0.125
61,73,98345229.19,Ahmedabad,Current,2024-10-04,603,0.225,True,48720.7,71347.34,1071855.34,22,2,0.09090909090909091
62,52,82954935.2,Ahmedabad,Current,2024-02-05,845,0.078,True,58839.63,59692.43,1176792.7,20,1,0.05
63,49,563705832.41,Mumbai,Premium,2020-03-30,2252,0.16,True,36332.89,41720.95,980987.99,27,8,0.2962962962962963
64,37,114506366.11,Mumbai,Current,2024-11-06,570,0.09,True,53345.73,75402.46,1386988.98,26,4,0.15384615384615385
65,78,131028171.69,Bangalore,Premium,2019-01-26,2681,0.395,True,18705.74,32234.42,467643.47,25,2,0.08
66,33,33932997.25,Bangalore,Current,2024-01-15,866,0.033,True,38215.85,54030.78,917180.47,24,2,0.08333333333333333
67,70,93030505.78,Kolkata,Current,2017-11-01,3132,0.044,True,20784.27,24932.2,519606.83,25,4,0.16
68,28,48762154.69,Hyderabad,Current,2020-09-13,2085,0.076,True,40136.0,69255.3,1083672.07,27,3,0.1111111111111111
69,55,37798245.15,Chennai,Premium,2022-11-18,1289,0.221,True,13658.65,21221.09,273172.96,20,3,0.15
70,55,191579507.08,Hyderabad,Current,2024-03-27,794,0.037,True,38711.51,60733.28,967787.67,25,1,0.04
71,24,95665981.63,Pune,Current,2021-01-27,1949,0.228,True,58980.64,67827.82,1238593.5,21,3,0.14285714285714285
72,27,483153212.75,Chennai,Current,2021-12-17,1625,0.049,True,42502.04,49489.48,850040.82,20,2,0.1
73,79,105101616.32,Kolkata,Current,2017-03-06,3372,0.246,True,41079.12,59376.24,821582.43,20,2,0.1
74,42,301549807.7,Hyderabad,Current,2021-03-12,1905,0.096,False,25245.11,33944.92,302941.32,12,2,0.16666666666666666
75,62,51112869.75,Bangalore,Premium,2023-08-02,1032,0.157,True,23071.49,32035.99,461429.87,20,1,0.05
76,74,88442029.62,Kolkata,Premium,2025-10-14,228,0.37,False,17585.45,35359.7,422050.91,24,1,0.041666666666666664
77,71,45864232.26,Hyderabad,Premium,2023-05-30,1096,0.328,True,39179.79,54374.05,1057854.34,27,0,0.0
78,25,88061038.81,Mumbai,Current,2021-03-27,1890,0.008,True,69872.92,61516.57,1746822.91,25,2,0.08
79,44,15558713.12,Chennai,Premium,2020-06-06,2184,0.218,True,27221.04,52212.98,598862.81,22,0,0.0
80,52,217505880.74,Kolkata,Premium,2024-10-18,589,0.223,True,32918.33,50992.67,658366.69,20,1,0.05
81,27,153447091.74,Mumbai,Premium,2016-05-31,3651,0.249,True,27288.64,29553.41,682215.97,25,3,0.12
82,43,41384731.47,Chennai,Premium,2024-12-03,543,0.234,True,27348.98,52555.32,546979.59,20,1,0.05
83,58,45927658.74,Kolkata,Premium,2016-11-14,3484,0.231,True,52879.18,67149.69,951825.24,18,5,0.2777777777777778
84,20,47415716.53,Delhi,Premium,2023-05-23,1103,0.394,True,46588.21,69830.94,978352.46,21,3,0.14285714285714285
85,38,21565410.2,Hyderabad,Premium,2017-06-08,3278,0.212,True,29388.08,34874.0,558373.58,19,1,0.05263157894736842
86,56,67595391.46,Bangalore,Current,2019-01-11,2696,0.077,True,50666.83,81103.56,557335.14,11,2,0.18181818181818182
87,18,90757637.46,Kolkata,Current,2023-02-03,1212,0.163,True,25235.19,53154.87,252351.86,10,0,0.0
88,54,54157561.33,Pune,Premium,2022-08-03,1396,0.171,True,23120.02,42378.65,416160.41,18,8,0.4444444444444444
89,51,17352227.06,Hyderabad,Current,2022-04-29,1492,0.09,True,15351.22,24646.03,276322.05,18,0,0.0
90,50,516830906.67,Bangalore,Current,2026-05-13,17,0.212,True,19888.64,34773.62,556881.96,28,0,0.0
91,46,48589806.49,Delhi,Current,2022-10-27,1311,0.046,True,46095.95,60804.58,1244590.7,27,13,0.48148148148148145
92,19,79050586.17,Bangalore,Premium,2021-11-26,1646,0.324,True,37250.77,57191.83,745015.44,20,2,0.1
93,40,25317442.32,Bangalore,Current,2020-07-27,2133,0.09,True,22167.76,51574.59,576361.66,26,2,0.07692307692307693
94,49,65683561.32,Chennai,Current,2022-06-17,1443,0.004,True,23187.93,39113.62,602886.25,26,3,0.11538461538461539
95,59,20734342.83,Chennai,Current,2021-02-12,1933,0.05,True,18962.54,22084.91,530951.21,28,2,0.07142857142857142
96,43,139633127.04,Pune,Premium,2026-01-11,139,0.158,True,84433.63,64931.04,2195274.4,26,5,0.19230769230769232
97,65,81700267.81,Kolkata,Premium,2019-03-13,2635,0.168,True,40598.37,54149.64,771369.11,19,0,0.0
98,73,33785323.34,Ahmedabad,Premium,2019-08-16,2479,0.337,True,31359.49,47369.46,595830.27,19,3,0.15789473684210525
99,43,81702612.36,Kolkata,Premium,2022-06-06,1454,0.201,True,26213.04,34963.44,340769.46,13,2,0.15384615384615385
100,35,27098631.1,Mumbai,Current,2019-04-09,2608,0.024,True,54024.92,50629.24,810373.73,15,5,0.3333333333333333
101,45,25932244.12,Mumbai,Current,2024-08-17,651,0.012,True,34241.05,56094.26,684820.93,20,7,0.35
102,42,33102894.09,Kolkata,Premium,2021-01-01,1975,0.2,True,37957.14,54356.31,607314.18,16,0,0.0
103,39,37635282.91,Pune,Current,2023-05-13,1113,0.028,True,25052.33,43834.28,475994.3,19,0,0.0
104,51,126655098.32,Mumbai,Current,2019-09-22,2442,0.033,True,48089.19,68225.53,1298408.16,27,3,0.1111111111111111
105,39,43315101.8,Pune,Premium,2020-02-03,2308,0.159,True,48534.3,74947.4,922151.66,19,1,0.05263157894736842
106,72,26308297.58,Chennai,Current,2019-12-04,2369,0.152,False,34645.0,68086.17,588964.92,17,3,0.17647058823529413
107,48,308040751.6,Pune,Current,2018-05-15,2937,0.098,True,48609.17,64248.16,1312447.58,27,2,0.07407407407407407
108,68,182802798.73,Delhi,Premium,2023-06-05,1090,0.204,True,77734.37,73932.42,2098827.88,27,0,0.0
109,61,71994802.23,Pune,Current,2017-08-14,3211,0.071,True,36741.17,37806.27,881788.16,24,0,0.0
110,54,30065377.01,Bangalore,Premium,2019-05-13,2574,0.182,True,45231.66,48095.76,723706.55,16,0,0.0
111,67,162462891.41,Hyderabad,Current,2018-04-07,2975,0.068,True,51073.2,54191.65,1838635.02,36,3,0.08333333333333333
112,54,161199059.81,Pune,Current,2022-07-08,1422,0.047,True,33143.21,41835.55,1160012.42,35,3,0.08571428571428572
113,47,64273941.6,Bangalore,Current,2024-12-23,523,0.093,True,20587.34,27419.32,432334.13,21,2,0.09523809523809523
114,29,72134056.38,Hyderabad,Premium,2016-06-01,3650,0.222,True,25837.69,42951.38,439240.67,17,1,0.058823529411764705
115,25,299622261.71,Bangalore,Premium,2019-10-17,2417,0.169,True,49643.67,70916.49,893586.12,18,0,0.0
116,43,271135333.07,Delhi,Current,2025-02-27,457,0.059,True,29208.52,37299.24,759421.41,26,1,0.038461538461538464
117,56,198819447.69,Mumbai,Current,2020-09-13,2085,0.044,True,41075.43,45072.6,862584.04,21,1,0.047619047619047616
118,50,79494346.09,Ahmedabad,Current,2025-12-16,165,0.007,True,17709.45,21704.59,354188.93,20,4,0.2
119,68,101603497.3,Kolkata,Premium,2018-09-19,2810,0.167,True,13134.93,11944.58,236428.8,18,0,0.0
120,69,80443397.9,Mumbai,Current,2023-11-27,915,0.1,True,18703.96,38917.32,374079.19,20,2,0.1
121,54,122798517.7,Delhi,Premium,2020-07-13,2147,0.199,True,49945.78,47819.65,1048861.42,21,2,0.09523809523809523
122,55,37979706.61,Hyderabad,Current,2024-08-08,660,0.046,True,41187.71,45753.99,864941.93,21,0,0.0
123,46,10469706.33,Bangalore,Premium,2017-03-31,3347,0.151,True,46610.58,66944.41,978822.24,21,1,0.047619047619047616
124,53,119559496.85,Pune,Current,2020-12-05,2002,0.083,True,33915.81,31436.42,542652.96,16,1,0.0625
125,55,17895855.54,Ahmedabad,Premium,2017-01-17,3420,0.241,True,61632.8,65310.24,1232656.06,20,2,0.1
126,42,34096913.79,Hyderabad,Premium,2025-06-19,345,0.209,True,23877.75,28746.27,429799.42,18,0,0.0
127,21,100496859.35,Pune,Current,2020-10-13,2055,0.158,True,33487.88,55766.91,870684.78,26,1,0.038461538461538464
128,39,461150316.29,Delhi,Current,2022-06-08,1452,0.024,True,38241.47,52771.8,726587.97,19,2,0.10526315789473684
129,71,60599655.38,Kolkata,Current,2023-05-23,1103,0.211,True,48490.86,60036.81,1066798.92,22,1,0.045454545454545456
130,26,25346261.05,Bangalore,Premium,2022-05-12,1479,0.21,True,25861.61,28682.61,801709.8,31,14,0.45161290322580644
131,42,154448829.06,Ahmedabad,Current,2021-03-20,1897,0.092,True,41502.6,66779.09,996062.33,24,2,0.08333333333333333
132,61,310498357.0,Hyderabad,Current,2016-11-03,3495,0.058,True,9713.54,10981.29,203984.31,21,0,0.0
133,41,31857176.27,Mumbai,Current,2024-11-04,572,0.021,True,22067.55,19780.09,617891.47,28,7,0.25
134,37,84417716.26,Kolkata,Current,2023-02-09,1206,0.086,False,52433.62,61309.93,996238.78,19,1,0.05263157894736842
135,66,29070558.67,Pune,Current,2025-10-06,236,0.08,True,67989.52,83359.17,1563758.98,23,4,0.17391304347826086
136,46,18635493.47,Bangalore,Current,2025-02-16,468,0.084,True,46152.88,67326.01,1015363.27,22,3,0.13636363636363635
137,31,1136970904.76,Bangalore,Current,2021-05-28,1828,0.05,True,95681.67,71671.6,1435224.99,15,2,0.13333333333333333
138,18,157919321.37,Delhi,Current,2025-05-06,389,0.225,True,46849.73,76398.83,983844.41,21,2,0.09523809523809523
139,63,102060597.37,Kolkata,Current,2025-10-20,222,0.02,True,30010.07,34004.2,600201.43,20,1,0.05
140,71,13298491.17,Hyderabad,Current,2018-01-15,3057,0.239,True,40418.58,61122.91,565860.08,14,0,0.0
141,51,164456340.26,Hyderabad,Premium,2017-06-16,3270,0.246,True,23877.5,32149.2,596937.43,25,3,0.12
142,38,50865550.83,Delhi,Current,2026-01-05,145,0.009,True,33822.86,56911.52,372051.51,11,2,0.18181818181818182
143,40,485967099.35,Bangalore,Premium,2024-07-23,676,0.212,True,25297.15,34273.39,379457.24,15,1,0.06666666666666667
144,19,87112206.43,Chennai,Current,2022-03-27,1525,0.233,True,44082.99,61175.23,969825.86,22,4,0.18181818181818182
145,47,39332879.66,Mumbai,Premium,2020-06-15,2175,0.228,True,37901.93,62742.65,909646.36,24,5,0.20833333333333334
146,73,237498672.81,Delhi,Current,2024-08-28,640,0.168,True,32169.06,56716.52,707719.42,22,0,0.0
147,31,86211420.81,Pune,Current,2024-08-13,655,0.065,False,24589.04,53446.74,713082.27,29,2,0.06896551724137931
148,75,595177178.25,Pune,Premium,2017-04-25,3322,0.368,True,9151.52,12703.94,237939.5,26,1,0.038461538461538464
149,38,88635567.55,Hyderabad,Current,2018-12-04,2734,0.05,True,35163.18,45161.66,843916.24,24,2,0.08333333333333333
150,59,48922342.76,Bangalore,Current,2022-08-19,1380,0.027,True,53860.35,85704.07,1184927.66,22,1,0.045454545454545456
151,29,256903847.96,Pune,Premium,2017-06-21,3265,0.19,True,41695.39,62070.36,958993.99,23,2,0.08695652173913043
152,19,43070288.82,Hyderabad,Premium,2025-09-15,257,0.308,True,57410.79,63648.12,1263037.44,22,4,0.18181818181818182
153,46,28171329.41,Bangalore,Premium,2020-11-02,2035,0.18,True,52203.88,44634.36,887465.99,17,7,0.4117647058823529
154,72,21785267.92,Mumbai,Premium,2018-02-07,3034,0.373,True,37986.09,59705.38,721735.63,19,3,0.15789473684210525
155,64,34704245.4,Delhi,Current,2020-07-16,2144,0.06,True,24402.62,17926.77,439247.18,18,1,0.05555555555555555
156,19,52744031.01,Mumbai,Current,2025-01-23,492,0.223,True,40514.17,50572.65,850797.61,21,2,0.09523809523809523
157,57,74955595.81,Pune,Premium,2016-08-22,3568,0.219,True,64217.49,79569.03,1284349.81,20,1,0.05
158,29,34979586.74,Chennai,Current,2017-09-22,3172,0.092,True,43948.58,45474.64,571331.59,13,1,0.07692307692307693
159,74,54536233.82,Chennai,Premium,2018-02-07,3034,0.373,True,50402.47,51990.68,907244.4,18,1,0.05555555555555555
160,54,21999904.35,Mumbai,Premium,2022-07-04,1426,0.175,True,77742.32,69913.51,1166134.79,15,1,0.06666666666666667
161,76,229508323.39,Delhi,Current,2020-11-03,2034,0.207,True,15212.42,15319.56,212973.81,14,0,0.0
162,32,55526330.59,Delhi,Current,2017-05-19,3298,0.092,True,43086.18,39763.77,861723.59,20,0,0.0
163,46,49860831.1,Mumbai,Current,2018-11-01,2767,0.083,True,18128.04,14350.74,453200.97,25,4,0.16
164,41,49903862.51,Chennai,Current,2026-01-29,121,0.008,True,60261.9,71208.55,1084714.13,18,2,0.1111111111111111
165,43,140154783.13,Mumbai,Current,2024-04-17,773,0.079,True,39604.76,58831.91,831699.99,21,2,0.09523809523809523
166,50,114486839.14,Kolkata,Premium,2025-01-26,489,0.173,True,15326.2,14983.62,337176.36,22,0,0.0
167,51,51501715.33,Kolkata,Premium,2020-06-29,2161,0.23,True,27461.57,33957.05,714000.88,26,1,0.038461538461538464
168,46,381697733.21,Mumbai,Current,2020-03-15,2267,0.048,True,51899.38,67210.98,830390.12,16,1,0.0625
169,61,113959452.34,Pune,Current,2017-12-28,3075,0.074,True,42006.45,43778.86,1050161.33,25,0,0.0
170,62,117246130.81,Pune,Current,2020-05-07,2214,0.03,True,41975.72,46098.88,1049393.11,25,3,0.12
171,65,48011174.63,Hyderabad,Current,2023-05-08,1118,0.068,False,60182.27,85291.44,1624921.33,27,11,0.4074074074074074
172,54,196294583.33,Ahmedabad,Current,2025-05-15,380,0.042,True,33972.36,63091.79,679447.23,20,1,0.05
173,41,24993392.95,Hyderabad,Premium,2020-02-25,2286,0.173,True,23977.84,33301.1,623423.8,26,0,0.0
174,71,61663400.41,Delhi,Current,2018-11-11,2757,0.173,True,30113.58,34391.67,572158.05,19,2,0.10526315789473684
175,58,33441994.97,Mumbai,Current,2018-12-27,2711,0.097,True,48513.7,55518.85,1115815.08,23,4,0.17391304347826086
176,37,421347515.6,Delhi,Current,2022-10-16,1322,0.04,True,36890.44,53781.98,700918.39,19,0,0.0
177,34,35195241.7,Mumbai,Current,2019-04-10,2607,0.054,True,31160.93,38889.47,841345.05,27,1,0.037037037037037035
178,54,71665095.19,Hyderabad,Premium,2019-10-13,2421,0.177,True,22502.83,26911.57,607576.33,27,1,0.037037037037037035
179,20,204575486.31,Bangalore,Premium,2019-11-16,2387,0.355,True,37842.22,47535.31,794686.57,21,1,0.047619047619047616
180,77,59914514.92,Delhi,Current,2024-09-26,611,0.222,True,44747.03,52266.27,850193.53,19,3,0.15789473684210525
181,54,35933785.08,Ahmedabad,Premium,2019-02-23,2653,0.2,True,11123.6,17604.02,278089.97,25,2,0.08
182,68,194664016.91,Bangalore,Current,2020-04-20,2231,0.068,True,82619.0,67677.8,1487142.0,18,0,0.0
183,50,261064782.56,Mumbai,Premium,2022-07-03,1427,0.237,True,63379.59,77650.06,1204212.15,19,2,0.10526315789473684
184,62,95341660.8,Pune,Premium,2017-05-25,3292,0.212,True,25787.94,33775.46,644698.47,25,1,0.04
185,22,142387221.28,Kolkata,Current,2022-03-15,1537,0.224,True,59128.42,71684.13,1419081.96,24,2,0.08333333333333333
186,19,183023703.21,Ahmedabad,Current,2026-03-12,79,0.301,True,36720.84,54473.82,697695.88,19,2,0.10526315789473684
187,44,54836707.15,Bangalore,Premium,2021-04-16,1870,0.204,True,61948.69,89872.51,929230.35,15,5,0.3333333333333333
188,36,295671066.28,Kolkata,Current,2020-07-28,2132,0.096,True,23484.96,39234.7,540154.11,23,1,0.043478260869565216
189,32,113874598.45,Pune,Current,2021-02-19,1926,0.071,True,82194.9,87510.98,1808287.73,22,3,0.13636363636363635
190,71,55075155.54,Delhi,Premium,2023-04-12,1144,0.305,False,21960.06,42486.81,483121.38,22,2,0.09090909090909091
191,64,104074526.47,Bangalore,Premium,2021-08-26,1738,0.152,True,11587.24,18172.95,266506.47,23,1,0.043478260869565216
192,64,61471388.94,Delhi,Premium,2024-07-28,671,0.218,True,35781.49,60316.24,930318.78,26,1,0.038461538461538464
193,51,51102509.25,Chennai,Current,2023-11-28,914,0.079,True,20782.5,30638.55,457214.91,22,2,0.09090909090909091
194,49,13104571.61,Bangalore,Premium,2024-01-04,877,0.215,True,28718.3,39851.42,1120013.59,39,2,0.05128205128205128
195,79,72411521.81,Pune,Current,2019-05-28,2559,0.214,True,57586.17,48714.51,1209309.57,21,4,0.19047619047619047
196,22,150340696.71,Kolkata,Current,2016-12-19,3449,0.239,True,66901.8,74367.46,1471839.53,22,5,0.22727272727272727
197,52,23134408.77,Ahmedabad,Premium,2019-08-21,2474,0.197,True,47899.12,67664.65,1053780.65,22,12,0.5454545454545454
198,42,516593554.74,Pune,Premium,2017-03-26,3352,0.227,True,42477.62,47681.68,679642.0,16,2,0.125
199,24,55155552.62,Pune,Premium,2025-06-13,351,0.348,True,18211.97,28409.2,400663.33,22,0,0.0
200,79,75011915.6,Mumbai,Current,2021-03-21,1896,0.17,True,35197.96,39835.3,563167.43,16,0,0.0
201,39,81176910.27,Ahmedabad,Current,2018-10-03,2796,0.046,True,55702.46,68137.53,1058346.78,19,4,0.21052631578947367
202,47,33137657.8,Ahmedabad,Current,2019-07-20,2506,0.06,True,60052.84,73356.16,2041796.46,34,2,0.058823529411764705
203,42,75088228.83,Ahmedabad,Current,2021-11-07,1665,0.099,True,23004.5,35542.51,460090.07,20,2,0.1
204,71,47637387.63,Ahmedabad,Premium,2020-01-01,2341,0.356,True,33767.24,56360.12,844181.12,25,6,0.24
205,50,42264111.22,Pune,Current,2018-11-02,2766,0.008,True,41652.47,52204.0,791396.9,19,2,0.10526315789473684
206,55,32559011.2,Delhi,Premium,2023-05-22,1104,0.23,True,27622.08,37893.24,414331.19,15,1,0.06666666666666667
207,61,113506259.25,Kolkata,Current,2022-11-03,1304,0.094,True,56165.66,70736.08,1291810.16,23,3,0.13043478260869565
208,58,341023594.63,Pune,Premium,2019-11-21,2382,0.221,True,11936.48,12482.1,190983.64,16,0,0.0
209,64,466920951.0,Mumbai,Current,2017-10-18,3146,0.064,True,40615.21,53330.34,893534.71,22,0,0.0
210,31,55191253.18,Chennai,Current,2022-09-30,1338,0.025,True,21375.24,34261.75,491630.47,23,8,0.34782608695652173
211,68,67084030.08,Delhi,Premium,2020-01-17,2325,0.2,True,58831.35,67677.99,1353121.03,23,0,0.0
212,36,34744619.26,Bangalore,Premium,2018-05-10,2942,0.247,True,20838.19,22239.0,375087.46,18,0,0.0
213,68,42006266.04,Chennai,Premium,2022-02-17,1563,0.223,True,25344.34,40086.53,430853.73,17,4,0.23529411764705882
214,54,18013010.04,Ahmedabad,Current,2021-07-18,1777,0.099,True,17451.28,19240.19,471184.65,27,3,0.1111111111111111
215,68,134639567.27,Delhi,Current,2016-07-22,3599,0.087,True,56274.62,86908.9,1350590.96,24,3,0.125
216,56,37222527.77,Hyderabad,Current,2025-10-02,240,0.091,True,14412.59,16387.62,273839.25,19,1,0.05263157894736842
217,35,33680098.03,Kolkata,Premium,2017-04-26,3321,0.241,True,27466.92,39634.43,466937.58,17,1,0.058823529411764705
218,31,223382946.55,Chennai,Current,2024-06-09,720,0.085,True,35543.12,49320.94,781948.69,22,0,0.0
219,71,301751457.32,Pune,Current,2022-05-16,1475,0.209,True,7090.72,7829.66,155995.89,22,1,0.045454545454545456
220,42,16666665.13,Kolkata,Current,2023-09-20,983,0.066,True,30830.57,43074.51,709103.13,23,4,0.17391304347826086
221,29,47659995.33,Pune,Current,2022-01-09,1602,0.007,True,46950.12,56373.68,1361553.35,29,3,0.10344827586206896
222,46,65265868.85,Hyderabad,Premium,2023-06-05,1090,0.193,True,61128.92,90166.12,1161449.57,19,4,0.21052631578947367
223,29,123140134.72,Chennai,Current,2019-05-10,2577,0.074,True,44048.18,50715.44,1189300.81,27,2,0.07407407407407407
224,66,123080493.2,Kolkata,Premium,2024-04-26,764,0.209,True,11330.11,16723.04,294582.92,26,3,0.11538461538461539
225,76,46959426.61,Chennai,Current,2017-07-06,3250,0.244,True,39766.91,34189.31,556736.73,14,1,0.07142857142857142
226,52,47938137.57,Mumbai,Premium,2020-04-23,2228,0.182,True,20106.9,29316.99,542886.33,27,0,0.0
227,29,84948171.7,Delhi,Current,2022-03-06,1546,0.052,True,29702.7,40000.29,415837.82,14,2,0.14285714285714285
228,55,60348603.46,Ahmedabad,Current,2019-12-30,2343,0.031,True,12050.98,24535.71,313325.43,26,0,0.0
229,77,33716365.57,Delhi,Premium,2019-04-29,2588,0.318,True,37429.16,58532.15,1010587.35,27,1,0.037037037037037035
230,72,752551779.42,Mumbai,Premium,2019-10-30,2404,0.35,True,53051.05,53405.04,1273225.3,24,2,0.08333333333333333
231,64,95160056.65,Chennai,Current,2021-02-04,1941,0.066,True,56466.84,73896.03,903469.48,16,0,0.0
232,58,99929296.84,Pune,Premium,2016-10-04,3525,0.25,True,50466.54,79053.46,1513996.05,30,2,0.06666666666666667
233,50,59445447.92,Hyderabad,Current,2022-09-24,1344,0.074,True,50004.12,68137.2,1000082.48,20,2,0.1
234,55,63142695.53,Delhi,Premium,2024-06-12,717,0.231,True,19221.3,29736.74,422868.65,22,1,0.045454545454545456
235,40,44800144.68,Kolkata,Current,2021-12-11,1631,0.001,True,22067.42,33551.83,684090.04,31,1,0.03225806451612903
236,75,52857023.22,Mumbai,Premium,2022-11-03,1304,0.339,True,18488.3,27591.72,332789.39,18,2,0.1111111111111111
237,49,131295934.46,Bangalore,Premium,2021-06-12,1813,0.196,True,15113.99,22721.91,392963.7,26,2,0.07692307692307693
238,25,89849403.52,Delhi,Current,2026-05-29,1,0.153,True,20871.49,14758.35,480044.21,23,2,0.08695652173913043
239,22,90539568.87,Pune,Premium,2018-03-01,3012,0.376,True,24494.59,33354.59,391913.48,16,2,0.125
240,61,1146015756.25,Kolkata,Current,2023-09-28,975,0.02,True,32681.61,31716.8,588268.94,18,2,0.1111111111111111
241,70,176903715.47,Pune,Current,2020-03-26,2256,0.093,True,17739.77,34771.32,266096.61,15,3,0.2
242,31,47213923.77,Bangalore,Current,2019-03-18,2630,0.028,True,19395.46,29316.55,504282.04,26,0,0.0
243,45,85049605.86,Hyderabad,Premium,2019-05-15,2572,0.177,True,59364.64,67395.32,1602845.25,27,2,0.07407407407407407
244,47,19104890.68,Chennai,Premium,2020-10-01,2067,0.168,True,10066.69,11482.28,271800.55,27,0,0.0
245,73,84280252.81,Chennai,Premium,2026-02-06,113,0.337,True,26499.56,43293.25,688988.61,26,5,0.19230769230769232
246,76,44792448.61,Hyderabad,Premium,2018-11-17,2751,0.352,True,50541.2,57512.08,1111906.38,22,4,0.18181818181818182
247,26,37131857.05,Mumbai,Premium,2016-06-07,3644,0.227,True,37346.61,54315.93,1008358.37,27,2,0.07407407407407407
248,54,25620503.37,Kolkata,Premium,2022-12-21,1256,0.235,True,26644.92,27784.49,586188.21,22,0,0.0
249,35,133807811.46,Hyderabad,Current,2016-09-14,3545,0.024,True,48323.49,36474.14,1063116.72,22,0,0.0
250,72,24921779.96,Bangalore,Current,2026-01-01,149,0.181,True,60612.11,83059.51,1454690.59,24,3,0.125
251,49,76156565.59,Ahmedabad,Current,2021-10-13,1690,0.014,True,45975.07,50538.94,873526.35,19,1,0.05263157894736842
252,38,21778996.74,Mumbai,Current,2019-01-28,2679,0.045,True,33648.74,52165.52,437433.68,13,2,0.15384615384615385
253,56,61943400.48,Chennai,Current,2022-12-19,1258,0.091,True,41686.67,67913.84,958793.39,23,4,0.17391304347826086
254,57,100956076.12,Mumbai,Current,2019-03-03,2645,0.04,True,15498.36,15636.83,495947.57,32,1,0.03125
255,58,103066529.17,Ahmedabad,Premium,2023-08-07,1027,0.157,True,42105.14,50558.8,1010523.42,24,3,0.125
256,55,43089752.91,Delhi,Premium,2017-08-15,3210,0.173,True,35871.09,60279.2,789164.0,22,0,0.0
257,23,19935304.34,Hyderabad,Premium,2024-03-21,800,0.345,True,77112.24,90551.49,1696469.21,22,2,0.09090909090909091
258,61,22075286.83,Kolkata,Premium,2024-06-15,714,0.213,True,37396.57,57431.99,747931.5,20,1,0.05
259,33,103723541.62,Ahmedabad,Current,2026-01-28,122,0.03,True,17161.03,26045.22,326059.59,19,0,0.0
260,33,40943306.61,Pune,Current,2024-06-05,724,0.097,False,32368.07,49520.36,420784.95,13,2,0.15384615384615385
261,57,302091661.55,Ahmedabad,Current,2017-12-08,3095,0.026,True,34738.38,47154.27,521075.73,15,2,0.13333333333333333
262,50,24511364.58,Chennai,Current,2017-08-07,3218,0.016,True,27250.54,24851.79,517760.17,19,1,0.05263157894736842
263,50,24488286.93,Mumbai,Current,2016-12-10,3458,0.024,True,57266.6,81853.83,1317131.78,23,0,0.0
264,69,19482883.78,Pune,Premium,2020-06-17,2173,0.237,True,53310.22,78245.51,799653.34,15,2,0.13333333333333333
265,60,14818645.5,Pune,Current,2022-11-03,1304,0.04,True,47488.88,51084.51,1139733.04,24,3,0.125
266,52,101824130.1,Bangalore,Current,2025-10-09,233,0.072,True,4099.52,2508.23,65592.26,16,0,0.0
267,69,115002811.68,Delhi,Premium,2021-03-02,1915,0.207,True,16814.25,21556.07,302656.57,18,1,0.05555555555555555
268,42,35373999.08,Mumbai,Current,2022-05-14,1477,0.061,True,10742.74,17206.08,161141.17,15,1,0.06666666666666667
269,71,204747735.73,Delhi,Premium,2021-12-10,1632,0.367,True,80961.83,75090.29,1133465.64,14,3,0.21428571428571427
270,51,45735346.81,Hyderabad,Current,2020-07-04,2156,0.008,False,32686.1,37378.04,817152.46,25,2,0.08
271,49,75770180.25,Delhi,Current,2024-11-14,562,0.002,True,20368.71,24977.33,407374.29,20,3,0.15
272,36,37220905.88,Mumbai,Current,2018-04-09,2973,0.019,True,36806.07,46653.71,956957.77,26,3,0.11538461538461539
273,28,49182711.16,Chennai,Current,2023-07-01,1064,0.017,True,40138.79,53849.32,1123886.06,28,2,0.07142857142857142
274,79,83221655.0,Mumbai,Current,2025-12-03,178,0.219,True,64631.43,70756.38,1098734.3,17,2,0.11764705882352941
275,56,31582164.39,Pune,Current,2026-02-13,106,0.066,True,8277.9,10468.06,182113.87,22,2,0.09090909090909091
276,54,92842749.18,Kolkata,Current,2017-02-22,3384,0.019,True,70610.67,74542.09,847327.99,12,4,0.3333333333333333
277,39,328704617.65,Bangalore,Current,2022-06-29,1431,0.042,True,42718.0,69497.43,1025232.01,24,2,0.08333333333333333
278,55,77444671.21,Kolkata,Premium,2024-03-11,810,0.164,True,42875.09,42183.45,643126.36,15,2,0.13333333333333333
279,30,26998491.15,Hyderabad,Current,2025-01-19,496,0.045,True,19950.69,20502.92,339161.78,17,1,0.058823529411764705
280,70,48119202.74,Hyderabad,Current,2022-10-05,1333,0.032,True,38298.57,52197.25,919165.69,24,1,0.041666666666666664
281,52,29001643.27,Mumbai,Premium,2016-11-15,3483,0.239,True,47387.56,51649.86,1421626.89,30,11,0.36666666666666664
282,73,12508652.64,Chennai,Premium,2024-08-15,653,0.344,True,24823.51,40390.6,570940.7,23,3,0.13043478260869565
283,67,46490087.86,Bangalore,Premium,2026-05-11,19,0.366,True,40738.85,48552.73,774038.09,19,2,0.10526315789473684
284,66,85204519.89,Bangalore,Current,2021-10-04,1699,0.052,True,22407.76,36885.49,336116.45,15,1,0.06666666666666667
285,61,42728023.97,Chennai,Current,2016-10-03,3526,0.072,True,18159.46,28943.17,290551.39,16,0,0.0
286,52,51742030.67,Delhi,Premium,2022-05-01,1490,0.224,True,30391.27,39994.25,486260.36,16,4,0.25
287,53,73729570.64,Chennai,Current,2017-06-17,3269,0.017,True,33895.16,53211.73,915169.41,27,3,0.1111111111111111
288,71,410960291.16,Ahmedabad,Current,2017-10-08,3156,0.152,True,26582.86,29377.28,558240.09,21,0,0.0
289,34,70564231.6,Mumbai,Current,2017-07-04,3252,0.021,True,35261.74,48455.86,881543.61,25,3,0.12
290,21,464597681.53,Pune,Premium,2020-10-02,2066,0.353,True,16445.76,21401.61,328915.2,20,8,0.4
291,27,521515853.13,Hyderabad,Premium,2023-08-24,1010,0.231,True,60469.79,72875.94,1753624.05,29,2,0.06896551724137931
292,27,144287475.34,Mumbai,Premium,2020-03-03,2279,0.172,True,63385.9,64536.46,1648033.41,26,2,0.07692307692307693
293,31,69401623.79,Ahmedabad,Current,2018-10-01,2798,0.012,True,51069.63,50299.9,1072462.18,21,1,0.047619047619047616
294,66,53563309.86,Kolkata,Current,2021-08-07,1757,0.082,True,31511.68,48818.79,472675.13,15,1,0.06666666666666667
295,29,318077442.72,Ahmedabad,Current,2024-04-08,782,0.084,True,42193.78,63309.99,886069.35,21,2,0.09523809523809523
296,40,30085926.59,Bangalore,Current,2021-03-05,1912,0.055,True,46729.07,40864.37,1168226.65,25,0,0.0
297,45,46322215.9,Kolkata,Premium,2026-05-21,9,0.382,True,30408.66,43263.19,760216.38,25,2,0.08
298,40,151946748.59,Chennai,Premium,2025-04-05,420,0.204,True,57500.69,79934.59,1150013.84,20,1,0.05
299,20,145339115.32,Ahmedabad,Premium,2019-09-18,2446,0.364,True,15891.18,17032.46,381388.38,24,3,0.125
300,25,71262770.29,Chennai,Current,2022-11-30,1277,0.025,True,33072.92,49777.5,892968.85,27,2,0.07407407407407407
301,21,106169216.71,Ahmedabad,Current,2016-10-24,3505,0.206,True,45581.87,45298.95,1002801.04,22,2,0.09090909090909091
302,44,38036930.55,Hyderabad,Current,2024-07-25,674,0.078,True,35389.2,50149.66,601616.32,17,2,0.11764705882352941
303,59,51027232.9,Ahmedabad,Current,2018-05-10,2942,0.031,True,49668.59,63838.89,1688731.92,34,3,0.08823529411764706
304,75,25240751.52,Ahmedabad,Current,2022-09-11,1357,0.222,True,31758.76,29140.24,635175.26,20,2,0.1
305,43,134410709.67,Hyderabad,Current,2024-10-18,589,0.062,True,63675.96,68110.52,1719250.89,27,1,0.037037037037037035
306,62,31240064.55,Pune,Current,2019-09-05,2459,0.048,True,29156.28,29794.22,553969.35,19,1,0.05263157894736842
307,54,149760009.98,Delhi,Premium,2022-12-26,1251,0.218,True,21999.35,49813.61,505984.94,23,1,0.043478260869565216
308,77,736225485.44,Pune,Current,2017-12-26,3077,0.158,True,44002.19,50923.97,616030.61,14,1,0.07142857142857142
309,29,347409904.33,Hyderabad,Current,2022-12-21,1256,0.044,True,53428.6,67008.83,1335714.96,25,12,0.48
310,66,73807871.89,Bangalore,Current,2026-03-18,73,0.172,True,30167.98,34805.54,633527.48,21,0,0.0
311,64,189449593.16,Ahmedabad,Current,2016-07-01,3620,0.064,True,28424.84,41374.82,625346.57,22,1,0.045454545454545456
312,32,69289928.29,Mumbai,Premium,2017-07-18,3238,0.188,False,52751.14,77809.81,1582534.35,30,3,0.1
313,22,21025795.1,Pune,Current,2017-10-11,3153,0.152,True,27337.59,50059.09,574089.48,21,3,0.14285714285714285
314,23,24229294.19,Delhi,Current,2017-06-05,3281,0.244,True,60098.61,70819.75,1262070.91,21,3,0.14285714285714285
315,43,121168305.95,Chennai,Premium,2026-02-08,111,0.196,True,25508.44,34012.98,586694.09,23,2,0.08695652173913043
316,43,62383916.3,Mumbai,Premium,2026-02-01,118,0.2,True,27176.66,33784.42,652239.84,24,2,0.08333333333333333
317,53,216170512.67,Ahmedabad,Current,2018-11-22,2746,0.075,True,55043.17,79452.35,935733.91,17,2,0.11764705882352941
318,38,25368983.51,Hyderabad,Current,2017-03-20,3358,0.028,True,19905.15,35849.96,497628.82,25,2,0.08
319,72,83097912.11,Chennai,Premium,2024-08-28,640,0.345,True,80094.56,90514.65,2162553.15,27,7,0.25925925925925924
320,26,28178143.02,Delhi,Current,2024-07-14,685,0.006,True,56359.62,67275.01,1296271.3,23,6,0.2608695652173913
321,38,17022657.16,Ahmedabad,Premium,2017-05-22,3295,0.152,True,15331.77,17832.5,383294.22,25,2,0.08
322,41,26476572.36,Hyderabad,Premium,2022-08-08,1391,0.155,True,66745.98,55549.77,1268173.58,19,1,0.05263157894736842
323,31,66948596.41,Mumbai,Current,2021-08-23,1741,0.046,True,17348.56,23061.62,277577.0,16,3,0.1875
324,29,68887726.79,Hyderabad,Current,2019-06-21,2535,0.015,True,38418.63,61571.17,653116.73,17,2,0.11764705882352941
325,74,367324518.63,Delhi,Current,2017-05-16,3301,0.236,True,54246.9,57339.19,1301925.48,24,1,0.041666666666666664
326,56,1370307712.29,Pune,Current,2020-10-05,2063,0.008,True,49360.01,64272.47,1283360.22,26,2,0.07692307692307693
327,27,37457860.82,Pune,Current,2018-10-26,2773,0.065,True,87014.05,79274.98,2349379.37,27,7,0.25925925925925924
328,64,163735168.21,Ahmedabad,Premium,2018-08-09,2851,0.196,True,15504.89,18611.5,325602.72,21,2,0.09523809523809523
329,66,32034853.89,Pune,Current,2019-11-05,2398,0.076,True,25983.68,21694.63,545657.38,21,3,0.14285714285714285
330,57,108190750.67,Bangalore,Premium,2022-07-15,1415,0.237,True,42431.92,67927.82,1145661.96,27,3,0.1111111111111111
331,57,154997653.89,Hyderabad,Premium,2024-03-21,800,0.204,True,10170.69,14798.18,223755.13,22,0,0.0
332,56,31523385.0,Bangalore,Premium,2023-06-06,1089,0.188,True,44831.82,65464.99,851804.57,19,2,0.10526315789473684
333,28,16342738.2,Chennai,Premium,2022-05-29,1462,0.208,True,51999.42,58200.99,883990.13,17,8,0.47058823529411764
334,26,55292418.61,Delhi,Premium,2021-12-13,1629,0.203,True,20366.04,34770.67,468418.97,23,1,0.043478260869565216
335,23,317123279.42,Ahmedabad,Premium,2024-10-04,603,0.328,True,47313.67,44699.26,851645.99,18,3,0.16666666666666666
336,45,37924271.22,Hyderabad,Current,2018-12-13,2725,0.089,True,83431.06,82241.01,917741.7,11,2,0.18181818181818182
337,54,31524416.48,Pune,Premium,2019-05-15,2572,0.23,True,39750.77,45647.22,874516.96,22,2,0.09090909090909091
338,18,55392708.63,Chennai,Premium,2026-01-19,131,0.367,True,34746.99,52581.49,625445.76,18,0,0.0
339,45,62867899.72,Mumbai,Current,2025-07-30,304,0.056,True,25418.24,49675.19,508364.85,20,3,0.15
340,37,132693660.54,Chennai,Current,2024-09-18,619,0.073,True,32260.62,36401.17,677473.0,21,5,0.23809523809523808
341,26,691280481.49,Kolkata,Current,2023-12-05,907,0.047,True,67080.79,62693.19,1140373.49,17,0,0.0
342,26,60504384.08,Hyderabad,Current,2017-10-02,3162,0.083,True,51845.07,68713.78,1399816.81,27,4,0.14814814814814814
343,65,103546097.49,Delhi,Current,2020-05-24,2197,0.045,True,40859.72,50634.34,1103212.33,27,3,0.1111111111111111
344,40,38314159.42,Bangalore,Current,2017-08-26,3199,0.084,True,17380.29,33642.7,347605.82,20,1,0.05
345,44,61295443.51,Hyderabad,Current,2026-01-27,123,0.069,True,15340.16,14611.52,352823.7,23,0,0.0
346,23,86504086.96,Kolkata,Current,2018-07-09,2882,0.234,True,29971.09,47116.37,809219.4,27,0,0.0
347,20,15341714.14,Chennai,Current,2022-01-04,1607,0.153,True,31317.19,46868.78,501075.04,16,3,0.1875
348,69,179993780.36,Bangalore,Premium,2016-11-23,3475,0.227,True,24026.26,52019.85,576630.29,24,4,0.16666666666666666
349,32,57734989.71,Ahmedabad,Current,2019-04-22,2595,0.011,True,50459.99,86141.73,1009199.71,20,3,0.15
350,31,273841686.25,Pune,Current,2021-07-27,1768,0.038,True,40487.61,66050.27,850239.81,21,2,0.09523809523809523
351,76,42910998.95,Bangalore,Premium,2023-04-21,1135,0.329,True,29904.21,61394.28,538275.73,18,2,0.1111111111111111
352,36,228056246.94,Kolkata,Current,2021-08-29,1735,0.096,True,28219.03,39802.65,818351.97,29,3,0.10344827586206896
353,77,275820196.09,Chennai,Current,2016-08-01,3589,0.22,True,48299.86,60446.98,965997.19,20,4,0.2
354,34,38875284.57,Mumbai,Current,2022-02-18,1562,0.047,True,7584.5,9718.46,106183.02,14,0,0.0
355,70,92048082.71,Ahmedabad,Current,2018-11-09,2759,0.09,True,104950.72,80295.66,1889112.99,18,2,0.1111111111111111
356,78,29191395.41,Kolkata,Premium,2018-05-28,2924,0.319,True,69605.98,85780.04,1044089.73,15,3,0.2
357,79,173945615.11,Kolkata,Premium,2020-09-12,2086,0.386,True,34925.59,32473.32,768362.96,22,0,0.0
358,65,112007070.14,Chennai,Current,2023-08-24,1010,0.011,True,40090.96,51302.57,761728.32,19,2,0.10526315789473684
359,26,72545548.88,Hyderabad,Current,2017-05-19,3298,0.032,True,70228.89,73587.16,842746.72,12,0,0.0
360,32,245860755.33,Ahmedabad,Premium,2024-03-05,816,0.194,True,28524.33,33768.41,541962.27,19,6,0.3157894736842105
361,55,26671441.73,Pune,Current,2023-10-26,947,0.01,True,11344.35,21919.44,283608.66,25,4,0.16
362,20,78411207.28,Kolkata,Premium,2021-02-04,1941,0.36,False,20525.01,18589.52,431025.21,21,4,0.19047619047619047
363,25,46013125.37,Delhi,Current,2018-06-18,2903,0.047,True,21550.75,21464.79,581870.36,27,2,0.07407407407407407
364,36,43887552.19,Mumbai,Premium,2019-01-25,2682,0.183,True,16818.38,23748.1,285912.38,17,1,0.058823529411764705
365,31,28664090.78,Pune,Current,2024-12-19,527,0.001,True,12585.45,13807.86,239123.46,19,1,0.05263157894736842
366,25,32805579.38,Chennai,Current,2025-07-02,332,0.034,True,46289.03,67320.78,1110936.83,24,0,0.0
367,79,34597383.16,Bangalore,Premium,2021-04-13,1873,0.353,True,18985.13,36010.28,569553.98,30,2,0.06666666666666667
368,58,81815977.49,Bangalore,Premium,2021-03-17,1900,0.154,True,35599.85,46933.83,889996.18,25,1,0.04
369,63,119174112.54,Chennai,Premium,2017-11-10,3123,0.217,True,32841.79,32880.31,853886.66,26,2,0.07692307692307693
370,65,32028769.58,Chennai,Premium,2020-07-24,2136,0.245,True,41029.43,43593.37,1477059.31,36,2,0.05555555555555555
371,44,79731673.37,Delhi,Current,2018-04-23,2959,0.087,True,45805.07,68173.83,1099321.62,24,0,0.0
372,47,249730790.05,Kolkata,Premium,2025-03-06,450,0.159,True,6656.12,13831.08,126466.34,19,0,0.0
373,37,42635588.27,Chennai,Premium,2016-12-28,3440,0.191,True,75556.5,65053.68,1586686.46,21,0,0.0
374,19,79463130.85,Bangalore,Current,2016-08-13,3577,0.2,True,36182.37,48667.49,651282.74,18,2,0.1111111111111111
375,74,64278444.52,Bangalore,Premium,2019-03-23,2625,0.353,True,21982.06,29167.38,373694.99,17,9,0.5294117647058824
376,57,68877218.34,Bangalore,Premium,2023-12-05,907,0.203,True,52833.94,68517.8,1003844.84,19,0,0.0
377,62,44144220.39,Chennai,Premium,2025-02-12,472,0.157,True,20908.04,34126.21,501792.85,24,3,0.125
378,35,20110286.01,Pune,Current,2025-09-14,258,0.054,True,85522.67,86739.6,1197317.33,14,1,0.07142857142857142
379,77,28074361.24,Kolkata,Current,2023-05-23,1103,0.226,True,36287.32,32577.0,689459.11,19,0,0.0
380,65,13444688.25,Hyderabad,Current,2018-11-21,2747,0.003,True,32672.74,43482.57,653454.82,20,1,0.05
381,56,64168538.25,Kolkata,Current,2023-01-24,1222,0.076,True,28376.6,31343.63,794544.8,28,4,0.14285714285714285
382,46,26429053.37,Kolkata,Current,2026-01-14,136,0.001,True,53187.58,72028.67,1276502.04,24,7,0.2916666666666667
383,79,102055695.89,Kolkata,Current,2022-01-26,1585,0.206,True,49459.33,61697.92,1187023.96,24,0,0.0
384,62,177893036.17,Bangalore,Current,2021-03-06,1911,0.098,False,28871.92,41510.86,635182.26,22,0,0.0
385,21,16977115.82,Chennai,Current,2024-06-20,709,0.165,True,35948.02,44330.84,790856.35,22,1,0.045454545454545456
386,54,50981667.69,Bangalore,Current,2021-05-13,1843,0.037,True,21533.75,23247.65,516810.04,24,1,0.041666666666666664
387,21,81663309.75,Mumbai,Premium,2021-10-28,1675,0.315,True,27219.97,34297.22,435519.59,16,3,0.1875
388,65,175606312.34,Chennai,Premium,2016-11-29,3469,0.198,True,70516.04,82184.7,1621869.02,23,1,0.043478260869565216
389,39,37799232.23,Delhi,Premium,2023-12-29,883,0.221,True,24690.04,31661.51,543180.85,22,2,0.09090909090909091
390,63,90395950.3,Hyderabad,Current,2020-12-02,2005,0.083,True,34887.72,43299.98,941968.32,27,3,0.1111111111111111
391,45,35841399.38,Delhi,Premium,2017-05-18,3299,0.223,True,53405.54,65213.47,1495355.04,28,2,0.07142857142857142
392,74,255723310.28,Ahmedabad,Current,2023-07-15,1050,0.223,True,25405.85,45544.72,838393.08,33,4,0.12121212121212122
393,34,616338868.93,Pune,Current,2017-07-01,3255,0.046,True,46430.88,59895.05,1021479.25,22,2,0.09090909090909091
394,28,125134427.05,Mumbai,Current,2018-05-26,2926,0.068,True,33387.46,42621.03,834686.51,25,1,0.04
395,29,165218520.52,Pune,Current,2024-06-24,705,0.075,True,27064.34,32721.34,730737.05,27,3,0.1111111111111111
396,75,72564211.75,Kolkata,Current,2018-03-01,3012,0.206,True,16822.83,14186.41,454216.38,27,1,0.037037037037037035
397,28,484144691.25,Hyderabad,Premium,2025-07-27,307,0.196,True,32449.96,45471.67,454299.38,14,0,0.0
398,64,29765308.03,Mumbai,Premium,2023-11-04,938,0.17,True,30083.98,63869.07,511427.7,17,3,0.17647058823529413
399,62,69991846.34,Ahmedabad,Premium,2025-05-17,378,0.243,True,55245.95,79215.57,1049672.98,19,4,0.21052631578947367
400,39,8398150.81,Delhi,Premium,2020-06-30,2160,0.219,True,33601.89,53745.54,806445.4,24,0,0.0
401,38,33656775.44,Kolkata,Current,2021-07-25,1770,0.096,False,61889.63,46102.04,1423461.44,23,2,0.08695652173913043
402,67,82243207.65,Kolkata,Premium,2020-03-21,2261,0.179,True,16136.74,20660.17,258187.81,16,4,0.25
403,53,97422719.66,Ahmedabad,Premium,2021-08-30,1734,0.227,True,19742.23,19229.92,315875.61,16,1,0.0625
404,18,229931803.11,Mumbai,Premium,2021-06-29,1796,0.309,True,31340.8,53050.62,626815.96,20,12,0.6
405,31,32692240.5,Hyderabad,Current,2023-02-18,1197,0.011,True,69915.52,82094.13,1328394.96,19,1,0.05263157894736842
406,49,44949224.96,Ahmedabad,Premium,2025-05-12,383,0.202,True,5742.13,4984.44,97616.18,17,0,0.0
407,34,72805545.16,Chennai,Current,2025-08-31,272,0.007,True,35257.31,73852.95,775660.92,22,6,0.2727272727272727
408,48,86037805.94,Pune,Current,2018-04-01,2981,0.08,True,39546.14,48498.73,395461.37,10,0,0.0
409,72,131713992.45,Chennai,Current,2019-11-21,2382,0.214,True,40562.2,41877.49,932930.69,23,4,0.17391304347826086
410,36,14730605.0,Mumbai,Premium,2019-07-19,2507,0.162,True,68375.25,68846.97,2051257.38,30,5,0.16666666666666666
411,49,144394831.07,Pune,Current,2018-05-14,2938,0.068,True,63940.91,61139.27,1406700.13,22,4,0.18181818181818182
412,63,438518413.68,Kolkata,Premium,2024-12-14,532,0.205,True,35951.83,48248.55,1006651.14,28,1,0.03571428571428571
413,76,159458750.51,Delhi,Current,2021-01-09,1967,0.163,True,25164.87,39103.84,427802.79,17,3,0.17647058823529413
414,58,39527000.57,Delhi,Current,2022-09-22,1346,0.0,True,49027.45,73624.69,833466.6,17,0,0.0
415,35,40266018.15,Chennai,Premium,2018-11-13,2755,0.15,True,44915.95,74470.48,1077982.7,24,3,0.125
416,46,184269114.54,Mumbai,Premium,2017-08-31,3194,0.163,True,27926.39,20075.39,642307.02,23,0,0.0
417,61,15871234.89,Mumbai,Premium,2021-06-10,1815,0.218,True,36460.89,50785.59,729217.72,20,1,0.05
418,43,24017938.81,Kolkata,Premium,2022-10-10,1328,0.234,True,63236.39,58017.58,1011782.26,16,1,0.0625
419,40,44306914.24,Hyderabad,Current,2023-10-02,971,0.013,True,52027.46,78260.28,1196631.5,23,2,0.08695652173913043
420,47,55253820.45,Chennai,Current,2017-06-14,3272,0.063,True,14497.14,13707.43,202960.03,14,0,0.0
421,54,88419660.09,Ahmedabad,Current,2023-08-13,1021,0.011,True,31830.62,42105.92,477459.27,15,0,0.0
422,61,40731918.73,Chennai,Premium,2018-11-08,2760,0.169,True,20429.47,27970.46,469877.79,23,3,0.13043478260869565
423,48,343529109.3,Hyderabad,Premium,2024-10-28,579,0.215,True,57800.85,52945.56,924813.55,16,2,0.125
424,62,40327232.86,Hyderabad,Current,2024-11-04,572,0.093,True,21711.13,36976.31,369089.21,17,0,0.0
425,45,181795726.13,Chennai,Current,2024-01-23,858,0.058,True,33509.09,43816.59,603163.63,18,0,0.0
426,52,39976669.34,Chennai,Premium,2023-04-09,1147,0.228,True,14116.71,25906.13,282334.15,20,1,0.05
427,70,58398076.19,Pune,Premium,2023-11-26,916,0.221,True,30149.22,30246.41,874327.29,29,2,0.06896551724137931
428,42,140569510.89,Hyderabad,Current,2020-01-30,2312,0.091,True,14049.01,11400.28,224784.19,16,1,0.0625
429,60,149150804.81,Ahmedabad,Premium,2025-07-15,319,0.195,True,29604.94,33100.25,651308.64,22,6,0.2727272727272727
430,57,36564805.22,Delhi,Premium,2024-08-22,646,0.208,True,24229.3,53864.99,605732.61,25,0,0.0
431,47,41916176.28,Kolkata,Current,2026-04-09,51,0.184,True,20184.13,23721.18,524787.27,26,0,0.0
432,69,22636857.8,Chennai,Current,2022-10-01,1337,0.057,True,36965.32,71447.13,850202.37,23,5,0.21739130434782608
433,24,246691015.13,Ahmedabad,Premium,2022-03-31,1521,0.361,True,22234.03,39587.73,444680.68,20,4,0.2
434,39,157339603.67,Chennai,Premium,2020-01-07,2335,0.221,True,30039.87,47864.31,841116.42,28,2,0.07142857142857142
435,45,54369383.02,Kolkata,Current,2026-03-08,83,0.249,True,21321.89,32324.92,447759.64,21,1,0.047619047619047616
436,49,37585174.96,Pune,Premium,2023-03-14,1173,0.206,True,81900.23,86939.83,1719904.8,21,2,0.09523809523809523
437,76,316893002.04,Bangalore,Premium,2018-05-05,2947,0.332,True,75745.57,89172.66,1666402.48,22,1,0.045454545454545456
438,70,57015168.43,Bangalore,Premium,2016-09-03,3556,0.166,True,48068.1,80816.15,769089.63,16,1,0.0625
439,66,440007367.37,Pune,Current,2020-03-29,2253,0.006,True,14725.48,27985.31,309235.03,21,1,0.047619047619047616
440,66,79296514.2,Ahmedabad,Current,2023-01-25,1221,0.023,True,40567.71,67044.75,730218.77,18,0,0.0
441,67,32229251.03,Pune,Premium,2020-11-20,2017,0.246,True,23552.69,30916.53,730133.26,31,1,0.03225806451612903
442,39,443197302.42,Kolkata,Current,2022-04-16,1505,0.018,True,47971.6,69582.06,863488.85,18,3,0.16666666666666666
443,47,349038441.45,Bangalore,Premium,2023-08-08,1026,0.164,True,66129.69,77233.31,1124204.7,17,2,0.11764705882352941
444,28,47721681.65,Hyderabad,Premium,2020-03-14,2268,0.161,False,64357.09,67892.35,1930712.78,30,8,0.26666666666666666
445,65,49941807.78,Delhi,Current,2020-12-11,1996,0.046,True,64945.13,79141.83,1298902.65,20,0,0.0
446,72,71261626.36,Hyderabad,Current,2020-03-10,2272,0.151,True,25589.07,20338.49,358247.02,14,0,0.0
447,76,29673902.73,Ahmedabad,Premium,2026-05-09,21,0.5,True,24647.92,35643.44,616198.11,25,4,0.16
448,25,577567399.55,Bangalore,Current,2018-05-12,2940,0.023,True,56596.69,82311.07,1301723.93,23,4,0.17391304347826086
449,76,255212879.26,Hyderabad,Premium,2024-04-08,782,0.384,True,31584.52,48877.66,568521.27,18,4,0.2222222222222222
450,45,62966496.9,Hyderabad,Premium,2021-02-24,1921,0.172,True,84366.7,94745.96,1687334.03,20,2,0.1
451,72,143909394.87,Chennai,Current,2018-09-06,2823,0.198,True,39927.73,39569.78,918337.82,23,1,0.043478260869565216
452,53,29034562.04,Bangalore,Current,2018-06-16,2905,0.092,True,73788.07,83107.27,1623337.52,22,2,0.09090909090909091
453,42,55531650.9,Mumbai,Premium,2019-05-07,2580,0.242,True,50042.14,74689.2,700589.94,14,2,0.14285714285714285
454,43,18733033.09,Hyderabad,Premium,2025-03-19,437,0.175,True,59285.57,69432.34,1185711.39,20,1,0.05
455,35,32014728.09,Delhi,Premium,2023-11-12,930,0.16,True,45230.57,76115.25,1175994.91,26,3,0.11538461538461539
456,58,34247686.42,Delhi,Current,2018-06-04,2917,0.018,True,63439.4,61714.65,1522545.56,24,1,0.041666666666666664
457,58,47467564.04,Delhi,Current,2021-05-13,1843,0.052,True,21823.06,26523.18,501930.37,23,2,0.08695652173913043
458,62,161140468.85,Ahmedabad,Premium,2022-07-13,1417,0.245,True,29860.7,36133.13,686796.18,23,0,0.0
459,31,121940300.58,Mumbai,Current,2020-07-20,2140,0.059,True,20022.8,19967.73,520592.93,26,2,0.07692307692307693
460,65,10125943.64,Hyderabad,Current,2022-08-03,1396,0.007,True,16419.58,20564.39,509007.13,31,2,0.06451612903225806
461,52,104754806.41,Delhi,Premium,2021-11-22,1650,0.183,True,27170.41,39572.56,815112.17,30,4,0.13333333333333333
462,41,39289887.06,Kolkata,Current,2017-12-04,3099,0.088,True,67856.88,61359.91,1357137.61,20,1,0.05
463,69,74172005.99,Kolkata,Current,2024-03-25,796,0.097,True,26070.85,43683.57,651771.2,25,3,0.12
464,38,10561588.48,Kolkata,Current,2019-07-21,2505,0.0,True,29190.09,48877.73,525421.54,18,3,0.16666666666666666
465,29,101765267.57,Delhi,Premium,2023-12-07,905,0.192,True,19225.12,10538.59,288376.75,15,1,0.06666666666666667
466,54,313779043.86,Pune,Premium,2017-05-08,3309,0.168,True,30920.97,47945.52,958549.97,31,1,0.03225806451612903
467,64,523234752.57,Kolkata,Premium,2020-07-01,2159,0.158,True,74666.99,68519.12,1493339.73,20,6,0.3
468,49,17464726.01,Bangalore,Premium,2016-12-25,3443,0.208,True,63726.06,66555.9,1210795.22,19,4,0.21052631578947367
469,39,18900077.01,Pune,Premium,2022-06-14,1446,0.226,True,48477.85,73037.17,1308902.07,27,7,0.25925925925925924
470,42,78886146.79,Delhi,Premium,2019-11-05,2398,0.195,True,21979.29,44411.89,483544.41,22,2,0.09090909090909091
471,49,41578395.97,Mumbai,Current,2023-11-30,912,0.085,True,25789.41,25266.88,361051.68,14,0,0.0
472,76,55950852.46,Hyderabad,Current,2019-09-20,2444,0.171,False,24104.74,30618.55,457989.98,19,2,0.10526315789473684
473,20,76299669.16,Mumbai,Current,2021-12-18,1624,0.205,True,42319.47,42969.15,931028.31,22,3,0.13636363636363635
474,32,97214935.78,Mumbai,Current,2018-08-13,2847,0.091,True,17105.79,20000.08,359221.5,21,0,0.0
475,69,65622677.85,Ahmedabad,Premium,2017-11-02,3131,0.16,True,45077.47,51547.75,811394.4,18,6,0.3333333333333333
476,36,441669333.35,Chennai,Current,2018-06-14,2907,0.054,True,33544.84,70155.34,536717.39,16,0,0.0
477,44,63090599.87,Hyderabad,Premium,2021-04-05,1881,0.218,True,17412.23,34234.27,313420.08,18,0,0.0
478,73,127725099.04,Pune,Current,2018-10-01,2798,0.157,True,16261.9,31810.84,276452.23,17,0,0.0
479,20,166315727.3,Mumbai,Current,2024-12-08,538,0.166,True,41005.04,62554.18,697085.61,17,3,0.17647058823529413
480,79,52110222.82,Pune,Current,2018-04-23,2959,0.191,True,25710.33,32447.37,411365.24,16,1,0.0625
481,74,51781364.34,Mumbai,Current,2016-08-05,3585,0.158,True,50267.01,71405.81,1608544.17,32,3,0.09375
482,22,70148165.39,Mumbai,Current,2016-06-21,3630,0.188,True,31637.77,53972.51,822582.02,26,1,0.038461538461538464
483,71,201002214.3,Hyderabad,Premium,2020-10-21,2047,0.36,True,65083.62,63337.4,1431839.69,22,0,0.0
484,35,121990723.35,Pune,Premium,2017-11-27,3106,0.151,True,44640.34,58672.56,1116008.62,25,0,0.0
485,34,61876896.79,Hyderabad,Current,2020-01-01,2341,0.019,True,38184.29,50961.27,801870.12,21,3,0.14285714285714285
486,44,50173195.67,Delhi,Current,2023-11-07,935,0.061,True,37747.58,49466.78,1472155.43,39,2,0.05128205128205128
487,33,150700347.61,Bangalore,Current,2023-10-26,947,0.06,True,57767.38,53104.57,1213114.95,21,2,0.09523809523809523
488,55,65745963.08,Bangalore,Current,2025-02-13,471,0.07,True,16079.53,38032.82,353749.69,22,2,0.09090909090909091
489,64,111828315.05,Mumbai,Current,2019-12-13,2360,0.056,True,24191.42,57923.96,508019.73,21,7,0.3333333333333333
490,65,86956675.06,Delhi,Current,2025-02-13,471,0.025,True,24288.65,51395.15,607216.14,25,10,0.4
491,18,178652820.1,Chennai,Current,2022-04-21,1500,0.244,True,54564.29,56944.94,982157.26,18,1,0.05555555555555555
492,39,27267825.27,Mumbai,Current,2018-12-15,2723,0.005,True,28579.97,46012.05,714499.13,25,2,0.08
493,21,285232327.0,Pune,Current,2021-11-02,1670,0.223,True,25678.82,49375.68,564934.08,22,1,0.045454545454545456
494,49,51031026.26,Bangalore,Premium,2019-08-13,2482,0.2,True,38621.81,64538.35,502083.57,13,1,0.07692307692307693
495,52,200528418.08,Bangalore,Current,2023-09-10,993,0.044,True,19749.01,32964.76,414729.18,21,0,0.0
496,34,58587486.47,Chennai,Premium,2024-01-08,873,0.22,True,20430.86,24133.83,490340.7,24,0,0.0
497,66,153383763.0,Delhi,Current,2025-12-30,151,0.008,True,54673.44,74845.31,1038795.45,19,1,0.05263157894736842
498,78,42391810.1,Ahmedabad,Current,2019-02-03,2673,0.21,True,30328.48,43045.51,424598.79,14,2,0.14285714285714285
499,65,41673789.14,Ahmedabad,Current,2024-02-26,824,0.028,True,42420.41,58166.72,890828.61,21,4,0.19047619047619047
500,27,83746839.38,Ahmedabad,Current,2023-03-17,1170,0.099,True,40267.45,53097.76,1046953.66,26,1,0.038461538461538464
501,59,70164066.65,Mumbai,Current,2023-06-19,1076,0.087,True,33773.29,44811.02,945652.03,28,1,0.03571428571428571
502,26,34492962.77,Delhi,Premium,2019-01-27,2680,0.191,True,31671.88,51618.18,538421.96,17,3,0.17647058823529413
503,77,2209756451.66,Delhi,Current,2020-07-02,2158,0.228,True,37778.41,64029.94,868903.49,23,0,0.0
504,39,156011218.28,Pune,Current,2022-03-11,1541,0.02,True,51545.46,63042.38,927818.3,18,5,0.2777777777777778
505,78,88199308.7,Pune,Current,2023-12-09,903,0.191,True,32735.43,40772.92,752915.0,23,5,0.21739130434782608
506,65,26798254.25,Delhi,Premium,2017-05-12,3305,0.244,True,22036.81,18334.8,550920.2,25,0,0.0
507,62,482882743.45,Bangalore,Current,2021-04-19,1867,0.092,True,40491.96,69344.11,1052791.0,26,3,0.11538461538461539
508,40,42468834.64,Ahmedabad,Premium,2024-05-07,753,0.158,True,28192.82,40473.77,704820.39,25,3,0.12
509,72,68654449.95,Delhi,Premium,2024-10-12,595,0.337,True,37599.53,58666.8,1165585.36,31,1,0.03225806451612903
510,50,70534470.19,Chennai,Premium,2025-08-28,275,0.158,True,54450.78,75935.17,871212.41,16,2,0.125
511,39,58139156.72,Pune,Current,2025-10-02,240,0.046,True,53177.36,62072.8,1223079.19,23,6,0.2608695652173913
512,39,55865323.05,Ahmedabad,Current,2024-02-11,839,0.041,True,30074.75,53515.96,601495.05,20,1,0.05
513,64,127632868.8,Hyderabad,Premium,2025-03-19,437,0.203,True,55893.66,72557.49,1229660.48,22,1,0.045454545454545456
514,39,37051719.54,Ahmedabad,Current,2022-10-18,1320,0.041,True,15158.86,24475.15,394130.3,26,1,0.038461538461538464
515,31,95925676.95,Bangalore,Current,2021-08-24,1740,0.021,True,67055.97,93773.91,1207007.43,18,8,0.4444444444444444
516,72,147318706.65,Pune,Current,2023-11-05,937,0.184,False,74404.02,96467.92,1785696.43,24,5,0.20833333333333334
517,25,539541859.47,Ahmedabad,Premium,2017-03-07,3371,0.218,True,66333.91,81717.52,1459345.93,22,3,0.13636363636363635
518,18,36246795.66,Mumbai,Current,2021-07-14,1781,0.205,True,20426.13,34167.18,674062.36,33,2,0.06060606060606061
519,65,157351728.04,Ahmedabad,Premium,2016-11-03,3495,0.194,True,58603.47,69548.05,937655.48,16,3,0.1875
520,24,156195466.25,Delhi,Premium,2017-08-19,3206,0.368,True,45157.49,57702.0,948307.24,21,2,0.09523809523809523
521,70,370332183.39,Chennai,Premium,2024-08-27,641,0.191,True,29182.4,49970.56,612830.45,21,1,0.047619047619047616
522,49,210277159.87,Mumbai,Premium,2024-08-29,639,0.223,True,23929.77,21238.21,622174.03,26,1,0.038461538461538464
523,18,41766834.37,Kolkata,Current,2022-07-18,1412,0.179,True,36587.66,55810.06,841516.08,23,2,0.08695652173913043
524,36,213074945.39,Bangalore,Current,2019-09-29,2435,0.048,True,15498.98,20345.46,263482.65,17,2,0.11764705882352941
525,47,21962781.7,Hyderabad,Premium,2021-05-05,1851,0.235,True,20575.79,34467.65,514394.85,25,1,0.04
526,62,46522009.9,Hyderabad,Current,2024-09-19,618,0.099,False,15908.14,12554.94,318162.86,20,0,0.0
527,76,31241943.59,Kolkata,Premium,2019-04-29,2588,0.361,True,51510.98,68681.55,1081730.57,21,8,0.38095238095238093
528,76,46343325.31,Ahmedabad,Current,2016-10-01,3528,0.185,True,47148.94,68882.9,895829.8,19,2,0.10526315789473684
529,60,119177827.69,Ahmedabad,Premium,2020-05-23,2198,0.16,True,29402.09,45033.64,793856.56,27,1,0.037037037037037035
530,42,92151383.13,Ahmedabad,Current,2019-03-10,2638,0.055,True,37450.67,46890.9,823914.69,22,1,0.045454545454545456
531,56,73217512.72,Kolkata,Current,2025-12-02,179,0.066,True,49286.89,70941.08,1281459.2,26,3,0.11538461538461539
532,46,28259776.36,Chennai,Current,2020-03-10,2272,0.061,True,17283.17,31875.66,328380.2,19,0,0.0
533,53,580318015.82,Bangalore,Current,2017-10-20,3144,0.041,True,42990.91,53128.36,1246736.33,29,5,0.1724137931034483
534,25,57168291.27,Delhi,Current,2017-04-27,3320,0.06,True,23810.82,23250.77,738135.37,31,0,0.0
535,29,220449670.8,Bangalore,Current,2019-08-08,2487,0.013,True,59986.63,96213.68,1019772.7,17,4,0.23529411764705882
536,35,589635210.86,Mumbai,Current,2024-12-20,526,0.055,True,52382.32,77695.58,1047646.41,20,1,0.05
537,55,184974246.2,Pune,Premium,2017-12-31,3072,0.196,True,61535.1,80152.43,2030658.26,33,8,0.24242424242424243
538,53,47811312.3,Kolkata,Current,2022-12-23,1254,0.078,True,28276.3,50097.24,622078.62,22,5,0.22727272727272727
539,40,277192412.38,Ahmedabad,Premium,2017-10-09,3155,0.165,True,17071.69,22258.6,290218.7,17,2,0.11764705882352941
540,39,74487590.75,Chennai,Premium,2022-06-26,1434,0.174,True,56598.03,87862.15,1867735.1,33,17,0.5151515151515151
541,63,73679925.9,Chennai,Premium,2025-10-06,236,0.183,True,53814.86,62034.11,914852.56,17,1,0.058823529411764705
542,30,127818120.7,Pune,Premium,2018-04-16,2966,0.175,True,18987.82,30650.17,398744.16,21,0,0.0
543,55,77193706.29,Bangalore,Premium,2020-03-30,2252,0.25,True,15675.22,19232.9,282153.99,18,1,0.05555555555555555
544,33,70790583.99,Bangalore,Current,2023-07-16,1049,0.002,True,36888.05,37230.58,590208.86,16,1,0.0625
545,71,93813123.69,Pune,Current,2017-04-03,3344,0.151,True,68526.16,87433.05,1027892.46,15,3,0.2
546,66,56966841.26,Bangalore,Current,2021-04-14,1872,0.084,True,20727.64,26642.83,414552.86,20,2,0.1
547,20,56930423.3,Kolkata,Current,2019-10-17,2417,0.249,True,36698.18,53402.78,697265.48,19,2,0.10526315789473684
548,19,375521415.03,Bangalore,Current,2018-05-10,2942,0.173,True,43730.71,67391.8,1224459.91,28,2,0.07142857142857142
549,28,218407843.22,Hyderabad,Current,2020-07-26,2134,0.1,True,27492.13,45641.11,659811.1,24,2,0.08333333333333333
550,71,30332614.35,Bangalore,Premium,2026-01-29,121,0.359,True,24015.09,44732.92,744467.84,31,14,0.45161290322580644
551,78,25968913.0,Chennai,Premium,2020-04-29,2222,0.317,True,70111.04,69963.69,1191887.76,17,2,0.11764705882352941
552,76,119252460.48,Bangalore,Premium,2021-10-19,1684,0.328,True,42846.6,59875.54,1242551.34,29,4,0.13793103448275862
553,24,68715393.13,Chennai,Current,2024-04-06,784,0.217,True,63965.14,80344.89,1343267.87,21,1,0.047619047619047616
554,67,28914873.27,Bangalore,Premium,2016-06-03,3648,0.211,True,96337.86,103095.82,2023095.06,21,3,0.14285714285714285
555,57,168520340.21,Chennai,Current,2017-06-26,3260,0.04,True,34010.2,32864.43,680203.93,20,2,0.1
556,66,68520188.86,Ahmedabad,Premium,2019-04-21,2596,0.208,True,40436.01,75953.51,849156.13,21,1,0.047619047619047616
557,60,46893364.41,Hyderabad,Current,2017-12-31,3072,0.061,True,50185.14,70892.43,752777.08,15,3,0.2
558,63,37384232.9,Kolkata,Current,2023-12-06,906,0.086,True,78650.2,74617.83,1179752.97,15,1,0.06666666666666667
559,44,333128754.58,Delhi,Premium,2020-08-22,2107,0.153,True,27532.46,24353.55,412986.94,15,1,0.06666666666666667
560,48,98197674.88,Pune,Current,2023-11-23,919,0.085,True,28993.32,32064.54,463893.1,16,1,0.0625
561,77,43324966.5,Delhi,Current,2021-08-25,1739,0.171,True,63890.91,74660.69,1022254.49,16,1,0.0625
562,67,31321279.2,Chennai,Current,2017-10-08,3156,0.017,True,8026.09,9393.56,200652.31,25,0,0.0
563,54,154908304.99,Pune,Current,2020-12-01,2006,0.08,True,19055.8,21921.83,381115.95,20,2,0.1
564,46,65359946.49,Mumbai,Current,2024-08-23,645,0.026,True,41704.46,66703.44,667271.28,16,1,0.0625
565,30,70053721.7,Kolkata,Current,2022-08-06,1393,0.034,False,28709.8,34383.46,574196.0,20,2,0.1
566,73,35085603.48,Hyderabad,Current,2022-03-22,1530,0.18,True,37791.88,39174.17,718045.65,19,1,0.05263157894736842
567,79,54737302.87,Ahmedabad,Current,2019-05-21,2566,0.212,True,25719.02,35164.22,437223.34,17,0,0.0
568,40,246673332.15,Mumbai,Current,2023-03-20,1167,0.031,True,11611.54,17279.37,301900.01,26,0,0.0
569,70,139150423.6,Ahmedabad,Current,2022-09-08,1360,0.067,True,64929.47,79990.36,1298589.42,20,4,0.2
570,59,40427047.82,Mumbai,Current,2025-10-02,240,0.084,True,51206.87,68427.2,870516.8,17,2,0.11764705882352941
571,57,47603505.85,Hyderabad,Premium,2019-08-10,2485,0.199,True,22749.92,35741.8,614247.95,27,2,0.07407407407407407
572,77,21096999.21,Kolkata,Premium,2025-07-25,309,0.341,True,46349.37,55246.87,1390481.0,30,2,0.06666666666666667
573,76,133959502.95,Bangalore,Premium,2018-10-12,2787,0.318,True,20459.05,20543.64,286426.76,14,2,0.14285714285714285
574,77,40949590.21,Kolkata,Premium,2022-07-25,1405,0.323,True,6259.76,4576.6,106415.85,17,2,0.11764705882352941
575,30,55829927.42,Hyderabad,Current,2017-04-17,3330,0.028,True,19701.43,23914.84,433431.45,22,1,0.045454545454545456
576,71,67653744.15,Ahmedabad,Current,2024-12-09,537,0.243,True,18630.5,19757.39,540284.64,29,0,0.0
577,79,101801029.03,Mumbai,Current,2021-01-23,1953,0.159,True,42390.86,60948.26,1059771.56,25,3,0.12
578,46,107952102.07,Mumbai,Current,2017-11-24,3109,0.067,True,47911.14,72843.28,862400.53,18,3,0.16666666666666666
579,38,83210711.39,Delhi,Current,2024-02-26,824,0.087,True,39427.89,50238.51,473134.69,12,2,0.16666666666666666
580,69,80069898.4,Kolkata,Current,2021-04-13,1873,0.046,True,25383.71,36524.76,431523.14,17,5,0.29411764705882354
581,41,27947867.4,Kolkata,Current,2020-08-24,2105,0.091,True,40751.76,71472.39,1100297.57,27,0,0.0
582,45,95394514.41,Delhi,Current,2021-09-02,1731,0.049,True,30145.41,44225.12,542617.29,18,1,0.05555555555555555
583,47,106830817.24,Chennai,Premium,2019-05-02,2585,0.167,True,40923.11,49012.11,1186770.07,29,3,0.10344827586206896
584,65,112758389.99,Mumbai,Current,2019-07-11,2515,0.062,True,55656.55,65575.93,1168787.61,21,9,0.42857142857142855
585,61,14038126.61,Bangalore,Premium,2021-05-21,1835,0.166,True,42955.69,50418.77,1073892.32,25,3,0.12
586,33,137973648.07,Pune,Current,2021-03-03,1914,0.072,True,45625.48,45960.9,1186262.44,26,2,0.07692307692307693
587,25,38188257.69,Bangalore,Premium,2024-08-16,652,0.189,True,31838.01,54801.14,604922.22,19,3,0.15789473684210525
588,48,65903348.35,Chennai,Current,2023-05-30,1096,0.068,True,19284.53,17198.91,347121.46,18,1,0.05555555555555555
589,73,51991760.01,Bangalore,Premium,2025-12-05,176,0.323,True,28340.49,47928.97,651831.24,23,2,0.08695652173913043
590,38,458950401.51,Hyderabad,Premium,2024-06-23,706,0.243,True,14720.55,15969.09,235528.78,16,0,0.0
591,23,82577519.01,Hyderabad,Premium,2022-08-17,1382,0.388,True,38121.46,60627.54,914915.08,24,2,0.08333333333333333
592,66,37297302.52,Ahmedabad,Premium,2016-07-16,3605,0.151,True,31380.4,25151.03,753129.5,24,1,0.041666666666666664
593,53,34119065.9,Delhi,Current,2018-08-06,2854,0.026,False,13417.51,23582.23,308602.66,23,0,0.0
594,50,135450437.26,Hyderabad,Current,2021-05-11,1845,0.037,True,55480.96,75279.49,1165100.11,21,2,0.09523809523809523
595,44,59541820.9,Mumbai,Current,2019-09-23,2441,0.097,True,62557.95,78772.7,1563948.78,25,4,0.16
596,20,24621742.33,Delhi,Current,2022-03-17,1535,0.216,True,26357.23,38314.12,579859.05,22,3,0.13636363636363635
597,57,27740537.98,Hyderabad,Current,2024-09-11,626,0.088,True,45461.37,52894.49,1227457.09,27,2,0.07407407407407407
598,21,139862897.58,Mumbai,Premium,2017-02-15,3391,0.327,True,10973.52,8188.57,175576.34,16,0,0.0
599,20,102114482.49,Mumbai,Current,2023-03-13,1174,0.223,True,54828.3,44659.9,1370707.42,25,4,0.16
600,78,41969034.85,Pune,Current,2024-05-14,746,0.21,True,67536.72,87250.22,945514.07,14,3,0.21428571428571427
601,41,84695490.07,Hyderabad,Current,2025-01-12,503,0.073,True,66227.87,94968.14,1125873.76,17,2,0.11764705882352941
602,38,177123592.93,Bangalore,Current,2021-09-28,1705,0.066,True,92319.76,66857.27,1569435.95,17,1,0.058823529411764705
603,27,45541288.81,Ahmedabad,Current,2025-04-16,409,0.046,True,38103.42,52503.37,838275.26,22,3,0.13636363636363635
604,55,51845500.18,Mumbai,Current,2020-12-09,1998,0.059,True,37173.32,46352.47,1115199.71,30,2,0.06666666666666667
605,68,27690617.71,Kolkata,Current,2024-08-26,642,0.057,True,34879.03,50012.66,1116128.96,32,0,0.0
606,78,173162270.71,Kolkata,Premium,2019-03-20,2628,0.326,True,15435.74,17707.65,262407.62,17,1,0.058823529411764705
607,73,38247622.48,Mumbai,Current,2018-03-13,3000,0.211,True,45720.69,60384.15,777251.79,17,2,0.11764705882352941
608,59,152148545.31,Pune,Premium,2017-10-25,3139,0.232,True,48916.7,60519.42,1271834.24,26,1,0.038461538461538464
609,33,34538862.01,Mumbai,Current,2024-01-12,869,0.008,True,31999.94,48450.25,927998.38,29,5,0.1724137931034483
610,62,373511129.44,Chennai,Current,2017-05-11,3306,0.038,True,56823.08,59026.08,1363753.8,24,3,0.125
611,78,15965013.97,Pune,Premium,2017-09-26,3168,0.312,True,26574.66,31658.48,531493.23,20,2,0.1
612,40,38827635.8,Hyderabad,Current,2024-05-16,744,0.048,True,45062.18,62006.73,1351865.36,30,1,0.03333333333333333
613,76,50786737.82,Ahmedabad,Premium,2024-07-08,691,0.307,True,22900.94,22845.75,641226.18,28,4,0.14285714285714285
614,32,64095119.46,Mumbai,Premium,2020-05-05,2216,0.216,True,18384.49,25149.96,551534.75,30,1,0.03333333333333333
615,37,98267088.07,Mumbai,Premium,2025-10-11,231,0.211,True,61312.78,81964.98,1287568.42,21,1,0.047619047619047616
616,67,40064548.97,Delhi,Current,2018-03-11,3002,0.041,True,55120.04,67176.52,1267760.89,23,4,0.17391304347826086
617,54,23830231.49,Pune,Current,2020-06-21,2169,0.083,True,26911.43,50991.84,457494.35,17,0,0.0
618,43,38661191.53,Pune,Premium,2017-02-08,3398,0.206,True,31615.14,55637.9,821993.59,26,2,0.07692307692307693
619,32,194894037.77,Delhi,Premium,2020-08-31,2098,0.19,True,37987.57,65980.27,873714.14,23,2,0.08695652173913043
620,67,74282721.49,Bangalore,Current,2021-12-06,1636,0.073,True,71671.19,89897.87,1290081.4,18,4,0.2222222222222222
621,40,425246945.24,Kolkata,Current,2024-02-21,829,0.038,True,16023.88,27731.21,352525.35,22,3,0.13636363636363635
622,59,182095744.4,Chennai,Current,2022-05-25,1466,0.051,True,43660.51,62778.58,829549.68,19,1,0.05263157894736842
623,23,46319798.93,Pune,Premium,2021-05-30,1826,0.335,True,69517.0,88538.53,1598890.91,23,4,0.17391304347826086
624,52,227678079.37,Bangalore,Current,2021-11-14,1658,0.078,True,59764.35,71220.1,896465.23,15,2,0.13333333333333333
625,59,131885386.01,Mumbai,Premium,2018-08-01,2859,0.162,True,26162.54,32482.34,470925.7,18,1,0.05555555555555555
626,27,93187263.72,Ahmedabad,Current,2023-05-10,1116,0.031,True,61304.65,68996.67,1042179.05,17,2,0.11764705882352941
627,42,40924498.65,Mumbai,Premium,2024-10-12,595,0.24,True,29335.5,54974.04,704051.98,24,13,0.5416666666666666
628,47,23725693.14,Hyderabad,Current,2019-06-10,2546,0.066,True,25142.29,40986.34,603414.93,24,0,0.0
629,27,65822999.93,Pune,Premium,2016-11-30,3468,0.192,True,25140.58,30631.05,452530.45,18,2,0.1111111111111111
630,33,39544518.71,Delhi,Current,2020-03-23,2259,0.003,True,27876.93,39298.42,585415.49,21,2,0.09523809523809523
631,74,151541179.16,Kolkata,Current,2024-07-07,692,0.19,True,60854.8,76667.88,1338805.64,22,1,0.045454545454545456
632,43,47928117.39,Kolkata,Premium,2023-04-29,1127,0.177,True,10876.68,14456.59,271917.05,25,0,0.0
633,72,46191146.29,Chennai,Premium,2025-05-17,378,0.381,True,23964.65,48697.88,479292.99,20,1,0.05
634,53,100482963.57,Hyderabad,Premium,2024-07-11,688,0.16,True,23296.4,37815.15,349446.01,15,3,0.2
635,64,15905327.97,Pune,Current,2018-02-03,3038,0.039,True,23903.76,24054.48,430267.64,18,3,0.16666666666666666
636,30,39148084.23,Hyderabad,Premium,2024-12-18,528,0.226,True,36777.98,66671.44,588447.6,16,1,0.0625
637,42,24523384.21,Hyderabad,Premium,2016-07-08,3613,0.156,True,60873.17,75235.42,1643575.63,27,2,0.07407407407407407
638,36,17135416.07,Chennai,Current,2019-02-10,2666,0.064,True,37949.04,56040.09,948726.07,25,3,0.12
639,69,73000851.53,Kolkata,Current,2022-10-25,1313,0.024,True,28859.4,29939.35,808063.12,28,2,0.07142857142857142
640,37,31211405.18,Hyderabad,Premium,2022-12-27,1250,0.19,True,32179.99,64581.54,675779.77,21,0,0.0
641,28,23907005.5,Delhi,Current,2019-05-08,2579,0.099,True,53542.99,67719.65,856687.81,16,0,0.0
642,21,332687254.34,Mumbai,Premium,2016-05-30,3652,0.366,True,28008.06,46155.49,728209.44,26,4,0.15384615384615385
643,48,192719511.38,Hyderabad,Current,2018-05-25,2927,0.043,True,60569.9,65858.64,1514247.61,25,4,0.16
644,49,99298590.79,Bangalore,Current,2023-10-14,959,0.093,True,74187.3,74724.66,1557933.37,21,1,0.047619047619047616
645,28,27684007.3,Ahmedabad,Premium,2018-12-02,2736,0.175,True,13552.71,20078.86,311712.38,23,1,0.043478260869565216
646,36,32656621.51,Chennai,Premium,2018-04-28,2954,0.217,True,25317.41,39794.45,556983.06,22,1,0.045454545454545456
647,20,133296928.91,Pune,Premium,2017-10-10,3154,0.358,True,23359.94,41263.23,747518.22,32,5,0.15625
648,45,550504768.58,Ahmedabad,Current,2018-08-22,2838,0.069,True,50242.3,66601.47,954603.62,19,1,0.05263157894736842
649,73,204229740.67,Mumbai,Premium,2016-09-24,3535,0.304,False,40910.51,46843.44,1022762.66,25,2,0.08
650,49,27099647.39,Hyderabad,Premium,2023-01-26,1220,0.183,True,53161.2,71305.69,1222707.69,23,0,0.0
651,27,25783461.77,Bangalore,Current,2020-09-22,2076,0.017,True,6979.75,6172.21,104696.31,15,1,0.06666666666666667
652,74,750980728.81,Hyderabad,Current,2025-01-18,497,0.239,True,50105.08,67390.57,1553257.61,31,1,0.03225806451612903
653,56,18012845.92,Ahmedabad,Premium,2020-10-16,2052,0.191,True,16160.08,22533.54,468642.33,29,3,0.10344827586206896
654,62,92525273.94,Hyderabad,Current,2018-05-15,2937,0.07,True,36844.24,52521.69,1105327.08,30,4,0.13333333333333333
655,49,61118623.61,Bangalore,Current,2020-12-23,1984,0.0,True,26713.78,53962.24,560989.37,21,2,0.09523809523809523
656,22,53575848.18,Kolkata,Premium,2024-01-18,863,0.359,True,14320.61,19957.83,315053.44,22,3,0.13636363636363635
657,29,73075621.45,Hyderabad,Current,2019-10-20,2414,0.013,True,40553.01,51671.91,892166.26,22,1,0.045454545454545456
658,71,769098208.1,Hyderabad,Premium,2019-08-11,2484,0.31,True,49125.61,72241.09,1277265.8,26,4,0.15384615384615385
659,76,69589780.03,Ahmedabad,Current,2018-10-22,2777,0.159,True,27433.55,48229.4,850439.95,31,1,0.03225806451612903
660,76,35469846.06,Kolkata,Premium,2022-04-26,1495,0.355,True,27887.59,31949.27,613527.09,22,4,0.18181818181818182
661,39,37729000.39,Kolkata,Current,2016-09-01,3558,0.008,False,44042.59,53867.98,1012979.53,23,1,0.043478260869565216
662,41,11559686.28,Hyderabad,Current,2025-10-02,240,0.007,True,25123.55,30222.57,527594.56,21,0,0.0
663,18,14877360.31,Ahmedabad,Current,2022-06-17,1443,0.236,True,34246.98,56782.14,582198.72,17,3,0.17647058823529413
664,68,42004157.86,Hyderabad,Premium,2022-06-01,1459,0.217,True,32349.9,46723.23,776397.68,24,8,0.3333333333333333
665,62,40362164.79,Bangalore,Premium,2020-11-16,2021,0.159,True,28060.43,36334.71,561208.62,20,1,0.05
666,77,471652361.07,Chennai,Current,2023-09-25,978,0.199,True,17327.5,16838.68,346549.95,20,1,0.05
667,36,103095167.32,Chennai,Current,2021-02-26,1919,0.03,True,19618.49,15969.24,333514.27,17,3,0.17647058823529413
668,37,245390830.6,Kolkata,Premium,2019-08-01,2494,0.248,True,39452.72,56581.01,986318.12,25,4,0.16
669,31,61581638.05,Pune,Current,2020-01-16,2326,0.027,True,53529.9,74580.74,1177657.77,22,2,0.09090909090909091
670,55,44012814.16,Ahmedabad,Current,2020-06-09,2181,0.098,True,39849.41,61164.36,757138.83,19,2,0.10526315789473684
671,71,93017733.22,Chennai,Premium,2016-09-12,3547,0.353,True,16252.75,28703.53,471329.75,29,4,0.13793103448275862
672,74,412489747.24,Hyderabad,Premium,2020-07-02,2158,0.33,True,27397.02,34170.56,602734.52,22,3,0.13636363636363635
673,28,62808191.23,Chennai,Current,2025-10-27,215,0.055,True,48420.67,73708.44,968413.41,20,2,0.1
674,45,94128306.7,Chennai,Current,2021-06-12,1813,0.082,True,48662.79,56779.37,1265232.53,26,2,0.07692307692307693
675,53,48987082.83,Hyderabad,Current,2018-04-24,2958,0.011,True,28913.36,44242.65,693920.65,24,1,0.041666666666666664
676,32,31785300.21,Bangalore,Premium,2019-03-03,2645,0.15,True,19064.17,23714.47,305026.66,16,0,0.0
677,71,54367186.95,Delhi,Premium,2020-06-17,2173,0.315,True,32277.52,37578.42,806937.99,25,1,0.04
678,65,66603858.71,Mumbai,Current,2019-11-28,2375,0.034,True,37938.43,38183.79,682891.8,18,1,0.05555555555555555
679,77,29606969.78,Pune,Current,2025-12-26,155,0.205,True,26367.52,33359.66,685555.65,26,1,0.038461538461538464
680,78,73560618.73,Delhi,Current,2023-03-28,1159,0.23,True,28375.5,49561.83,681012.02,24,1,0.041666666666666664
681,60,43365644.27,Kolkata,Current,2022-09-02,1366,0.014,True,24340.47,20073.05,608511.85,25,1,0.04
682,48,79407777.71,Delhi,Current,2019-12-16,2357,0.094,True,56732.98,77325.34,1021193.6,18,1,0.05555555555555555
683,58,156891692.96,Delhi,Premium,2018-09-04,2825,0.233,True,35522.22,62555.33,603877.81,17,1,0.058823529411764705
684,24,29769436.81,Delhi,Current,2020-08-01,2128,0.249,True,43375.58,43328.07,1518145.38,35,3,0.08571428571428572
685,23,45012193.59,Pune,Current,2020-06-10,2180,0.25,True,45418.52,59190.5,862951.89,19,0,0.0
686,50,114045798.17,Kolkata,Premium,2017-07-01,3255,0.212,False,26262.66,41554.8,525253.13,20,2,0.1
687,38,60858643.17,Kolkata,Current,2023-10-09,964,0.061,True,49420.32,58486.47,1037826.62,21,4,0.19047619047619047
688,71,20256037.32,Pune,Current,2026-03-31,60,0.346,True,47857.38,71523.35,1052862.38,22,2,0.09090909090909091
689,50,131700521.96,Delhi,Current,2022-07-14,1416,0.026,True,20828.33,20823.32,333253.32,16,1,0.0625
690,39,21636846.42,Kolkata,Premium,2020-08-21,2108,0.197,True,33774.72,50495.81,743043.79,22,1,0.045454545454545456
691,72,45861839.91,Mumbai,Current,2024-05-14,746,0.151,True,28451.7,37969.63,739744.16,26,1,0.038461538461538464
692,62,179333727.15,Chennai,Premium,2016-12-22,3446,0.229,True,63864.94,72266.11,1468893.72,23,2,0.08695652173913043
693,27,115811999.2,Delhi,Current,2016-09-08,3551,0.014,True,30139.11,44013.81,934312.42,31,2,0.06451612903225806
694,32,20627160.71,Chennai,Current,2022-08-18,1381,0.085,True,66433.24,65095.78,1527964.49,23,9,0.391304347826087
695,25,45714261.79,Ahmedabad,Current,2020-11-16,2021,0.003,True,21201.08,29751.12,424021.64,20,0,0.0
696,30,53427900.93,Chennai,Current,2018-05-16,2936,0.026,True,31599.6,38576.29,631992.05,20,4,0.2
697,32,19549800.59,Ahmedabad,Current,2024-10-01,606,0.059,True,49339.78,62787.33,1282834.22,26,4,0.15384615384615385
698,42,479837278.73,Pune,Premium,2018-08-26,2834,0.23,True,14064.52,21193.77,225032.28,16,1,0.0625
699,58,53923749.03,Pune,Premium,2016-11-18,3480,0.155,True,70492.72,77192.58,1409854.31,20,3,0.15
700,31,39325882.78,Hyderabad,Premium,2025-01-25,490,0.167,True,26601.08,39724.95,452218.4,17,1,0.058823529411764705
701,44,676866504.48,Mumbai,Current,2019-10-14,2420,0.002,True,59052.57,61329.18,1653472.0,28,1,0.03571428571428571
702,20,72820674.28,Kolkata,Current,2021-07-05,1790,0.246,True,45626.61,53963.24,912532.28,20,5,0.25
703,30,53256706.74,Chennai,Current,2019-08-05,2490,0.059,True,59702.82,67612.45,1432867.79,24,2,0.08333333333333333
704,29,35716107.82,Bangalore,Current,2025-09-13,259,0.035,True,22047.68,28869.03,440953.52,20,2,0.1
705,56,50369122.9,Bangalore,Current,2017-01-25,3412,0.04,True,36644.52,38795.5,659601.31,18,2,0.1111111111111111
706,39,50550026.12,Kolkata,Premium,2023-10-30,943,0.183,True,25943.73,32346.27,415099.73,16,1,0.0625
707,77,63631380.95,Delhi,Premium,2018-02-23,3018,0.306,True,35570.22,52986.5,497983.12,14,1,0.07142857142857142
708,52,65202846.8,Hyderabad,Premium,2019-05-26,2561,0.212,False,40125.84,60193.78,1203775.31,30,3,0.1
709,33,17360968.16,Pune,Current,2019-08-21,2474,0.041,True,17824.13,27778.22,445603.18,25,2,0.08
710,40,151746320.34,Bangalore,Current,2024-08-13,655,0.036,True,16866.97,24228.95,404807.21,24,2,0.08333333333333333
711,32,229106953.94,Bangalore,Current,2023-05-02,1124,0.021,True,43419.41,60621.81,998646.52,23,3,0.13043478260869565
712,68,21700118.47,Pune,Premium,2023-09-19,984,0.206,True,64401.33,83339.42,1094822.68,17,0,0.0
713,70,72705205.79,Kolkata,Premium,2019-02-07,2669,0.199,True,25401.61,35302.63,635040.22,25,1,0.04
714,71,80566615.73,Mumbai,Current,2025-01-02,513,0.201,True,73140.68,82697.97,1755376.25,24,3,0.125
715,58,88996992.35,Ahmedabad,Current,2023-10-21,952,0.058,True,30419.69,46281.63,669233.08,22,5,0.22727272727272727
716,70,28426477.34,Mumbai,Current,2024-06-04,725,0.063,True,28576.38,36205.03,600103.96,21,2,0.09523809523809523
717,41,47911744.86,Bangalore,Current,2021-10-04,1699,0.086,True,34966.45,45717.83,384630.9,11,2,0.18181818181818182
718,33,50507730.09,Ahmedabad,Premium,2019-06-10,2546,0.193,True,41252.43,50058.82,1031310.85,25,2,0.08
719,26,34776027.3,Delhi,Current,2022-05-17,1474,0.025,True,44458.92,69107.36,1600521.09,36,3,0.08333333333333333
720,62,30515569.84,Ahmedabad,Current,2019-06-13,2543,0.062,True,53277.22,50824.94,1065544.44,20,2,0.1
721,48,20060583.51,Mumbai,Current,2020-03-04,2278,0.04,True,39399.68,63105.14,787993.62,20,4,0.2
722,21,51868894.83,Hyderabad,Premium,2021-03-20,1897,0.38,True,73200.93,73078.36,1610420.44,22,4,0.18181818181818182
723,32,45962775.77,Delhi,Current,2017-05-03,3314,0.066,True,38013.29,65172.35,1178411.96,31,2,0.06451612903225806
724,21,362049139.53,Ahmedabad,Premium,2017-01-20,3417,0.329,True,69734.9,69157.38,1464432.83,21,3,0.14285714285714285
725,63,38728021.32,Mumbai,Current,2022-07-04,1426,0.091,True,13504.46,19836.76,256584.77,19,1,0.05263157894736842
726,19,21639013.65,Ahmedabad,Premium,2025-08-16,287,0.362,True,26039.9,45444.79,468718.19,18,3,0.16666666666666666
727,40,82419027.9,Hyderabad,Current,2026-03-10,81,0.165,True,18918.51,30854.61,359451.74,19,2,0.10526315789473684
728,34,41375919.7,Hyderabad,Premium,2020-06-21,2169,0.193,True,64901.98,73054.79,1427843.52,22,2,0.09090909090909091
729,23,39148499.33,Pune,Current,2023-04-05,1151,0.214,True,13669.38,14938.33,273387.55,20,0,0.0
730,36,37407527.36,Mumbai,Premium,2019-03-25,2623,0.231,True,24513.87,38574.1,710902.31,29,1,0.034482758620689655
731,42,35239305.53,Pune,Premium,2016-11-08,3490,0.214,True,49128.61,62022.86,1572115.46,32,1,0.03125
732,42,225726465.42,Delhi,Current,2017-06-17,3269,0.081,True,27545.46,41032.09,771272.88,28,1,0.03571428571428571
733,69,78282206.12,Hyderabad,Premium,2025-08-11,292,0.229,True,16130.98,15608.52,354881.52,22,3,0.13636363636363635
734,41,51556576.76,Kolkata,Premium,2021-08-19,1745,0.183,True,25701.33,23876.63,591130.64,23,1,0.043478260869565216
735,41,30302241.77,Chennai,Current,2020-10-22,2046,0.018,True,29905.19,51154.25,448577.83,15,4,0.26666666666666666
736,43,25952674.65,Bangalore,Premium,2016-06-07,3644,0.174,True,18375.13,43070.66,385877.79,21,2,0.09523809523809523
737,37,71591406.18,Ahmedabad,Premium,2022-09-30,1338,0.21,True,43093.15,66517.88,948049.34,22,0,0.0
738,21,69822740.28,Kolkata,Premium,2017-10-25,3139,0.331,True,51344.43,76181.35,1026888.69,20,1,0.05
739,44,67743681.39,Chennai,Premium,2019-12-14,2359,0.19,True,72118.05,78833.88,2091423.37,29,3,0.10344827586206896
740,34,88169992.47,Hyderabad,Premium,2017-10-08,3156,0.233,True,27012.76,42679.2,810382.89,30,4,0.13333333333333333
741,52,431298527.88,Ahmedabad,Current,2020-09-04,2094,0.088,True,25998.84,38779.4,493978.01,19,1,0.05263157894736842
742,35,92449791.66,Pune,Premium,2020-07-10,2150,0.155,True,38721.57,53319.59,1239090.09,32,5,0.15625
743,67,28288409.7,Ahmedabad,Premium,2018-12-27,2711,0.18,False,44902.3,56479.49,1526678.35,34,3,0.08823529411764706
744,78,29668690.53,Mumbai,Current,2021-03-12,1905,0.204,True,47576.95,56749.88,951538.95,20,0,0.0
745,32,58023625.93,Kolkata,Current,2021-09-05,1728,0.088,True,44100.41,54879.55,882008.2,20,0,0.0
746,42,13635645.35,Mumbai,Premium,2017-03-09,3369,0.175,True,31713.8,51019.2,665989.85,21,1,0.047619047619047616
747,42,18346288.39,Ahmedabad,Premium,2017-05-22,3295,0.17,True,41854.39,59251.33,1046359.67,25,3,0.12
748,66,16783889.06,Hyderabad,Current,2026-01-14,136,0.005,True,24912.79,27990.01,622819.64,25,8,0.32
749,51,323480695.89,Bangalore,Current,2019-09-18,2446,0.0,True,29692.69,52264.1,653239.14,22,0,0.0
750,57,37018075.47,Bangalore,Premium,2019-02-07,2669,0.161,True,45985.78,63453.08,1103658.68,24,0,0.0
751,39,183420310.84,Ahmedabad,Premium,2022-05-24,1467,0.193,True,32117.3,36521.92,642345.9,20,0,0.0
752,78,41231783.41,Hyderabad,Current,2017-07-31,3225,0.212,True,67261.38,84809.11,1614273.01,24,2,0.08333333333333333
753,72,45986689.28,Chennai,Premium,2016-06-30,3621,0.334,True,49379.59,57961.64,740693.92,15,2,0.13333333333333333
754,78,37336418.96,Bangalore,Premium,2022-09-13,1355,0.387,True,22756.88,22533.64,409623.85,18,1,0.05555555555555555
755,51,48722712.08,Pune,Premium,2023-03-23,1164,0.225,True,46289.59,60631.22,1249818.91,27,7,0.25925925925925924
756,21,206301001.04,Chennai,Premium,2023-03-13,1174,0.31,True,48786.73,62813.89,1317241.78,27,3,0.1111111111111111
757,26,20895897.27,Ahmedabad,Premium,2023-07-18,1047,0.184,True,40721.43,37176.51,977314.28,24,3,0.125
758,25,35944010.82,Kolkata,Current,2019-03-05,2643,0.023,True,19296.3,37756.78,424518.55,22,2,0.09090909090909091
759,39,33010994.28,Hyderabad,Current,2019-08-24,2471,0.088,True,83595.74,77749.16,2089893.39,25,3,0.12
760,68,18057456.1,Ahmedabad,Current,2016-11-21,3477,0.095,True,64425.76,60525.56,1352940.9,21,1,0.047619047619047616
761,75,28216163.42,Ahmedabad,Premium,2025-11-14,197,0.312,True,21550.43,37956.95,495659.85,23,1,0.043478260869565216
762,74,36479501.0,Hyderabad,Premium,2022-01-10,1601,0.319,True,35985.13,25483.89,575762.08,16,2,0.125
763,23,43401510.44,Ahmedabad,Premium,2020-07-10,2150,0.301,True,25671.43,39348.69,539100.09,21,1,0.047619047619047616
764,53,194129640.22,Kolkata,Premium,2026-03-11,80,0.382,False,78340.78,83800.59,1253452.49,16,0,0.0
765,70,29397914.67,Kolkata,Current,2021-11-25,1647,0.054,True,26104.23,53235.6,548188.8,21,1,0.047619047619047616
766,19,20380629.93,Pune,Current,2023-11-20,922,0.2,True,22482.65,24288.56,539583.61,24,1,0.041666666666666664
767,58,54070459.71,Chennai,Current,2016-06-30,3621,0.038,True,59492.04,64059.95,1011364.71,17,3,0.17647058823529413
768,40,23923720.55,Delhi,Premium,2020-12-02,2005,0.245,True,33270.15,63438.83,731943.21,22,3,0.13636363636363635
769,53,68485859.77,Mumbai,Current,2018-12-12,2726,0.076,True,43167.15,53943.05,1122345.97,26,1,0.038461538461538464
770,55,45229865.75,Kolkata,Premium,2025-12-13,168,0.184,True,27954.07,30633.35,531127.32,19,1,0.05263157894736842
771,46,57953432.37,Mumbai,Premium,2021-08-03,1761,0.157,True,79664.97,79190.44,1593299.42,20,0,0.0
772,69,82214756.3,Delhi,Current,2023-09-25,978,0.015,True,43458.6,66194.01,999547.86,23,3,0.13043478260869565
773,38,41486711.98,Ahmedabad,Current,2017-08-25,3200,0.03,True,75760.99,81653.99,1742502.81,23,1,0.043478260869565216
774,33,40042117.53,Mumbai,Current,2019-04-21,2596,0.082,True,71624.49,96475.47,1217616.4,17,2,0.11764705882352941
775,76,125197336.54,Kolkata,Premium,2026-04-01,59,0.453,True,32250.88,41286.84,838522.83,26,6,0.23076923076923078
776,28,79272659.75,Pune,Premium,2021-05-21,1835,0.174,True,31449.16,38767.3,597534.12,19,4,0.21052631578947367
777,41,35535827.79,Mumbai,Premium,2024-07-05,694,0.151,True,40817.86,56830.8,979628.53,24,1,0.041666666666666664
778,41,41838713.19,Ahmedabad,Premium,2018-07-19,2872,0.166,True,24969.37,44071.41,574295.6,23,2,0.08695652173913043
779,75,363199014.16,Delhi,Current,2023-05-12,1114,0.203,True,56976.1,73764.81,1310450.24,23,1,0.043478260869565216
780,37,179414089.91,Mumbai,Current,2025-06-28,336,0.037,True,27196.73,57480.99,380754.25,14,1,0.07142857142857142
781,21,266862088.65,Kolkata,Premium,2025-10-02,240,0.305,True,20431.91,31124.96,429070.2,21,3,0.14285714285714285
782,45,121257858.13,Mumbai,Premium,2022-10-22,1316,0.242,True,41728.63,61598.73,876301.27,21,2,0.09523809523809523
783,63,102671990.76,Mumbai,Current,2017-02-07,3399,0.091,True,49319.23,73247.98,1183661.59,24,5,0.20833333333333334
784,29,15995856.13,Kolkata,Current,2024-01-02,879,0.043,True,11226.09,16389.04,269426.25,24,2,0.08333333333333333
785,25,184927329.9,Chennai,Premium,2017-11-28,3105,0.231,True,39053.19,63560.96,976329.77,25,1,0.04
786,18,69067877.55,Delhi,Current,2022-02-05,1575,0.217,True,27917.04,28754.81,586257.76,21,0,0.0
787,56,24803002.23,Delhi,Premium,2019-03-09,2639,0.205,True,58655.43,71505.33,1231763.98,21,1,0.047619047619047616
788,50,240463684.24,Hyderabad,Current,2024-05-03,757,0.022,True,31071.22,33349.25,590353.19,19,1,0.05263157894736842
789,43,80231638.9,Chennai,Premium,2021-02-12,1933,0.203,True,29213.28,46400.7,467412.46,16,1,0.0625
790,79,10372880.35,Hyderabad,Current,2024-10-13,594,0.171,True,60133.46,81075.39,1142535.66,19,2,0.10526315789473684
791,59,297195619.42,Hyderabad,Premium,2020-03-24,2258,0.205,True,55412.8,61833.8,886604.86,16,0,0.0
792,63,24041114.77,Hyderabad,Premium,2017-06-16,3270,0.227,True,21421.86,30976.48,514124.69,24,6,0.25
793,36,34793137.52,Hyderabad,Premium,2021-04-18,1868,0.162,True,40379.4,63093.25,1009484.88,25,5,0.2
794,71,55156955.07,Ahmedabad,Current,2024-04-12,778,0.197,True,39380.49,64520.6,866370.75,22,4,0.18181818181818182
795,37,175883327.35,Ahmedabad,Premium,2017-10-13,3151,0.168,True,47540.97,71310.78,1045901.33,22,3,0.13636363636363635
796,22,145011691.02,Chennai,Current,2018-04-23,2959,0.214,True,33009.7,43398.7,693203.73,21,2,0.09523809523809523
797,43,71545526.9,Bangalore,Premium,2020-09-19,2079,0.217,True,21188.8,43616.06,317832.05,15,1,0.06666666666666667
798,72,36265603.73,Pune,Premium,2026-01-16,134,0.353,True,48257.44,53708.4,1013406.21,21,2,0.09523809523809523
799,27,121339013.96,Hyderabad,Current,2022-04-21,1500,0.056,True,16363.49,35715.06,359996.69,22,3,0.13636363636363635
800,51,32115905.9,Chennai,Premium,2024-06-10,719,0.247,True,52264.39,47987.27,679437.05,13,4,0.3076923076923077
801,29,58712368.7,Kolkata,Premium,2024-05-25,735,0.212,True,38060.31,48311.59,1065688.74,28,3,0.10714285714285714
802,19,61557697.38,Delhi,Current,2016-06-06,3645,0.202,True,45142.1,78945.05,857699.82,19,1,0.05263157894736842
803,65,45427438.4,Chennai,Premium,2021-06-30,1795,0.194,True,37121.34,47362.23,779548.15,21,0,0.0
804,61,29864014.11,Kolkata,Premium,2023-12-02,910,0.242,True,80586.25,80354.3,1531138.76,19,3,0.15789473684210525
805,43,158928020.38,Delhi,Current,2024-12-17,529,0.092,True,22864.11,38406.01,365825.69,16,2,0.125
806,68,105146637.01,Ahmedabad,Current,2021-02-06,1939,0.009,True,93987.6,93186.51,1785764.47,19,4,0.21052631578947367
807,23,46166889.01,Mumbai,Current,2020-07-16,2144,0.157,True,37246.34,41573.1,595941.52,16,1,0.0625
808,29,18818918.45,Hyderabad,Current,2022-10-22,1316,0.05,True,36635.42,41020.49,696073.07,19,5,0.2631578947368421
809,59,99362179.75,Delhi,Current,2024-12-03,543,0.042,True,33677.65,51749.04,673553.0,20,1,0.05
810,68,43150652.72,Ahmedabad,Current,2022-09-23,1345,0.033,True,49120.09,65875.42,884161.62,18,0,0.0
811,47,55851404.14,Hyderabad,Premium,2025-03-20,436,0.247,True,25485.37,23669.75,560678.19,22,1,0.045454545454545456
812,30,125329457.46,Chennai,Current,2025-01-06,509,0.063,True,43436.57,48014.7,781858.28,18,0,0.0
813,75,75292307.04,Ahmedabad,Premium,2019-12-06,2367,0.306,True,58456.05,64891.76,1110664.94,19,2,0.10526315789473684
814,65,24515979.59,Chennai,Current,2018-12-27,2711,0.025,True,23524.5,28119.26,729259.62,31,1,0.03225806451612903
815,57,27881643.89,Chennai,Current,2024-05-16,744,0.096,True,4522.16,4996.2,81398.8,18,0,0.0
816,29,50049852.78,Ahmedabad,Premium,2026-01-27,123,0.243,True,18301.96,26857.51,329435.3,18,1,0.05555555555555555
817,40,36288360.34,Delhi,Premium,2021-10-16,1687,0.215,True,72525.59,89558.1,2030716.49,28,2,0.07142857142857142
818,58,115376478.7,Kolkata,Current,2023-06-04,1091,0.02,True,27448.14,57126.38,905788.51,33,3,0.09090909090909091
819,45,28323049.26,Bangalore,Premium,2016-12-23,3445,0.197,True,21972.92,32149.8,439458.37,20,3,0.15
820,78,34697853.77,Chennai,Current,2025-08-12,291,0.197,True,41918.35,48338.0,544938.52,13,0,0.0
821,56,41191101.8,Ahmedabad,Premium,2021-02-11,1934,0.193,True,84510.4,88004.72,1605697.58,19,3,0.15789473684210525
822,59,39459120.3,Ahmedabad,Current,2019-03-23,2625,0.082,True,47278.16,70684.85,756450.49,16,3,0.1875
823,26,43318076.4,Pune,Premium,2021-12-17,1625,0.163,True,24504.33,25450.58,637112.6,26,2,0.07692307692307693
824,56,299017536.24,Delhi,Premium,2017-09-17,3177,0.186,True,42277.66,66432.07,1226052.02,29,6,0.20689655172413793
825,70,90274639.04,Mumbai,Premium,2018-04-30,2952,0.17,True,24998.68,29046.97,549970.99,22,0,0.0
826,32,77819729.36,Hyderabad,Current,2020-06-23,2167,0.028,False,29687.69,45928.34,534378.43,18,2,0.1111111111111111
827,48,101447348.93,Delhi,Current,2017-12-06,3097,0.087,True,20380.23,18792.4,427984.8,21,0,0.0
828,79,36465179.08,Hyderabad,Current,2017-03-27,3351,0.226,True,27314.87,48375.19,682871.82,25,4,0.16
829,62,63279801.46,Mumbai,Current,2023-06-09,1086,0.029,True,36894.59,35579.21,774786.39,21,1,0.047619047619047616
830,43,43245777.64,Pune,Premium,2023-01-23,1223,0.237,True,28368.42,37402.47,907789.31,32,1,0.03125
831,56,95101211.84,Hyderabad,Current,2019-07-17,2509,0.028,True,48887.42,57086.27,1075523.16,22,1,0.045454545454545456
832,19,100576919.13,Kolkata,Current,2024-11-18,558,0.23,True,27842.03,33728.55,473314.53,17,3,0.17647058823529413
833,57,98276527.19,Mumbai,Current,2021-10-21,1682,0.036,True,48443.41,76909.46,775094.55,16,1,0.0625
834,32,50425032.74,Pune,Premium,2025-12-17,164,0.179,False,10617.3,13081.4,233580.62,22,1,0.045454545454545456
835,39,27708170.95,Hyderabad,Current,2021-11-02,1670,0.073,True,32245.31,31950.17,709396.89,22,0,0.0
836,40,44032660.74,Ahmedabad,Current,2019-02-23,2653,0.082,True,50982.85,55309.93,1121622.62,22,4,0.18181818181818182
837,32,63935635.76,Hyderabad,Premium,2021-12-16,1626,0.168,True,43854.0,52998.91,1359474.06,31,2,0.06451612903225806
838,69,361161602.71,Chennai,Current,2022-03-24,1528,0.001,True,64230.52,86202.52,1669993.63,26,3,0.11538461538461539
839,51,160432499.5,Delhi,Current,2020-03-15,2267,0.005,True,38411.02,62749.54,998686.44,26,1,0.038461538461538464
840,55,43357163.96,Mumbai,Premium,2026-02-12,107,0.202,True,58913.99,66858.98,1472849.81,25,3,0.12
841,56,45787062.69,Pune,Current,2018-08-04,2856,0.002,True,18646.67,33934.44,391580.09,21,2,0.09523809523809523
842,78,172385983.48,Delhi,Current,2023-07-17,1048,0.179,True,57956.41,56150.98,1101171.87,19,0,0.0
843,31,113017550.88,Kolkata,Premium,2021-10-03,1700,0.175,True,45844.61,64918.59,916892.24,20,4,0.2
844,18,211296116.92,Ahmedabad,Current,2017-11-17,3116,0.245,False,45691.86,50411.39,1279372.0,28,0,0.0
845,40,87874473.53,Kolkata,Current,2021-01-13,1963,0.047,True,40685.34,49014.37,895077.44,22,1,0.045454545454545456
846,46,178847170.1,Delhi,Premium,2017-03-19,3359,0.209,True,38253.95,43031.86,1147618.39,30,2,0.06666666666666667
847,58,29887035.91,Hyderabad,Current,2022-04-30,1491,0.007,True,69447.85,58820.38,1527852.75,22,1,0.045454545454545456
848,38,109107956.72,Chennai,Premium,2016-08-19,3571,0.189,True,54920.99,61345.69,1263182.74,23,3,0.13043478260869565
849,40,260745250.55,Delhi,Premium,2025-03-28,428,0.207,False,21904.28,42606.93,481894.19,22,1,0.045454545454545456
850,37,186250280.27,Pune,Current,2026-01-18,132,0.053,True,21382.24,19684.43,470409.24,22,0,0.0
851,34,64117545.44,Mumbai,Current,2020-02-19,2292,0.006,True,62662.19,71345.68,1629216.84,26,9,0.34615384615384615
852,29,127220633.04,Ahmedabad,Current,2025-10-15,227,0.027,True,40667.33,38973.58,772679.32,19,1,0.05263157894736842
853,35,29564276.57,Kolkata,Premium,2021-11-02,1670,0.232,True,7720.8,10656.8,169857.68,22,0,0.0
854,32,61802111.71,Hyderabad,Current,2021-11-27,1645,0.003,True,21158.58,36780.16,528964.61,25,1,0.04
855,39,447312832.07,Delhi,Current,2024-07-20,679,0.075,True,36695.79,49481.56,660524.13,18,1,0.05555555555555555
856,76,26961101.21,Ahmedabad,Current,2017-10-23,3141,0.201,False,31955.39,34134.21,862795.64,27,1,0.037037037037037035
857,44,323046463.91,Kolkata,Current,2020-06-21,2169,0.045,True,61836.08,66433.68,1545901.94,25,2,0.08
858,24,60659635.17,Mumbai,Current,2021-07-10,1785,0.176,True,74722.98,68754.74,1270290.66,17,8,0.47058823529411764
859,63,95131085.16,Kolkata,Current,2017-07-22,3234,0.069,False,53723.25,74732.85,1074465.05,20,1,0.05
860,42,935301157.34,Kolkata,Current,2019-08-21,2474,0.017,True,51118.11,58086.31,1124598.47,22,5,0.22727272727272727
861,37,62791712.29,Hyderabad,Current,2018-08-14,2846,0.095,True,6894.59,9288.65,137891.82,20,1,0.05
862,55,100516653.81,Kolkata,Current,2023-04-19,1137,0.078,True,74822.01,60927.79,2469126.26,33,5,0.15151515151515152
863,75,122599444.08,Delhi,Current,2024-06-29,700,0.151,True,52430.1,68108.6,1101032.02,21,1,0.047619047619047616
864,75,91519265.99,Pune,Current,2020-02-21,2290,0.219,True,19574.4,23174.08,391488.03,20,0,0.0
865,67,54580898.57,Chennai,Current,2021-03-14,1903,0.007,True,51761.73,74049.29,828187.62,16,2,0.125
866,24,63929961.54,Ahmedabad,Premium,2018-11-19,2749,0.309,True,39203.92,48482.22,1215321.66,31,1,0.03225806451612903
867,23,65273238.59,Bangalore,Premium,2022-09-27,1341,0.387,True,39973.62,37641.19,799472.44,20,4,0.2
868,74,49879038.26,Ahmedabad,Premium,2021-05-07,1849,0.336,True,23393.54,50999.03,514657.91,22,2,0.09090909090909091
869,57,25435674.1,Delhi,Current,2023-07-02,1063,0.064,True,36150.73,37122.32,867617.49,24,0,0.0
870,69,66099184.3,Pune,Current,2020-12-19,1988,0.087,True,27815.48,43801.62,695387.1,25,0,0.0
871,72,405246471.26,Pune,Current,2025-09-14,258,0.19,True,30989.99,34951.92,464849.87,15,2,0.13333333333333333
872,62,219546740.96,Pune,Current,2017-06-16,3270,0.052,True,23630.18,32424.15,756165.84,32,1,0.03125
873,73,37395365.85,Chennai,Current,2023-04-17,1139,0.195,True,24160.67,21175.37,531534.7,22,2,0.09090909090909091
874,58,139864002.09,Ahmedabad,Premium,2017-11-04,3129,0.155,True,66707.46,67899.47,1534271.65,23,1,0.043478260869565216
875,24,23382339.52,Pune,Current,2023-01-08,1238,0.212,True,41775.04,46871.47,919050.94,22,2,0.09090909090909091
876,39,44407135.37,Ahmedabad,Current,2025-11-29,182,0.004,True,31909.8,42253.93,414827.43,13,3,0.23076923076923078
877,69,33954146.61,Chennai,Premium,2018-01-27,3045,0.159,True,20580.04,19112.68,432180.75,21,3,0.14285714285714285
878,48,77181175.0,Hyderabad,Current,2016-12-05,3463,0.043,True,17720.96,25889.55,389861.21,22,1,0.045454545454545456
879,50,39626992.06,Ahmedabad,Current,2024-10-04,603,0.067,True,21455.33,29386.57,579293.95,27,2,0.07407407407407407
880,72,237723673.7,Chennai,Current,2024-06-03,726,0.224,True,67169.29,74168.49,1276216.5,19,1,0.05263157894736842
881,75,41211119.64,Chennai,Premium,2024-03-15,806,0.313,True,24225.92,38222.22,532970.29,22,0,0.0
882,51,50257041.63,Bangalore,Current,2017-08-17,3208,0.051,True,14813.0,14743.22,414763.86,28,0,0.0
883,46,134508566.81,Chennai,Current,2024-10-04,603,0.079,True,39528.23,60353.39,1146318.72,29,3,0.10344827586206896
884,50,60304759.08,Kolkata,Current,2024-09-03,634,0.022,False,30021.85,50854.7,900655.38,30,3,0.1
885,63,57730532.4,Bangalore,Premium,2024-07-07,692,0.201,True,15797.59,38419.38,379142.13,24,2,0.08333333333333333
886,56,99516344.6,Kolkata,Premium,2021-08-28,1736,0.209,True,33847.87,50344.86,812348.89,24,4,0.16666666666666666
887,35,100923890.18,Pune,Premium,2016-07-29,3592,0.196,True,42804.72,66907.53,1027313.26,24,3,0.125
888,27,60230869.31,Kolkata,Current,2023-11-14,928,0.093,False,30250.33,36125.83,574756.3,19,0,0.0
889,66,373677875.25,Kolkata,Premium,2022-07-11,1419,0.22,True,79049.46,92829.46,1580989.13,20,5,0.25
890,25,67393344.42,Ahmedabad,Premium,2019-11-18,2385,0.16,True,32010.34,45209.4,736237.82,23,1,0.043478260869565216
891,69,392467606.89,Pune,Premium,2024-08-30,638,0.2,True,41813.61,65079.54,1045340.37,25,3,0.12
892,63,160436196.92,Kolkata,Current,2022-07-13,1417,0.045,True,47250.89,57984.01,1228523.23,26,3,0.11538461538461539
893,38,42629814.17,Pune,Premium,2017-10-02,3162,0.201,True,35196.76,52024.41,774328.62,22,1,0.045454545454545456
894,74,50946864.71,Delhi,Current,2020-05-19,2202,0.218,True,32358.24,50400.26,841314.21,26,0,0.0
895,33,118481767.16,Chennai,Premium,2025-08-19,284,0.19,True,11347.81,16125.47,249651.91,22,5,0.22727272727272727
896,45,23200591.46,Mumbai,Current,2019-05-31,2556,0.1,True,28083.42,48773.84,421251.36,15,2,0.13333333333333333
897,44,100023265.59,Kolkata,Premium,2019-11-28,2375,0.218,True,24138.43,29622.85,482768.66,20,1,0.05
898,58,148689762.71,Chennai,Current,2020-08-04,2125,0.068,True,58327.93,76464.27,1283214.48,22,1,0.045454545454545456
899,40,59510692.99,Delhi,Premium,2016-12-09,3459,0.228,True,61144.86,81395.3,917172.86,15,1,0.06666666666666667
900,19,105904192.06,Ahmedabad,Premium,2016-05-31,3651,0.385,True,22565.59,36406.89,519008.51,23,4,0.17391304347826086
901,18,23939527.36,Pune,Premium,2020-11-07,2030,0.318,True,41172.22,57867.37,905788.92,22,3,0.13636363636363635
902,62,204565322.61,Bangalore,Current,2026-02-23,96,0.014,False,15004.49,23085.6,375112.16,25,1,0.04
903,53,223314593.24,Mumbai,Current,2024-04-04,786,0.016,True,63708.34,61120.29,1465291.74,23,3,0.13043478260869565
904,18,75655455.83,Bangalore,Current,2024-06-10,719,0.195,True,62888.17,69243.34,1949533.33,31,5,0.16129032258064516
905,28,27576877.43,Bangalore,Current,2017-06-20,3266,0.025,True,42241.54,53011.3,1225004.77,29,2,0.06896551724137931
906,66,55159984.36,Mumbai,Current,2024-04-28,762,0.066,True,14823.12,16992.79,296462.37,20,1,0.05
907,49,275463535.4,Ahmedabad,Premium,2022-11-10,1297,0.18,True,14831.08,35588.34,281790.57,19,0,0.0
908,47,47017757.49,Delhi,Current,2025-08-25,278,0.01,True,32523.24,53819.17,748034.55,23,0,0.0
909,22,60415745.89,Hyderabad,Current,2023-08-03,1031,0.16,True,30417.06,45707.97,882094.79,29,3,0.10344827586206896
910,69,79358905.23,Pune,Current,2018-06-15,2906,0.066,True,38473.16,35782.61,884882.72,23,6,0.2608695652173913
911,53,21317398.94,Ahmedabad,Current,2016-09-17,3542,0.046,True,36395.14,66633.46,837088.23,23,4,0.17391304347826086
912,68,299865188.6,Hyderabad,Premium,2021-01-18,1958,0.166,True,50784.23,72997.99,1320389.97,26,11,0.4230769230769231
913,31,294774852.15,Chennai,Current,2017-11-02,3131,0.078,True,20320.47,29636.33,386088.84,19,1,0.05263157894736842
914,21,33437973.85,Bangalore,Current,2020-08-31,2098,0.194,True,69462.81,78662.6,2153347.18,31,4,0.12903225806451613
915,75,218856055.52,Mumbai,Current,2022-06-02,1458,0.157,True,42434.6,54456.68,763822.73,18,1,0.05555555555555555
916,46,69604778.45,Ahmedabad,Premium,2026-03-23,68,0.326,True,55170.51,51572.26,1103410.15,20,6,0.3
917,32,26812920.93,Pune,Premium,2017-09-17,3177,0.174,False,50585.83,48935.22,859959.09,17,1,0.058823529411764705
918,67,60845826.56,Delhi,Current,2017-04-08,3339,0.002,True,49801.17,66748.1,1145426.93,23,1,0.043478260869565216
919,37,321893142.79,Hyderabad,Premium,2017-01-08,3429,0.242,True,15434.98,30142.47,355004.62,23,2,0.08695652173913043
920,22,23446812.6,Ahmedabad,Premium,2016-06-26,3625,0.396,True,56983.85,77919.09,1367612.33,24,4,0.16666666666666666
921,20,79646355.8,Delhi,Current,2023-02-19,1196,0.159,True,46459.46,43036.21,1068567.5,23,6,0.2608695652173913
922,20,34521128.12,Hyderabad,Current,2018-05-26,2926,0.167,True,63444.62,69524.57,1015113.95,16,1,0.0625
923,40,55585744.32,Pune,Premium,2025-02-15,469,0.2,True,33849.59,56324.8,643142.2,19,5,0.2631578947368421
924,59,74040887.96,Mumbai,Premium,2019-07-26,2500,0.167,True,34361.64,33988.95,652871.08,19,2,0.10526315789473684
925,47,68014216.48,Pune,Premium,2023-03-02,1185,0.197,True,31819.06,58775.77,604562.06,19,1,0.05263157894736842
926,23,28645248.91,Mumbai,Current,2016-10-03,3526,0.239,True,45366.15,48075.15,1043421.38,23,1,0.043478260869565216
927,28,25456211.12,Pune,Current,2016-08-19,3571,0.002,True,22582.13,40109.44,383896.13,17,1,0.058823529411764705
928,47,42099635.15,Ahmedabad,Premium,2026-05-21,9,0.332,True,45105.33,40612.92,811895.97,18,6,0.3333333333333333
929,64,515842107.61,Ahmedabad,Current,2018-12-27,2711,0.001,True,29750.27,40750.37,803257.38,27,2,0.07407407407407407
930,44,36046875.06,Kolkata,Current,2021-01-12,1964,0.001,True,20211.67,23089.41,282963.34,14,0,0.0
931,50,28784787.79,Hyderabad,Premium,2016-11-01,3497,0.209,True,11891.05,14357.91,154583.59,13,1,0.07692307692307693
932,59,77891935.78,Pune,Premium,2024-01-07,874,0.192,True,47462.8,88264.8,901793.13,19,2,0.10526315789473684
933,45,32612848.26,Ahmedabad,Current,2023-06-03,1092,0.063,True,36362.24,62772.69,836331.63,23,2,0.08695652173913043
934,50,8530868.1,Mumbai,Current,2021-02-12,1933,0.057,True,25379.13,34638.52,862890.39,34,0,0.0
935,67,71854233.41,Kolkata,Current,2019-02-03,2673,0.019,True,30600.87,57323.37,734420.78,24,3,0.125
936,75,593053583.65,Kolkata,Current,2016-08-08,3582,0.245,True,33397.99,54959.8,768153.78,23,0,0.0
937,31,40571535.63,Mumbai,Current,2017-09-30,3164,0.062,True,29408.24,37081.1,470531.92,16,1,0.0625
938,72,27872236.91,Chennai,Current,2024-05-04,756,0.191,True,19135.54,27242.68,516659.68,27,1,0.037037037037037035
939,75,29328003.68,Ahmedabad,Premium,2026-03-26,65,0.5,True,45889.52,69497.07,734232.31,16,0,0.0
940,36,50078128.98,Chennai,Premium,2016-09-27,3532,0.167,False,30372.03,40703.81,546696.53,18,3,0.16666666666666666
941,74,283286838.09,Chennai,Premium,2024-07-21,678,0.389,True,53475.4,67998.24,1550786.48,29,3,0.10344827586206896
942,54,95177594.37,Hyderabad,Premium,2021-10-07,1696,0.189,False,22840.34,25990.09,433966.42,19,3,0.15789473684210525
943,75,30403649.15,Bangalore,Current,2019-03-14,2634,0.173,True,21181.25,21012.32,487168.76,23,5,0.21739130434782608
944,66,76111085.39,Kolkata,Current,2017-11-12,3121,0.034,False,11329.8,11298.93,294574.9,26,0,0.0
945,48,139706940.34,Mumbai,Premium,2018-11-19,2749,0.212,True,13370.07,12147.27,227291.23,17,1,0.058823529411764705
946,71,43524644.38,Mumbai,Current,2024-05-25,735,0.227,True,31062.76,29299.45,590192.37,19,2,0.10526315789473684
947,44,501594747.48,Kolkata,Current,2020-11-08,2029,0.09,True,57796.79,75269.47,1155935.75,20,1,0.05
948,75,110492751.92,Ahmedabad,Premium,2017-05-04,3313,0.379,True,17087.62,20029.44,341752.45,20,1,0.05
949,40,173689193.66,Ahmedabad,Current,2021-08-09,1755,0.015,False,51316.86,65380.43,1077653.99,21,0,0.0
950,56,47918846.01,Kolkata,Current,2019-10-28,2406,0.096,True,18856.02,26378.23,358264.29,19,1,0.05263157894736842
951,74,75636642.73,Chennai,Premium,2024-10-22,585,0.382,False,63206.07,71096.51,1769769.89,28,18,0.6428571428571429
952,38,52421888.1,Delhi,Current,2022-10-27,1311,0.007,True,27087.31,33039.0,433396.9,16,3,0.1875
953,74,62870306.99,Chennai,Premium,2026-03-13,78,0.467,True,26203.67,46733.07,576480.82,22,0,0.0
954,65,47575438.42,Chennai,Premium,2025-05-28,367,0.202,True,23448.33,25620.71,492415.03,21,1,0.047619047619047616
955,56,66924654.66,Ahmedabad,Premium,2023-01-08,1238,0.2,True,97111.34,75839.38,2719117.43,28,5,0.17857142857142858
956,50,66004817.62,Delhi,Current,2025-09-23,249,0.055,True,30096.34,39787.48,662119.53,22,2,0.09090909090909091
957,30,134762166.83,Delhi,Premium,2019-09-14,2450,0.163,True,16203.83,21498.66,259261.23,16,1,0.0625
958,67,38402154.87,Hyderabad,Current,2023-05-31,1095,0.079,True,51146.11,48327.7,1227506.58,24,1,0.041666666666666664
959,22,73362395.81,Delhi,Current,2018-01-13,3059,0.237,True,13197.37,17322.11,329934.15,25,1,0.04
960,72,61729748.62,Kolkata,Current,2022-07-05,1425,0.22,True,44238.62,37214.93,796295.18,18,1,0.05555555555555555
961,32,72211358.13,Bangalore,Current,2020-03-18,2264,0.039,True,14316.29,17504.31,386539.89,27,2,0.07407407407407407
962,73,49594178.78,Kolkata,Current,2018-05-07,2945,0.235,True,60656.71,76786.27,1091820.71,18,5,0.2777777777777778
963,26,256050673.24,Chennai,Current,2017-05-19,3298,0.079,True,52770.66,83913.07,1266495.88,24,3,0.125
964,42,40808008.65,Bangalore,Current,2018-01-11,3061,0.095,True,31554.79,36915.01,694205.36,22,1,0.045454545454545456
965,78,65624926.17,Mumbai,Current,2019-05-28,2559,0.186,True,39453.87,75411.05,867985.17,22,3,0.13636363636363635
966,60,15220172.22,Ahmedabad,Current,2023-03-17,1170,0.024,True,34716.4,73706.4,486029.6,14,2,0.14285714285714285
967,42,115425804.65,Pune,Current,2022-08-14,1385,0.056,True,33375.99,41766.71,667519.84,20,0,0.0
968,64,38114083.88,Pune,Premium,2020-03-19,2263,0.17,True,42860.81,32785.93,1200102.59,28,1,0.03571428571428571
969,75,34160320.54,Hyderabad,Current,2018-07-04,2887,0.202,True,51001.11,77264.55,1071023.37,21,3,0.14285714285714285
970,65,29295625.01,Bangalore,Current,2022-12-05,1272,0.073,True,65128.9,81391.45,1693351.49,26,3,0.11538461538461539
971,35,48626461.02,Pune,Current,2017-06-07,3279,0.004,True,38888.77,56979.72,1244440.7,32,7,0.21875
972,36,82354000.23,Bangalore,Current,2017-11-20,3113,0.038,True,40613.12,57508.99,974714.81,24,3,0.125
973,65,34699996.91,Chennai,Current,2019-06-14,2542,0.067,True,11497.33,15950.19,172459.93,15,2,0.13333333333333333
974,67,60130799.97,Hyderabad,Current,2017-04-03,3344,0.062,True,20571.78,33783.56,514294.62,25,1,0.04
975,67,52407023.58,Ahmedabad,Current,2022-11-17,1290,0.098,True,18004.14,17966.41,414095.19,23,3,0.13043478260869565
976,54,419799446.99,Delhi,Current,2025-09-09,263,0.003,True,40434.4,54513.06,889556.83,22,3,0.13636363636363635
977,52,27346820.14,Bangalore,Premium,2023-01-05,1241,0.201,True,33610.62,43067.33,773044.31,23,4,0.17391304347826086
978,38,245574637.45,Chennai,Premium,2024-12-27,519,0.217,True,66900.72,88270.42,1471815.84,22,2,0.09090909090909091
979,61,68144324.23,Mumbai,Current,2023-01-19,1227,0.045,False,69687.31,89008.27,1881557.49,27,2,0.07407407407407407
980,54,59564387.48,Mumbai,Current,2022-05-04,1487,0.046,True,36850.16,53478.93,958104.04,26,1,0.038461538461538464
981,60,54760651.76,Chennai,Current,2019-02-23,2653,0.072,True,9253.33,8144.6,120293.24,13,2,0.15384615384615385
982,24,88497817.93,Ahmedabad,Current,2022-07-21,1409,0.174,True,18801.98,17029.53,319633.73,17,3,0.17647058823529413
983,68,38729527.88,Ahmedabad,Current,2024-08-08,660,0.02,True,46554.03,53723.46,977634.55,21,1,0.047619047619047616
984,28,42590134.72,Hyderabad,Current,2018-08-24,2836,0.092,True,25533.36,38939.69,561733.93,22,0,0.0
985,45,17524016.1,Bangalore,Premium,2025-07-26,308,0.243,True,36512.91,47170.28,584206.53,16,2,0.125
986,35,184513035.84,Chennai,Premium,2020-08-24,2105,0.239,True,40295.14,68600.3,604427.17,15,2,0.13333333333333333
987,44,128129407.76,Delhi,Current,2024-10-24,583,0.057,True,18983.85,35910.24,322725.43,17,1,0.058823529411764705
988,51,36116291.77,Kolkata,Current,2023-05-12,1114,0.081,True,53584.42,57973.51,803766.29,15,2,0.13333333333333333
989,31,50475507.24,Hyderabad,Current,2022-08-24,1375,0.0,True,51183.0,68031.03,1074842.9,21,0,0.0
990,59,27468197.01,Ahmedabad,Current,2023-03-07,1180,0.035,True,41315.89,48881.39,950265.39,23,8,0.34782608695652173
991,24,32847442.23,Bangalore,Premium,2020-03-22,2260,0.35,True,22517.4,39455.55,675522.01,30,2,0.06666666666666667
992,65,32586398.89,Mumbai,Current,2022-04-02,1519,0.009,True,43321.98,55590.31,953083.45,22,3,0.13636363636363635
993,72,31150233.12,Hyderabad,Current,2020-02-19,2292,0.154,True,61872.82,79594.23,1113710.78,18,3,0.16666666666666666
994,64,124130162.67,Pune,Premium,2025-04-24,401,0.197,True,49437.76,67821.36,889879.7,18,2,0.1111111111111111
995,58,38901107.5,Delhi,Premium,2017-04-06,3341,0.244,True,51949.51,68262.32,1298737.76,25,3,0.12
996,19,83159888.27,Ahmedabad,Premium,2016-08-19,3571,0.396,True,66127.19,84715.33,1256416.66,19,6,0.3157894736842105
997,77,53278080.22,Mumbai,Premium,2019-05-18,2569,0.351,True,19833.09,30562.75,396661.77,20,2,0.1
998,50,99343811.98,Ahmedabad,Current,2020-09-10,2088,0.01,False,35858.34,37130.78,860600.2,24,0,0.0
999,51,25688910.31,Delhi,Premium,2018-05-23,2929,0.22,True,13548.64,38119.59,352264.62,26,0,0.0
1000,28,372766586.48,Pune,Current,2024-09-19,618,0.063,True,47652.7,53397.59,714790.57,15,0,0.0
1001,71,94113936.45,Pune,Premium,2019-01-17,2690,0.348,True,22456.42,32955.68,336846.3,15,1,0.06666666666666667
1002,26,59227838.54,Delhi,Current,2023-11-03,939,0.056,True,37773.93,61191.61,717704.76,19,3,0.15789473684210525
1003,27,28071685.82,Ahmedabad,Current,2017-06-14,3272,0.043,True,34547.08,74213.73,552753.27,16,1,0.0625
1004,66,112109722.51,Mumbai,Premium,2021-02-18,1927,0.237,True,39601.61,55255.6,831633.81,21,1,0.047619047619047616
1005,28,35479100.8,Mumbai,Current,2024-04-10,780,0.013,True,57372.05,81078.97,975324.81,17,2,0.11764705882352941
1006,21,45331755.87,Hyderabad,Premium,2021-05-22,1834,0.311,True,45172.63,69476.73,948625.29,21,2,0.09523809523809523
1007,60,190807228.08,Delhi,Current,2024-10-17,590,0.07,True,12791.47,17052.97,243037.87,19,1,0.05263157894736842
1008,76,54467032.11,Kolkata,Current,2022-11-18,1289,0.165,True,18709.3,21355.16,411604.64,22,2,0.09090909090909091
1009,65,26667961.37,Delhi,Premium,2020-10-10,2058,0.241,True,80789.88,90817.66,1858167.31,23,4,0.17391304347826086
1010,46,33022159.01,Ahmedabad,Premium,2019-09-02,2462,0.213,True,61937.13,84022.17,929056.89,15,0,0.0
1011,37,61603000.7,Mumbai,Premium,2018-06-04,2917,0.218,True,14771.15,11352.43,236338.36,16,1,0.0625
1012,38,64456333.82,Pune,Premium,2023-08-11,1023,0.155,True,85000.09,88578.34,1700001.77,20,3,0.15
1013,45,78858394.26,Pune,Premium,2025-03-03,453,0.201,True,60214.91,69550.93,1324728.09,22,3,0.13636363636363635
1014,54,205952049.28,Hyderabad,Current,2017-03-10,3368,0.065,True,47321.89,62010.06,899115.97,19,3,0.15789473684210525
1015,63,158749787.9,Hyderabad,Premium,2018-10-04,2795,0.194,True,22630.4,47288.76,588390.48,26,2,0.07692307692307693
1016,66,16462953.27,Ahmedabad,Premium,2024-06-05,724,0.208,True,28078.34,46516.73,617723.54,22,3,0.13636363636363635
1017,36,47175544.13,Kolkata,Current,2025-12-09,172,0.075,True,18960.1,42145.68,474002.51,25,4,0.16
1018,29,39660363.89,Ahmedabad,Current,2022-07-06,1424,0.031,True,49776.74,51776.14,995534.7,20,3,0.15
1019,42,96489651.24,Delhi,Premium,2019-04-16,2601,0.164,True,20530.11,26680.05,431132.27,21,2,0.09523809523809523
1020,71,81277427.4,Mumbai,Premium,2022-02-13,1567,0.339,True,59337.46,64727.32,949399.3,16,3,0.1875
1021,43,28618728.28,Pune,Current,2019-07-21,2505,0.008,True,52323.5,63184.23,994146.41,19,0,0.0
1022,22,81613597.14,Pune,Premium,2018-04-11,2971,0.387,True,66477.38,77742.3,1130115.4,17,2,0.11764705882352941
1023,25,174406515.85,Ahmedabad,Current,2021-11-29,1643,0.097,True,20729.54,29277.09,435320.33,21,2,0.09523809523809523
1024,76,38007459.07,Mumbai,Premium,2021-12-12,1630,0.4,True,10485.38,12224.07,199222.26,19,3,0.15789473684210525
1025,40,233666743.96,Delhi,Current,2017-10-31,3133,0.004,False,42037.66,48219.32,672602.62,16,0,0.0
1026,61,61859958.52,Ahmedabad,Premium,2024-03-26,795,0.199,True,22255.34,33697.8,534128.23,24,8,0.3333333333333333
1027,61,28722798.08,Mumbai,Current,2021-08-05,1759,0.08,True,33087.94,32543.67,661758.89,20,2,0.1
1028,51,289352453.54,Hyderabad,Premium,2022-04-09,1512,0.204,True,17411.23,19251.33,470103.17,27,1,0.037037037037037035
1029,36,24414032.64,Ahmedabad,Premium,2016-11-25,3473,0.161,False,37924.76,53857.75,872269.56,23,4,0.17391304347826086
1030,65,40798397.4,Chennai,Current,2017-01-15,3422,0.028,True,26745.87,37733.35,722138.62,27,1,0.037037037037037035
1031,63,25898024.74,Kolkata,Premium,2020-10-14,2054,0.191,True,50543.29,60282.19,1010865.81,20,1,0.05
1032,34,30262924.1,Ahmedabad,Premium,2023-12-27,885,0.248,True,21760.49,49326.98,500491.32,23,2,0.08695652173913043
1033,29,65619173.36,Chennai,Current,2018-03-27,2986,0.035,True,26470.04,36805.3,529400.9,20,4,0.2
1034,33,40508150.42,Chennai,Current,2025-02-02,482,0.009,True,27387.68,48307.15,575141.2,21,3,0.14285714285714285
1035,30,188735157.35,Chennai,Premium,2023-10-22,951,0.213,True,20192.62,22658.31,545200.78,27,1,0.037037037037037035
1036,33,20529681.75,Hyderabad,Premium,2024-03-14,807,0.223,True,25498.32,32695.67,662956.36,26,1,0.038461538461538464
1037,55,38565224.73,Delhi,Current,2023-06-01,1094,0.033,True,12037.22,11677.12,216670.04,18,2,0.1111111111111111
1038,56,249866053.69,Delhi,Current,2019-03-06,2642,0.006,True,22311.4,36742.35,401605.12,18,4,0.2222222222222222
1039,75,34651294.64,Mumbai,Current,2025-03-08,448,0.248,True,87747.68,99359.19,2018196.75,23,1,0.043478260869565216
1040,68,74462839.84,Mumbai,Premium,2023-07-16,1049,0.225,True,25424.53,22378.47,305094.36,12,2,0.16666666666666666
1041,37,63824696.33,Delhi,Current,2023-03-18,1169,0.028,True,47301.51,66740.0,851427.24,18,0,0.0
1042,39,17150032.69,Hyderabad,Current,2018-06-08,2913,0.068,True,48865.44,64467.49,1123905.06,23,2,0.08695652173913043
1043,69,22695068.17,Mumbai,Premium,2022-05-25,1466,0.205,True,10400.3,12752.88,270407.69,26,1,0.038461538461538464
1044,53,104431201.78,Ahmedabad,Premium,2016-11-03,3495,0.233,True,49062.94,52650.78,1128447.57,23,4,0.17391304347826086
1045,45,888794062.6,Delhi,Premium,2025-07-07,327,0.237,True,32915.39,40781.21,757053.94,23,4,0.17391304347826086
1046,63,50206781.86,Chennai,Premium,2018-01-01,3071,0.179,True,26454.42,29885.27,661360.57,25,1,0.04
1047,31,90913549.96,Pune,Premium,2020-10-18,2050,0.177,True,40872.44,75361.18,776576.29,19,2,0.10526315789473684
1048,61,124303806.26,Mumbai,Current,2019-11-18,2385,0.053,True,30594.83,40779.7,887250.11,29,1,0.034482758620689655
1049,28,17782919.02,Hyderabad,Premium,2016-12-13,3455,0.24,True,21275.44,22414.15,404233.31,19,2,0.10526315789473684
1050,40,44086400.47,Mumbai,Premium,2024-11-11,565,0.156,True,27998.46,43722.76,643964.64,23,2,0.08695652173913043
1051,39,19218637.84,Pune,Current,2023-07-15,1050,0.031,True,31821.4,50142.76,604606.58,19,0,0.0
1052,71,698305580.38,Delhi,Premium,2023-05-07,1119,0.397,True,59483.67,76007.12,1368124.42,23,1,0.043478260869565216
1053,28,38347534.95,Chennai,Premium,2023-08-06,1028,0.205,True,27897.19,36659.96,781121.43,28,4,0.14285714285714285
1054,75,128710344.54,Chennai,Current,2025-06-12,352,0.211,True,15119.49,35158.64,181433.83,12,0,0.0
1055,77,66704222.86,Bangalore,Premium,2025-07-03,331,0.309,True,25351.65,34232.76,532384.56,21,3,0.14285714285714285
1056,69,54149684.58,Delhi,Current,2024-03-13,808,0.089,True,43896.58,33307.49,965724.76,22,4,0.18181818181818182
1057,35,20086916.29,Kolkata,Current,2026-02-18,101,0.052,True,45940.41,60269.38,1424152.59,31,2,0.06451612903225806
1058,59,35340765.16,Bangalore,Current,2018-04-19,2963,0.036,True,20432.5,28175.98,551677.37,27,0,0.0
1059,37,112761889.78,Mumbai,Premium,2022-06-10,1450,0.189,True,36717.86,43842.5,771075.03,21,2,0.09523809523809523
1060,50,43253983.17,Hyderabad,Premium,2022-02-19,1561,0.154,True,52882.28,58822.3,1374939.21,26,2,0.07692307692307693
1061,30,93138002.87,Mumbai,Current,2019-07-31,2495,0.026,True,48980.77,68564.29,1126557.74,23,1,0.043478260869565216
1062,68,51005667.08,Pune,Current,2024-04-13,777,0.053,True,31412.61,53481.09,628252.13,20,1,0.05
1063,45,70481193.18,Delhi,Premium,2024-11-02,574,0.192,True,41246.95,49492.05,1196161.44,29,1,0.034482758620689655
1064,49,34374971.06,Chennai,Premium,2016-09-20,3539,0.186,True,74187.71,96533.72,1187003.33,16,2,0.125
1065,19,36721714.47,Hyderabad,Premium,2020-08-09,2120,0.38,True,66535.1,89088.14,1796447.72,27,7,0.25925925925925924
1066,53,21121104.69,Ahmedabad,Current,2020-03-22,2260,0.05,True,26088.92,38146.28,547867.41,21,3,0.14285714285714285
1067,29,26713327.77,Bangalore,Current,2019-09-03,2461,0.059,True,14864.35,22038.79,252693.93,17,0,0.0
1068,36,311264402.67,Pune,Current,2024-12-18,528,0.058,True,40140.57,36657.51,762670.8,19,2,0.10526315789473684
1069,78,46633286.97,Delhi,Current,2017-06-08,3278,0.151,True,63193.65,69695.72,1200679.3,19,2,0.10526315789473684
1070,21,97709533.62,Chennai,Premium,2020-04-27,2224,0.318,True,65726.64,77686.41,1248806.07,19,2,0.10526315789473684
1071,19,75872130.49,Delhi,Premium,2020-05-10,2211,0.385,False,33625.54,56929.86,1042391.72,31,5,0.16129032258064516
1072,38,72988477.97,Chennai,Premium,2021-03-20,1897,0.25,True,61893.78,62009.23,1423556.85,23,4,0.17391304347826086
1073,39,23689494.05,Pune,Premium,2017-09-24,3170,0.168,True,31373.93,48969.18,596104.66,19,7,0.3684210526315789
1074,26,59573970.47,Pune,Current,2018-02-16,3025,0.016,True,50847.85,51889.94,1067804.86,21,2,0.09523809523809523
1075,51,230513030.33,Hyderabad,Current,2024-06-14,715,0.011,True,24756.01,26878.17,643656.29,26,1,0.038461538461538464
1076,33,40811450.99,Delhi,Current,2024-06-16,713,0.029,True,35876.01,37099.41,932776.36,26,2,0.07692307692307693
1077,35,42948192.53,Hyderabad,Current,2019-02-05,2671,0.06,True,37226.16,66774.93,856201.72,23,1,0.043478260869565216
1078,27,68640803.77,Mumbai,Premium,2022-05-09,1482,0.236,True,28805.06,35581.04,720126.54,25,4,0.16
1079,78,25251710.49,Chennai,Current,2025-10-29,213,0.25,True,19930.23,29234.35,458395.34,23,3,0.13043478260869565
1080,66,82468171.64,Ahmedabad,Current,2023-02-17,1198,0.063,True,17651.69,25956.72,405988.93,23,1,0.043478260869565216
1081,76,199132239.78,Kolkata,Current,2018-10-14,2785,0.16,True,71858.69,74248.82,1006021.69,14,1,0.07142857142857142
1082,37,446328800.96,Hyderabad,Current,2020-09-02,2096,0.005,True,81313.67,80111.93,3089919.58,38,7,0.18421052631578946
1083,42,67626290.35,Pune,Premium,2020-04-14,2237,0.227,True,52930.19,66105.1,1217394.39,23,3,0.13043478260869565
1084,19,68302002.81,Mumbai,Current,2026-05-26,4,0.312,True,37037.7,58688.01,740753.99,20,1,0.05
1085,65,46192010.13,Bangalore,Premium,2017-12-12,3091,0.186,True,22917.16,46152.85,595846.18,26,0,0.0
1086,76,26893464.25,Delhi,Current,2018-10-06,2793,0.209,True,43009.11,65006.26,731154.82,17,2,0.11764705882352941
1087,27,31023379.62,Chennai,Premium,2020-11-02,2035,0.181,True,40099.74,51859.2,1283191.67,32,3,0.09375
1088,31,187538340.43,Bangalore,Current,2022-04-04,1517,0.039,True,31386.29,50248.84,784657.23,25,0,0.0
1089,66,138726217.97,Kolkata,Premium,2020-02-18,2293,0.213,True,29454.82,49887.56,765825.44,26,1,0.038461538461538464
1090,39,170777316.1,Hyderabad,Premium,2026-03-20,71,0.323,True,29632.08,41459.92,592641.57,20,1,0.05
1091,30,29706908.06,Kolkata,Current,2018-12-09,2729,0.043,True,36573.42,33904.34,841188.66,23,0,0.0
1092,71,37090771.75,Pune,Current,2021-06-22,1803,0.198,True,80925.85,87719.82,1942220.39,24,3,0.125
1093,57,171683801.45,Pune,Premium,2016-10-13,3516,0.15,True,44397.29,51980.96,1154329.47,26,3,0.11538461538461539
1094,62,86132510.69,Mumbai,Current,2022-05-13,1478,0.066,True,23562.17,36915.2,471243.41,20,3,0.15
1095,35,149547552.7,Delhi,Current,2026-01-21,129,0.012,True,27175.98,49011.3,570695.66,21,2,0.09523809523809523
1096,47,130425033.22,Ahmedabad,Premium,2017-03-16,3362,0.236,True,30599.05,68793.38,489584.78,16,0,0.0
1097,20,56006382.6,Pune,Premium,2025-08-20,283,0.338,True,16244.69,29992.64,324893.86,20,3,0.15
1098,54,29464751.49,Pune,Premium,2018-08-14,2846,0.215,True,20148.24,21450.05,423112.94,21,3,0.14285714285714285
1099,25,28065045.64,Bangalore,Premium,2022-09-21,1347,0.237,True,52588.94,80893.55,1419901.32,27,3,0.1111111111111111
1100,37,172446425.46,Hyderabad,Current,2026-04-27,33,0.216,True,26277.28,25130.21,683209.21,26,0,0.0
1101,30,221254485.2,Ahmedabad,Current,2021-05-28,1828,0.016,True,27720.66,36440.42,554413.21,20,2,0.1
1102,30,84195711.42,Pune,Current,2026-03-21,70,0.188,True,22535.97,45244.68,473255.39,21,3,0.14285714285714285
1103,75,44485301.83,Ahmedabad,Current,2024-08-06,662,0.179,True,31557.02,43136.26,757368.53,24,1,0.041666666666666664
1104,30,164365670.99,Mumbai,Premium,2024-01-02,879,0.229,True,50465.06,52918.96,1362556.74,27,1,0.037037037037037035
1105,25,89292672.9,Mumbai,Premium,2025-07-06,328,0.191,True,12385.01,11802.18,260085.3,21,7,0.3333333333333333
1106,60,46662842.75,Hyderabad,Current,2025-08-24,279,0.097,True,17728.8,40298.52,425491.16,24,2,0.08333333333333333
1107,45,38306889.37,Hyderabad,Premium,2018-06-24,2897,0.197,True,50358.44,58631.75,1309319.33,26,3,0.11538461538461539
1108,55,90488114.58,Chennai,Premium,2026-04-27,33,0.329,True,39570.9,52991.65,870559.73,22,14,0.6363636363636364
1109,42,61855666.9,Mumbai,Current,2020-10-03,2065,0.072,True,29130.84,37532.98,640878.55,22,2,0.09090909090909091
1110,51,29848243.31,Ahmedabad,Premium,2021-01-03,1973,0.154,True,32033.53,35263.32,608637.13,19,1,0.05263157894736842
1111,65,103965493.1,Hyderabad,Premium,2016-12-08,3460,0.166,True,72472.22,90396.02,1521916.56,21,2,0.09523809523809523
1112,58,95958244.49,Mumbai,Premium,2023-05-15,1111,0.232,True,35059.43,42907.58,736248.03,21,2,0.09523809523809523
1113,44,116729378.46,Kolkata,Current,2018-11-13,2755,0.035,True,33355.37,41866.55,933950.25,28,3,0.10714285714285714
1114,29,26917400.54,Mumbai,Current,2018-01-22,3050,0.002,True,33908.83,35869.49,949447.16,28,2,0.07142857142857142
1115,19,134732448.33,Bangalore,Premium,2017-09-09,3185,0.331,True,32277.95,51867.04,871504.69,27,1,0.037037037037037035
1116,57,60204301.37,Hyderabad,Current,2020-03-18,2264,0.073,True,35805.78,34757.42,644503.98,18,1,0.05555555555555555
1117,53,34034845.43,Bangalore,Premium,2019-04-30,2587,0.195,True,27691.96,42721.94,498455.37,18,0,0.0
1118,35,303871904.78,Mumbai,Current,2022-11-24,1283,0.086,True,59338.54,72058.82,1068093.64,18,3,0.16666666666666666
1119,42,56271359.07,Mumbai,Premium,2017-11-15,3118,0.23,True,42071.77,49708.24,757291.88,18,1,0.05555555555555555
1120,25,107791618.25,Mumbai,Current,2024-08-16,652,0.047,True,61061.04,81523.7,1343342.79,22,4,0.18181818181818182
1121,67,926313594.85,Kolkata,Current,2020-08-20,2109,0.046,True,10239.45,15581.09,133112.89,13,1,0.07692307692307693
1122,61,17209379.88,Kolkata,Premium,2017-08-07,3218,0.195,True,17210.32,27262.6,447468.34,26,0,0.0
1123,51,50248579.18,Pune,Current,2024-12-28,518,0.002,True,41483.03,50022.15,912626.72,22,1,0.045454545454545456
1124,59,309878908.76,Mumbai,Current,2022-01-05,1606,0.092,True,32460.29,38391.18,973808.77,30,1,0.03333333333333333
1125,34,34580418.66,Bangalore,Current,2020-03-10,2272,0.03,True,32185.65,56064.01,804641.36,25,0,0.0
1126,41,19790970.23,Bangalore,Current,2022-11-14,1293,0.004,True,56381.26,72359.58,1635056.58,29,2,0.06896551724137931
1127,69,102372718.78,Chennai,Current,2017-11-16,3117,0.032,True,40355.25,53997.6,1089591.65,27,0,0.0
1128,55,47273424.93,Pune,Premium,2019-01-13,2694,0.182,False,29039.0,31788.47,842130.96,29,2,0.06896551724137931
1129,27,44879705.97,Chennai,Premium,2022-10-04,1334,0.203,True,31963.16,39285.28,767115.72,24,1,0.041666666666666664
1130,47,14999032.4,Chennai,Current,2018-02-03,3038,0.069,True,24080.46,52338.14,577931.16,24,2,0.08333333333333333
1131,73,33039254.77,Pune,Premium,2024-09-10,627,0.349,True,56675.79,78772.31,1416894.64,25,6,0.24
1132,75,60178768.17,Mumbai,Premium,2020-09-04,2094,0.307,True,43676.83,50765.35,698829.29,16,2,0.125
1133,60,178076842.08,Pune,Current,2020-10-02,2066,0.076,True,23452.27,42269.32,469045.32,20,1,0.05
1134,74,81889100.66,Delhi,Premium,2019-12-08,2365,0.374,True,57013.17,48703.28,798184.43,14,1,0.07142857142857142
1135,50,34691663.02,Ahmedabad,Premium,2023-05-25,1101,0.213,True,29063.28,38892.7,610328.81,21,1,0.047619047619047616
1136,62,51771587.59,Hyderabad,Current,2022-05-27,1464,0.066,False,24305.77,19249.83,583338.4,24,1,0.041666666666666664
1137,71,201688564.59,Mumbai,Current,2020-11-23,2014,0.223,True,12950.39,13180.53,271958.13,21,1,0.047619047619047616
1138,51,240528305.68,Bangalore,Premium,2024-04-22,768,0.2,True,19720.06,22806.8,473281.53,24,3,0.125
1139,76,61472248.09,Bangalore,Current,2023-05-06,1120,0.24,True,70698.82,83012.37,1838169.37,26,3,0.11538461538461539
1140,36,105515851.25,Chennai,Current,2021-05-12,1844,0.01,False,46083.73,46425.85,921674.56,20,4,0.2
1141,73,18317631.33,Bangalore,Premium,2023-10-23,950,0.313,True,29344.59,36418.49,733614.8,25,2,0.08
1142,27,27610140.7,Mumbai,Current,2020-06-23,2167,0.018,True,54840.57,70624.53,1151652.05,21,1,0.047619047619047616
1143,43,206821870.25,Bangalore,Premium,2022-07-06,1424,0.231,True,48444.74,71987.2,1356452.75,28,2,0.07142857142857142
1144,58,37416615.57,Bangalore,Current,2019-06-12,2544,0.027,True,43213.05,66225.54,1123539.24,26,3,0.11538461538461539
1145,43,152113488.0,Hyderabad,Current,2017-04-02,3345,0.076,True,8973.61,12858.54,206393.12,23,0,0.0
1146,41,36257635.9,Pune,Premium,2020-05-30,2191,0.157,True,70310.59,77008.47,1406211.72,20,2,0.1
1147,53,49808621.48,Hyderabad,Premium,2026-02-17,102,0.194,True,25547.69,45041.77,485406.06,19,0,0.0
1148,39,41764598.17,Mumbai,Premium,2017-03-06,3372,0.205,True,35626.12,63407.25,783774.66,22,4,0.18181818181818182
1149,35,70517168.45,Pune,Current,2025-11-15,196,0.014,True,55590.5,59713.46,889448.07,16,6,0.375
1150,75,124329469.58,Ahmedabad,Premium,2024-11-30,546,0.378,True,30757.31,51532.43,768932.66,25,2,0.08
1151,67,257175791.71,Mumbai,Current,2021-12-02,1640,0.032,True,27052.02,31806.15,676300.6,25,1,0.04
1152,67,46962752.02,Mumbai,Premium,2024-07-22,677,0.189,True,69757.78,66034.14,1883459.99,27,1,0.037037037037037035
1153,64,361426059.98,Kolkata,Current,2022-04-19,1502,0.033,True,49247.09,71891.17,1132683.08,23,1,0.043478260869565216
1154,64,35282672.55,Delhi,Current,2022-04-19,1502,0.045,True,25723.44,28594.39,437298.43,17,3,0.17647058823529413
1155,53,55583452.4,Mumbai,Current,2023-03-30,1157,0.076,True,62533.4,79197.11,1313201.34,21,1,0.047619047619047616
1156,55,35011309.39,Chennai,Current,2024-08-24,644,0.088,True,43866.12,54034.28,745724.07,17,8,0.47058823529411764
1157,47,33559511.1,Mumbai,Premium,2020-03-20,2262,0.205,True,32627.61,40545.01,978828.36,30,1,0.03333333333333333
1158,49,73745923.72,Bangalore,Premium,2025-02-10,474,0.215,True,27808.94,34659.9,528369.91,19,1,0.05263157894736842
1159,19,51824399.41,Hyderabad,Current,2022-09-29,1339,0.217,True,17671.18,18832.38,229725.29,13,0,0.0
1160,20,334617506.68,Chennai,Current,2021-05-07,1849,0.19,False,27690.11,55626.43,747632.93,27,3,0.1111111111111111
1161,32,76985796.85,Hyderabad,Current,2019-08-23,2472,0.087,True,70301.03,66891.74,1687224.71,24,5,0.20833333333333334
1162,42,57400529.62,Pune,Current,2020-05-15,2206,0.081,True,28426.19,49994.21,568523.77,20,1,0.05
1163,75,54171175.26,Bangalore,Current,2017-07-13,3243,0.169,True,63817.74,59107.25,1340172.6,21,0,0.0
1164,63,80550230.04,Hyderabad,Premium,2018-04-23,2959,0.242,True,28096.05,40666.03,421440.78,15,1,0.06666666666666667
1165,48,106269960.69,Bangalore,Current,2023-05-27,1099,0.042,True,42175.63,60192.28,1054390.85,25,3,0.12
1166,58,50076817.65,Bangalore,Premium,2019-08-19,2476,0.228,True,43059.82,59060.87,1205675.1,28,1,0.03571428571428571
1167,66,56069734.83,Kolkata,Current,2017-06-07,3279,0.072,True,38223.17,40057.56,573347.53,15,3,0.2
1168,73,35645487.13,Delhi,Premium,2025-03-29,427,0.339,True,21697.72,51198.86,347163.45,16,1,0.0625
1169,55,50454635.4,Delhi,Current,2019-05-12,2575,0.069,True,30645.38,40064.31,796779.83,26,3,0.11538461538461539
1170,60,98611557.98,Ahmedabad,Current,2018-06-07,2914,0.026,True,77571.88,90211.96,1318721.99,17,12,0.7058823529411765
1171,69,97493671.49,Chennai,Current,2026-02-11,108,0.078,True,17254.16,19809.82,379591.5,22,3,0.13636363636363635
1172,67,97332583.87,Bangalore,Current,2021-05-28,1828,0.089,True,46158.58,61906.57,1292440.31,28,3,0.10714285714285714
1173,24,17006163.17,Bangalore,Current,2026-03-25,66,0.316,True,23810.77,48616.19,595269.35,25,1,0.04
1174,60,58372730.57,Kolkata,Current,2023-07-08,1057,0.069,True,62764.98,60538.14,878709.65,14,3,0.21428571428571427
1175,79,72934860.54,Mumbai,Premium,2021-08-19,1745,0.318,True,56294.59,66118.64,1125891.78,20,1,0.05
1176,21,25251092.45,Chennai,Current,2023-05-18,1108,0.233,True,27877.61,34857.99,362408.9,13,3,0.23076923076923078
1177,60,28732201.18,Chennai,Premium,2017-09-15,3179,0.189,True,10257.57,13122.7,143606.02,14,1,0.07142857142857142
1178,70,71436678.97,Kolkata,Current,2024-12-31,515,0.031,True,33030.07,46286.42,660601.44,20,6,0.3
1179,40,21479728.94,Bangalore,Current,2025-03-01,455,0.002,True,75172.24,69844.76,2555856.16,34,2,0.058823529411764705
1180,36,44029270.71,Delhi,Current,2016-11-14,3484,0.013,True,39745.04,63430.58,1112861.12,28,1,0.03571428571428571
1181,66,21677247.47,Kolkata,Premium,2017-09-12,3182,0.206,True,15205.92,23515.14,364942.11,24,2,0.08333333333333333
1182,54,102403891.39,Bangalore,Current,2025-07-12,322,0.044,True,20434.02,36578.15,490416.45,24,5,0.20833333333333334
1183,28,53491855.89,Pune,Current,2025-03-26,430,0.048,True,19459.66,26326.26,467031.89,24,0,0.0
1184,76,36702312.94,Mumbai,Current,2017-05-25,3292,0.188,True,19129.34,17412.24,554750.93,29,1,0.034482758620689655
1185,68,90532932.97,Mumbai,Current,2016-07-19,3602,0.087,True,57941.07,82686.95,1332644.65,23,3,0.13043478260869565
1186,50,35594305.71,Kolkata,Premium,2025-08-08,295,0.151,True,35120.44,45731.82,878011.12,25,0,0.0
1187,76,43903970.32,Mumbai,Current,2020-08-31,2098,0.19,True,69676.83,86832.73,1114829.35,16,2,0.125
1188,73,67616623.8,Ahmedabad,Current,2020-12-15,1992,0.231,True,37940.56,55329.82,1024395.0,27,9,0.3333333333333333
1189,62,94199374.54,Chennai,Current,2025-06-10,354,0.007,True,58317.56,73164.37,1457939.06,25,2,0.08
1190,78,55585473.71,Mumbai,Current,2018-12-19,2719,0.233,True,31601.37,32573.48,410817.81,13,1,0.07692307692307693
1191,55,45733306.11,Mumbai,Current,2025-11-28,183,0.061,True,26545.66,43871.82,663641.38,25,2,0.08
1192,33,264620631.94,Kolkata,Current,2019-02-17,2659,0.011,True,45465.85,69404.02,1182112.03,26,0,0.0
1193,48,76707067.18,Mumbai,Current,2016-07-20,3601,0.037,True,35025.64,51100.96,875641.07,25,2,0.08
1194,33,94606175.31,Mumbai,Current,2020-07-08,2152,0.061,True,61432.11,71682.55,1781531.15,29,2,0.06896551724137931
1195,26,39739023.9,Bangalore,Current,2019-08-04,2491,0.022,True,27387.97,38841.2,657311.33,24,1,0.041666666666666664
1196,38,138400451.7,Mumbai,Current,2020-02-25,2286,0.04,True,14409.49,21535.63,302599.24,21,1,0.047619047619047616
1197,50,53207701.9,Hyderabad,Current,2024-03-10,811,0.005,True,45317.95,38522.1,1268902.58,28,3,0.10714285714285714
1198,21,166093842.25,Delhi,Premium,2022-07-19,1411,0.395,True,23124.99,26936.53,439374.83,19,3,0.15789473684210525
1199,25,80657407.62,Ahmedabad,Current,2026-01-22,128,0.023,True,72897.39,91017.84,1385050.46,19,6,0.3157894736842105
1200,41,24491050.35,Kolkata,Premium,2018-11-03,2765,0.185,True,51876.19,58484.13,881895.3,17,2,0.11764705882352941
1201,29,35753200.1,Hyderabad,Premium,2022-02-15,1565,0.159,True,37208.9,35612.51,930222.39,25,2,0.08
1202,31,302795463.08,Hyderabad,Current,2017-05-09,3308,0.041,True,66886.36,86112.21,1872818.05,28,2,0.07142857142857142
1203,78,112149221.84,Mumbai,Current,2022-07-11,1419,0.222,True,31707.35,40826.59,792683.69,25,1,0.04
1204,34,77716192.48,Chennai,Current,2020-03-19,2263,0.022,True,35466.39,53396.98,886659.85,25,0,0.0
1205,18,52398020.38,Delhi,Current,2024-05-15,745,0.173,True,29428.11,32802.17,529706.04,18,1,0.05555555555555555
1206,57,53265454.16,Kolkata,Premium,2020-07-05,2155,0.181,True,59144.61,75549.26,1419470.71,24,4,0.16666666666666666
1207,74,227797821.88,Chennai,Premium,2023-02-07,1208,0.36,True,30467.43,25263.9,639816.13,21,2,0.09523809523809523
1208,42,206844284.16,Chennai,Current,2019-06-23,2533,0.004,True,42592.9,40696.18,766672.19,18,1,0.05555555555555555
1209,34,98232198.38,Pune,Premium,2025-01-18,497,0.185,True,77114.32,89199.27,1619400.75,21,4,0.19047619047619047
1210,61,57746779.75,Bangalore,Current,2023-08-26,1008,0.011,True,31589.15,35339.1,1042442.0,33,2,0.06060606060606061
1211,34,86426010.83,Kolkata,Premium,2023-07-01,1064,0.155,True,40198.39,49410.21,803967.89,20,0,0.0
1212,78,181570572.8,Mumbai,Premium,2024-03-10,811,0.312,True,26654.94,46785.09,506443.8,19,2,0.10526315789473684
1213,19,462883956.36,Chennai,Premium,2019-08-03,2492,0.319,True,39955.59,41252.02,719200.62,18,2,0.1111111111111111
1214,78,58344797.36,Kolkata,Premium,2022-06-13,1447,0.373,True,32171.0,51785.16,418223.03,13,1,0.07692307692307693
1215,34,46449143.08,Chennai,Premium,2021-01-11,1965,0.234,True,17281.47,21292.39,414755.17,24,0,0.0
1216,30,49995664.53,Delhi,Current,2025-09-15,257,0.097,True,48616.91,50717.85,1361273.48,28,1,0.03571428571428571
1217,43,36942472.58,Bangalore,Current,2020-01-17,2325,0.093,True,41820.93,59063.06,1547374.35,37,4,0.10810810810810811
1218,52,55342654.91,Delhi,Premium,2018-02-13,3028,0.2,True,83490.24,66447.67,1168863.3,14,2,0.14285714285714285
1219,66,67519935.06,Bangalore,Premium,2023-05-06,1120,0.164,True,37310.45,52874.14,932761.32,25,2,0.08
1220,32,134397267.24,Ahmedabad,Current,2020-12-03,2004,0.084,True,10425.24,11269.45,156378.58,15,0,0.0
1221,37,691825546.45,Pune,Premium,2022-08-02,1397,0.184,True,34257.62,49086.45,719409.96,21,0,0.0
1222,36,68628392.26,Kolkata,Current,2025-03-27,429,0.033,True,54712.56,72352.8,711263.26,13,0,0.0
1223,71,30455546.3,Hyderabad,Premium,2020-11-03,2034,0.305,True,78027.28,100703.11,936327.3,12,2,0.16666666666666666
1224,57,63557909.65,Pune,Current,2020-12-01,2006,0.093,True,49049.62,61387.34,1030041.99,21,2,0.09523809523809523
1225,28,490280732.95,Mumbai,Current,2020-03-22,2260,0.096,True,41795.56,69891.36,877706.81,21,5,0.23809523809523808
1226,33,142308933.89,Bangalore,Current,2025-06-03,361,0.052,True,13394.36,31049.22,334858.94,25,8,0.32
1227,31,29877805.6,Delhi,Premium,2024-07-14,685,0.249,True,10440.2,11821.31,208804.04,20,0,0.0
1228,42,62026374.75,Hyderabad,Current,2026-03-08,83,0.242,True,21972.32,26118.88,395501.83,18,2,0.1111111111111111
1229,26,169350915.98,Mumbai,Current,2024-09-22,615,0.067,True,34280.73,65144.11,857018.26,25,10,0.4
1230,23,89145114.83,Chennai,Current,2024-12-03,543,0.158,True,42995.52,34446.94,730923.88,17,1,0.058823529411764705
1231,77,165535155.22,Chennai,Premium,2018-10-01,2798,0.384,True,45869.02,58235.96,1146725.62,25,5,0.2
1232,79,61099631.34,Chennai,Premium,2022-11-03,1304,0.33,True,27386.66,34713.19,766826.47,28,4,0.14285714285714285
1233,72,476378733.87,Pune,Current,2025-09-11,261,0.243,True,43914.87,66314.21,1097871.77,25,5,0.2
1234,42,74706663.24,Kolkata,Current,2025-02-18,466,0.029,True,40523.6,48077.14,1134660.8,28,1,0.03571428571428571
1235,39,27464176.2,Delhi,Current,2022-06-14,1446,0.095,True,21387.6,29331.58,470527.18,22,2,0.09090909090909091
1236,69,127953318.18,Mumbai,Current,2019-06-18,2538,0.086,True,31413.35,32212.05,565440.34,18,2,0.1111111111111111
1237,79,43118348.68,Chennai,Premium,2024-10-11,596,0.332,True,23457.34,42806.44,539518.91,23,1,0.043478260869565216
1238,45,113116914.62,Delhi,Current,2022-10-28,1310,0.084,True,36235.86,44799.19,688481.35,19,1,0.05263157894736842
1239,66,9031683.96,Delhi,Current,2024-10-27,580,0.059,True,40310.76,50964.44,967458.22,24,2,0.08333333333333333
1240,78,22342999.08,Delhi,Premium,2022-07-11,1419,0.395,True,19517.52,21241.22,370832.93,19,1,0.05263157894736842
1241,59,41937618.95,Hyderabad,Current,2018-05-08,2944,0.041,True,23816.19,23793.09,595404.63,25,0,0.0
1242,21,22460067.1,Bangalore,Current,2018-05-31,2921,0.216,True,16064.55,29026.89,321291.01,20,2,0.1
1243,79,22687034.66,Bangalore,Current,2018-01-11,3061,0.223,True,58697.37,81827.31,1291342.2,22,0,0.0
1244,64,85709893.88,Delhi,Current,2025-02-07,477,0.087,True,44874.35,65917.9,762863.92,17,2,0.11764705882352941
1245,53,22772091.54,Chennai,Premium,2024-08-11,657,0.201,True,25519.17,45856.45,740055.96,29,3,0.10344827586206896
1246,65,76662427.03,Kolkata,Premium,2021-08-11,1753,0.238,True,21943.91,24808.92,482765.97,22,1,0.045454545454545456
1247,33,15867739.03,Delhi,Current,2024-03-22,799,0.018,True,23723.41,40322.59,640531.99,27,4,0.14814814814814814
1248,26,116285236.6,Mumbai,Premium,2019-11-07,2396,0.153,True,36148.6,63624.69,650674.74,18,3,0.16666666666666666
1249,34,168200629.97,Hyderabad,Current,2020-07-11,2149,0.065,True,31433.55,47971.66,1005873.6,32,4,0.125
1250,43,69530934.46,Kolkata,Current,2018-11-18,2750,0.089,True,59193.38,81953.75,1657414.6,28,0,0.0
1251,52,18711054.74,Mumbai,Current,2026-03-20,71,0.165,True,50680.35,53466.51,1064287.43,21,1,0.047619047619047616
1252,52,28106887.86,Chennai,Current,2021-08-12,1752,0.085,False,37443.92,68736.92,1160761.6,31,5,0.16129032258064516
1253,29,55039418.87,Chennai,Current,2018-11-19,2749,0.027,True,65352.1,85186.33,1960562.91,30,9,0.3
1254,18,352103838.16,Kolkata,Current,2023-02-07,1208,0.23,True,42090.6,66796.22,925993.18,22,2,0.09090909090909091
1255,33,367993745.75,Ahmedabad,Current,2023-07-10,1055,0.0,True,69403.94,83040.59,1179866.99,17,4,0.23529411764705882
1256,43,11834630.21,Mumbai,Current,2024-07-06,693,0.041,True,5961.18,5110.7,107301.23,18,0,0.0
1257,48,72792811.11,Mumbai,Premium,2022-09-16,1352,0.227,True,25157.41,50392.53,528305.53,21,1,0.047619047619047616
1258,53,113883848.71,Pune,Current,2019-03-23,2625,0.034,True,18312.6,37829.26,531065.4,29,3,0.10344827586206896
1259,36,16613281.74,Delhi,Current,2018-10-17,2782,0.036,True,58157.63,78850.22,1628413.55,28,2,0.07142857142857142
1260,58,94454525.45,Pune,Current,2021-02-20,1925,0.014,False,24256.18,57926.07,582148.24,24,2,0.08333333333333333
1261,27,183657213.18,Kolkata,Current,2026-04-05,55,0.239,True,33431.36,32944.27,869215.41,26,3,0.11538461538461539
1262,48,97513391.15,Kolkata,Current,2018-05-06,2946,0.004,True,40491.3,53338.06,1093265.12,27,2,0.07407407407407407
1263,41,205901249.05,Pune,Current,2021-10-31,1672,0.027,True,44517.68,67106.49,845835.92,19,3,0.15789473684210525
1264,36,88088331.3,Pune,Premium,2021-12-27,1615,0.214,True,32744.93,45788.88,589408.65,18,2,0.1111111111111111
1265,75,79725658.56,Chennai,Premium,2022-12-09,1268,0.32,True,27446.03,27723.05,741042.77,27,2,0.07407407407407407
1266,44,84155758.73,Kolkata,Current,2021-01-25,1951,0.078,True,44219.85,48306.72,884396.95,20,1,0.05
1267,78,233555652.75,Delhi,Current,2017-02-17,3389,0.177,True,61260.24,77288.38,1347725.22,22,3,0.13636363636363635
1268,19,88666822.85,Mumbai,Current,2018-09-17,2812,0.196,True,30317.79,37654.11,697309.27,23,0,0.0
1269,42,99400026.24,Ahmedabad,Premium,2023-10-01,972,0.207,True,24861.48,44467.58,571813.99,23,2,0.08695652173913043
1270,37,58182129.52,Mumbai,Premium,2022-08-28,1371,0.154,True,42065.83,62827.63,1135777.54,27,1,0.037037037037037035
1271,66,74189532.06,Kolkata,Premium,2024-06-10,719,0.197,True,10548.8,18946.27,189878.37,18,3,0.16666666666666666
1272,61,68200537.77,Hyderabad,Current,2023-05-04,1122,0.084,True,37136.77,53991.28,594188.28,16,1,0.0625
1273,58,100467128.91,Pune,Current,2019-03-05,2643,0.052,True,23249.72,26426.93,534743.62,23,7,0.30434782608695654
1274,61,39871109.94,Kolkata,Current,2018-12-09,2729,0.011,True,49328.33,58594.05,1134551.63,23,1,0.043478260869565216
1275,20,38515553.16,Ahmedabad,Premium,2022-11-04,1303,0.398,True,24116.51,43516.52,675262.31,28,10,0.35714285714285715
1276,43,342419605.22,Kolkata,Current,2022-12-02,1275,0.01,True,30519.72,37899.18,671433.92,22,1,0.045454545454545456
1277,18,354581238.39,Hyderabad,Current,2017-05-29,3288,0.184,True,41615.88,47175.91,915549.35,22,5,0.22727272727272727
1278,39,71277612.42,Pune,Premium,2023-10-05,968,0.176,True,57745.96,57283.09,1501394.99,26,2,0.07692307692307693
1279,38,161028029.06,Delhi,Current,2025-12-18,163,0.045,True,29837.55,34569.93,507238.36,17,1,0.058823529411764705
1280,28,39909755.34,Kolkata,Premium,2019-03-21,2627,0.219,True,48702.84,45815.68,974056.88,20,7,0.35
1281,75,16565760.88,Mumbai,Current,2018-03-22,2991,0.181,True,13806.24,24858.47,276124.76,20,5,0.25
1282,67,99663681.87,Mumbai,Premium,2024-06-23,706,0.216,True,63925.88,69928.85,1278517.55,20,1,0.05
1283,23,172687591.66,Chennai,Premium,2021-08-31,1733,0.353,True,56293.1,67688.29,1013275.79,18,3,0.16666666666666666
1284,27,21348875.87,Bangalore,Current,2023-01-15,1231,0.058,True,14631.48,23059.52,321892.63,22,0,0.0
1285,29,22922218.8,Chennai,Current,2024-08-14,654,0.074,True,76665.58,92277.06,1686642.76,22,2,0.09090909090909091
1286,75,63780372.28,Pune,Premium,2021-07-27,1768,0.366,True,47831.39,49668.72,1387110.25,29,4,0.13793103448275862
1287,19,95357169.55,Chennai,Current,2020-01-01,2341,0.179,True,27395.62,48772.3,684890.48,25,3,0.12
1288,56,35778853.01,Chennai,Current,2017-10-22,3142,0.0,True,35163.67,41360.39,773600.83,22,0,0.0
1289,74,293637339.01,Chennai,Premium,2022-01-21,1590,0.397,True,48924.03,79786.85,1076328.62,22,3,0.13636363636363635
1290,39,32095547.48,Pune,Current,2023-01-03,1243,0.096,True,37572.85,59545.59,676311.27,18,3,0.16666666666666666
1291,33,87520162.89,Delhi,Current,2019-08-01,2494,0.095,True,56543.36,58094.16,1074323.75,19,1,0.05263157894736842
1292,76,482077288.39,Bangalore,Current,2017-06-25,3261,0.175,True,47214.97,65636.76,1322019.03,28,1,0.03571428571428571
1293,21,69108370.56,Ahmedabad,Current,2022-10-18,1320,0.19,True,47898.74,60742.86,1197468.53,25,2,0.08
1294,36,29250680.76,Kolkata,Current,2024-12-15,531,0.048,True,31364.69,42548.85,470470.28,15,2,0.13333333333333333
1295,71,33612766.45,Delhi,Current,2017-08-15,3210,0.232,True,27731.18,26619.36,693279.57,25,2,0.08
1296,36,146913285.64,Ahmedabad,Premium,2021-08-18,1746,0.179,True,21597.63,29774.97,518343.16,24,2,0.08333333333333333
1297,60,37653456.29,Delhi,Premium,2023-06-19,1076,0.202,True,38013.15,58286.38,760263.09,20,1,0.05
1298,23,34294699.18,Mumbai,Current,2019-04-03,2614,0.171,True,24153.04,36716.09,797050.31,33,1,0.030303030303030304
1299,25,70985991.01,Bangalore,Current,2021-12-20,1622,0.019,True,55147.65,76288.65,827214.76,15,4,0.26666666666666666
1300,54,17869878.11,Ahmedabad,Premium,2017-02-19,3387,0.176,True,17956.02,21299.81,592548.81,33,2,0.06060606060606061
1301,42,40295410.6,Hyderabad,Premium,2021-10-26,1677,0.152,True,37696.05,42137.15,942401.17,25,6,0.24
1302,65,39901231.78,Hyderabad,Current,2017-12-10,3093,0.031,True,27828.43,46208.89,667882.42,24,3,0.125
1303,78,129646644.78,Bangalore,Current,2017-02-02,3404,0.186,True,17857.3,19748.95,196430.32,11,1,0.09090909090909091
1304,76,77037116.91,Mumbai,Current,2019-03-01,2647,0.195,True,100094.69,79662.78,1601515.06,16,2,0.125
1305,79,61002651.38,Bangalore,Current,2024-04-20,770,0.155,True,46479.7,38855.61,1022553.43,22,2,0.09090909090909091
1306,67,42965428.06,Kolkata,Premium,2022-12-03,1274,0.195,True,49205.06,69110.41,1328536.54,27,3,0.1111111111111111
1307,54,45872362.95,Pune,Premium,2019-07-28,2498,0.23,True,15127.67,16170.21,257170.43,17,1,0.058823529411764705
1308,69,37080695.21,Mumbai,Premium,2024-06-11,718,0.16,False,51655.14,48800.5,929792.59,18,1,0.05555555555555555
1309,74,48675503.91,Kolkata,Current,2026-01-12,138,0.24,True,38053.92,65862.49,723024.5,19,3,0.15789473684210525
1310,27,20209205.62,Kolkata,Current,2021-02-03,1942,0.061,True,27804.21,43351.84,611692.68,22,0,0.0
1311,75,53490338.64,Bangalore,Current,2022-08-01,1398,0.224,True,9413.58,10477.25,160030.84,17,1,0.058823529411764705
1312,34,32137336.38,Mumbai,Current,2026-03-09,82,0.184,True,56545.17,50901.55,1413629.14,25,2,0.08
1313,36,95972086.94,Chennai,Current,2023-06-08,1087,0.002,True,43008.11,47303.13,860162.13,20,1,0.05
1314,38,204115753.25,Chennai,Premium,2023-04-28,1128,0.157,True,31675.42,37140.74,791885.5,25,0,0.0
1315,77,558133238.66,Kolkata,Current,2020-09-29,2069,0.233,True,23116.56,34275.99,439214.61,19,1,0.05263157894736842
1316,79,444310901.17,Hyderabad,Current,2024-07-07,692,0.154,True,43229.82,57378.02,432298.17,10,0,0.0
1317,68,57990077.98,Chennai,Current,2022-04-05,1516,0.027,True,56978.68,64908.16,1367488.21,24,4,0.16666666666666666
1318,20,9850324.95,Bangalore,Current,2019-08-25,2470,0.237,True,85195.72,76498.33,2385480.16,28,5,0.17857142857142858
1319,44,35651284.89,Chennai,Current,2023-12-08,904,0.071,True,42193.1,51562.08,1097020.67,26,2,0.07692307692307693
1320,33,70077351.99,Kolkata,Current,2017-10-31,3133,0.09,True,46594.64,73939.61,1164865.96,25,1,0.04
1321,23,54741956.09,Ahmedabad,Current,2024-09-04,633,0.178,True,30377.11,37630.63,820182.05,27,2,0.07407407407407407
1322,67,26329936.92,Chennai,Current,2018-12-28,2710,0.016,True,58290.14,82585.26,990932.43,17,2,0.11764705882352941
1323,72,71029659.61,Ahmedabad,Current,2023-03-12,1175,0.194,True,29596.69,31274.18,443950.42,15,1,0.06666666666666667
1324,26,61729504.92,Bangalore,Premium,2018-12-02,2736,0.233,True,31935.93,56940.82,734526.45,23,10,0.43478260869565216
1325,70,38336233.64,Hyderabad,Current,2020-11-04,2033,0.063,True,19977.55,18065.33,519416.34,26,0,0.0
1326,55,367364396.48,Bangalore,Premium,2025-05-21,374,0.195,True,39071.29,51298.52,586069.35,15,3,0.2
1327,69,79747085.84,Bangalore,Current,2019-05-23,2564,0.029,True,57598.25,54063.68,1094366.73,19,4,0.21052631578947367
1328,52,193752918.55,Ahmedabad,Current,2021-12-20,1622,0.032,True,28309.53,47887.4,509571.5,18,2,0.1111111111111111
1329,29,737822159.0,Hyderabad,Premium,2020-03-13,2269,0.179,True,21964.74,27064.55,571083.11,26,3,0.11538461538461539
1330,24,282636791.65,Bangalore,Premium,2021-12-12,1630,0.375,True,18778.2,39528.51,544567.88,29,2,0.06896551724137931
1331,76,21895730.52,Pune,Premium,2020-06-11,2179,0.337,True,38725.02,66227.93,542150.33,14,2,0.14285714285714285
1332,62,82415498.21,Pune,Current,2022-01-15,1596,0.083,True,23596.62,33926.11,495529.05,21,0,0.0
1333,70,49146307.73,Bangalore,Current,2021-12-04,1638,0.1,True,34257.76,43279.09,822186.24,24,2,0.08333333333333333
1334,77,151304040.16,Bangalore,Premium,2019-05-22,2565,0.332,True,14446.22,35955.03,418940.41,29,0,0.0
1335,20,189490527.96,Delhi,Premium,2020-04-07,2244,0.342,True,54554.63,81182.15,709210.16,13,1,0.07692307692307693
1336,68,37116881.61,Chennai,Current,2020-04-27,2224,0.087,True,45129.15,58346.13,1128228.79,25,0,0.0
1337,28,48410811.32,Hyderabad,Current,2016-07-28,3593,0.019,True,78123.6,82264.26,1796842.81,23,2,0.08695652173913043
1338,44,17218784.32,Chennai,Current,2020-10-28,2040,0.075,True,58058.19,82401.55,1277280.1,22,3,0.13636363636363635
1339,42,19414120.64,Mumbai,Premium,2026-04-02,58,0.331,True,28470.04,39665.29,882571.09,31,18,0.5806451612903226
1340,24,256208633.86,Chennai,Premium,2017-11-12,3121,0.373,True,14426.19,15988.15,360654.85,25,10,0.4
1341,73,232915022.76,Chennai,Current,2024-01-06,875,0.224,True,46754.82,50754.2,1542908.95,33,3,0.09090909090909091
1342,66,38693672.72,Chennai,Premium,2018-09-07,2822,0.245,True,9931.42,7226.56,208559.76,21,2,0.09523809523809523
1343,44,86251096.29,Kolkata,Current,2021-10-29,1674,0.078,False,71646.01,98905.0,1647858.3,23,4,0.17391304347826086
1344,39,99297295.44,Hyderabad,Current,2018-08-13,2847,0.042,True,26498.48,38628.31,688960.4,26,3,0.11538461538461539
1345,61,51725865.25,Mumbai,Premium,2025-12-03,178,0.237,False,22293.48,29472.03,624217.47,28,1,0.03571428571428571
1346,21,51037813.17,Bangalore,Current,2023-02-20,1195,0.152,True,15244.04,20329.69,548785.34,36,0,0.0
1347,32,55743530.76,Mumbai,Premium,2025-09-07,265,0.229,True,32079.38,55295.38,898222.76,28,1,0.03571428571428571
1348,39,253498354.86,Bangalore,Premium,2017-01-31,3406,0.238,True,49205.53,72441.91,1180932.65,24,1,0.041666666666666664
1349,59,41679525.61,Kolkata,Current,2023-02-26,1189,0.026,True,27396.4,16583.31,273963.99,10,3,0.3
1350,68,25265487.74,Kolkata,Premium,2025-05-03,392,0.216,True,32589.92,49301.43,912517.9,28,6,0.21428571428571427
1351,65,11928481.45,Kolkata,Premium,2024-11-04,572,0.247,True,58311.97,84088.91,1166239.36,20,2,0.1
1352,66,72406108.47,Hyderabad,Current,2016-09-01,3558,0.015,True,40702.92,43640.5,814058.44,20,1,0.05
1353,21,322143842.92,Ahmedabad,Premium,2024-07-04,695,0.313,True,38170.46,55106.37,572556.87,15,3,0.2
1354,24,102888009.29,Kolkata,Premium,2020-08-23,2106,0.38,True,50334.32,59266.34,1157689.4,23,4,0.17391304347826086
1355,61,148341457.78,Delhi,Current,2022-11-18,1289,0.017,True,57103.66,61253.98,1084969.51,19,1,0.05263157894736842
1356,32,61345005.72,Mumbai,Current,2019-07-07,2519,0.026,True,14617.36,19659.67,336199.37,23,1,0.043478260869565216
1357,26,47859969.87,Chennai,Current,2018-03-22,2991,0.092,True,19135.01,25319.17,478375.31,25,0,0.0
1358,58,372859965.61,Kolkata,Current,2022-05-02,1489,0.017,True,42613.64,44061.74,894886.48,21,4,0.19047619047619047
1359,20,80424640.66,Hyderabad,Premium,2021-10-10,1693,0.329,True,15007.52,21669.16,285142.79,19,2,0.10526315789473684
1360,36,23946434.4,Mumbai,Current,2017-03-31,3347,0.002,True,27744.52,36329.14,443912.36,16,2,0.125
1361,40,188074212.25,Pune,Current,2022-05-21,1470,0.015,True,20886.68,21076.23,375960.2,18,1,0.05555555555555555
1362,48,114797512.41,Mumbai,Current,2016-08-14,3576,0.093,True,24793.74,28868.71,545462.31,22,3,0.13636363636363635
1363,71,49002970.1,Ahmedabad,Premium,2024-10-29,578,0.382,True,38436.85,66226.86,576552.7,15,1,0.06666666666666667
1364,39,46058788.11,Hyderabad,Current,2021-12-18,1624,0.064,True,17388.98,16695.94,452113.6,26,0,0.0
1365,40,425723492.4,Chennai,Current,2017-04-07,3340,0.06,True,51418.83,78362.74,1336889.54,26,2,0.07692307692307693
1366,43,49279973.75,Pune,Premium,2025-08-09,294,0.217,True,23295.2,22028.33,745446.43,32,0,0.0
1367,55,83619718.58,Kolkata,Premium,2020-11-01,2036,0.196,True,46347.9,61612.07,880610.1,19,3,0.15789473684210525
1368,43,100126620.47,Chennai,Current,2025-07-01,333,0.028,True,41488.48,43086.32,912746.66,22,3,0.13636363636363635
1369,66,29190894.01,Bangalore,Premium,2019-06-13,2543,0.171,True,44000.1,66383.6,836001.85,19,1,0.05263157894736842
1370,75,45436928.3,Chennai,Current,2017-03-18,3360,0.187,True,35624.63,57559.57,783741.85,22,1,0.045454545454545456
1371,69,15082318.51,Ahmedabad,Current,2017-04-10,3337,0.05,False,47838.91,40791.67,1004617.01,21,3,0.14285714285714285
1372,20,49765806.98,Pune,Current,2020-08-30,2099,0.175,True,27849.01,48203.7,445584.18,16,0,0.0
1373,43,19983757.11,Delhi,Current,2026-05-19,11,0.183,True,35598.25,45113.98,676366.78,19,1,0.05263157894736842
1374,34,48660404.56,Chennai,Current,2019-02-18,2658,0.001,False,34496.95,36479.01,896920.65,26,2,0.07692307692307693
1375,65,85549836.37,Chennai,Current,2018-12-26,2712,0.009,True,17645.77,19481.46,388207.0,22,1,0.045454545454545456
1376,50,16944715.89,Bangalore,Premium,2024-10-01,606,0.176,True,30852.1,35816.94,431929.42,14,1,0.07142857142857142
1377,39,51804540.68,Hyderabad,Current,2021-09-16,1717,0.057,True,28910.17,42549.07,636023.78,22,1,0.045454545454545456
1378,39,65234530.2,Chennai,Current,2017-08-31,3194,0.026,True,49517.47,60991.19,1683594.12,34,4,0.11764705882352941
1379,32,69719901.78,Ahmedabad,Current,2019-05-13,2574,0.072,True,39597.55,53661.95,910743.57,23,4,0.17391304347826086
1380,59,61496340.91,Hyderabad,Current,2025-02-18,466,0.003,True,19081.42,36432.18,419791.31,22,8,0.36363636363636365
1381,42,410340360.35,Hyderabad,Premium,2025-08-08,295,0.244,True,17765.59,21327.24,355311.71,20,2,0.1
1382,74,92158398.05,Bangalore,Current,2017-09-05,3189,0.216,True,16356.63,18223.9,278062.68,17,0,0.0
1383,25,229342840.11,Delhi,Current,2021-08-28,1736,0.048,True,42394.84,51276.86,890291.54,21,3,0.14285714285714285
1384,25,49292193.2,Pune,Current,2020-12-23,1984,0.016,True,25677.19,51815.0,795992.79,31,1,0.03225806451612903
1385,19,174682802.25,Mumbai,Premium,2021-09-23,1710,0.348,True,18627.6,25044.59,372551.9,20,1,0.05
1386,19,122696466.55,Hyderabad,Current,2022-02-16,1564,0.228,False,41989.28,66272.5,1091721.25,26,3,0.11538461538461539
1387,27,115861181.02,Pune,Current,2025-06-01,363,0.074,True,10907.88,16181.88,218157.63,20,2,0.1
1388,45,32446677.24,Chennai,Current,2018-09-22,2807,0.059,True,55383.81,78214.68,1052292.4,19,10,0.5263157894736842
1389,30,83637771.93,Pune,Premium,2025-08-03,300,0.199,True,48831.8,48046.33,1074299.65,22,1,0.045454545454545456
1390,72,173950372.53,Pune,Current,2024-10-28,579,0.161,True,68738.55,83588.23,1580986.67,23,4,0.17391304347826086
1391,61,34759757.54,Kolkata,Current,2025-12-09,172,0.044,True,28820.08,52232.62,576401.62,20,2,0.1
1392,70,88812053.25,Delhi,Current,2023-05-18,1108,0.011,True,40772.87,73431.79,856230.2,21,4,0.19047619047619047
1393,34,20382715.55,Hyderabad,Current,2018-01-16,3056,0.002,True,67136.06,70422.77,1342721.18,20,1,0.05
1394,18,106877364.59,Pune,Premium,2018-08-26,2834,0.349,True,24302.89,39602.04,461754.89,19,3,0.15789473684210525
1395,67,29789758.94,Delhi,Current,2017-06-23,3263,0.052,True,25140.46,28161.52,754213.68,30,7,0.23333333333333334
1396,62,87345540.2,Hyderabad,Current,2024-02-11,839,0.004,True,51598.8,70862.66,1341568.88,26,3,0.11538461538461539
1397,61,30688519.44,Ahmedabad,Current,2025-09-19,253,0.024,False,30437.75,53318.28,456566.23,15,0,0.0
1398,65,388951447.59,Ahmedabad,Premium,2024-02-01,849,0.164,True,38816.7,50932.23,1125684.41,29,2,0.06896551724137931
1399,62,58019266.48,Pune,Current,2025-01-15,500,0.066,True,57382.32,72761.65,2582204.32,45,6,0.13333333333333333
1400,62,97809160.09,Pune,Current,2018-11-26,2742,0.058,True,32076.14,34571.02,833979.51,26,4,0.15384615384615385
1401,58,37878329.42,Delhi,Premium,2018-01-17,3055,0.152,True,24640.58,32309.76,689936.24,28,9,0.32142857142857145
1402,59,69797025.31,Chennai,Current,2016-12-04,3464,0.004,True,27434.5,34203.25,850469.55,31,6,0.1935483870967742
1403,30,43817117.16,Bangalore,Current,2024-05-14,746,0.021,True,23702.79,41326.04,592569.78,25,2,0.08
1404,63,158391757.08,Ahmedabad,Current,2025-12-15,166,0.082,True,38833.7,72332.56,737840.26,19,0,0.0
1405,77,31864794.68,Kolkata,Current,2016-12-19,3449,0.215,True,42393.14,64895.35,1102221.74,26,1,0.038461538461538464
1406,30,136697302.92,Delhi,Current,2020-12-17,1990,0.092,True,37236.29,61403.28,1117088.83,30,0,0.0
1407,76,30771911.81,Mumbai,Current,2019-04-02,2615,0.156,True,24787.99,44772.29,842791.72,34,2,0.058823529411764705
1408,73,73372491.95,Ahmedabad,Current,2023-12-05,907,0.167,True,27685.67,51388.08,830570.18,30,1,0.03333333333333333
1409,56,32953783.88,Hyderabad,Premium,2024-08-07,661,0.203,True,34757.39,44849.16,1146993.81,33,4,0.12121212121212122
1410,30,49144470.98,Ahmedabad,Current,2023-05-06,1120,0.036,True,29951.35,51549.58,778735.17,26,1,0.038461538461538464
1411,47,22022139.48,Ahmedabad,Current,2021-12-10,1632,0.081,True,50211.83,78167.28,853601.03,17,2,0.11764705882352941
1412,48,40578199.0,Chennai,Premium,2021-04-27,1859,0.21,True,24381.06,43288.83,390096.92,16,4,0.25
1413,65,232716864.17,Delhi,Current,2024-05-03,757,0.072,True,30601.26,48194.49,703828.97,23,6,0.2608695652173913
1414,23,359607145.51,Chennai,Current,2022-12-14,1263,0.161,True,62398.68,73374.36,1684764.32,27,2,0.07407407407407407
1415,51,37430550.89,Ahmedabad,Premium,2024-10-31,576,0.156,True,38551.62,45260.45,1233651.95,32,1,0.03125
1416,51,120574102.58,Pune,Premium,2023-01-24,1222,0.161,True,39967.45,62664.77,1119088.72,28,4,0.14285714285714285
1417,57,69142104.21,Mumbai,Premium,2025-05-06,389,0.206,True,43352.56,53399.63,1300576.87,30,5,0.16666666666666666
1418,46,36275112.44,Chennai,Premium,2016-11-24,3474,0.227,True,23571.94,32246.46,495010.66,21,1,0.047619047619047616
1419,59,33511470.64,Bangalore,Premium,2018-11-27,2741,0.169,True,28907.88,52791.94,751604.92,26,1,0.038461538461538464
1420,75,65464682.38,Mumbai,Premium,2017-01-05,3432,0.38,True,41567.22,74224.65,1039180.53,25,4,0.16
1421,55,155208499.73,Chennai,Premium,2018-04-24,2958,0.189,True,32578.42,46637.88,586411.55,18,0,0.0
1422,58,67486642.74,Ahmedabad,Premium,2024-05-14,746,0.219,True,13669.07,19616.82,259712.41,19,3,0.15789473684210525
1423,60,133689468.26,Kolkata,Premium,2019-12-27,2346,0.187,True,19495.82,17974.85,467899.78,24,1,0.041666666666666664
1424,61,121744703.62,Chennai,Current,2018-10-11,2788,0.046,True,29702.68,34969.55,534648.32,18,2,0.1111111111111111
1425,78,30606670.41,Ahmedabad,Premium,2021-03-02,1915,0.379,True,52471.62,80211.08,996960.78,19,2,0.10526315789473684
1426,75,56720089.81,Mumbai,Current,2016-12-20,3448,0.175,True,62894.6,76458.59,1509470.44,24,6,0.25
1427,51,11690029.55,Mumbai,Current,2022-08-19,1380,0.012,True,63231.38,86925.96,1327859.06,21,4,0.19047619047619047
1428,31,78551939.34,Pune,Premium,2020-04-03,2248,0.241,True,32157.58,58254.85,643151.53,20,1,0.05
1429,76,18849336.08,Hyderabad,Premium,2025-08-26,277,0.379,True,43286.65,54869.37,692586.47,16,1,0.0625
1430,37,77220624.35,Ahmedabad,Premium,2026-04-26,34,0.351,True,24620.98,42537.14,566282.48,23,1,0.043478260869565216
1431,24,61146707.39,Delhi,Current,2025-09-10,262,0.202,True,23816.71,51963.19,547784.36,23,3,0.13043478260869565
1432,34,46679110.67,Pune,Premium,2017-04-29,3318,0.248,True,21869.72,25887.21,459264.14,21,2,0.09523809523809523
1433,39,143134500.19,Hyderabad,Current,2018-02-19,3022,0.052,False,15599.89,16773.26,389997.32,25,2,0.08
1434,51,78944658.54,Pune,Current,2020-09-23,2075,0.011,True,39659.57,51445.09,1031148.73,26,2,0.07692307692307693
1435,72,66995977.2,Bangalore,Premium,2019-12-31,2342,0.33,True,23283.16,32491.83,395813.73,17,2,0.11764705882352941
1436,70,142325620.55,Ahmedabad,Premium,2016-09-28,3531,0.224,True,37147.72,47471.07,780102.19,21,3,0.14285714285714285
1437,19,43676271.54,Chennai,Premium,2018-09-24,2805,0.327,True,53093.05,59863.81,849488.79,16,1,0.0625
1438,39,70758768.5,Hyderabad,Premium,2022-01-16,1595,0.222,True,61027.36,60528.12,793355.64,13,2,0.15384615384615385
1439,50,38898231.1,Delhi,Current,2025-10-17,225,0.075,True,49710.25,69098.71,1193045.94,24,1,0.041666666666666664
1440,74,14145809.24,Chennai,Premium,2020-03-29,2253,0.323,True,23386.15,18636.53,608039.95,26,2,0.07692307692307693
1441,77,153082516.05,Hyderabad,Current,2018-08-11,2849,0.237,True,38494.98,52015.14,1270334.29,33,2,0.06060606060606061
1442,40,45785030.74,Kolkata,Premium,2025-12-10,171,0.202,True,46813.46,44644.21,1123522.99,24,1,0.041666666666666664
1443,59,69269216.57,Mumbai,Premium,2020-09-28,2070,0.193,True,41613.47,51235.47,1081950.18,26,3,0.11538461538461539
1444,72,138741585.24,Ahmedabad,Premium,2024-09-01,636,0.324,True,73959.32,79047.31,813552.51,11,8,0.7272727272727273
1445,65,135858753.3,Chennai,Current,2018-08-31,2829,0.025,True,24224.41,27797.97,387590.55,16,1,0.0625
1446,66,64574329.13,Bangalore,Premium,2025-09-30,242,0.239,True,41664.13,47082.83,583297.76,14,1,0.07142857142857142
1447,76,155086150.56,Hyderabad,Premium,2020-07-22,2138,0.325,True,23116.52,26268.9,416097.33,18,3,0.16666666666666666
1448,43,60677759.6,Ahmedabad,Premium,2017-07-16,3240,0.186,True,42320.64,45582.56,719450.87,17,1,0.058823529411764705
1449,75,25083785.53,Delhi,Current,2024-08-19,649,0.156,True,49719.68,59989.48,994393.5,20,2,0.1
1450,66,148978679.05,Hyderabad,Premium,2023-09-16,987,0.232,True,79480.05,77240.61,1828041.04,23,6,0.2608695652173913
1451,28,33077490.05,Pune,Current,2026-01-21,129,0.056,True,36003.39,38561.53,1044098.22,29,3,0.10344827586206896
1452,36,26194035.53,Delhi,Current,2023-10-04,969,0.05,True,46839.57,72534.36,1452026.6,31,4,0.12903225806451613
1453,60,38630098.94,Pune,Current,2016-10-01,3528,0.003,True,13816.75,32407.22,373052.36,27,5,0.18518518518518517
1454,54,33712031.68,Ahmedabad,Current,2020-10-26,2042,0.059,True,20605.47,22806.59,638769.63,31,3,0.0967741935483871
1455,65,37263922.35,Mumbai,Current,2022-06-04,1456,0.067,True,24022.87,22990.32,600571.82,25,1,0.04
1456,68,38014411.84,Ahmedabad,Current,2017-08-13,3212,0.098,True,68686.68,50884.19,1511106.99,22,1,0.045454545454545456
1457,53,47067821.98,Pune,Current,2025-04-04,421,0.083,False,17663.85,42591.91,300285.4,17,3,0.17647058823529413
1458,20,102083898.13,Hyderabad,Current,2023-02-23,1192,0.238,True,16875.56,18023.53,421888.97,25,3,0.12
1459,65,24686113.4,Bangalore,Premium,2016-08-21,3569,0.243,True,35276.8,47624.87,881919.92,25,1,0.04
1460,22,40373025.69,Bangalore,Premium,2018-01-08,3064,0.3,True,19071.16,28522.01,400494.38,21,1,0.047619047619047616
1461,65,18777998.38,Delhi,Premium,2018-04-17,2965,0.213,True,58581.66,82171.76,1230214.94,21,2,0.09523809523809523
1462,50,40773502.52,Bangalore,Premium,2017-01-15,3422,0.195,True,28311.69,36980.96,679480.51,24,0,0.0
1463,23,35477815.43,Kolkata,Current,2022-04-20,1501,0.226,True,38253.08,47645.55,994580.2,26,1,0.038461538461538464
1464,59,123380729.43,Ahmedabad,Current,2020-05-10,2211,0.063,True,39076.5,57317.11,703376.91,18,3,0.16666666666666666
1465,38,24732518.35,Chennai,Current,2018-06-30,2891,0.045,True,41201.62,80508.13,782830.84,19,4,0.21052631578947367
1466,38,50291488.74,Kolkata,Premium,2023-10-11,962,0.19,True,33508.25,36491.95,871214.59,26,0,0.0
1467,77,70437394.03,Ahmedabad,Current,2019-12-17,2356,0.249,True,41068.42,55822.78,944573.58,23,6,0.2608695652173913
1468,40,289755533.34,Ahmedabad,Current,2022-08-10,1389,0.033,True,33912.16,46345.62,712155.34,21,2,0.09523809523809523
1469,36,31724793.83,Chennai,Current,2019-07-25,2501,0.031,True,58101.15,73891.91,1278225.37,22,4,0.18181818181818182
1470,33,37411076.75,Hyderabad,Premium,2024-12-10,536,0.184,True,89557.81,90910.15,1701598.34,19,3,0.15789473684210525
1471,34,44776468.78,Mumbai,Premium,2016-07-12,3609,0.222,True,14692.03,22581.8,220380.46,15,1,0.06666666666666667
1472,58,87679835.43,Delhi,Premium,2020-05-03,2218,0.232,True,26126.84,30113.91,470283.21,18,4,0.2222222222222222
1473,67,142908877.56,Mumbai,Current,2024-11-21,555,0.095,True,47353.17,78024.9,994416.66,21,3,0.14285714285714285
1474,23,1002521769.88,Hyderabad,Premium,2023-12-14,898,0.31,True,22426.71,36491.56,650374.67,29,2,0.06896551724137931
1475,38,621040662.47,Hyderabad,Current,2019-07-12,2514,0.025,True,47880.17,61501.59,1197004.22,25,5,0.2
1476,24,50056990.69,Bangalore,Current,2023-10-08,965,0.185,True,69137.86,73796.69,829654.33,12,4,0.3333333333333333
1477,59,117014393.23,Pune,Premium,2023-08-16,1018,0.171,True,24898.85,43644.77,746965.49,30,4,0.13333333333333333
1478,22,22876395.56,Pune,Current,2022-06-01,1459,0.244,True,36141.08,53387.57,867385.81,24,1,0.041666666666666664
1479,67,70090214.87,Chennai,Premium,2020-04-24,2227,0.194,True,15966.25,31753.04,494953.76,31,2,0.06451612903225806
1480,54,86321231.63,Delhi,Premium,2023-04-17,1139,0.248,True,56525.2,69647.74,1469655.07,26,1,0.038461538461538464
1481,60,101019681.56,Bangalore,Premium,2022-08-24,1375,0.156,True,44633.57,66972.42,981938.61,22,7,0.3181818181818182
1482,49,182867897.13,Ahmedabad,Premium,2025-09-01,271,0.236,True,23450.69,21631.13,609717.88,26,1,0.038461538461538464
1483,57,249030952.95,Mumbai,Current,2021-01-06,1970,0.085,True,41113.15,56587.32,986715.56,24,8,0.3333333333333333
1484,56,234516183.89,Hyderabad,Current,2019-08-31,2464,0.019,True,25966.59,38747.55,623198.26,24,2,0.08333333333333333
1485,67,68906657.42,Ahmedabad,Current,2019-03-28,2620,0.078,True,61522.8,76687.87,1230455.96,20,2,0.1
1486,57,262021598.79,Bangalore,Current,2020-06-05,2185,0.025,True,29963.31,35718.89,719119.34,24,1,0.041666666666666664
1487,44,278561457.08,Hyderabad,Current,2025-12-05,176,0.053,True,40669.83,52916.63,894736.23,22,2,0.09090909090909091
1488,33,17517015.94,Chennai,Current,2019-09-29,2435,0.055,True,42477.48,57993.11,722117.08,17,0,0.0
1489,48,30869612.3,Mumbai,Current,2019-02-22,2654,0.001,True,53722.75,63716.15,1289346.07,24,1,0.041666666666666664
1490,40,115918753.87,Hyderabad,Premium,2017-01-02,3435,0.179,True,58348.72,68210.03,1108625.62,19,5,0.2631578947368421
1491,48,20860312.1,Pune,Current,2023-08-22,1012,0.02,True,57570.02,74970.58,978690.28,17,0,0.0
1492,71,36452431.69,Chennai,Premium,2020-05-22,2199,0.311,True,46102.35,63826.09,829842.35,18,4,0.2222222222222222
1493,30,55308068.18,Kolkata,Current,2017-09-25,3169,0.092,True,23581.93,42693.17,683875.84,29,1,0.034482758620689655
1494,49,17515279.08,Bangalore,Premium,2024-05-03,757,0.228,True,50255.79,56792.07,1005115.87,20,1,0.05
1495,65,62348437.97,Bangalore,Current,2019-05-26,2561,0.07,False,46442.89,57506.39,789529.05,17,1,0.058823529411764705
1496,65,62617387.64,Pune,Premium,2025-04-14,411,0.173,True,54200.45,64110.92,1246610.33,23,5,0.21739130434782608
1497,65,42140751.69,Kolkata,Current,2019-09-02,2462,0.048,True,34096.12,25287.18,750114.59,22,2,0.09090909090909091
1498,49,120110160.68,Hyderabad,Current,2016-10-27,3502,0.032,True,43267.48,69547.08,822082.21,19,1,0.05263157894736842
1499,39,60115366.23,Chennai,Current,2017-05-25,3292,0.038,True,49074.39,55960.69,1079636.68,22,3,0.13636363636363635
1500,50,41086366.6,Mumbai,Premium,2023-01-18,1228,0.152,True,29676.84,37252.42,979335.66,33,0,0.0
1501,43,166251598.04,Ahmedabad,Current,2025-03-15,441,0.047,True,53745.46,63863.84,1773600.06,33,3,0.09090909090909091
1502,50,83797229.44,Ahmedabad,Premium,2017-01-07,3430,0.232,True,38245.04,37281.12,879635.91,23,0,0.0
1503,18,80512366.79,Kolkata,Premium,2023-05-03,1123,0.39,True,10190.56,12701.28,264954.58,26,5,0.19230769230769232
1504,63,19787312.19,Kolkata,Current,2026-02-11,108,0.036,True,48681.38,53425.19,924946.2,19,0,0.0
1505,64,65850704.82,Delhi,Current,2016-08-16,3574,0.05,True,23234.24,34125.06,464684.87,20,1,0.05
1506,71,25749406.63,Ahmedabad,Current,2022-03-29,1523,0.224,False,18798.44,31911.22,394767.16,21,3,0.14285714285714285
1507,34,29074808.36,Chennai,Premium,2019-10-23,2411,0.179,True,72915.18,70673.06,1604134.0,22,1,0.045454545454545456
1508,60,46811598.67,Mumbai,Current,2020-09-22,2076,0.07,True,86825.0,93287.09,1562850.08,18,3,0.16666666666666666
1509,37,56561232.1,Hyderabad,Current,2017-01-27,3410,0.032,False,77677.47,77682.01,1631226.81,21,3,0.14285714285714285
1510,44,143047130.58,Hyderabad,Current,2017-11-14,3119,0.046,True,12633.41,23599.23,265301.61,21,3,0.14285714285714285
1511,54,37486724.25,Bangalore,Current,2025-08-16,287,0.002,True,39438.79,57010.31,828214.55,21,0,0.0
1512,26,34932913.03,Ahmedabad,Current,2016-10-06,3523,0.019,True,55641.83,66491.35,1335403.93,24,3,0.125
1513,45,31519504.0,Delhi,Current,2022-12-18,1259,0.003,True,21484.13,22154.75,472650.91,22,5,0.22727272727272727
1514,36,40677788.7,Pune,Premium,2023-03-19,1168,0.223,True,23603.54,31592.87,613692.06,26,4,0.15384615384615385
1515,22,164306710.04,Kolkata,Premium,2025-05-29,366,0.359,True,36709.82,46416.58,881035.61,24,11,0.4583333333333333
1516,66,27215098.63,Hyderabad,Current,2017-12-30,3073,0.038,True,24174.46,41494.83,362616.95,15,1,0.06666666666666667
1517,43,465573725.0,Delhi,Current,2016-11-01,3497,0.01,True,28515.08,32119.01,513271.41,18,3,0.16666666666666666
1518,61,48567847.44,Mumbai,Current,2020-07-20,2140,0.072,True,30552.6,48654.93,611052.07,20,0,0.0
1519,52,60949599.92,Delhi,Current,2016-07-28,3593,0.013,True,39027.91,63063.69,1170837.38,30,2,0.06666666666666667
1520,77,17454512.45,Ahmedabad,Current,2020-12-08,1999,0.186,True,33096.14,47662.9,463345.94,14,0,0.0
1521,19,33386514.03,Delhi,Current,2022-09-29,1339,0.188,True,13244.68,12521.66,291383.06,22,3,0.13636363636363635
1522,27,119401416.83,Kolkata,Current,2016-10-01,3528,0.002,True,36966.02,35018.36,924150.5,25,3,0.12
1523,71,100061059.81,Delhi,Premium,2025-05-24,371,0.349,True,9634.83,12986.98,173426.85,18,2,0.1111111111111111
1524,25,73155828.97,Bangalore,Current,2017-08-28,3197,0.09,False,71575.58,66783.7,1216784.78,17,1,0.058823529411764705
1525,51,223483656.52,Chennai,Premium,2023-01-15,1231,0.169,True,20875.38,36169.84,501009.06,24,1,0.041666666666666664
1526,68,54276610.15,Bangalore,Premium,2018-07-30,2861,0.189,True,58090.07,61899.46,1336071.56,23,3,0.13043478260869565
1527,65,146810526.21,Kolkata,Current,2018-01-05,3067,0.07,True,19095.54,23509.09,305528.66,16,1,0.0625
1528,62,36117894.6,Chennai,Current,2020-02-17,2294,0.094,True,49586.84,61102.19,1388431.59,28,4,0.14285714285714285
1529,57,56459196.88,Pune,Current,2021-03-07,1910,0.013,True,15992.68,28179.48,351838.97,22,1,0.045454545454545456
1530,72,8512643.15,Chennai,Current,2017-07-26,3230,0.209,True,70545.73,70461.12,1975280.3,28,13,0.4642857142857143
1531,50,30276693.36,Delhi,Current,2020-07-16,2144,0.056,True,56221.36,61505.76,1236869.99,22,1,0.045454545454545456
1532,56,31599153.62,Delhi,Premium,2026-03-04,87,0.356,True,25143.33,45886.57,754299.81,30,5,0.16666666666666666
1533,20,93317017.78,Hyderabad,Current,2024-12-27,519,0.172,True,10861.27,14124.86,282393.11,26,2,0.07692307692307693
1534,36,29376793.81,Delhi,Premium,2019-12-13,2360,0.189,True,41968.07,52406.37,881329.41,21,1,0.047619047619047616
1535,53,14171307.07,Mumbai,Current,2016-11-13,3485,0.002,True,17647.21,14058.83,405885.88,23,3,0.13043478260869565
1536,77,51721930.97,Pune,Current,2025-06-25,339,0.179,True,37745.22,69397.5,830394.91,22,7,0.3181818181818182
1537,18,154706974.31,Chennai,Current,2019-06-24,2532,0.235,True,62818.24,82512.72,1067910.05,17,3,0.17647058823529413
1538,68,65491397.32,Ahmedabad,Premium,2022-10-08,1330,0.203,True,10204.4,16122.32,163270.46,16,7,0.4375
1539,24,83776934.87,Pune,Current,2020-09-25,2073,0.167,True,28545.01,30435.95,542355.26,19,3,0.15789473684210525
1540,63,72051503.86,Mumbai,Current,2021-05-17,1839,0.019,True,60980.04,89747.06,1158620.7,19,1,0.05263157894736842
1541,57,39230205.56,Mumbai,Premium,2026-02-18,101,0.157,True,42796.21,70966.99,855924.24,20,2,0.1
1542,31,48547680.6,Ahmedabad,Current,2018-06-23,2898,0.078,True,15888.58,19655.04,349548.76,22,0,0.0
1543,75,172615157.3,Bangalore,Current,2021-04-27,1859,0.196,True,14796.08,27572.03,414290.14,28,2,0.07142857142857142
1544,61,122354227.94,Ahmedabad,Premium,2024-01-17,864,0.193,True,33502.41,66650.45,536038.58,16,0,0.0
1545,54,112485924.86,Kolkata,Current,2016-07-03,3618,0.046,True,33680.69,40564.68,740975.13,22,1,0.045454545454545456
1546,33,35452171.47,Kolkata,Current,2016-10-11,3518,0.067,True,72132.79,80553.29,1731186.9,24,1,0.041666666666666664
1547,24,55724276.64,Pune,Premium,2018-04-10,2972,0.358,True,16997.65,20142.64,237967.05,14,2,0.14285714285714285
1548,27,103553822.49,Chennai,Current,2020-11-12,2025,0.064,True,33059.18,41617.87,661183.7,20,0,0.0
1549,72,445961626.28,Ahmedabad,Current,2022-08-01,1398,0.232,True,23264.84,46454.7,581621.01,25,1,0.04
1550,37,81726996.67,Delhi,Current,2024-03-05,816,0.082,True,59972.14,49687.04,1499303.62,25,2,0.08
1551,76,105810734.35,Hyderabad,Current,2017-05-21,3296,0.153,True,43152.11,70397.76,1035650.65,24,2,0.08333333333333333
1552,34,1755844030.44,Mumbai,Current,2017-01-10,3427,0.043,True,19688.83,45768.8,452843.2,23,1,0.043478260869565216
1553,37,41516579.13,Hyderabad,Current,2020-08-01,2128,0.008,True,13180.7,20337.78,303156.12,23,1,0.043478260869565216
1554,19,51655188.22,Hyderabad,Current,2025-01-21,494,0.221,True,14056.15,13319.86,337347.57,24,2,0.08333333333333333
1555,74,38952991.53,Delhi,Premium,2024-07-02,697,0.397,True,50484.67,59570.87,1312601.48,26,2,0.07692307692307693
1556,21,35659454.3,Chennai,Current,2016-07-17,3604,0.176,False,11914.57,16519.63,166803.99,14,0,0.0
1557,60,43743269.22,Chennai,Current,2021-07-03,1792,0.029,True,63594.92,62866.3,1144708.6,18,0,0.0
1558,29,50984869.98,Kolkata,Current,2020-03-04,2278,0.027,True,42000.99,49066.3,1134026.78,27,2,0.07407407407407407
1559,27,190845880.91,Delhi,Premium,2026-03-03,88,0.388,True,17147.43,16176.07,480128.1,28,4,0.14285714285714285
1560,33,48730612.38,Hyderabad,Current,2024-03-29,792,0.025,True,63571.65,87797.1,1589291.27,25,7,0.28
1561,59,102088807.62,Kolkata,Current,2025-03-02,454,0.1,False,69076.53,87930.69,1450607.21,21,3,0.14285714285714285
1562,69,422284684.72,Chennai,Premium,2018-08-21,2839,0.229,True,26865.57,41191.0,617908.11,23,6,0.2608695652173913
1563,72,185527833.55,Kolkata,Premium,2019-06-01,2555,0.306,True,33795.51,34702.51,777296.77,23,0,0.0
1564,32,50737002.82,Chennai,Current,2021-07-10,1785,0.056,True,56366.46,59764.49,1183695.6,21,5,0.23809523809523808
1565,54,297199722.13,Mumbai,Premium,2021-03-27,1890,0.219,True,22514.77,33827.72,562869.26,25,2,0.08
1566,54,50136970.9,Hyderabad,Premium,2020-12-15,1992,0.167,True,18187.22,42242.22,418306.05,23,6,0.2608695652173913
1567,74,64296364.76,Delhi,Current,2025-09-04,268,0.156,True,39386.79,52452.96,748348.96,19,7,0.3684210526315789
1568,41,22155272.0,Kolkata,Current,2021-06-08,1817,0.057,False,17478.47,25280.18,262177.06,15,1,0.06666666666666667
1569,65,75559198.38,Kolkata,Premium,2023-03-28,1159,0.168,True,33964.12,65532.29,781174.72,23,3,0.13043478260869565
1570,29,59381170.53,Ahmedabad,Premium,2021-10-15,1688,0.222,True,17660.36,34168.91,370867.61,21,1,0.047619047619047616
1571,30,343989320.87,Kolkata,Current,2020-03-21,2261,0.002,True,25605.96,49466.37,409695.38,16,0,0.0
1572,29,66502031.41,Delhi,Premium,2025-02-12,472,0.189,True,48924.82,76023.57,1223120.49,25,1,0.04
1573,69,26904876.31,Mumbai,Premium,2018-08-23,2837,0.162,True,19622.58,19578.15,372829.06,19,0,0.0
1574,32,182802491.83,Ahmedabad,Current,2019-04-09,2608,0.087,True,31291.7,48515.49,657125.73,21,0,0.0
1575,74,45681145.85,Kolkata,Premium,2016-09-12,3547,0.384,True,50654.71,50133.94,1367677.27,27,3,0.1111111111111111
1576,50,29033628.58,Kolkata,Current,2018-07-24,2867,0.0,True,64346.23,79073.7,1930386.95,30,5,0.16666666666666666
1577,43,78467014.89,Chennai,Premium,2025-05-21,374,0.244,True,38904.07,58952.1,778081.45,20,1,0.05
1578,41,61236465.07,Chennai,Current,2023-08-02,1032,0.025,True,67902.01,102331.66,1290138.25,19,2,0.10526315789473684
1579,51,69821818.78,Hyderabad,Premium,2023-12-15,897,0.189,True,15472.89,31142.17,448713.81,29,0,0.0
1580,73,8925751.47,Chennai,Premium,2020-02-11,2300,0.376,True,17276.51,18158.83,397359.84,23,13,0.5652173913043478
1581,36,34118958.77,Hyderabad,Current,2018-10-15,2784,0.049,True,61754.71,76042.32,1235094.18,20,2,0.1
1582,67,249739053.7,Bangalore,Premium,2016-07-02,3619,0.164,True,42618.11,59450.92,809744.06,19,0,0.0
1583,76,151580168.24,Chennai,Current,2021-04-30,1856,0.199,True,42348.74,62422.49,889323.58,21,1,0.047619047619047616
1584,40,32427610.22,Pune,Current,2020-10-22,2046,0.067,True,29791.27,45628.75,566034.14,19,1,0.05263157894736842
1585,36,45822075.61,Kolkata,Premium,2020-11-12,2025,0.182,True,34930.2,43092.51,768464.37,22,7,0.3181818181818182
1586,47,48430901.45,Mumbai,Current,2019-12-06,2367,0.091,True,27131.07,41625.1,786801.14,29,2,0.06896551724137931
1587,41,46154852.32,Delhi,Premium,2023-03-22,1165,0.224,True,31272.37,40071.9,594175.02,19,0,0.0
1588,31,117519877.14,Pune,Premium,2020-01-09,2333,0.182,True,68871.81,85994.24,1515179.79,22,3,0.13636363636363635
1589,61,78359539.76,Delhi,Current,2021-06-04,1821,0.049,True,31574.97,48207.13,694649.33,22,1,0.045454545454545456
1590,28,89869542.27,Pune,Current,2018-05-26,2926,0.043,True,42642.19,67315.24,1066054.8,25,9,0.36
1591,43,181912619.09,Ahmedabad,Current,2023-12-05,907,0.003,True,33402.29,54624.07,1035470.87,31,3,0.0967741935483871
1592,40,72953700.45,Chennai,Current,2022-08-24,1375,0.027,False,37416.36,60437.15,897992.66,24,4,0.16666666666666666
1593,19,59560491.04,Pune,Premium,2016-11-19,3479,0.329,True,38547.09,62923.27,963677.35,25,0,0.0
1594,55,456508428.03,Delhi,Current,2018-01-20,3052,0.022,True,49235.23,55147.25,1329351.13,27,1,0.037037037037037035
1595,60,44143953.04,Ahmedabad,Premium,2022-07-01,1429,0.191,True,21553.49,27270.74,538837.16,25,1,0.04
1596,75,110868587.05,Mumbai,Premium,2020-06-30,2160,0.353,True,35826.95,51198.47,967327.61,27,2,0.07407407407407407
1597,35,20612329.02,Pune,Current,2024-03-16,805,0.065,True,64221.19,91735.53,1477087.3,23,1,0.043478260869565216
1598,37,64017523.05,Chennai,Premium,2025-01-01,514,0.244,True,36332.39,66370.61,799312.54,22,2,0.09090909090909091
1599,23,41680020.18,Delhi,Current,2024-04-27,763,0.248,True,15611.48,28721.48,421510.09,27,1,0.037037037037037035
1600,77,21292962.84,Pune,Current,2016-06-28,3623,0.153,True,42830.89,53145.11,856617.86,20,6,0.3
1601,34,30696799.31,Hyderabad,Current,2020-08-27,2102,0.016,True,55798.79,67577.0,1171774.68,21,2,0.09523809523809523
1602,44,293084267.19,Mumbai,Current,2025-08-25,278,0.059,True,21260.86,18985.63,467738.96,22,0,0.0
1603,53,51428571.27,Pune,Premium,2022-12-13,1264,0.184,True,14695.87,12926.58,352700.78,24,1,0.041666666666666664
1604,64,59430214.47,Mumbai,Current,2019-02-05,2671,0.032,True,59398.96,75647.05,1187979.17,20,5,0.25
1605,62,46924039.23,Delhi,Current,2026-01-03,147,0.017,True,43543.68,68720.06,914417.28,21,1,0.047619047619047616
1606,76,152293868.28,Mumbai,Premium,2019-11-06,2397,0.302,True,20165.89,22536.44,241990.67,12,1,0.08333333333333333
1607,39,428216641.31,Kolkata,Premium,2022-11-30,1277,0.218,True,19150.13,26394.03,268101.85,14,1,0.07142857142857142
1608,73,48311654.41,Hyderabad,Current,2024-10-09,598,0.154,True,25264.13,38704.04,454754.31,18,1,0.05555555555555555
1609,41,132157256.65,Kolkata,Current,2026-05-20,10,0.197,True,26843.44,43125.02,805303.18,30,1,0.03333333333333333
1610,30,170530006.45,Bangalore,Premium,2020-05-25,2196,0.228,True,40632.92,56605.48,1097088.79,27,3,0.1111111111111111
1611,69,41239933.31,Ahmedabad,Current,2022-01-29,1582,0.005,True,32947.39,61252.92,626000.4,19,2,0.10526315789473684
1612,33,63488481.51,Mumbai,Current,2021-01-29,1947,0.09,True,33373.03,44716.42,734206.57,22,0,0.0
1613,46,11718590.38,Hyderabad,Premium,2017-07-16,3240,0.163,True,26774.48,55166.16,535489.69,20,2,0.1
1614,19,34921038.76,Bangalore,Current,2018-09-10,2819,0.202,True,32863.39,41974.63,591541.1,18,0,0.0
1615,30,38217554.58,Bangalore,Premium,2025-09-29,243,0.223,True,33529.07,36594.14,704110.56,21,0,0.0
1616,27,120713081.21,Hyderabad,Current,2020-05-21,2200,0.064,True,36688.39,53411.75,843833.03,23,3,0.13043478260869565
1617,64,138431219.96,Hyderabad,Premium,2020-03-03,2279,0.18,True,53766.72,78964.59,914034.22,17,1,0.058823529411764705
1618,69,43916828.12,Chennai,Premium,2026-04-21,39,0.372,True,49259.84,57198.48,985196.84,20,3,0.15
1619,40,22564353.24,Chennai,Current,2023-09-24,979,0.032,False,40050.43,64090.26,1121412.03,28,4,0.14285714285714285
1620,25,174050018.83,Chennai,Current,2021-01-24,1952,0.003,True,16053.16,28630.0,272903.7,17,0,0.0
1621,66,54710326.62,Pune,Premium,2024-09-24,613,0.228,True,28878.52,46560.14,548691.84,19,4,0.21052631578947367
1622,37,27040304.07,Bangalore,Current,2019-12-07,2366,0.068,True,35423.96,77491.06,779327.08,22,3,0.13636363636363635
1623,46,50041104.32,Chennai,Premium,2020-09-01,2097,0.229,True,35272.91,35531.22,705458.28,20,2,0.1
1624,37,39438611.32,Bangalore,Current,2021-01-09,1967,0.086,True,44596.31,58871.36,1159504.02,26,3,0.11538461538461539
1625,77,32259939.08,Hyderabad,Premium,2017-08-23,3202,0.327,True,43930.33,56181.05,1054327.88,24,5,0.20833333333333334
1626,48,97041131.0,Kolkata,Current,2026-04-05,55,0.177,True,57523.3,70251.58,1840745.73,32,3,0.09375
1627,27,70238361.23,Hyderabad,Current,2020-06-24,2166,0.04,True,32989.32,35216.12,626797.03,19,9,0.47368421052631576
1628,72,81444011.0,Bangalore,Current,2020-01-14,2328,0.237,True,47015.1,53316.78,1175377.6,25,2,0.08
1629,30,63661024.33,Kolkata,Premium,2023-04-22,1134,0.154,True,54490.46,71040.28,1253280.68,23,2,0.08695652173913043
1630,43,54170467.75,Delhi,Current,2026-04-19,41,0.188,True,23768.93,30886.14,404071.89,17,5,0.29411764705882354
1631,75,47906462.87,Mumbai,Premium,2019-02-15,2661,0.383,True,22450.06,19750.61,426551.06,19,10,0.5263157894736842
1632,65,80118300.89,Hyderabad,Current,2019-10-16,2418,0.093,True,21717.43,42642.81,499500.91,23,1,0.043478260869565216
1633,50,28758371.35,Bangalore,Premium,2020-02-20,2291,0.164,True,30839.53,56033.63,709309.13,23,0,0.0
1634,28,44540354.56,Bangalore,Premium,2018-02-17,3024,0.198,True,12550.77,20806.93,251015.39,20,1,0.05
1635,34,83067473.71,Kolkata,Premium,2020-05-05,2216,0.174,True,65472.38,73356.14,1178502.9,18,0,0.0
1636,61,76328934.32,Mumbai,Current,2025-07-23,311,0.095,True,30835.12,37871.67,770878.11,25,2,0.08
1637,57,19571555.06,Pune,Premium,2016-07-12,3609,0.169,True,73184.94,56681.81,1463698.84,20,2,0.1
1638,31,147569009.77,Kolkata,Current,2022-07-18,1412,0.02,True,8383.91,10764.68,209597.65,25,0,0.0
1639,18,93967129.9,Ahmedabad,Premium,2026-02-04,115,0.358,True,23610.98,21825.69,590274.6,25,2,0.08
1640,36,48285509.77,Pune,Premium,2017-11-13,3120,0.175,True,32412.19,45419.58,680656.06,21,2,0.09523809523809523
1641,40,188278701.09,Ahmedabad,Current,2023-07-17,1048,0.07,False,15711.4,19530.93,408496.37,26,2,0.07692307692307693
1642,33,26328909.71,Delhi,Premium,2024-07-04,695,0.202,True,12504.65,23515.94,162560.49,13,1,0.07692307692307693
1643,18,31197016.09,Pune,Premium,2026-03-31,60,0.488,True,20779.29,11032.62,249351.45,12,1,0.08333333333333333
1644,24,148616771.85,Ahmedabad,Premium,2020-05-25,2196,0.396,True,51440.15,64135.96,1234563.51,24,4,0.16666666666666666
1645,31,36958352.17,Hyderabad,Premium,2020-10-12,2056,0.211,False,40100.57,45254.51,1002514.31,25,4,0.16
1646,23,96058521.68,Kolkata,Current,2021-03-25,1892,0.25,True,28952.01,32554.26,607992.22,21,2,0.09523809523809523
1647,19,68490144.23,Ahmedabad,Premium,2023-03-20,1167,0.371,True,26832.92,45242.77,509825.49,19,1,0.05263157894736842
1648,60,269890891.63,Chennai,Current,2016-05-30,3652,0.013,True,20679.85,34535.05,392917.06,19,1,0.05263157894736842
1649,61,177399505.13,Hyderabad,Premium,2022-02-13,1567,0.205,True,43576.57,66906.33,958684.47,22,2,0.09090909090909091
1650,68,89226253.19,Ahmedabad,Premium,2016-06-18,3633,0.2,True,30868.85,61778.47,833459.0,27,3,0.1111111111111111
1651,55,38597115.9,Kolkata,Premium,2024-05-22,738,0.165,True,46820.57,57326.23,1030052.47,22,1,0.045454545454545456
1652,60,37496923.62,Hyderabad,Current,2024-10-13,594,0.079,False,58956.88,84443.93,1061223.79,18,1,0.05555555555555555
1653,18,36171221.65,Bangalore,Current,2025-10-08,234,0.206,True,35857.95,56955.81,788874.93,22,2,0.09090909090909091
1654,52,56609022.03,Pune,Current,2021-10-01,1702,0.078,True,29138.22,32070.2,524487.92,18,2,0.1111111111111111
1655,76,115138379.84,Ahmedabad,Premium,2018-10-30,2769,0.336,True,51727.76,52965.39,1138010.82,22,2,0.09090909090909091
1656,43,181941115.05,Pune,Current,2023-08-10,1024,0.069,True,32242.12,58547.64,677084.59,21,1,0.047619047619047616
1657,23,338155704.09,Mumbai,Current,2022-11-20,1287,0.218,True,49471.76,60215.56,1385209.4,28,2,0.07142857142857142
1658,39,73892237.21,Mumbai,Premium,2023-08-11,1023,0.233,True,26369.71,37577.07,632873.08,24,2,0.08333333333333333
1659,27,32110350.03,Chennai,Current,2021-05-09,1847,0.052,True,82347.14,95218.27,1729290.01,21,2,0.09523809523809523
1660,54,55288255.97,Kolkata,Premium,2021-05-09,1847,0.166,True,61364.53,76405.31,1534113.25,25,3,0.12
1661,57,52520826.39,Ahmedabad,Current,2020-02-07,2304,0.085,True,76900.31,85070.77,1614906.51,21,5,0.23809523809523808
1662,79,509845450.88,Hyderabad,Current,2022-08-20,1379,0.179,True,69471.85,75365.55,1389436.99,20,3,0.15
1663,65,80974573.97,Pune,Premium,2024-09-05,632,0.174,True,30418.29,44950.45,638784.13,21,1,0.047619047619047616
1664,73,25831926.16,Delhi,Premium,2020-02-13,2298,0.363,True,36165.48,65881.36,506316.76,14,3,0.21428571428571427
1665,68,35621820.55,Ahmedabad,Premium,2023-08-20,1014,0.167,True,40682.12,52727.31,976370.85,24,1,0.041666666666666664
1666,39,38826530.5,Bangalore,Current,2017-01-25,3412,0.004,True,25155.28,34815.86,679192.45,27,2,0.07407407407407407
1667,58,40537885.99,Ahmedabad,Current,2022-09-01,1367,0.051,True,38269.34,49740.28,765386.82,20,0,0.0
1668,72,488741004.57,Kolkata,Current,2024-03-01,820,0.22,True,66902.38,63825.5,1672559.47,25,0,0.0
1669,18,95052431.62,Kolkata,Current,2017-01-17,3420,0.244,True,43747.36,65401.03,962441.82,22,1,0.045454545454545456
1670,55,54499330.07,Bangalore,Current,2022-03-15,1537,0.083,True,61260.88,81128.68,1776565.49,29,2,0.06896551724137931
1671,29,397641970.79,Pune,Current,2023-05-06,1120,0.03,True,42185.93,70991.61,759346.73,18,2,0.1111111111111111
1672,34,56396603.53,Hyderabad,Premium,2018-08-05,2855,0.209,True,43040.27,58907.28,1119046.99,26,1,0.038461538461538464
1673,28,35822663.55,Chennai,Current,2018-04-11,2971,0.066,True,19347.97,42816.15,309567.45,16,0,0.0
1674,71,28379187.77,Bangalore,Current,2021-11-20,1652,0.204,True,45908.56,65883.33,918171.19,20,0,0.0
1675,44,43761863.84,Kolkata,Premium,2019-03-08,2640,0.152,False,32601.01,63590.56,815025.35,25,2,0.08
1676,37,32932869.45,Pune,Current,2017-06-11,3275,0.094,True,50070.67,75354.22,1051483.99,21,3,0.14285714285714285
1677,26,12824421.62,Delhi,Current,2016-08-13,3577,0.025,True,13593.18,14857.72,326236.28,24,0,0.0
1678,55,84517057.02,Bangalore,Current,2020-06-01,2189,0.027,False,33105.34,49852.07,728317.5,22,2,0.09090909090909091
1679,63,81533384.71,Delhi,Current,2018-07-20,2871,0.089,True,30854.34,44071.51,617086.71,20,2,0.1
1680,62,34581431.41,Bangalore,Current,2018-01-25,3047,0.032,True,14497.81,20464.38,246462.78,17,1,0.058823529411764705
1681,56,165048532.59,Chennai,Premium,2023-11-15,927,0.2,True,28579.0,44042.56,571579.93,20,5,0.25
1682,45,111031516.54,Ahmedabad,Premium,2016-09-05,3554,0.156,True,15391.92,41803.65,323230.36,21,1,0.047619047619047616
1683,67,59974530.47,Kolkata,Premium,2025-02-26,458,0.192,True,34016.51,49436.14,850412.82,25,2,0.08
1684,64,24232881.6,Bangalore,Premium,2018-01-13,3059,0.239,True,46533.82,51720.23,977210.15,21,3,0.14285714285714285
1685,54,37766727.8,Delhi,Current,2022-09-08,1360,0.091,True,31803.05,46674.42,890485.48,28,1,0.03571428571428571
1686,21,105213736.0,Hyderabad,Current,2018-08-07,2853,0.207,False,7047.34,9244.83,126852.2,18,2,0.1111111111111111
1687,75,43283283.92,Kolkata,Current,2019-09-24,2440,0.208,True,36726.8,49718.09,918170.1,25,7,0.28
1688,54,52054000.3,Mumbai,Premium,2025-10-29,213,0.235,True,62466.53,77710.89,1436730.24,23,6,0.2608695652173913
1689,44,98144392.43,Mumbai,Current,2018-01-31,3041,0.049,True,20406.75,27675.25,530575.48,26,3,0.11538461538461539
1690,45,66321778.03,Mumbai,Premium,2023-08-01,1033,0.197,False,24867.64,40236.43,497352.89,20,1,0.05
1691,22,21002944.27,Kolkata,Premium,2016-12-11,3457,0.35,True,28970.92,49031.86,666331.16,23,2,0.08695652173913043
1692,69,25759713.21,Pune,Current,2024-08-16,652,0.073,True,14201.42,18465.22,383438.39,27,9,0.3333333333333333
1693,27,713220175.14,Delhi,Current,2018-09-15,2814,0.065,True,19313.14,17663.76,347636.58,18,0,0.0
1694,26,52321939.29,Ahmedabad,Current,2020-06-18,2172,0.026,True,12696.52,18681.71,241233.8,19,1,0.05263157894736842
1695,37,38541952.24,Ahmedabad,Premium,2021-02-07,1938,0.207,True,21695.62,17252.56,650868.59,30,4,0.13333333333333333
1696,42,126848806.83,Mumbai,Current,2021-04-28,1858,0.014,True,53051.85,72542.3,795777.68,15,0,0.0
1697,39,68259764.5,Hyderabad,Current,2021-03-31,1886,0.099,True,32850.76,52156.87,886970.56,27,1,0.037037037037037035
1698,19,37739375.6,Ahmedabad,Premium,2017-12-01,3102,0.388,False,72804.75,68653.11,1528899.67,21,3,0.14285714285714285
1699,45,141448843.1,Pune,Current,2018-06-16,2905,0.083,True,43721.71,60270.28,1093042.81,25,2,0.08
1700,66,46296909.89,Mumbai,Premium,2024-11-23,553,0.182,True,63999.54,75984.56,1087992.24,17,1,0.058823529411764705
1701,67,91730829.83,Kolkata,Premium,2021-05-04,1852,0.208,True,73919.25,79228.06,1626223.46,22,2,0.09090909090909091
1702,31,23068389.51,Delhi,Current,2020-10-01,2067,0.1,True,31284.68,30706.18,688262.92,22,0,0.0
1703,51,54737903.7,Ahmedabad,Premium,2021-08-13,1751,0.205,True,20234.98,21370.21,526109.51,26,3,0.11538461538461539
1704,77,139222888.85,Chennai,Premium,2023-07-29,1036,0.386,True,12744.86,10741.11,344111.15,27,3,0.1111111111111111
1705,28,11061108.97,Ahmedabad,Premium,2025-04-29,396,0.154,True,43927.47,71378.43,878549.33,20,4,0.2
1706,46,43861562.83,Ahmedabad,Current,2022-07-02,1428,0.083,True,40068.89,55170.36,801377.71,20,3,0.15
1707,74,27938262.67,Mumbai,Premium,2021-07-02,1793,0.328,True,79409.48,79230.49,2144055.97,27,3,0.1111111111111111
1708,70,98786864.65,Pune,Current,2018-01-01,3071,0.005,True,31008.1,43124.27,806210.6,26,3,0.11538461538461539
1709,70,80739735.68,Chennai,Current,2017-04-13,3334,0.065,True,12508.81,16569.36,275193.79,22,1,0.045454545454545456
1710,43,81526272.93,Chennai,Premium,2018-04-17,2965,0.2,True,12403.74,17040.44,297689.67,24,0,0.0
1711,29,330339609.3,Hyderabad,Premium,2022-03-02,1550,0.166,True,23970.3,36360.43,551316.94,23,3,0.13043478260869565
1712,48,23692058.59,Bangalore,Current,2020-02-16,2295,0.032,True,73583.22,78526.72,1692414.11,23,1,0.043478260869565216
1713,59,60170553.02,Mumbai,Premium,2025-05-23,372,0.201,True,21095.46,47791.52,569577.51,27,1,0.037037037037037035
1714,22,135394096.55,Delhi,Premium,2025-09-26,246,0.32,True,15409.22,29364.04,339002.87,22,0,0.0
1715,56,88763373.97,Bangalore,Current,2018-06-15,2906,0.053,True,52299.77,74622.06,1202894.6,23,1,0.043478260869565216
1716,56,110952738.99,Ahmedabad,Current,2017-04-14,3333,0.017,True,4930.83,4388.7,64100.83,13,0,0.0
1717,19,67185738.75,Kolkata,Current,2018-11-10,2758,0.175,True,59579.86,62021.94,1370336.78,23,2,0.08695652173913043
1718,52,21462016.58,Delhi,Premium,2022-03-28,1524,0.222,True,30543.04,42235.66,580317.75,19,2,0.10526315789473684
1719,35,52060902.22,Pune,Current,2021-05-17,1839,0.018,True,54846.97,67226.72,1426021.16,26,1,0.038461538461538464
1720,31,179162008.13,Delhi,Current,2025-03-10,446,0.096,True,43533.4,55528.56,740067.79,17,0,0.0
1721,31,14893080.74,Ahmedabad,Premium,2020-06-10,2180,0.154,True,9541.96,10964.92,229007.14,24,2,0.08333333333333333
1722,75,107315955.4,Ahmedabad,Current,2023-02-12,1203,0.16,True,62556.66,69263.08,1689029.71,27,0,0.0
1723,67,98245982.2,Chennai,Current,2020-05-06,2215,0.045,True,16546.71,15561.46,314387.55,19,2,0.10526315789473684
1724,66,159926947.11,Pune,Current,2023-06-28,1067,0.056,True,8702.07,13053.05,191445.57,22,0,0.0
1725,34,31740898.0,Delhi,Premium,2022-09-01,1367,0.17,True,29439.04,57695.87,647658.83,22,1,0.045454545454545456
1726,31,717423447.52,Kolkata,Current,2019-10-17,2417,0.073,True,29050.35,34468.0,610057.3,21,3,0.14285714285714285
1727,29,80935850.55,Pune,Premium,2024-05-14,746,0.191,True,88294.21,75979.39,2207355.29,25,1,0.04
1728,68,80610110.87,Hyderabad,Current,2025-02-09,475,0.041,True,25879.58,40692.56,621109.9,24,3,0.125
1729,61,60126065.03,Chennai,Premium,2023-01-25,1221,0.176,True,46822.54,59017.2,983273.25,21,3,0.14285714285714285
1730,47,280165634.87,Mumbai,Current,2024-12-27,519,0.053,True,58323.01,77706.4,1224783.28,21,2,0.09523809523809523
1731,35,53674571.91,Hyderabad,Current,2021-03-10,1907,0.079,True,36385.35,55711.29,909633.82,25,4,0.16
1732,21,15019598.89,Chennai,Current,2023-12-15,897,0.191,True,43874.14,80897.54,1096853.43,25,4,0.16
1733,72,24837227.18,Hyderabad,Premium,2024-12-16,530,0.386,True,30143.57,49918.45,452153.52,15,2,0.13333333333333333
1734,27,69270872.86,Ahmedabad,Premium,2022-09-16,1352,0.177,False,36340.22,44437.63,835825.05,23,0,0.0
1735,47,68025907.42,Bangalore,Current,2017-08-05,3220,0.058,True,72934.45,80515.74,1896295.64,26,11,0.4230769230769231
1736,37,37070556.17,Ahmedabad,Current,2021-09-08,1725,0.078,False,37044.25,45377.23,777929.19,21,1,0.047619047619047616
1737,19,169288281.82,Delhi,Premium,2019-05-31,2556,0.331,True,36122.54,52971.58,577960.65,16,1,0.0625
1738,19,43661745.39,Kolkata,Current,2021-01-14,1962,0.243,False,18169.42,22796.26,399727.18,22,7,0.3181818181818182
1739,48,31822040.94,Hyderabad,Current,2022-01-31,1580,0.087,True,19937.57,21780.82,418689.03,21,2,0.09523809523809523
1740,22,286534435.71,Delhi,Current,2025-08-27,276,0.235,True,30085.08,38928.49,601701.52,20,1,0.05
1741,22,78934045.85,Pune,Current,2018-01-03,3069,0.165,True,64788.69,74121.51,1425351.2,22,12,0.5454545454545454
1742,45,41036437.34,Bangalore,Current,2023-07-20,1045,0.095,True,46174.55,58729.58,1062014.7,23,1,0.043478260869565216
1743,53,286386208.38,Delhi,Premium,2022-11-15,1292,0.196,True,60929.2,68067.17,1584159.19,26,4,0.15384615384615385
1744,79,46618528.05,Pune,Premium,2021-11-18,1654,0.336,True,38955.54,53867.85,1246577.15,32,8,0.25
1745,73,97509895.27,Hyderabad,Premium,2026-02-27,92,0.385,True,61663.63,87049.96,1294936.15,21,6,0.2857142857142857
1746,24,105263626.25,Bangalore,Premium,2017-08-18,3207,0.37,True,53091.05,65302.92,1061820.94,20,3,0.15
1747,76,57435473.74,Kolkata,Current,2026-03-19,72,0.305,True,31663.75,59031.17,791593.63,25,2,0.08
1748,40,70386175.02,Hyderabad,Premium,2021-07-03,1792,0.186,True,33380.96,39401.06,901285.88,27,4,0.14814814814814814
1749,39,252764496.68,Ahmedabad,Premium,2017-09-17,3177,0.217,True,20591.42,30442.89,473602.59,23,1,0.043478260869565216
1750,30,121882681.69,Hyderabad,Premium,2023-08-05,1029,0.154,True,41708.77,51761.93,750757.95,18,2,0.1111111111111111
1751,20,24718333.9,Bangalore,Current,2016-11-08,3490,0.233,True,39432.01,45962.25,709776.13,18,1,0.05555555555555555
1752,18,55815078.21,Pune,Current,2016-09-20,3539,0.223,True,33288.23,35431.59,632476.31,19,2,0.10526315789473684
1753,31,56815600.93,Hyderabad,Premium,2023-11-15,927,0.207,True,57655.32,63689.53,1268417.14,22,5,0.22727272727272727
1754,78,145244760.61,Hyderabad,Current,2025-02-03,481,0.221,True,51788.22,55220.66,1087552.53,21,0,0.0
1755,71,61259634.44,Delhi,Premium,2025-09-09,263,0.399,True,17988.86,35977.2,359777.27,20,7,0.35
1756,50,80450055.89,Kolkata,Current,2017-11-23,3110,0.072,True,29431.35,41560.23,824077.9,28,0,0.0
1757,45,178869679.34,Hyderabad,Current,2022-05-31,1460,0.027,False,44144.14,51888.81,1456756.57,33,3,0.09090909090909091
1758,19,13908521.86,Hyderabad,Current,2017-11-19,3114,0.203,True,80001.97,82805.53,2160053.31,27,4,0.14814814814814814
1759,24,25800072.32,Hyderabad,Premium,2017-04-15,3332,0.372,True,14319.7,16506.24,400951.49,28,4,0.14285714285714285
1760,20,19452937.42,Chennai,Current,2023-12-07,905,0.215,True,50565.97,63126.32,1415847.12,28,0,0.0
1761,29,39518341.57,Ahmedabad,Current,2025-03-31,425,0.07,True,55032.69,72377.44,1210719.23,22,1,0.045454545454545456
1762,68,31708973.57,Pune,Current,2024-08-28,640,0.087,True,28808.3,39440.63,547357.79,19,2,0.10526315789473684
1763,48,185646957.67,Mumbai,Current,2022-02-09,1571,0.029,True,11913.32,8903.45,238266.5,20,5,0.25
1764,76,42827545.34,Mumbai,Current,2024-04-04,786,0.193,True,30841.23,38161.02,1141125.36,37,0,0.0
1765,41,598931287.38,Kolkata,Current,2022-02-25,1555,0.075,True,42637.37,57321.14,682197.95,16,2,0.125
1766,38,54770327.57,Pune,Current,2020-08-10,2119,0.072,True,28778.32,41278.08,690679.77,24,1,0.041666666666666664
1767,29,62890295.15,Pune,Current,2022-12-16,1261,0.032,True,24972.93,48778.26,549404.5,22,5,0.22727272727272727
1768,37,67339496.8,Ahmedabad,Current,2017-07-09,3247,0.066,False,45775.8,55267.41,1098619.24,24,2,0.08333333333333333
1769,75,42999890.08,Mumbai,Current,2018-01-05,3067,0.212,True,10284.52,10083.64,205690.41,20,3,0.15
1770,61,41353384.56,Ahmedabad,Premium,2025-11-12,199,0.231,True,16799.83,17704.79,302396.88,18,1,0.05555555555555555
1771,61,71494690.33,Delhi,Current,2025-08-11,292,0.076,True,32237.62,46197.47,773702.82,24,3,0.125
1772,66,21816328.17,Bangalore,Current,2021-02-02,1943,0.09,True,16390.76,15149.35,344206.04,21,1,0.047619047619047616
1773,57,20730276.52,Delhi,Current,2022-03-11,1541,0.063,True,48710.51,72461.92,1266473.28,26,0,0.0
1774,41,63059199.15,Delhi,Current,2021-09-29,1704,0.056,True,33065.25,55945.11,595174.57,18,3,0.16666666666666666
1775,48,30485450.16,Hyderabad,Current,2025-12-14,167,0.02,True,69797.58,85067.96,2373117.79,34,6,0.17647058823529413
1776,71,35226847.69,Ahmedabad,Current,2025-11-12,199,0.174,True,24703.27,48478.44,642284.94,26,0,0.0
1777,39,74636991.66,Ahmedabad,Current,2023-07-13,1052,0.006,True,35466.84,40529.99,815737.36,23,6,0.2608695652173913
1778,23,66655091.61,Ahmedabad,Premium,2019-01-04,2703,0.378,True,26251.12,38859.77,551273.61,21,0,0.0
1779,37,68369609.98,Pune,Premium,2025-01-02,513,0.151,True,44144.81,45162.82,1324344.21,30,2,0.06666666666666667
1780,42,73616219.67,Hyderabad,Premium,2021-02-03,1942,0.25,True,38250.94,62831.24,956273.41,25,3,0.12
1781,51,36014616.43,Delhi,Current,2020-12-18,1989,0.005,True,31870.61,24423.02,796765.18,25,2,0.08
1782,48,80896026.8,Kolkata,Current,2022-08-10,1389,0.01,True,35224.61,37192.2,774941.35,22,2,0.09090909090909091
1783,25,80270051.85,Ahmedabad,Current,2020-02-08,2303,0.064,True,47488.87,73102.69,1424666.02,30,3,0.1
1784,66,36564880.34,Bangalore,Premium,2025-12-14,167,0.206,True,27301.27,46899.09,655230.52,24,1,0.041666666666666664
1785,48,160536387.99,Mumbai,Current,2024-05-20,740,0.05,True,36141.65,53742.78,903541.17,25,1,0.04
1786,36,66430776.59,Chennai,Current,2023-12-04,908,0.032,True,28102.08,38130.86,702552.03,25,7,0.28
1787,79,61942426.75,Kolkata,Premium,2023-06-18,1077,0.358,True,31074.07,58328.47,621481.45,20,4,0.2
1788,47,51407023.94,Ahmedabad,Current,2022-11-26,1281,0.083,True,19829.51,31044.02,396590.24,20,1,0.05
1789,68,32641533.69,Hyderabad,Current,2019-01-07,2700,0.059,True,28475.1,35240.72,683402.3,24,2,0.08333333333333333
1790,31,68969220.43,Chennai,Premium,2017-06-14,3272,0.203,True,56964.24,74584.52,1025356.31,18,2,0.1111111111111111
1791,61,68367718.19,Hyderabad,Current,2022-03-26,1526,0.004,True,12690.39,11752.34,164975.09,13,1,0.07692307692307693
1792,79,38928818.01,Ahmedabad,Current,2020-04-02,2249,0.219,True,57278.78,63763.55,1775642.17,31,2,0.06451612903225806
1793,57,53377928.08,Bangalore,Current,2024-05-05,755,0.061,True,39346.01,40013.75,944304.27,24,2,0.08333333333333333
1794,38,35231134.49,Chennai,Current,2019-12-31,2342,0.085,True,67959.34,72275.63,1223268.05,18,4,0.2222222222222222
1795,58,86550524.33,Hyderabad,Current,2021-11-29,1643,0.012,True,73147.85,78288.78,1828696.3,25,9,0.36
1796,67,17888397.04,Mumbai,Current,2021-11-01,1671,0.03,True,26233.95,53339.89,603380.74,23,1,0.043478260869565216
1797,63,49682614.05,Ahmedabad,Current,2019-11-25,2378,0.095,True,32898.97,33646.54,789575.21,24,4,0.16666666666666666
1798,52,27119399.06,Mumbai,Current,2025-12-11,170,0.036,True,24545.13,32543.33,613628.22,25,2,0.08
1799,66,44926825.56,Pune,Current,2024-12-09,537,0.011,True,27498.32,38115.52,824949.66,30,0,0.0
1800,55,214897830.92,Chennai,Current,2021-02-12,1933,0.089,True,69409.75,84058.29,1735243.72,25,1,0.04
1801,45,27915007.78,Delhi,Premium,2019-07-15,2511,0.19,True,45100.61,49901.02,1217716.55,27,0,0.0
1802,29,35318261.37,Mumbai,Premium,2021-08-10,1754,0.186,True,25621.29,20310.39,666153.5,26,0,0.0
1803,29,57186318.08,Ahmedabad,Current,2019-07-25,2501,0.0,True,42875.58,59806.37,643133.67,15,1,0.06666666666666667
1804,44,135567095.29,Kolkata,Current,2022-03-15,1537,0.011,False,66961.2,68061.7,870495.57,13,0,0.0
1805,25,38769347.48,Kolkata,Premium,2017-05-09,3308,0.187,True,31999.86,36956.97,511997.73,16,1,0.0625
1806,55,119096462.99,Delhi,Premium,2016-12-08,3460,0.185,True,21683.57,28204.1,628823.51,29,3,0.10344827586206896
1807,33,40767980.66,Pune,Premium,2024-03-29,792,0.195,True,88466.8,86287.9,2300136.93,26,1,0.038461538461538464
1808,29,111463977.92,Mumbai,Current,2024-08-17,651,0.043,True,42500.78,63550.98,1275023.28,30,2,0.06666666666666667
1809,39,44676824.39,Kolkata,Current,2018-08-04,2856,0.082,False,49026.66,63240.9,980533.28,20,1,0.05
1810,19,16514993.05,Chennai,Current,2016-08-17,3573,0.215,True,19768.25,48166.12,494206.14,25,3,0.12
1811,40,77593682.64,Mumbai,Current,2023-09-22,981,0.055,False,21988.36,25039.56,549708.99,25,0,0.0
1812,25,384127636.07,Chennai,Current,2019-06-14,2542,0.084,True,37073.75,51830.92,778548.74,21,1,0.047619047619047616
1813,56,10802056.33,Ahmedabad,Current,2024-03-15,806,0.042,True,12058.1,9842.6,180871.57,15,0,0.0
1814,18,53598976.78,Bangalore,Current,2023-09-28,975,0.243,True,30720.71,53231.78,860179.84,28,2,0.07142857142857142
1815,29,26334563.75,Delhi,Premium,2022-03-14,1538,0.203,True,29616.59,38298.33,592331.71,20,5,0.25
1816,57,83169446.95,Chennai,Premium,2018-03-22,2991,0.151,True,16611.47,26727.19,415286.7,25,1,0.04
1817,77,48165052.19,Kolkata,Premium,2017-02-28,3378,0.351,True,20352.64,30273.98,529168.76,26,2,0.07692307692307693
1818,65,223294275.62,Bangalore,Premium,2021-07-24,1771,0.18,True,22037.34,27988.98,352597.44,16,2,0.125
1819,56,105553009.82,Bangalore,Premium,2018-08-15,2845,0.191,True,19804.77,29826.87,534728.74,27,0,0.0
1820,67,47263343.16,Chennai,Premium,2020-12-21,1986,0.152,True,56879.98,56165.22,1478879.46,26,1,0.038461538461538464
1821,31,17210591.65,Hyderabad,Premium,2024-01-20,861,0.237,True,14785.62,25594.99,325283.7,22,2,0.09090909090909091
1822,42,32397426.19,Chennai,Current,2022-10-30,1308,0.093,True,20984.36,33735.62,293781.04,14,2,0.14285714285714285
1823,72,40738477.75,Mumbai,Premium,2023-12-03,909,0.315,True,38874.59,44942.72,894115.61,23,5,0.21739130434782608
1824,30,94447528.11,Hyderabad,Current,2021-07-08,1787,0.099,True,50941.03,68358.21,1069761.69,21,0,0.0
1825,77,19115896.63,Hyderabad,Current,2020-01-03,2339,0.204,True,11446.77,7192.16,274722.5,24,1,0.041666666666666664
1826,69,35360533.66,Delhi,Current,2026-04-29,31,0.244,True,18832.13,42968.76,357810.56,19,0,0.0
1827,40,120001066.04,Bangalore,Current,2019-07-06,2520,0.097,True,4749.81,8260.01,99745.91,21,0,0.0
1828,31,59159153.48,Hyderabad,Premium,2023-01-14,1232,0.25,True,20120.06,38138.72,422521.25,21,4,0.19047619047619047
1829,53,85769334.92,Bangalore,Premium,2020-02-02,2309,0.199,True,27760.22,32440.7,694005.53,25,0,0.0
1830,60,41029310.52,Chennai,Premium,2017-11-29,3104,0.186,True,50337.69,65529.72,1057091.59,21,2,0.09523809523809523
1831,77,68510601.49,Kolkata,Premium,2021-01-02,1974,0.34,True,38097.68,59291.39,914344.35,24,2,0.08333333333333333
1832,65,255813662.82,Pune,Premium,2026-02-01,118,0.187,True,55217.97,58234.53,1214795.24,22,4,0.18181818181818182
1833,73,33702068.5,Hyderabad,Current,2017-04-15,3332,0.185,True,21744.15,12438.63,282673.99,13,0,0.0
1834,37,418122650.4,Kolkata,Current,2021-06-29,1796,0.045,True,53382.12,54121.78,1174406.55,22,0,0.0
1835,64,82887304.49,Delhi,Current,2018-11-23,2745,0.012,False,64819.77,70086.82,842656.95,13,0,0.0
1836,73,47487570.0,Ahmedabad,Premium,2022-03-07,1545,0.346,True,31018.91,31026.99,527321.46,17,2,0.11764705882352941
1837,32,45457932.36,Mumbai,Current,2025-12-28,153,0.034,True,23843.84,44128.62,333813.78,14,0,0.0
1838,75,13773581.57,Delhi,Current,2022-01-28,1583,0.161,True,18629.13,33455.65,409840.91,22,2,0.09090909090909091
1839,61,52572219.71,Bangalore,Current,2019-07-20,2506,0.072,True,12720.85,16110.29,228975.26,18,2,0.1111111111111111
1840,20,183017526.22,Pune,Current,2017-01-21,3416,0.245,True,38661.84,45033.97,1005207.76,26,2,0.07692307692307693
1841,31,37720203.29,Delhi,Current,2016-08-27,3563,0.074,True,25334.03,36847.99,354676.41,14,2,0.14285714285714285
1842,69,49064738.81,Ahmedabad,Premium,2022-06-07,1453,0.203,True,15952.01,21157.73,287136.16,18,0,0.0
1843,62,111439696.45,Delhi,Premium,2025-05-26,369,0.177,True,21711.16,29985.96,521067.89,24,2,0.08333333333333333
1844,32,46448486.66,Mumbai,Premium,2026-03-15,76,0.313,True,46397.77,78970.91,1113546.37,24,0,0.0
1845,51,204385922.25,Pune,Premium,2019-11-10,2393,0.163,True,47924.5,58116.58,1054339.04,22,2,0.09090909090909091
1846,23,313598911.87,Ahmedabad,Premium,2018-05-15,2937,0.38,True,43827.15,47674.05,1095678.85,25,0,0.0
1847,41,82551411.11,Mumbai,Premium,2021-12-23,1619,0.179,True,13919.54,20706.61,375827.56,27,1,0.037037037037037035
1848,53,44819849.91,Delhi,Premium,2018-09-13,2816,0.207,True,45037.36,54598.21,675560.44,15,2,0.13333333333333333
1849,49,183041814.49,Ahmedabad,Current,2026-03-26,65,0.158,True,14279.07,20025.7,228465.11,16,1,0.0625
1850,18,22335634.53,Hyderabad,Premium,2021-03-27,1890,0.369,True,43442.86,67155.16,1042628.65,24,3,0.125
1851,34,49584823.69,Delhi,Premium,2021-08-02,1762,0.239,True,25829.57,37591.27,568250.63,22,1,0.045454545454545456
1852,56,108510005.11,Mumbai,Premium,2022-05-01,1490,0.179,True,49978.24,71988.13,899608.24,18,1,0.05555555555555555
1853,63,33530351.44,Mumbai,Current,2023-10-09,964,0.046,True,32136.65,37102.94,899826.23,28,3,0.10714285714285714
1854,61,46155139.87,Pune,Premium,2025-08-10,293,0.241,True,27517.99,35548.47,605395.82,22,4,0.18181818181818182
1855,43,56488143.05,Chennai,Current,2020-11-26,2011,0.003,True,29102.08,48881.92,698449.81,24,1,0.041666666666666664
1856,18,176672864.04,Pune,Current,2024-07-24,675,0.192,True,44799.74,54355.41,716795.9,16,1,0.0625
1857,34,32718867.8,Pune,Premium,2020-11-18,2019,0.17,True,35118.11,45288.37,877952.76,25,1,0.04
1858,46,136718949.46,Mumbai,Current,2019-03-28,2620,0.076,True,29930.5,28422.83,598609.9,20,2,0.1
1859,61,105282544.64,Kolkata,Premium,2017-01-20,3417,0.239,True,36080.5,54438.56,685529.5,19,2,0.10526315789473684
1860,48,29789363.14,Chennai,Current,2017-11-24,3109,0.097,True,28701.27,30872.55,545324.18,19,1,0.05263157894736842
1861,66,776880059.95,Hyderabad,Current,2017-03-02,3376,0.038,False,20376.53,22227.78,570542.85,28,3,0.10714285714285714
1862,40,74191745.06,Hyderabad,Current,2024-05-29,731,0.002,True,52549.23,75268.37,1050984.54,20,2,0.1
1863,65,81387268.62,Chennai,Current,2020-07-05,2155,0.052,True,69927.07,76779.14,1818103.88,26,5,0.19230769230769232
1864,43,58215289.96,Hyderabad,Premium,2023-01-07,1239,0.156,True,48050.0,63312.99,864900.06,18,0,0.0
1865,70,34960290.17,Hyderabad,Current,2020-03-04,2278,0.071,True,32652.36,59703.4,946918.53,29,2,0.06896551724137931
1866,38,61217322.55,Delhi,Current,2017-02-22,3384,0.071,True,58203.82,74382.66,1222280.29,21,3,0.14285714285714285
1867,42,72435112.7,Bangalore,Current,2020-04-05,2246,0.031,False,46449.19,72217.0,975432.96,21,7,0.3333333333333333
1868,57,24131336.18,Ahmedabad,Current,2018-01-17,3055,0.004,True,38807.99,53110.09,1086623.62,28,3,0.10714285714285714
1869,66,63490962.01,Mumbai,Current,2020-01-01,2341,0.04,True,46154.45,57709.73,876934.5,19,2,0.10526315789473684
1870,71,274165225.28,Chennai,Premium,2019-05-08,2579,0.351,True,66878.76,63012.34,802545.1,12,7,0.5833333333333334
1871,60,38020242.72,Hyderabad,Premium,2019-09-04,2460,0.176,True,46041.51,89744.99,782705.64,17,0,0.0
1872,77,19239453.86,Pune,Current,2019-04-13,2604,0.161,True,16507.83,16645.86,363172.36,22,4,0.18181818181818182
1873,36,90008484.35,Hyderabad,Current,2023-09-12,991,0.086,True,23199.07,35433.92,417583.25,18,2,0.1111111111111111
1874,30,38897520.12,Mumbai,Premium,2017-10-30,3134,0.223,True,12875.55,22902.49,309013.22,24,1,0.041666666666666664
1875,61,43248423.69,Mumbai,Premium,2025-03-03,453,0.232,True,58175.0,70418.72,988974.94,17,1,0.058823529411764705
1876,36,150025749.36,Kolkata,Current,2020-09-20,2078,0.087,True,72013.13,62172.12,936170.73,13,1,0.07692307692307693
1877,19,24097784.3,Ahmedabad,Current,2022-10-05,1333,0.187,True,11587.62,11076.62,208577.25,18,0,0.0
1878,55,38918519.44,Hyderabad,Premium,2021-04-08,1878,0.155,True,38459.61,47991.75,730732.53,19,0,0.0
1879,23,110345046.63,Chennai,Current,2018-08-28,2832,0.207,True,69503.16,73292.91,1181553.74,17,3,0.17647058823529413
1880,65,33521215.61,Hyderabad,Premium,2020-03-02,2280,0.216,True,81450.55,95338.35,1384659.34,17,4,0.23529411764705882
1881,72,74802987.53,Kolkata,Premium,2018-12-10,2728,0.316,True,23381.72,39202.21,303962.4,13,0,0.0
1882,47,58913915.92,Kolkata,Premium,2023-09-11,992,0.242,True,30946.05,39849.69,680813.13,22,0,0.0
1883,24,43522580.31,Ahmedabad,Current,2023-08-26,1008,0.151,True,58637.16,84863.25,2052300.61,35,7,0.2
1884,32,53180114.91,Hyderabad,Premium,2019-03-07,2641,0.156,True,23167.39,32557.99,625519.62,27,2,0.07407407407407407
1885,23,61602239.69,Hyderabad,Current,2017-12-16,3087,0.203,True,42213.21,67085.07,675411.3,16,2,0.125
1886,79,560474474.84,Pune,Premium,2020-09-11,2087,0.301,True,41544.62,55390.91,997070.79,24,0,0.0
1887,50,168805672.26,Bangalore,Premium,2021-11-04,1668,0.249,True,29402.21,37794.43,558642.06,19,2,0.10526315789473684
1888,75,44272013.93,Mumbai,Premium,2019-02-26,2650,0.394,True,15305.74,17370.9,489783.72,32,1,0.03125
1889,34,60935719.87,Pune,Current,2025-08-27,276,0.047,True,65758.8,91801.51,1709728.89,26,5,0.19230769230769232
1890,40,93755383.86,Delhi,Premium,2019-08-29,2466,0.194,True,14403.32,12251.56,316873.15,22,3,0.13636363636363635
1891,38,31940371.73,Chennai,Premium,2020-05-30,2191,0.174,True,53184.11,70904.85,1170050.42,22,6,0.2727272727272727
1892,21,46397554.19,Bangalore,Premium,2020-08-14,2115,0.369,False,18554.45,32615.2,538079.16,29,3,0.10344827586206896
1893,30,66385443.53,Kolkata,Premium,2020-11-05,2032,0.223,True,70571.76,82411.65,1764293.91,25,3,0.12
1894,47,45936935.01,Chennai,Premium,2025-03-08,448,0.222,True,7195.96,7549.02,115135.28,16,0,0.0
1895,75,19473256.78,Chennai,Premium,2019-01-02,2705,0.369,True,24366.58,62606.41,414231.91,17,2,0.11764705882352941
1896,21,62371264.42,Pune,Premium,2024-01-25,856,0.345,True,33967.93,42314.16,713326.56,21,2,0.09523809523809523
1897,25,135066846.91,Chennai,Premium,2017-02-18,3388,0.219,True,24729.06,31383.08,717142.66,29,2,0.06896551724137931
1898,65,179864355.9,Delhi,Current,2024-06-25,704,0.07,True,32904.92,29945.43,888432.93,27,6,0.2222222222222222
1899,39,34273770.74,Mumbai,Premium,2020-09-27,2071,0.187,True,51136.06,61300.1,920449.17,18,2,0.1111111111111111
1900,30,30702594.22,Ahmedabad,Current,2024-03-19,802,0.016,True,15688.55,20386.43,282393.9,18,2,0.1111111111111111
1901,33,56145305.34,Chennai,Current,2022-04-07,1514,0.009,True,43583.65,54847.47,828089.35,19,0,0.0
1902,19,56133188.73,Mumbai,Current,2026-01-13,137,0.164,True,18079.04,20236.15,271185.54,15,4,0.26666666666666666
1903,38,82261029.36,Kolkata,Current,2023-12-02,910,0.032,True,69202.12,75967.42,1453244.43,21,3,0.14285714285714285
1904,68,29790883.5,Chennai,Premium,2025-09-24,248,0.195,True,50196.56,64679.44,1405503.65,28,2,0.07142857142857142
1905,38,27356314.79,Pune,Current,2025-11-11,200,0.059,True,26910.66,53852.48,753498.51,28,3,0.10714285714285714
1906,26,173453292.95,Chennai,Premium,2025-03-29,427,0.16,True,41550.0,65772.53,955650.09,23,2,0.08695652173913043
1907,51,38988473.99,Pune,Premium,2024-10-23,584,0.182,True,50054.7,76199.69,951039.31,19,2,0.10526315789473684
1908,20,76425783.49,Mumbai,Premium,2024-02-17,833,0.353,True,22068.56,23032.28,308959.89,14,2,0.14285714285714285
1909,59,220796275.3,Kolkata,Premium,2023-12-18,894,0.183,True,44434.04,54620.33,933114.91,21,4,0.19047619047619047
1910,65,47840902.86,Bangalore,Premium,2024-01-02,879,0.157,True,25759.96,47060.87,669758.91,26,11,0.4230769230769231
1911,19,115864903.37,Bangalore,Premium,2018-10-01,2798,0.397,True,28704.73,41343.73,602799.33,21,3,0.14285714285714285
1912,31,36763822.91,Bangalore,Current,2019-01-12,2695,0.045,True,29858.58,32983.56,716605.95,24,2,0.08333333333333333
1913,50,57699867.19,Hyderabad,Premium,2020-11-01,2036,0.204,True,32172.42,40200.29,868655.35,27,3,0.1111111111111111
1914,47,127322363.58,Chennai,Current,2025-09-06,266,0.062,True,40667.86,63224.03,1098032.29,27,7,0.25925925925925924
1915,60,36749185.44,Mumbai,Current,2024-11-16,560,0.098,True,13641.48,15931.93,313754.05,23,4,0.17391304347826086
1916,64,57601879.24,Hyderabad,Current,2023-08-16,1018,0.09,True,25381.99,25092.08,736077.68,29,10,0.3448275862068966
1917,72,21240884.55,Pune,Current,2020-06-11,2179,0.207,True,44320.05,43069.91,930721.04,21,1,0.047619047619047616
1918,19,36599982.81,Bangalore,Current,2025-09-02,270,0.153,True,34348.3,57757.67,652617.65,19,2,0.10526315789473684
1919,35,56782525.86,Kolkata,Current,2021-12-17,1625,0.042,False,51405.8,62361.23,976710.26,19,8,0.42105263157894735
1920,52,172268173.22,Ahmedabad,Premium,2017-08-28,3197,0.216,True,35909.08,34013.63,1041363.39,29,3,0.10344827586206896
1921,57,109258181.58,Bangalore,Current,2022-05-31,1460,0.02,True,62758.36,61588.26,1568959.11,25,2,0.08
1922,36,177242491.41,Chennai,Current,2016-10-30,3499,0.025,True,18466.12,23300.53,350856.34,19,1,0.05263157894736842
1923,23,413013082.81,Bangalore,Premium,2020-08-02,2127,0.335,True,50919.01,68770.9,1425732.3,28,5,0.17857142857142858
1924,53,29463209.84,Delhi,Current,2018-01-09,3063,0.012,False,37393.07,50940.21,1009612.87,27,1,0.037037037037037035
1925,25,24836497.61,Delhi,Premium,2024-10-31,576,0.194,True,45893.66,77674.14,1239128.93,27,4,0.14814814814814814
1926,37,363794494.81,Pune,Premium,2019-03-21,2627,0.221,False,10870.57,20754.93,315246.45,29,1,0.034482758620689655
1927,62,37266674.78,Bangalore,Premium,2020-05-02,2219,0.238,True,20212.85,25502.12,262767.06,13,0,0.0
1928,79,122902967.94,Hyderabad,Current,2022-12-20,1257,0.202,True,32788.49,48779.15,885289.31,27,3,0.1111111111111111
1929,54,70596960.9,Delhi,Premium,2019-03-16,2632,0.182,True,54020.44,70072.31,1242470.1,23,3,0.13043478260869565
1930,76,100494878.77,Chennai,Current,2023-09-25,978,0.154,True,64271.9,68207.94,1156894.17,18,3,0.16666666666666666
1931,20,23578886.53,Bangalore,Premium,2025-11-14,197,0.321,True,25604.9,29018.18,358468.59,14,2,0.14285714285714285
1932,75,967827617.35,Pune,Premium,2017-03-16,3362,0.374,True,32087.95,40473.95,834286.72,26,2,0.07692307692307693
1933,38,95534164.23,Pune,Current,2023-09-28,975,0.078,True,38101.48,49458.37,952536.91,25,2,0.08
1934,71,25678099.01,Pune,Premium,2017-06-20,3266,0.325,True,63496.99,78528.65,1142945.84,18,2,0.1111111111111111
1935,30,35471254.4,Ahmedabad,Current,2025-11-15,196,0.035,False,50991.42,72388.18,764871.32,15,7,0.4666666666666667
1936,43,40840357.36,Kolkata,Current,2018-01-29,3043,0.039,True,13761.29,13301.74,357793.57,26,5,0.19230769230769232
1937,25,50956879.08,Bangalore,Premium,2023-05-28,1098,0.194,True,50435.19,58758.48,958268.59,19,2,0.10526315789473684
1938,46,101093022.04,Chennai,Premium,2023-10-10,963,0.156,True,58110.51,70200.89,1162210.26,20,1,0.05
1939,75,46978979.83,Ahmedabad,Premium,2026-02-28,91,0.397,True,42448.1,58836.78,679169.56,16,4,0.25
1940,46,100877979.09,Kolkata,Premium,2026-03-11,80,0.387,True,13656.52,21180.97,273130.47,20,0,0.0
1941,19,292838405.07,Bangalore,Current,2026-03-22,69,0.362,False,39544.73,48261.59,1304975.93,33,3,0.09090909090909091
1942,26,85614444.36,Delhi,Current,2018-07-29,2862,0.0,True,29269.5,31318.68,614659.49,21,6,0.2857142857142857
1943,74,45404855.16,Mumbai,Current,2024-03-18,803,0.184,True,25356.93,52369.72,608566.33,24,0,0.0
1944,25,22877990.33,Mumbai,Current,2021-02-28,1917,0.085,True,56475.53,62047.44,1468363.72,26,2,0.07692307692307693
1945,42,36748623.59,Pune,Current,2024-03-08,813,0.061,True,69694.56,84886.32,2021142.36,29,4,0.13793103448275862
1946,34,139020435.51,Ahmedabad,Current,2026-01-16,134,0.094,True,33430.57,52056.28,902625.34,27,0,0.0
1947,42,49896979.45,Bangalore,Current,2024-10-28,579,0.062,False,29702.7,62175.44,564351.32,19,2,0.10526315789473684
1948,74,91878351.93,Pune,Current,2025-10-08,234,0.187,True,28485.58,47757.49,569711.58,20,0,0.0
1949,65,68317115.88,Mumbai,Current,2018-06-14,2907,0.099,True,14265.67,12575.27,228250.72,16,1,0.0625
1950,27,51638639.05,Mumbai,Premium,2022-03-08,1544,0.195,True,40923.03,53929.36,941229.61,23,1,0.043478260869565216
1951,35,334154425.46,Kolkata,Current,2023-04-10,1146,0.084,True,21604.19,37882.2,561708.94,26,3,0.11538461538461539
1952,60,154265555.79,Mumbai,Premium,2024-01-07,874,0.232,True,32697.63,48710.94,882835.98,27,2,0.07407407407407407
1953,40,74821436.96,Hyderabad,Premium,2020-02-25,2286,0.249,True,41543.59,53540.77,789328.28,19,0,0.0
1954,27,80792814.84,Mumbai,Current,2025-03-25,431,0.038,True,52139.13,76540.01,1147060.87,22,1,0.045454545454545456
1955,75,43345032.46,Bangalore,Premium,2019-04-15,2602,0.37,True,38654.25,49392.97,889047.71,23,1,0.043478260869565216
1956,36,202821879.4,Pune,Current,2022-11-09,1298,0.031,True,39071.73,54013.62,1250295.29,32,2,0.0625
1957,76,30188735.28,Pune,Premium,2026-01-06,144,0.302,True,28068.92,41263.24,477171.57,17,1,0.058823529411764705
1958,39,38490784.01,Chennai,Current,2016-06-11,3640,0.046,True,23737.56,29509.5,427276.15,18,3,0.16666666666666666
1959,78,44927087.3,Pune,Current,2023-08-20,1014,0.22,True,10483.96,20794.94,167743.31,16,0,0.0
1960,40,41540787.04,Mumbai,Current,2024-04-05,785,0.009,True,57827.42,65995.16,1792650.13,31,5,0.16129032258064516
1961,45,618544655.24,Ahmedabad,Current,2019-07-24,2502,0.097,True,27217.31,46421.95,653215.5,24,0,0.0
1962,36,86550459.06,Mumbai,Premium,2020-11-21,2016,0.157,True,22259.44,30125.77,511967.18,23,0,0.0
1963,45,45016982.94,Kolkata,Current,2025-06-26,338,0.096,True,24280.11,47988.5,704123.31,29,11,0.3793103448275862
1964,36,55655558.57,Delhi,Premium,2018-02-04,3037,0.198,True,43903.47,39312.58,702455.48,16,1,0.0625
1965,58,35064334.75,Mumbai,Current,2026-04-23,37,0.165,True,49523.48,69059.04,1485704.42,30,1,0.03333333333333333
1966,62,135452126.94,Bangalore,Premium,2018-05-20,2932,0.235,True,45586.84,54097.96,1094084.25,24,1,0.041666666666666664
1967,66,62731367.06,Delhi,Premium,2024-09-03,634,0.151,True,34967.96,46005.54,804262.97,23,0,0.0
1968,77,78040916.09,Hyderabad,Current,2020-07-03,2157,0.195,True,25018.73,25703.02,725543.21,29,0,0.0
1969,45,230963977.05,Delhi,Premium,2018-02-24,3017,0.162,True,48996.42,68592.96,1567885.55,32,2,0.0625
1970,24,156774376.16,Chennai,Current,2024-07-09,690,0.224,True,21011.44,34070.0,651354.54,31,2,0.06451612903225806
1971,51,181924427.13,Kolkata,Current,2025-08-25,278,0.054,True,76607.03,68666.36,2298210.79,30,5,0.16666666666666666
1972,68,67052450.85,Hyderabad,Premium,2017-11-25,3108,0.162,True,51658.76,44071.49,1136492.62,22,0,0.0
1973,64,19895670.61,Delhi,Current,2016-07-30,3591,0.0,True,25081.7,34798.0,451470.53,18,4,0.2222222222222222
1974,66,18442260.48,Chennai,Current,2025-02-21,463,0.07,True,16801.21,19133.06,285620.53,17,0,0.0
1975,46,18199209.71,Pune,Current,2016-06-08,3643,0.052,True,44230.24,74539.51,884604.81,20,1,0.05
1976,41,164756094.53,Mumbai,Current,2018-10-09,2790,0.042,True,71843.41,82809.16,1077651.1,15,1,0.06666666666666667
1977,65,54923615.19,Hyderabad,Current,2025-08-04,299,0.027,True,56797.77,67389.81,1192753.26,21,5,0.23809523809523808
1978,40,47595357.14,Hyderabad,Premium,2022-11-24,1283,0.166,True,60938.03,75850.24,1950017.09,32,2,0.0625
1979,29,24639118.8,Hyderabad,Premium,2021-02-26,1919,0.197,True,42415.49,47044.53,763478.87,18,0,0.0
1980,49,11880590.58,Pune,Current,2020-01-16,2326,0.009,True,36933.39,54849.2,923334.65,25,2,0.08
1981,20,427578382.89,Mumbai,Current,2016-08-08,3582,0.209,True,49518.13,62391.74,1039880.81,21,0,0.0
1982,53,266293869.22,Chennai,Current,2021-04-07,1879,0.021,True,37739.69,54506.94,679314.46,18,1,0.05555555555555555
1983,35,12809278.16,Ahmedabad,Current,2020-07-08,2152,0.006,True,44506.28,57918.69,1246175.8,28,3,0.10714285714285714
1984,67,91475725.93,Hyderabad,Current,2020-10-06,2062,0.002,True,63343.4,64608.98,1583584.98,25,0,0.0
1985,73,103244589.77,Ahmedabad,Current,2024-07-19,680,0.182,True,41560.87,55814.56,748095.65,18,1,0.05555555555555555
1986,51,49754706.64,Mumbai,Premium,2016-08-29,3561,0.242,True,14130.28,11720.98,240214.75,17,9,0.5294117647058824
1987,70,696924737.19,Chennai,Current,2025-05-22,373,0.031,True,17119.42,30595.11,496463.1,29,4,0.13793103448275862
1988,71,176094533.37,Pune,Current,2022-06-10,1450,0.197,True,51828.46,74373.08,1451196.94,28,1,0.03571428571428571
1989,68,21031491.05,Bangalore,Current,2025-08-29,274,0.036,True,18087.92,26835.3,397934.31,22,1,0.045454545454545456
1990,70,30817484.94,Mumbai,Premium,2022-04-23,1498,0.213,True,8895.68,16482.24,213496.24,24,2,0.08333333333333333
1991,64,40968318.78,Kolkata,Premium,2018-03-31,2982,0.233,True,29388.48,30903.56,558381.06,19,1,0.05263157894736842
1992,64,67012428.07,Chennai,Current,2016-12-22,3446,0.095,True,18208.18,29292.97,309539.0,17,0,0.0
1993,33,23167918.23,Hyderabad,Current,2022-04-30,1491,0.085,True,66910.68,88731.4,1338213.63,20,2,0.1
1994,72,38037597.89,Pune,Premium,2018-05-07,2945,0.363,True,32821.53,29616.37,754895.22,23,1,0.043478260869565216
1995,54,128415808.11,Hyderabad,Current,2018-03-09,3004,0.073,True,41665.16,56254.28,1041628.94,25,2,0.08
1996,68,15555564.68,Delhi,Premium,2016-11-27,3471,0.18,True,28570.6,23665.23,657123.7,23,7,0.30434782608695654
1997,58,364825398.59,Mumbai,Current,2021-10-09,1694,0.041,True,31832.07,49935.2,700305.48,22,0,0.0
1998,45,30101606.38,Mumbai,Premium,2021-07-12,1783,0.179,True,44037.68,63385.07,572489.85,13,0,0.0
1999,31,39909119.7,Chennai,Current,2024-01-05,876,0.05,True,62674.77,74464.34,1316170.18,21,3,0.14285714285714285
2000,62,304369498.31,Bangalore,Current,2025-08-02,301,0.01,True,49257.5,61697.84,1280694.97,26,2,0.07692307692307693
